ISO-10303-21;
HEADER;
/* Generated by software containing ST-Developer
 * from STEP Tools, Inc. (www.steptools.com) 
 */

FILE_DESCRIPTION(
/* description */ (''),
/* implementation_level */ '2;1');

FILE_NAME(
/* name */ 'DisplayHolder.step',
/* time_stamp */ '2026-06-06T14:59:23+03:00',
/* author */ (''),
/* organization */ (''),
/* preprocessor_version */ 'ST-DEVELOPER v20.1',
/* originating_system */ 'Autodesk Translation Framework v15.8.0.0',
/* authorisation */ '');

FILE_SCHEMA (('AUTOMOTIVE_DESIGN { 1 0 10303 214 3 1 1 }'));
ENDSEC;

DATA;
#10=MECHANICAL_DESIGN_GEOMETRIC_PRESENTATION_REPRESENTATION('',(#13),#8125);
#11=SHAPE_REPRESENTATION_RELATIONSHIP('SRR','None',#8132,#12);
#12=ADVANCED_BREP_SHAPE_REPRESENTATION('',(#14),#8124);
#13=STYLED_ITEM('',(#8143),#14);
#14=MANIFOLD_SOLID_BREP('DisplayFrame',#4229);
#15=TOROIDAL_SURFACE('',#4344,4.,2.);
#16=TOROIDAL_SURFACE('',#4351,4.,2.);
#17=TOROIDAL_SURFACE('',#4357,4.,2.);
#18=TOROIDAL_SURFACE('',#4363,4.,2.);
#19=FACE_BOUND('',#728,.T.);
#20=FACE_BOUND('',#850,.T.);
#21=FACE_BOUND('',#908,.T.);
#22=FACE_BOUND('',#909,.T.);
#23=FACE_BOUND('',#910,.T.);
#24=FACE_BOUND('',#911,.T.);
#25=FACE_BOUND('',#912,.T.);
#26=FACE_BOUND('',#913,.T.);
#27=FACE_BOUND('',#914,.T.);
#28=FACE_BOUND('',#915,.T.);
#29=FACE_BOUND('',#916,.T.);
#30=FACE_BOUND('',#917,.T.);
#31=FACE_BOUND('',#918,.T.);
#32=FACE_BOUND('',#919,.T.);
#33=FACE_BOUND('',#920,.T.);
#34=FACE_BOUND('',#921,.T.);
#35=FACE_BOUND('',#922,.T.);
#36=FACE_BOUND('',#924,.T.);
#37=FACE_BOUND('',#925,.T.);
#38=FACE_BOUND('',#926,.T.);
#39=FACE_BOUND('',#927,.T.);
#40=FACE_BOUND('',#928,.T.);
#41=B_SPLINE_CURVE_WITH_KNOTS('',3,(#5123,#5124,#5125,#5126,#5127),
 .UNSPECIFIED.,.F.,.F.,(4,1,4),(0.,0.0141173362939349,0.0277754212710436),
 .UNSPECIFIED.);
#42=B_SPLINE_CURVE_WITH_KNOTS('',3,(#5131,#5132,#5133,#5134,#5135),
 .UNSPECIFIED.,.F.,.F.,(4,1,4),(0.,0.0141173362939349,0.0277754212710436),
 .UNSPECIFIED.);
#43=B_SPLINE_CURVE_WITH_KNOTS('',3,(#5148,#5149,#5150,#5151,#5152),
 .UNSPECIFIED.,.F.,.F.,(4,1,4),(0.,0.0136580966664163,0.0277754329603512),
 .UNSPECIFIED.);
#44=B_SPLINE_CURVE_WITH_KNOTS('',3,(#5155,#5156,#5157,#5158,#5159),
 .UNSPECIFIED.,.F.,.F.,(4,1,4),(0.,0.0136580966664163,0.0277754329603512),
 .UNSPECIFIED.);
#45=B_SPLINE_CURVE_WITH_KNOTS('',3,(#5177,#5178,#5179,#5180,#5181),
 .UNSPECIFIED.,.F.,.F.,(4,1,4),(0.,0.0141172872874749,0.0277753839538912),
 .UNSPECIFIED.);
#46=B_SPLINE_CURVE_WITH_KNOTS('',3,(#5184,#5185,#5186,#5187,#5188),
 .UNSPECIFIED.,.F.,.F.,(4,1,4),(0.,0.0141172872874749,0.0277753839538912),
 .UNSPECIFIED.);
#47=B_SPLINE_CURVE_WITH_KNOTS('',3,(#5200,#5201,#5202,#5203,#5204),
 .UNSPECIFIED.,.F.,.F.,(4,1,4),(0.,0.0136580966664163,0.0277754329603512),
 .UNSPECIFIED.);
#48=B_SPLINE_CURVE_WITH_KNOTS('',3,(#5207,#5208,#5209,#5210,#5211),
 .UNSPECIFIED.,.F.,.F.,(4,1,4),(0.,0.0136580966664163,0.0277754329603512),
 .UNSPECIFIED.);
#49=B_SPLINE_CURVE_WITH_KNOTS('',3,(#5229,#5230,#5231,#5232,#5233),
 .UNSPECIFIED.,.F.,.F.,(4,1,4),(0.,0.0141173117906947,0.027775408457111),
 .UNSPECIFIED.);
#50=B_SPLINE_CURVE_WITH_KNOTS('',3,(#5236,#5237,#5238,#5239,#5240),
 .UNSPECIFIED.,.F.,.F.,(4,1,4),(0.,0.0141173117906947,0.027775408457111),
 .UNSPECIFIED.);
#51=B_SPLINE_CURVE_WITH_KNOTS('',3,(#5252,#5253,#5254,#5255,#5256),
 .UNSPECIFIED.,.F.,.F.,(4,1,4),(0.,0.0136580966664163,0.0277753669900939),
 .UNSPECIFIED.);
#52=B_SPLINE_CURVE_WITH_KNOTS('',3,(#5259,#5260,#5261,#5262,#5263),
 .UNSPECIFIED.,.F.,.F.,(4,1,4),(0.,0.0136580966664163,0.0277753669900939),
 .UNSPECIFIED.);
#53=B_SPLINE_CURVE_WITH_KNOTS('',3,(#5281,#5282,#5283,#5284,#5285),
 .UNSPECIFIED.,.F.,.F.,(4,1,4),(0.,0.0141173193301965,0.0277754159966127),
 .UNSPECIFIED.);
#54=B_SPLINE_CURVE_WITH_KNOTS('',3,(#5288,#5289,#5290,#5291,#5292),
 .UNSPECIFIED.,.F.,.F.,(4,1,4),(0.,0.0141173193301965,0.0277754159966127),
 .UNSPECIFIED.);
#55=B_SPLINE_CURVE_WITH_KNOTS('',3,(#5304,#5305,#5306,#5307,#5308),
 .UNSPECIFIED.,.F.,.F.,(4,1,4),(0.,0.0136580674428361,0.0277753698093367),
 .UNSPECIFIED.);
#56=B_SPLINE_CURVE_WITH_KNOTS('',3,(#5311,#5312,#5313,#5314,#5315),
 .UNSPECIFIED.,.F.,.F.,(4,1,4),(0.,0.0136580674428361,0.0277753698093367),
 .UNSPECIFIED.);
#57=B_SPLINE_CURVE_WITH_KNOTS('',3,(#5331,#5332,#5333,#5334,#5335),
 .UNSPECIFIED.,.F.,.F.,(4,1,4),(0.,0.0423519598753175,0.0833261914274052),
 .UNSPECIFIED.);
#58=B_SPLINE_CURVE_WITH_KNOTS('',3,(#5339,#5340,#5341,#5342,#5343),
 .UNSPECIFIED.,.F.,.F.,(4,1,4),(0.,0.0423519598753175,0.0833261914274052),
 .UNSPECIFIED.);
#59=B_SPLINE_CURVE_WITH_KNOTS('',3,(#5356,#5357,#5358,#5359,#5360),
 .UNSPECIFIED.,.F.,.F.,(4,1,4),(0.,0.0409742899992489,0.0833262008681064),
 .UNSPECIFIED.);
#60=B_SPLINE_CURVE_WITH_KNOTS('',3,(#5363,#5364,#5365,#5366,#5367),
 .UNSPECIFIED.,.F.,.F.,(4,1,4),(0.,0.0409742899992489,0.0833262008681064),
 .UNSPECIFIED.);
#61=B_SPLINE_CURVE_WITH_KNOTS('',3,(#5385,#5386,#5387,#5388,#5389),
 .UNSPECIFIED.,.F.,.F.,(4,1,4),(0.,0.0423519353720841,0.083326196147752),
 .UNSPECIFIED.);
#62=B_SPLINE_CURVE_WITH_KNOTS('',3,(#5392,#5393,#5394,#5395,#5396),
 .UNSPECIFIED.,.F.,.F.,(4,1,4),(0.,0.0423519353720841,0.083326196147752),
 .UNSPECIFIED.);
#63=B_SPLINE_CURVE_WITH_KNOTS('',3,(#5408,#5409,#5410,#5411,#5412),
 .UNSPECIFIED.,.F.,.F.,(4,1,4),(0.,0.0409742315520877,0.0833261914274052),
 .UNSPECIFIED.);
#64=B_SPLINE_CURVE_WITH_KNOTS('',3,(#5415,#5416,#5417,#5418,#5419),
 .UNSPECIFIED.,.F.,.F.,(4,1,4),(0.,0.0409742315520877,0.0833261914274052),
 .UNSPECIFIED.);
#65=B_SPLINE_CURVE_WITH_KNOTS('',3,(#5437,#5438,#5439,#5440,#5441),
 .UNSPECIFIED.,.F.,.F.,(4,1,4),(0.,0.0423519108688575,0.0833262008681064),
 .UNSPECIFIED.);
#66=B_SPLINE_CURVE_WITH_KNOTS('',3,(#5444,#5445,#5446,#5447,#5448),
 .UNSPECIFIED.,.F.,.F.,(4,1,4),(0.,0.0423519108688575,0.0833262008681064),
 .UNSPECIFIED.);
#67=B_SPLINE_CURVE_WITH_KNOTS('',3,(#5460,#5461,#5462,#5463,#5464),
 .UNSPECIFIED.,.F.,.F.,(4,1,4),(0.,0.0409742899992489,0.0833262008681064),
 .UNSPECIFIED.);
#68=B_SPLINE_CURVE_WITH_KNOTS('',3,(#5467,#5468,#5469,#5470,#5471),
 .UNSPECIFIED.,.F.,.F.,(4,1,4),(0.,0.0409742899992489,0.0833262008681064),
 .UNSPECIFIED.);
#69=B_SPLINE_CURVE_WITH_KNOTS('',3,(#5489,#5490,#5491,#5492,#5493),
 .UNSPECIFIED.,.F.,.F.,(4,1,4),(0.,0.0423519108688575,0.0833262008681064),
 .UNSPECIFIED.);
#70=B_SPLINE_CURVE_WITH_KNOTS('',3,(#5496,#5497,#5498,#5499,#5500),
 .UNSPECIFIED.,.F.,.F.,(4,1,4),(0.,0.0423519108688575,0.0833262008681064),
 .UNSPECIFIED.);
#71=B_SPLINE_CURVE_WITH_KNOTS('',3,(#5512,#5513,#5514,#5515,#5516),
 .UNSPECIFIED.,.F.,.F.,(4,1,4),(0.,0.0409742899992489,0.0833262008681064),
 .UNSPECIFIED.);
#72=B_SPLINE_CURVE_WITH_KNOTS('',3,(#5519,#5520,#5521,#5522,#5523),
 .UNSPECIFIED.,.F.,.F.,(4,1,4),(0.,0.0409742899992489,0.0833262008681064),
 .UNSPECIFIED.);
#73=B_SPLINE_CURVE_WITH_KNOTS('',3,(#5540,#5541,#5542,#5543,#5544),
 .UNSPECIFIED.,.F.,.F.,(4,1,4),(0.,0.0423520088818046,0.0833262404338923),
 .UNSPECIFIED.);
#74=B_SPLINE_CURVE_WITH_KNOTS('',3,(#5548,#5549,#5550,#5551,#5552),
 .UNSPECIFIED.,.F.,.F.,(4,1,4),(0.,0.0423520088818046,0.0833262404338923),
 .UNSPECIFIED.);
#75=B_SPLINE_CURVE_WITH_KNOTS('',3,(#5565,#5566,#5567,#5568,#5569),
 .UNSPECIFIED.,.F.,.F.,(4,1,4),(0.,0.0409743250679218,0.0833261341542409),
 .UNSPECIFIED.);
#76=B_SPLINE_CURVE_WITH_KNOTS('',3,(#5572,#5573,#5574,#5575,#5576),
 .UNSPECIFIED.,.F.,.F.,(4,1,4),(0.,0.0409743250679218,0.0833261341542409),
 .UNSPECIFIED.);
#77=B_SPLINE_CURVE_WITH_KNOTS('',3,(#5588,#5589,#5590,#5591,#5592),
 .UNSPECIFIED.,.F.,.F.,(4,1,4),(0.,0.0141172533599229,0.0277753617158968),
 .UNSPECIFIED.);
#78=B_SPLINE_CURVE_WITH_KNOTS('',3,(#5595,#5596,#5597,#5598,#5599),
 .UNSPECIFIED.,.F.,.F.,(4,1,4),(0.,0.0141172533599229,0.0277753617158968),
 .UNSPECIFIED.);
#79=B_SPLINE_CURVE_WITH_KNOTS('',3,(#5611,#5612,#5613,#5614,#5615),
 .UNSPECIFIED.,.F.,.F.,(4,1,4),(0.,0.0136581551135841,0.027775491407519),
 .UNSPECIFIED.);
#80=B_SPLINE_CURVE_WITH_KNOTS('',3,(#5618,#5619,#5620,#5621,#5622),
 .UNSPECIFIED.,.F.,.F.,(4,1,4),(0.,0.0136581551135841,0.027775491407519),
 .UNSPECIFIED.);
#81=B_SPLINE_CURVE_WITH_KNOTS('',3,(#5634,#5635,#5636,#5637,#5638),
 .UNSPECIFIED.,.F.,.F.,(4,1,4),(0.,0.0141173362939349,0.027775491407519),
 .UNSPECIFIED.);
#82=B_SPLINE_CURVE_WITH_KNOTS('',3,(#5641,#5642,#5643,#5644,#5645),
 .UNSPECIFIED.,.F.,.F.,(4,1,4),(0.,0.0141173362939349,0.027775491407519),
 .UNSPECIFIED.);
#83=B_SPLINE_CURVE_WITH_KNOTS('',3,(#5657,#5658,#5659,#5660,#5661),
 .UNSPECIFIED.,.F.,.F.,(4,1,4),(0.,0.0136580031519362,0.0277753055184368),
 .UNSPECIFIED.);
#84=B_SPLINE_CURVE_WITH_KNOTS('',3,(#5664,#5665,#5666,#5667,#5668),
 .UNSPECIFIED.,.F.,.F.,(4,1,4),(0.,0.0136580031519362,0.0277753055184368),
 .UNSPECIFIED.);
#85=B_SPLINE_CURVE_WITH_KNOTS('',3,(#5680,#5681,#5682,#5683,#5684),
 .UNSPECIFIED.,.F.,.F.,(4,1,4),(0.,0.0141174380772584,0.0277754996765025),
 .UNSPECIFIED.);
#86=B_SPLINE_CURVE_WITH_KNOTS('',3,(#5687,#5688,#5689,#5690,#5691),
 .UNSPECIFIED.,.F.,.F.,(4,1,4),(0.,0.0141174380772584,0.0277754996765025),
 .UNSPECIFIED.);
#87=B_SPLINE_CURVE_WITH_KNOTS('',3,(#5703,#5704,#5705,#5706,#5707),
 .UNSPECIFIED.,.F.,.F.,(4,1,4),(0.,0.0136581551135841,0.027775491407519),
 .UNSPECIFIED.);
#88=B_SPLINE_CURVE_WITH_KNOTS('',3,(#5710,#5711,#5712,#5713,#5714),
 .UNSPECIFIED.,.F.,.F.,(4,1,4),(0.,0.0136581551135841,0.027775491407519),
 .UNSPECIFIED.);
#89=B_SPLINE_CURVE_WITH_KNOTS('',3,(#5732,#5733,#5734,#5735,#5736),
 .UNSPECIFIED.,.F.,.F.,(4,1,4),(0.,0.0141173362939349,0.027775491407519),
 .UNSPECIFIED.);
#90=B_SPLINE_CURVE_WITH_KNOTS('',3,(#5739,#5740,#5741,#5742,#5743),
 .UNSPECIFIED.,.F.,.F.,(4,1,4),(0.,0.0141173362939349,0.027775491407519),
 .UNSPECIFIED.);
#91=B_SPLINE_CURVE_WITH_KNOTS('',3,(#5755,#5756,#5757,#5758,#5759),
 .UNSPECIFIED.,.F.,.F.,(4,1,4),(0.,0.0136581083559739,0.0277754107224745),
 .UNSPECIFIED.);
#92=B_SPLINE_CURVE_WITH_KNOTS('',3,(#5762,#5763,#5764,#5765,#5766),
 .UNSPECIFIED.,.F.,.F.,(4,1,4),(0.,0.0136581083559739,0.0277754107224745),
 .UNSPECIFIED.);
#93=B_SPLINE_CURVE_WITH_KNOTS('',3,(#5784,#5785,#5786,#5787,#5788),
 .UNSPECIFIED.,.F.,.F.,(4,1,4),(0.,0.0141174135741949,0.027775475173439),
 .UNSPECIFIED.);
#94=B_SPLINE_CURVE_WITH_KNOTS('',3,(#5791,#5792,#5793,#5794,#5795),
 .UNSPECIFIED.,.F.,.F.,(4,1,4),(0.,0.0141174135741949,0.027775475173439),
 .UNSPECIFIED.);
#95=B_SPLINE_CURVE_WITH_KNOTS('',3,(#5807,#5808,#5809,#5810,#5811),
 .UNSPECIFIED.,.F.,.F.,(4,1,4),(0.,0.0136581551135841,0.0277754744437806),
 .UNSPECIFIED.);
#96=B_SPLINE_CURVE_WITH_KNOTS('',3,(#5814,#5815,#5816,#5817,#5818),
 .UNSPECIFIED.,.F.,.F.,(4,1,4),(0.,0.0136581551135841,0.0277754744437806),
 .UNSPECIFIED.);
#97=B_SPLINE_CURVE_WITH_KNOTS('',3,(#5836,#5837,#5838,#5839,#5840),
 .UNSPECIFIED.,.F.,.F.,(4,1,4),(0.,0.0141173193301965,0.0277754744437806),
 .UNSPECIFIED.);
#98=B_SPLINE_CURVE_WITH_KNOTS('',3,(#5843,#5844,#5845,#5846,#5847),
 .UNSPECIFIED.,.F.,.F.,(4,1,4),(0.,0.0141173193301965,0.0277754744437806),
 .UNSPECIFIED.);
#99=B_SPLINE_CURVE_WITH_KNOTS('',3,(#5859,#5860,#5861,#5862,#5863),
 .UNSPECIFIED.,.F.,.F.,(4,1,4),(0.,0.0136580791324188,0.0277753814989193),
 .UNSPECIFIED.);
#100=B_SPLINE_CURVE_WITH_KNOTS('',3,(#5866,#5867,#5868,#5869,#5870),
 .UNSPECIFIED.,.F.,.F.,(4,1,4),(0.,0.0136580791324188,0.0277753814989193),
 .UNSPECIFIED.);
#101=B_SPLINE_CURVE_WITH_KNOTS('',3,(#5882,#5883,#5884,#5885,#5886),
 .UNSPECIFIED.,.F.,.F.,(4,1,4),(0.,0.0141172778632015,0.0277753394624456),
 .UNSPECIFIED.);
#102=B_SPLINE_CURVE_WITH_KNOTS('',3,(#5889,#5890,#5891,#5892,#5893),
 .UNSPECIFIED.,.F.,.F.,(4,1,4),(0.,0.0141172778632015,0.0277753394624456),
 .UNSPECIFIED.);
#103=B_SPLINE_CURVE_WITH_KNOTS('',3,(#5905,#5906,#5907,#5908,#5909),
 .UNSPECIFIED.,.F.,.F.,(4,1,4),(0.,0.0136581551135841,0.0277754744437806),
 .UNSPECIFIED.);
#104=B_SPLINE_CURVE_WITH_KNOTS('',3,(#5912,#5913,#5914,#5915,#5916),
 .UNSPECIFIED.,.F.,.F.,(4,1,4),(0.,0.0136581551135841,0.0277754744437806),
 .UNSPECIFIED.);
#105=B_SPLINE_CURVE_WITH_KNOTS('',3,(#5928,#5929,#5930,#5931,#5932),
 .UNSPECIFIED.,.F.,.F.,(4,1,4),(0.,0.0141173193301965,0.0277754744437806),
 .UNSPECIFIED.);
#106=B_SPLINE_CURVE_WITH_KNOTS('',3,(#5935,#5936,#5937,#5938,#5939),
 .UNSPECIFIED.,.F.,.F.,(4,1,4),(0.,0.0141173193301965,0.0277754744437806),
 .UNSPECIFIED.);
#107=B_SPLINE_CURVE_WITH_KNOTS('',3,(#5951,#5952,#5953,#5954,#5955),
 .UNSPECIFIED.,.F.,.F.,(4,1,4),(0.,0.0136580791324188,0.0277753814989193),
 .UNSPECIFIED.);
#108=B_SPLINE_CURVE_WITH_KNOTS('',3,(#5958,#5959,#5960,#5961,#5962),
 .UNSPECIFIED.,.F.,.F.,(4,1,4),(0.,0.0136580791324188,0.0277753814989193),
 .UNSPECIFIED.);
#109=B_SPLINE_CURVE_WITH_KNOTS('',3,(#5974,#5975,#5976,#5977,#5978),
 .UNSPECIFIED.,.F.,.F.,(4,1,4),(0.,0.0423519692996907,0.0833262183859593),
 .UNSPECIFIED.);
#110=B_SPLINE_CURVE_WITH_KNOTS('',3,(#5981,#5982,#5983,#5984,#5985),
 .UNSPECIFIED.,.F.,.F.,(4,1,4),(0.,0.0423519692996907,0.0833262183859593),
 .UNSPECIFIED.);
#111=B_SPLINE_CURVE_WITH_KNOTS('',3,(#5997,#5998,#5999,#6000,#6001),
 .UNSPECIFIED.,.F.,.F.,(4,1,4),(0.,0.0409742315520877,0.0833262404338923),
 .UNSPECIFIED.);
#112=B_SPLINE_CURVE_WITH_KNOTS('',3,(#6004,#6005,#6006,#6007,#6008),
 .UNSPECIFIED.,.F.,.F.,(4,1,4),(0.,0.0409742315520877,0.0833262404338923),
 .UNSPECIFIED.);
#113=B_SPLINE_CURVE_WITH_KNOTS('',3,(#6026,#6027,#6028,#6029,#6030),
 .UNSPECIFIED.,.F.,.F.,(4,1,4),(0.,0.0423520088818046,0.0833262404338923),
 .UNSPECIFIED.);
#114=B_SPLINE_CURVE_WITH_KNOTS('',3,(#6033,#6034,#6035,#6036,#6037),
 .UNSPECIFIED.,.F.,.F.,(4,1,4),(0.,0.0423520088818046,0.0833262404338923),
 .UNSPECIFIED.);
#115=B_SPLINE_CURVE_WITH_KNOTS('',3,(#6049,#6050,#6051,#6052,#6053),
 .UNSPECIFIED.,.F.,.F.,(4,1,4),(0.,0.0409743250679218,0.0833261341542409),
 .UNSPECIFIED.);
#116=B_SPLINE_CURVE_WITH_KNOTS('',3,(#6056,#6057,#6058,#6059,#6060),
 .UNSPECIFIED.,.F.,.F.,(4,1,4),(0.,0.0409743250679218,0.0833261341542409),
 .UNSPECIFIED.);
#117=B_SPLINE_CURVE_WITH_KNOTS('',3,(#6078,#6079,#6080,#6081,#6082),
 .UNSPECIFIED.,.F.,.F.,(4,1,4),(0.,0.0423519447964837,0.0833262231063417),
 .UNSPECIFIED.);
#118=B_SPLINE_CURVE_WITH_KNOTS('',3,(#6085,#6086,#6087,#6088,#6089),
 .UNSPECIFIED.,.F.,.F.,(4,1,4),(0.,0.0423519447964837,0.0833262231063417),
 .UNSPECIFIED.);
#119=B_SPLINE_CURVE_WITH_KNOTS('',3,(#6101,#6102,#6103,#6104,#6105),
 .UNSPECIFIED.,.F.,.F.,(4,1,4),(0.,0.0409742315520877,0.0833262404338923),
 .UNSPECIFIED.);
#120=B_SPLINE_CURVE_WITH_KNOTS('',3,(#6108,#6109,#6110,#6111,#6112),
 .UNSPECIFIED.,.F.,.F.,(4,1,4),(0.,0.0409742315520877,0.0833262404338923),
 .UNSPECIFIED.);
#121=B_SPLINE_CURVE_WITH_KNOTS('',3,(#6137,#6138,#6139,#6140,#6141),
 .UNSPECIFIED.,.F.,.F.,(4,1,4),(0.,0.0141173023665006,0.027775340585759),
 .UNSPECIFIED.);
#122=B_SPLINE_CURVE_WITH_KNOTS('',3,(#6144,#6145,#6146,#6147,#6148),
 .UNSPECIFIED.,.F.,.F.,(4,1,4),(0.,0.0141173023665006,0.027775340585759),
 .UNSPECIFIED.);
#123=B_SPLINE_CURVE_WITH_KNOTS('',3,(#6160,#6161,#6162,#6163,#6164),
 .UNSPECIFIED.,.F.,.F.,(4,1,4),(0.,0.0136581083559739,0.0277754107224745),
 .UNSPECIFIED.);
#124=B_SPLINE_CURVE_WITH_KNOTS('',3,(#6167,#6168,#6169,#6170,#6171),
 .UNSPECIFIED.,.F.,.F.,(4,1,4),(0.,0.0136581083559739,0.0277754107224745),
 .UNSPECIFIED.);
#125=B_SPLINE_CURVE_WITH_KNOTS('',3,(#6183,#6184,#6185,#6186,#6187),
 .UNSPECIFIED.,.F.,.F.,(4,1,4),(0.,0.0141173023665006,0.0277753522753667),
 .UNSPECIFIED.);
#126=B_SPLINE_CURVE_WITH_KNOTS('',3,(#6190,#6191,#6192,#6193,#6194),
 .UNSPECIFIED.,.F.,.F.,(4,1,4),(0.,0.0141173023665006,0.0277753522753667),
 .UNSPECIFIED.);
#127=B_SPLINE_CURVE_WITH_KNOTS('',3,(#6206,#6207,#6208,#6209,#6210),
 .UNSPECIFIED.,.F.,.F.,(4,1,4),(0.,0.0136580382192585,0.0277753745131933),
 .UNSPECIFIED.);
#128=B_SPLINE_CURVE_WITH_KNOTS('',3,(#6213,#6214,#6215,#6216,#6217),
 .UNSPECIFIED.,.F.,.F.,(4,1,4),(0.,0.0136580382192585,0.0277753745131933),
 .UNSPECIFIED.);
#129=B_SPLINE_CURVE_WITH_KNOTS('',3,(#6235,#6236,#6237,#6238,#6239),
 .UNSPECIFIED.,.F.,.F.,(4,1,4),(0.,0.0141171402685844,0.0277752953821685),
 .UNSPECIFIED.);
#130=B_SPLINE_CURVE_WITH_KNOTS('',3,(#6242,#6243,#6244,#6245,#6246),
 .UNSPECIFIED.,.F.,.F.,(4,1,4),(0.,0.0141171402685844,0.0277752953821685),
 .UNSPECIFIED.);
#131=B_SPLINE_CURVE_WITH_KNOTS('',3,(#6258,#6259,#6260,#6261,#6262),
 .UNSPECIFIED.,.F.,.F.,(4,1,4),(0.,0.0136580499088661,0.0277753522753667),
 .UNSPECIFIED.);
#132=B_SPLINE_CURVE_WITH_KNOTS('',3,(#6265,#6266,#6267,#6268,#6269),
 .UNSPECIFIED.,.F.,.F.,(4,1,4),(0.,0.0136580499088661,0.0277753522753667),
 .UNSPECIFIED.);
#133=B_SPLINE_CURVE_WITH_KNOTS('',3,(#6281,#6282,#6283,#6284,#6285),
 .UNSPECIFIED.,.F.,.F.,(4,1,4),(0.,0.0141172533599229,0.0277754201630146),
 .UNSPECIFIED.);
#134=B_SPLINE_CURVE_WITH_KNOTS('',3,(#6288,#6289,#6290,#6291,#6292),
 .UNSPECIFIED.,.F.,.F.,(4,1,4),(0.,0.0141172533599229,0.0277754201630146),
 .UNSPECIFIED.);
#135=B_SPLINE_CURVE_WITH_KNOTS('',3,(#6304,#6305,#6306,#6307,#6308),
 .UNSPECIFIED.,.F.,.F.,(4,1,4),(0.,0.0136581551135841,0.0277752614542631),
 .UNSPECIFIED.);
#136=B_SPLINE_CURVE_WITH_KNOTS('',3,(#6311,#6312,#6313,#6314,#6315),
 .UNSPECIFIED.,.F.,.F.,(4,1,4),(0.,0.0136581551135841,0.0277752614542631),
 .UNSPECIFIED.);
#137=B_SPLINE_CURVE_WITH_KNOTS('',3,(#6339,#6340,#6341,#6342,#6343),
 .UNSPECIFIED.,.F.,.F.,(4,1,4),(0.,0.0141174135741949,0.027775475173439),
 .UNSPECIFIED.);
#138=B_SPLINE_CURVE_WITH_KNOTS('',3,(#6346,#6347,#6348,#6349,#6350),
 .UNSPECIFIED.,.F.,.F.,(4,1,4),(0.,0.0141174135741949,0.027775475173439),
 .UNSPECIFIED.);
#139=B_SPLINE_CURVE_WITH_KNOTS('',3,(#6362,#6363,#6364,#6365,#6366),
 .UNSPECIFIED.,.F.,.F.,(4,1,4),(0.,0.0136580382192585,0.0277753745131933),
 .UNSPECIFIED.);
#140=B_SPLINE_CURVE_WITH_KNOTS('',3,(#6369,#6370,#6371,#6372,#6373),
 .UNSPECIFIED.,.F.,.F.,(4,1,4),(0.,0.0136580382192585,0.0277753745131933),
 .UNSPECIFIED.);
#141=B_SPLINE_CURVE_WITH_KNOTS('',3,(#6391,#6392,#6393,#6394,#6395),
 .UNSPECIFIED.,.F.,.F.,(4,1,4),(0.,0.0141173362939349,0.0277753745131933),
 .UNSPECIFIED.);
#142=B_SPLINE_CURVE_WITH_KNOTS('',3,(#6398,#6399,#6400,#6401,#6402),
 .UNSPECIFIED.,.F.,.F.,(4,1,4),(0.,0.0141173362939349,0.0277753745131933),
 .UNSPECIFIED.);
#143=B_SPLINE_CURVE_WITH_KNOTS('',3,(#6414,#6415,#6416,#6417,#6418),
 .UNSPECIFIED.,.F.,.F.,(4,1,4),(0.,0.0136580791324188,0.0277753814989193),
 .UNSPECIFIED.);
#144=B_SPLINE_CURVE_WITH_KNOTS('',3,(#6421,#6422,#6423,#6424,#6425),
 .UNSPECIFIED.,.F.,.F.,(4,1,4),(0.,0.0136580791324188,0.0277753814989193),
 .UNSPECIFIED.);
#145=B_SPLINE_CURVE_WITH_KNOTS('',3,(#6437,#6438,#6439,#6440,#6441),
 .UNSPECIFIED.,.F.,.F.,(4,1,4),(0.,0.0141172778632015,0.0277753862191755),
 .UNSPECIFIED.);
#146=B_SPLINE_CURVE_WITH_KNOTS('',3,(#6444,#6445,#6446,#6447,#6448),
 .UNSPECIFIED.,.F.,.F.,(4,1,4),(0.,0.0141172778632015,0.0277753862191755),
 .UNSPECIFIED.);
#147=B_SPLINE_CURVE_WITH_KNOTS('',3,(#6460,#6461,#6462,#6463,#6464),
 .UNSPECIFIED.,.F.,.F.,(4,1,4),(0.,0.0136580382192585,0.0277753745131933),
 .UNSPECIFIED.);
#148=B_SPLINE_CURVE_WITH_KNOTS('',3,(#6467,#6468,#6469,#6470,#6471),
 .UNSPECIFIED.,.F.,.F.,(4,1,4),(0.,0.0136580382192585,0.0277753745131933),
 .UNSPECIFIED.);
#149=B_SPLINE_CURVE_WITH_KNOTS('',3,(#6669,#6670,#6671,#6672,#6673),
 .UNSPECIFIED.,.F.,.F.,(4,1,4),(0.,0.013658093744196,0.0277753838590445),
 .UNSPECIFIED.);
#150=B_SPLINE_CURVE_WITH_KNOTS('',3,(#6677,#6678,#6679,#6680,#6681),
 .UNSPECIFIED.,.F.,.F.,(4,1,4),(0.,0.013658093744196,0.0277753838590445),
 .UNSPECIFIED.);
#151=B_SPLINE_CURVE_WITH_KNOTS('',3,(#6694,#6695,#6696,#6697,#6698),
 .UNSPECIFIED.,.F.,.F.,(4,1,4),(0.,0.0141174135741949,0.027775475173439),
 .UNSPECIFIED.);
#152=B_SPLINE_CURVE_WITH_KNOTS('',3,(#6701,#6702,#6703,#6704,#6705),
 .UNSPECIFIED.,.F.,.F.,(4,1,4),(0.,0.0141174135741949,0.027775475173439),
 .UNSPECIFIED.);
#153=B_SPLINE_CURVE_WITH_KNOTS('',3,(#6717,#6718,#6719,#6720,#6721),
 .UNSPECIFIED.,.F.,.F.,(4,1,4),(0.,0.0136580382192585,0.0277753745131933),
 .UNSPECIFIED.);
#154=B_SPLINE_CURVE_WITH_KNOTS('',3,(#6724,#6725,#6726,#6727,#6728),
 .UNSPECIFIED.,.F.,.F.,(4,1,4),(0.,0.0136580382192585,0.0277753745131933),
 .UNSPECIFIED.);
#155=B_SPLINE_CURVE_WITH_KNOTS('',3,(#6740,#6741,#6742,#6743,#6744),
 .UNSPECIFIED.,.F.,.F.,(4,1,4),(0.,0.0141173362939349,0.0277753745131933),
 .UNSPECIFIED.);
#156=B_SPLINE_CURVE_WITH_KNOTS('',3,(#6747,#6748,#6749,#6750,#6751),
 .UNSPECIFIED.,.F.,.F.,(4,1,4),(0.,0.0141173362939349,0.0277753745131933),
 .UNSPECIFIED.);
#157=B_SPLINE_CURVE_WITH_KNOTS('',3,(#6763,#6764,#6765,#6766,#6767),
 .UNSPECIFIED.,.F.,.F.,(4,1,4),(0.,0.0136581083559739,0.0277753862191755),
 .UNSPECIFIED.);
#158=B_SPLINE_CURVE_WITH_KNOTS('',3,(#6770,#6771,#6772,#6773,#6774),
 .UNSPECIFIED.,.F.,.F.,(4,1,4),(0.,0.0136581083559739,0.0277753862191755),
 .UNSPECIFIED.);
#159=B_SPLINE_CURVE_WITH_KNOTS('',3,(#6786,#6787,#6788,#6789,#6790),
 .UNSPECIFIED.,.F.,.F.,(4,1,4),(0.,0.0141172778632015,0.0277753862191755),
 .UNSPECIFIED.);
#160=B_SPLINE_CURVE_WITH_KNOTS('',3,(#6793,#6794,#6795,#6796,#6797),
 .UNSPECIFIED.,.F.,.F.,(4,1,4),(0.,0.0141172778632015,0.0277753862191755),
 .UNSPECIFIED.);
#161=B_SPLINE_CURVE_WITH_KNOTS('',3,(#6809,#6810,#6811,#6812,#6813),
 .UNSPECIFIED.,.F.,.F.,(4,1,4),(0.,0.0136580352968956,0.027775363108956),
 .UNSPECIFIED.);
#162=B_SPLINE_CURVE_WITH_KNOTS('',3,(#6816,#6817,#6818,#6819,#6820),
 .UNSPECIFIED.,.F.,.F.,(4,1,4),(0.,0.0136580352968956,0.027775363108956),
 .UNSPECIFIED.);
#163=B_SPLINE_CURVE_WITH_KNOTS('',3,(#6831,#6832,#6833,#6834,#6835),
 .UNSPECIFIED.,.F.,.F.,(4,1,4),(0.,0.0141172213172404,0.0277753764308245),
 .UNSPECIFIED.);
#164=B_SPLINE_CURVE_WITH_KNOTS('',3,(#6836,#6837,#6838,#6839,#6840),
 .UNSPECIFIED.,.F.,.F.,(4,1,4),(0.,0.0141172213172404,0.0277753764308245),
 .UNSPECIFIED.);
#165=B_SPLINE_CURVE_WITH_KNOTS('',3,(#6868,#6869,#6870,#6871,#6872),
 .UNSPECIFIED.,.F.,.F.,(4,1,4),(0.,0.0141172382810965,0.0277753933946807),
 .UNSPECIFIED.);
#166=B_SPLINE_CURVE_WITH_KNOTS('',3,(#6875,#6876,#6877,#6878,#6879),
 .UNSPECIFIED.,.F.,.F.,(4,1,4),(0.,0.0141172382810965,0.0277753933946807),
 .UNSPECIFIED.);
#167=B_SPLINE_CURVE_WITH_KNOTS('',3,(#6891,#6892,#6893,#6894,#6895),
 .UNSPECIFIED.,.F.,.F.,(4,1,4),(0.,0.0136581083559739,0.0277754107224745),
 .UNSPECIFIED.);
#168=B_SPLINE_CURVE_WITH_KNOTS('',3,(#6898,#6899,#6900,#6901,#6902),
 .UNSPECIFIED.,.F.,.F.,(4,1,4),(0.,0.0136581083559739,0.0277754107224745),
 .UNSPECIFIED.);
#169=B_SPLINE_CURVE_WITH_KNOTS('',3,(#6920,#6921,#6922,#6923,#6924),
 .UNSPECIFIED.,.F.,.F.,(4,1,4),(0.,0.014117345718358,0.0277754306954668),
 .UNSPECIFIED.);
#170=B_SPLINE_CURVE_WITH_KNOTS('',3,(#6927,#6928,#6929,#6930,#6931),
 .UNSPECIFIED.,.F.,.F.,(4,1,4),(0.,0.014117345718358,0.0277754306954668),
 .UNSPECIFIED.);
#171=B_SPLINE_CURVE_WITH_KNOTS('',3,(#6943,#6944,#6945,#6946,#6947),
 .UNSPECIFIED.,.F.,.F.,(4,1,4),(0.,0.0136580382192585,0.0277753575494549),
 .UNSPECIFIED.);
#172=B_SPLINE_CURVE_WITH_KNOTS('',3,(#6950,#6951,#6952,#6953,#6954),
 .UNSPECIFIED.,.F.,.F.,(4,1,4),(0.,0.0136580382192585,0.0277753575494549),
 .UNSPECIFIED.);
#173=B_SPLINE_CURVE_WITH_KNOTS('',3,(#6970,#6971,#6972,#6973,#6974),
 .UNSPECIFIED.,.F.,.F.,(4,1,4),(0.,0.0136580499088661,0.0277753522753667),
 .UNSPECIFIED.);
#174=B_SPLINE_CURVE_WITH_KNOTS('',3,(#6978,#6979,#6980,#6981,#6982),
 .UNSPECIFIED.,.F.,.F.,(4,1,4),(0.,0.0136580499088661,0.0277753522753667),
 .UNSPECIFIED.);
#175=B_SPLINE_CURVE_WITH_KNOTS('',3,(#7001,#7002,#7003,#7004,#7005),
 .UNSPECIFIED.,.F.,.F.,(4,1,4),(0.,0.0141172778632015,0.0277753862191755),
 .UNSPECIFIED.);
#176=B_SPLINE_CURVE_WITH_KNOTS('',3,(#7008,#7009,#7010,#7011,#7012),
 .UNSPECIFIED.,.F.,.F.,(4,1,4),(0.,0.0141172778632015,0.0277753862191755),
 .UNSPECIFIED.);
#177=B_SPLINE_CURVE_WITH_KNOTS('',3,(#7024,#7025,#7026,#7027,#7028),
 .UNSPECIFIED.,.F.,.F.,(4,1,4),(0.,0.0136580382192585,0.0277753745131933),
 .UNSPECIFIED.);
#178=B_SPLINE_CURVE_WITH_KNOTS('',3,(#7031,#7032,#7033,#7034,#7035),
 .UNSPECIFIED.,.F.,.F.,(4,1,4),(0.,0.0136580382192585,0.0277753745131933),
 .UNSPECIFIED.);
#179=B_SPLINE_CURVE_WITH_KNOTS('',3,(#7047,#7048,#7049,#7050,#7051),
 .UNSPECIFIED.,.F.,.F.,(4,1,4),(0.,0.0141172382810965,0.0277753933946807),
 .UNSPECIFIED.);
#180=B_SPLINE_CURVE_WITH_KNOTS('',3,(#7054,#7055,#7056,#7057,#7058),
 .UNSPECIFIED.,.F.,.F.,(4,1,4),(0.,0.0141172382810965,0.0277753933946807),
 .UNSPECIFIED.);
#181=B_SPLINE_CURVE_WITH_KNOTS('',3,(#7070,#7071,#7072,#7073,#7074),
 .UNSPECIFIED.,.F.,.F.,(4,1,4),(0.,0.0136581083559739,0.0277753862191755),
 .UNSPECIFIED.);
#182=B_SPLINE_CURVE_WITH_KNOTS('',3,(#7077,#7078,#7079,#7080,#7081),
 .UNSPECIFIED.,.F.,.F.,(4,1,4),(0.,0.0136581083559739,0.0277753862191755),
 .UNSPECIFIED.);
#183=B_SPLINE_CURVE_WITH_KNOTS('',3,(#7105,#7106,#7107,#7108,#7109),
 .UNSPECIFIED.,.F.,.F.,(4,1,4),(0.,0.0423519108688575,0.0833261424209452),
 .UNSPECIFIED.);
#184=B_SPLINE_CURVE_WITH_KNOTS('',3,(#7112,#7113,#7114,#7115,#7116),
 .UNSPECIFIED.,.F.,.F.,(4,1,4),(0.,0.0423519108688575,0.0833261424209452),
 .UNSPECIFIED.);
#185=B_SPLINE_CURVE_WITH_KNOTS('',3,(#7128,#7129,#7130,#7131,#7132),
 .UNSPECIFIED.,.F.,.F.,(4,1,4),(0.,0.040974278309858,0.0833262231063417),
 .UNSPECIFIED.);
#186=B_SPLINE_CURVE_WITH_KNOTS('',3,(#7135,#7136,#7137,#7138,#7139),
 .UNSPECIFIED.,.F.,.F.,(4,1,4),(0.,0.040974278309858,0.0833262231063417),
 .UNSPECIFIED.);
#187=B_SPLINE_CURVE_WITH_KNOTS('',3,(#7157,#7158,#7159,#7160,#7161),
 .UNSPECIFIED.,.F.,.F.,(4,1,4),(0.,0.042351876941288,0.0833261786300112),
 .UNSPECIFIED.);
#188=B_SPLINE_CURVE_WITH_KNOTS('',3,(#7164,#7165,#7166,#7167,#7168),
 .UNSPECIFIED.,.F.,.F.,(4,1,4),(0.,0.042351876941288,0.0833261786300112),
 .UNSPECIFIED.);
#189=B_SPLINE_CURVE_WITH_KNOTS('',3,(#7180,#7181,#7182,#7183,#7184),
 .UNSPECIFIED.,.F.,.F.,(4,1,4),(0.,0.0409742315520877,0.0833261424209452),
 .UNSPECIFIED.);
#190=B_SPLINE_CURVE_WITH_KNOTS('',3,(#7187,#7188,#7189,#7190,#7191),
 .UNSPECIFIED.,.F.,.F.,(4,1,4),(0.,0.0409742315520877,0.0833261424209452),
 .UNSPECIFIED.);
#191=B_SPLINE_CURVE_WITH_KNOTS('',3,(#7208,#7209,#7210,#7211,#7212),
 .UNSPECIFIED.,.F.,.F.,(4,1,4),(0.,0.0141173362939349,0.0277753745131933),
 .UNSPECIFIED.);
#192=B_SPLINE_CURVE_WITH_KNOTS('',3,(#7213,#7214,#7215,#7216,#7217),
 .UNSPECIFIED.,.F.,.F.,(4,1,4),(0.,0.0141173362939349,0.0277753745131933),
 .UNSPECIFIED.);
#193=B_SPLINE_CURVE_WITH_KNOTS('',3,(#7231,#7232,#7233,#7234,#7235),
 .UNSPECIFIED.,.F.,.F.,(4,1,4),(0.,0.0141173193301965,0.0277753575494549),
 .UNSPECIFIED.);
#194=B_SPLINE_CURVE_WITH_KNOTS('',3,(#7239,#7240,#7241,#7242,#7243),
 .UNSPECIFIED.,.F.,.F.,(4,1,4),(0.,0.0141173193301965,0.0277753575494549),
 .UNSPECIFIED.);
#195=B_SPLINE_CURVE_WITH_KNOTS('',3,(#7256,#7257,#7258,#7259,#7260),
 .UNSPECIFIED.,.F.,.F.,(4,1,4),(0.,0.0136580557535036,0.0277754259750428),
 .UNSPECIFIED.);
#196=B_SPLINE_CURVE_WITH_KNOTS('',3,(#7263,#7264,#7265,#7266,#7267),
 .UNSPECIFIED.,.F.,.F.,(4,1,4),(0.,0.0136580557535036,0.0277754259750428),
 .UNSPECIFIED.);
#197=B_SPLINE_CURVE_WITH_KNOTS('',3,(#7279,#7280,#7281,#7282,#7283),
 .UNSPECIFIED.,.F.,.F.,(4,1,4),(0.,0.014117345718358,0.0277754306954668),
 .UNSPECIFIED.);
#198=B_SPLINE_CURVE_WITH_KNOTS('',3,(#7286,#7287,#7288,#7289,#7290),
 .UNSPECIFIED.,.F.,.F.,(4,1,4),(0.,0.014117345718358,0.0277754306954668),
 .UNSPECIFIED.);
#199=B_SPLINE_CURVE_WITH_KNOTS('',3,(#7302,#7303,#7304,#7305,#7306),
 .UNSPECIFIED.,.F.,.F.,(4,1,4),(0.,0.0136581551135841,0.0277753764308245),
 .UNSPECIFIED.);
#200=B_SPLINE_CURVE_WITH_KNOTS('',3,(#7309,#7310,#7311,#7312,#7313),
 .UNSPECIFIED.,.F.,.F.,(4,1,4),(0.,0.0136581551135841,0.0277753764308245),
 .UNSPECIFIED.);
#201=B_SPLINE_CURVE_WITH_KNOTS('',3,(#7325,#7326,#7327,#7328,#7329),
 .UNSPECIFIED.,.F.,.F.,(4,1,4),(0.,0.0141172213172404,0.0277753764308245),
 .UNSPECIFIED.);
#202=B_SPLINE_CURVE_WITH_KNOTS('',3,(#7332,#7333,#7334,#7335,#7336),
 .UNSPECIFIED.,.F.,.F.,(4,1,4),(0.,0.0141172213172404,0.0277753764308245),
 .UNSPECIFIED.);
#203=B_SPLINE_CURVE_WITH_KNOTS('',3,(#7348,#7349,#7350,#7351,#7352),
 .UNSPECIFIED.,.F.,.F.,(4,1,4),(0.,0.0136580791324188,0.0277753814989193),
 .UNSPECIFIED.);
#204=B_SPLINE_CURVE_WITH_KNOTS('',3,(#7355,#7356,#7357,#7358,#7359),
 .UNSPECIFIED.,.F.,.F.,(4,1,4),(0.,0.0136580791324188,0.0277753814989193),
 .UNSPECIFIED.);
#205=B_SPLINE_CURVE_WITH_KNOTS('',3,(#7371,#7372,#7373,#7374,#7375),
 .UNSPECIFIED.,.F.,.F.,(4,1,4),(0.,0.0423519692996907,0.0833262183859593),
 .UNSPECIFIED.);
#206=B_SPLINE_CURVE_WITH_KNOTS('',3,(#7378,#7379,#7380,#7381,#7382),
 .UNSPECIFIED.,.F.,.F.,(4,1,4),(0.,0.0423519692996907,0.0833262183859593),
 .UNSPECIFIED.);
#207=B_SPLINE_CURVE_WITH_KNOTS('',3,(#7394,#7395,#7396,#7397,#7398),
 .UNSPECIFIED.,.F.,.F.,(4,1,4),(0.,0.0409742315520877,0.0833261424209452),
 .UNSPECIFIED.);
#208=B_SPLINE_CURVE_WITH_KNOTS('',3,(#7401,#7402,#7403,#7404,#7405),
 .UNSPECIFIED.,.F.,.F.,(4,1,4),(0.,0.0409742315520877,0.0833261424209452),
 .UNSPECIFIED.);
#209=B_SPLINE_CURVE_WITH_KNOTS('',3,(#7423,#7424,#7425,#7426,#7427),
 .UNSPECIFIED.,.F.,.F.,(4,1,4),(0.,0.0141173362939349,0.0277753745131933),
 .UNSPECIFIED.);
#210=B_SPLINE_CURVE_WITH_KNOTS('',3,(#7430,#7431,#7432,#7433,#7434),
 .UNSPECIFIED.,.F.,.F.,(4,1,4),(0.,0.0141173362939349,0.0277753745131933),
 .UNSPECIFIED.);
#211=B_SPLINE_CURVE_WITH_KNOTS('',3,(#7446,#7447,#7448,#7449,#7450),
 .UNSPECIFIED.,.F.,.F.,(4,1,4),(0.,0.0136580674428361,0.027775403736771),
 .UNSPECIFIED.);
#212=B_SPLINE_CURVE_WITH_KNOTS('',3,(#7453,#7454,#7455,#7456,#7457),
 .UNSPECIFIED.,.F.,.F.,(4,1,4),(0.,0.0136580674428361,0.027775403736771),
 .UNSPECIFIED.);
#213=B_SPLINE_CURVE_WITH_KNOTS('',3,(#7475,#7476,#7477,#7478,#7479),
 .UNSPECIFIED.,.F.,.F.,(4,1,4),(0.,0.0141173362939349,0.0277753745131933),
 .UNSPECIFIED.);
#214=B_SPLINE_CURVE_WITH_KNOTS('',3,(#7482,#7483,#7484,#7485,#7486),
 .UNSPECIFIED.,.F.,.F.,(4,1,4),(0.,0.0141173362939349,0.0277753745131933),
 .UNSPECIFIED.);
#215=B_SPLINE_CURVE_WITH_KNOTS('',3,(#7498,#7499,#7500,#7501,#7502),
 .UNSPECIFIED.,.F.,.F.,(4,1,4),(0.,0.0136580382192585,0.0277753745131933),
 .UNSPECIFIED.);
#216=B_SPLINE_CURVE_WITH_KNOTS('',3,(#7505,#7506,#7507,#7508,#7509),
 .UNSPECIFIED.,.F.,.F.,(4,1,4),(0.,0.0136580382192585,0.0277753745131933),
 .UNSPECIFIED.);
#217=B_SPLINE_CURVE_WITH_KNOTS('',3,(#7521,#7522,#7523,#7524,#7525),
 .UNSPECIFIED.,.F.,.F.,(4,1,4),(0.,0.0141173362939349,0.0277753745131933),
 .UNSPECIFIED.);
#218=B_SPLINE_CURVE_WITH_KNOTS('',3,(#7528,#7529,#7530,#7531,#7532),
 .UNSPECIFIED.,.F.,.F.,(4,1,4),(0.,0.0141173362939349,0.0277753745131933),
 .UNSPECIFIED.);
#219=B_SPLINE_CURVE_WITH_KNOTS('',3,(#7544,#7545,#7546,#7547,#7548),
 .UNSPECIFIED.,.F.,.F.,(4,1,4),(0.,0.0136580499088661,0.0277753522753667),
 .UNSPECIFIED.);
#220=B_SPLINE_CURVE_WITH_KNOTS('',3,(#7551,#7552,#7553,#7554,#7555),
 .UNSPECIFIED.,.F.,.F.,(4,1,4),(0.,0.0136580499088661,0.0277753522753667),
 .UNSPECIFIED.);
#221=B_SPLINE_CURVE_WITH_KNOTS('',3,(#7578,#7579,#7580,#7581,#7582),
 .UNSPECIFIED.,.F.,.F.,(4,1,4),(0.,0.0136580382192585,0.0277753660313188),
 .UNSPECIFIED.);
#222=B_SPLINE_CURVE_WITH_KNOTS('',3,(#7586,#7587,#7588,#7589,#7590),
 .UNSPECIFIED.,.F.,.F.,(4,1,4),(0.,0.0136580382192585,0.0277753660313188),
 .UNSPECIFIED.);
#223=B_SPLINE_CURVE_WITH_KNOTS('',3,(#7621,#7622,#7623,#7624,#7625),
 .UNSPECIFIED.,.F.,.F.,(4,1,4),(0.,0.0141173362939349,0.0277753745131933),
 .UNSPECIFIED.);
#224=B_SPLINE_CURVE_WITH_KNOTS('',3,(#7628,#7629,#7630,#7631,#7632),
 .UNSPECIFIED.,.F.,.F.,(4,1,4),(0.,0.0141173362939349,0.0277753745131933),
 .UNSPECIFIED.);
#225=B_SPLINE_CURVE_WITH_KNOTS('',3,(#7644,#7645,#7646,#7647,#7648),
 .UNSPECIFIED.,.F.,.F.,(4,1,4),(0.,0.0136580966664163,0.0277754329603512),
 .UNSPECIFIED.);
#226=B_SPLINE_CURVE_WITH_KNOTS('',3,(#7651,#7652,#7653,#7654,#7655),
 .UNSPECIFIED.,.F.,.F.,(4,1,4),(0.,0.0136580966664163,0.0277754329603512),
 .UNSPECIFIED.);
#227=B_SPLINE_CURVE_WITH_KNOTS('',3,(#7667,#7668,#7669,#7670,#7671),
 .UNSPECIFIED.,.F.,.F.,(4,1,4),(0.,0.0141172872874749,0.0277753839538912),
 .UNSPECIFIED.);
#228=B_SPLINE_CURVE_WITH_KNOTS('',3,(#7674,#7675,#7676,#7677,#7678),
 .UNSPECIFIED.,.F.,.F.,(4,1,4),(0.,0.0141172872874749,0.0277753839538912),
 .UNSPECIFIED.);
#229=B_SPLINE_CURVE_WITH_KNOTS('',3,(#7690,#7691,#7692,#7693,#7694),
 .UNSPECIFIED.,.F.,.F.,(4,1,4),(0.,0.0136580382192585,0.0277753745131933),
 .UNSPECIFIED.);
#230=B_SPLINE_CURVE_WITH_KNOTS('',3,(#7697,#7698,#7699,#7700,#7701),
 .UNSPECIFIED.,.F.,.F.,(4,1,4),(0.,0.0136580382192585,0.0277753745131933),
 .UNSPECIFIED.);
#231=B_SPLINE_CURVE_WITH_KNOTS('',3,(#7719,#7720,#7721,#7722,#7723),
 .UNSPECIFIED.,.F.,.F.,(4,1,4),(0.,0.0141173117906947,0.027775408457111),
 .UNSPECIFIED.);
#232=B_SPLINE_CURVE_WITH_KNOTS('',3,(#7726,#7727,#7728,#7729,#7730),
 .UNSPECIFIED.,.F.,.F.,(4,1,4),(0.,0.0141173117906947,0.027775408457111),
 .UNSPECIFIED.);
#233=B_SPLINE_CURVE_WITH_KNOTS('',3,(#7742,#7743,#7744,#7745,#7746),
 .UNSPECIFIED.,.F.,.F.,(4,1,4),(0.,0.0136580382192585,0.0277753745131933),
 .UNSPECIFIED.);
#234=B_SPLINE_CURVE_WITH_KNOTS('',3,(#7749,#7750,#7751,#7752,#7753),
 .UNSPECIFIED.,.F.,.F.,(4,1,4),(0.,0.0136580382192585,0.0277753745131933),
 .UNSPECIFIED.);
#235=B_SPLINE_CURVE_WITH_KNOTS('',3,(#7765,#7766,#7767,#7768,#7769),
 .UNSPECIFIED.,.F.,.F.,(4,1,4),(0.,0.0141173362939349,0.0277754329603512),
 .UNSPECIFIED.);
#236=B_SPLINE_CURVE_WITH_KNOTS('',3,(#7772,#7773,#7774,#7775,#7776),
 .UNSPECIFIED.,.F.,.F.,(4,1,4),(0.,0.0141173362939349,0.0277754329603512),
 .UNSPECIFIED.);
#237=B_SPLINE_CURVE_WITH_KNOTS('',3,(#7788,#7789,#7790,#7791,#7792),
 .UNSPECIFIED.,.F.,.F.,(4,1,4),(0.,0.0136580966664163,0.027775408457111),
 .UNSPECIFIED.);
#238=B_SPLINE_CURVE_WITH_KNOTS('',3,(#7795,#7796,#7797,#7798,#7799),
 .UNSPECIFIED.,.F.,.F.,(4,1,4),(0.,0.0136580966664163,0.027775408457111),
 .UNSPECIFIED.);
#239=B_SPLINE_CURVE_WITH_KNOTS('',3,(#7823,#7824,#7825,#7826,#7827),
 .UNSPECIFIED.,.F.,.F.,(4,1,4),(0.,0.013658089360521,0.0277754072770238),
 .UNSPECIFIED.);
#240=B_SPLINE_CURVE_WITH_KNOTS('',3,(#7830,#7831,#7832,#7833,#7834),
 .UNSPECIFIED.,.F.,.F.,(4,1,4),(0.,0.013658089360521,0.0277754072770238),
 .UNSPECIFIED.);
#241=B_SPLINE_CURVE_WITH_KNOTS('',3,(#7846,#7847,#7848,#7849,#7850),
 .UNSPECIFIED.,.F.,.F.,(4,1,4),(0.,0.0141173117906947,0.0277754011512157),
 .UNSPECIFIED.);
#242=B_SPLINE_CURVE_WITH_KNOTS('',3,(#7853,#7854,#7855,#7856,#7857),
 .UNSPECIFIED.,.F.,.F.,(4,1,4),(0.,0.0141173117906947,0.0277754011512157),
 .UNSPECIFIED.);
#243=B_SPLINE_CURVE_WITH_KNOTS('',3,(#7869,#7870,#7871,#7872,#7873),
 .UNSPECIFIED.,.F.,.F.,(4,1,4),(0.,0.0136580966664163,0.027775404216165),
 .UNSPECIFIED.);
#244=B_SPLINE_CURVE_WITH_KNOTS('',3,(#7876,#7877,#7878,#7879,#7880),
 .UNSPECIFIED.,.F.,.F.,(4,1,4),(0.,0.0136580966664163,0.027775404216165),
 .UNSPECIFIED.);
#245=B_SPLINE_CURVE_WITH_KNOTS('',3,(#7898,#7899,#7900,#7901,#7902),
 .UNSPECIFIED.,.F.,.F.,(4,1,4),(0.,0.0141173320529963,0.0277753702722547),
 .UNSPECIFIED.);
#246=B_SPLINE_CURVE_WITH_KNOTS('',3,(#7905,#7906,#7907,#7908,#7909),
 .UNSPECIFIED.,.F.,.F.,(4,1,4),(0.,0.0141173320529963,0.0277753702722547),
 .UNSPECIFIED.);
#247=B_SPLINE_CURVE_WITH_KNOTS('',3,(#7921,#7922,#7923,#7924,#7925),
 .UNSPECIFIED.,.F.,.F.,(4,1,4),(0.,0.013658089360521,0.0277754011512157),
 .UNSPECIFIED.);
#248=B_SPLINE_CURVE_WITH_KNOTS('',3,(#7928,#7929,#7930,#7931,#7932),
 .UNSPECIFIED.,.F.,.F.,(4,1,4),(0.,0.013658089360521,0.0277754011512157),
 .UNSPECIFIED.);
#249=B_SPLINE_CURVE_WITH_KNOTS('',3,(#7943,#7944,#7945,#7946,#7947),
 .UNSPECIFIED.,.F.,.F.,(4,1,4),(0.,0.0141173179165028,0.0277754072770238),
 .UNSPECIFIED.);
#250=B_SPLINE_CURVE_WITH_KNOTS('',3,(#7948,#7949,#7950,#7951,#7952),
 .UNSPECIFIED.,.F.,.F.,(4,1,4),(0.,0.0141173179165028,0.0277754072770238),
 .UNSPECIFIED.);
#251=B_SPLINE_SURFACE_WITH_KNOTS('',3,1,((#5111,#5112),(#5113,#5114),(#5115,
#5116),(#5117,#5118),(#5119,#5120)),.UNSPECIFIED.,.F.,.F.,.F.,(4,1,4),(2,
2),(0.,0.0141173362939349,0.0277754212710436),(0.,0.0499999999999998),
 .UNSPECIFIED.);
#252=B_SPLINE_SURFACE_WITH_KNOTS('',3,1,((#5137,#5138),(#5139,#5140),(#5141,
#5142),(#5143,#5144),(#5145,#5146)),.UNSPECIFIED.,.F.,.F.,.F.,(4,1,4),(2,
2),(0.,0.0136580966664163,0.0277754329603512),(0.,0.0499999999999998),
 .UNSPECIFIED.);
#253=B_SPLINE_SURFACE_WITH_KNOTS('',3,1,((#5166,#5167),(#5168,#5169),(#5170,
#5171),(#5172,#5173),(#5174,#5175)),.UNSPECIFIED.,.F.,.F.,.F.,(4,1,4),(2,
2),(0.,0.0141172872874749,0.0277753839538912),(0.,0.0499999999999998),
 .UNSPECIFIED.);
#254=B_SPLINE_SURFACE_WITH_KNOTS('',3,1,((#5189,#5190),(#5191,#5192),(#5193,
#5194),(#5195,#5196),(#5197,#5198)),.UNSPECIFIED.,.F.,.F.,.F.,(4,1,4),(2,
2),(0.,0.0136580966664163,0.0277754329603512),(0.,0.0499999999999998),
 .UNSPECIFIED.);
#255=B_SPLINE_SURFACE_WITH_KNOTS('',3,1,((#5218,#5219),(#5220,#5221),(#5222,
#5223),(#5224,#5225),(#5226,#5227)),.UNSPECIFIED.,.F.,.F.,.F.,(4,1,4),(2,
2),(0.,0.0141173117906947,0.027775408457111),(0.,0.0499999999999998),
 .UNSPECIFIED.);
#256=B_SPLINE_SURFACE_WITH_KNOTS('',3,1,((#5241,#5242),(#5243,#5244),(#5245,
#5246),(#5247,#5248),(#5249,#5250)),.UNSPECIFIED.,.F.,.F.,.F.,(4,1,4),(2,
2),(0.,0.0136580966664163,0.0277753669900939),(0.,0.0499999999999998),
 .UNSPECIFIED.);
#257=B_SPLINE_SURFACE_WITH_KNOTS('',3,1,((#5270,#5271),(#5272,#5273),(#5274,
#5275),(#5276,#5277),(#5278,#5279)),.UNSPECIFIED.,.F.,.F.,.F.,(4,1,4),(2,
2),(0.,0.0141173193301965,0.0277754159966127),(0.,0.0499999999999998),
 .UNSPECIFIED.);
#258=B_SPLINE_SURFACE_WITH_KNOTS('',3,1,((#5293,#5294),(#5295,#5296),(#5297,
#5298),(#5299,#5300),(#5301,#5302)),.UNSPECIFIED.,.F.,.F.,.F.,(4,1,4),(2,
2),(0.,0.0136580674428361,0.0277753698093367),(0.,0.0499999999999998),
 .UNSPECIFIED.);
#259=B_SPLINE_SURFACE_WITH_KNOTS('',3,1,((#5319,#5320),(#5321,#5322),(#5323,
#5324),(#5325,#5326),(#5327,#5328)),.UNSPECIFIED.,.F.,.F.,.F.,(4,1,4),(2,
2),(0.,0.0423519598753175,0.0833261914274052),(0.,0.0499999999999998),
 .UNSPECIFIED.);
#260=B_SPLINE_SURFACE_WITH_KNOTS('',3,1,((#5345,#5346),(#5347,#5348),(#5349,
#5350),(#5351,#5352),(#5353,#5354)),.UNSPECIFIED.,.F.,.F.,.F.,(4,1,4),(2,
2),(0.,0.0409742899992489,0.0833262008681064),(0.,0.0499999999999998),
 .UNSPECIFIED.);
#261=B_SPLINE_SURFACE_WITH_KNOTS('',3,1,((#5374,#5375),(#5376,#5377),(#5378,
#5379),(#5380,#5381),(#5382,#5383)),.UNSPECIFIED.,.F.,.F.,.F.,(4,1,4),(2,
2),(0.,0.0423519353720841,0.083326196147752),(0.,0.0499999999999998),
 .UNSPECIFIED.);
#262=B_SPLINE_SURFACE_WITH_KNOTS('',3,1,((#5397,#5398),(#5399,#5400),(#5401,
#5402),(#5403,#5404),(#5405,#5406)),.UNSPECIFIED.,.F.,.F.,.F.,(4,1,4),(2,
2),(0.,0.0409742315520877,0.0833261914274052),(0.,0.0499999999999998),
 .UNSPECIFIED.);
#263=B_SPLINE_SURFACE_WITH_KNOTS('',3,1,((#5426,#5427),(#5428,#5429),(#5430,
#5431),(#5432,#5433),(#5434,#5435)),.UNSPECIFIED.,.F.,.F.,.F.,(4,1,4),(2,
2),(0.,0.0423519108688575,0.0833262008681064),(0.,0.0499999999999998),
 .UNSPECIFIED.);
#264=B_SPLINE_SURFACE_WITH_KNOTS('',3,1,((#5449,#5450),(#5451,#5452),(#5453,
#5454),(#5455,#5456),(#5457,#5458)),.UNSPECIFIED.,.F.,.F.,.F.,(4,1,4),(2,
2),(0.,0.0409742899992489,0.0833262008681064),(0.,0.0499999999999998),
 .UNSPECIFIED.);
#265=B_SPLINE_SURFACE_WITH_KNOTS('',3,1,((#5478,#5479),(#5480,#5481),(#5482,
#5483),(#5484,#5485),(#5486,#5487)),.UNSPECIFIED.,.F.,.F.,.F.,(4,1,4),(2,
2),(0.,0.0423519108688575,0.0833262008681064),(0.,0.0499999999999998),
 .UNSPECIFIED.);
#266=B_SPLINE_SURFACE_WITH_KNOTS('',3,1,((#5501,#5502),(#5503,#5504),(#5505,
#5506),(#5507,#5508),(#5509,#5510)),.UNSPECIFIED.,.F.,.F.,.F.,(4,1,4),(2,
2),(0.,0.0409742899992489,0.0833262008681064),(0.,0.0499999999999998),
 .UNSPECIFIED.);
#267=B_SPLINE_SURFACE_WITH_KNOTS('',3,1,((#5528,#5529),(#5530,#5531),(#5532,
#5533),(#5534,#5535),(#5536,#5537)),.UNSPECIFIED.,.F.,.F.,.F.,(4,1,4),(2,
2),(0.,0.0423520088818046,0.0833262404338923),(0.,0.0499999999999998),
 .UNSPECIFIED.);
#268=B_SPLINE_SURFACE_WITH_KNOTS('',3,1,((#5554,#5555),(#5556,#5557),(#5558,
#5559),(#5560,#5561),(#5562,#5563)),.UNSPECIFIED.,.F.,.F.,.F.,(4,1,4),(2,
2),(0.,0.0409743250679218,0.0833261341542409),(0.,0.0499999999999998),
 .UNSPECIFIED.);
#269=B_SPLINE_SURFACE_WITH_KNOTS('',3,1,((#5577,#5578),(#5579,#5580),(#5581,
#5582),(#5583,#5584),(#5585,#5586)),.UNSPECIFIED.,.F.,.F.,.F.,(4,1,4),(2,
2),(0.,0.0141172533599229,0.0277753617158968),(0.,0.0499999999999998),
 .UNSPECIFIED.);
#270=B_SPLINE_SURFACE_WITH_KNOTS('',3,1,((#5600,#5601),(#5602,#5603),(#5604,
#5605),(#5606,#5607),(#5608,#5609)),.UNSPECIFIED.,.F.,.F.,.F.,(4,1,4),(2,
2),(0.,0.0136581551135841,0.027775491407519),(0.,0.0499999999999998),
 .UNSPECIFIED.);
#271=B_SPLINE_SURFACE_WITH_KNOTS('',3,1,((#5623,#5624),(#5625,#5626),(#5627,
#5628),(#5629,#5630),(#5631,#5632)),.UNSPECIFIED.,.F.,.F.,.F.,(4,1,4),(2,
2),(0.,0.0141173362939349,0.027775491407519),(0.,0.0499999999999998),
 .UNSPECIFIED.);
#272=B_SPLINE_SURFACE_WITH_KNOTS('',3,1,((#5646,#5647),(#5648,#5649),(#5650,
#5651),(#5652,#5653),(#5654,#5655)),.UNSPECIFIED.,.F.,.F.,.F.,(4,1,4),(2,
2),(0.,0.0136580031519362,0.0277753055184368),(0.,0.0499999999999998),
 .UNSPECIFIED.);
#273=B_SPLINE_SURFACE_WITH_KNOTS('',3,1,((#5669,#5670),(#5671,#5672),(#5673,
#5674),(#5675,#5676),(#5677,#5678)),.UNSPECIFIED.,.F.,.F.,.F.,(4,1,4),(2,
2),(0.,0.0141174380772584,0.0277754996765025),(0.,0.0499999999999998),
 .UNSPECIFIED.);
#274=B_SPLINE_SURFACE_WITH_KNOTS('',3,1,((#5692,#5693),(#5694,#5695),(#5696,
#5697),(#5698,#5699),(#5700,#5701)),.UNSPECIFIED.,.F.,.F.,.F.,(4,1,4),(2,
2),(0.,0.0136581551135841,0.027775491407519),(0.,0.0499999999999998),
 .UNSPECIFIED.);
#275=B_SPLINE_SURFACE_WITH_KNOTS('',3,1,((#5721,#5722),(#5723,#5724),(#5725,
#5726),(#5727,#5728),(#5729,#5730)),.UNSPECIFIED.,.F.,.F.,.F.,(4,1,4),(2,
2),(0.,0.0141173362939349,0.027775491407519),(0.,0.0499999999999998),
 .UNSPECIFIED.);
#276=B_SPLINE_SURFACE_WITH_KNOTS('',3,1,((#5744,#5745),(#5746,#5747),(#5748,
#5749),(#5750,#5751),(#5752,#5753)),.UNSPECIFIED.,.F.,.F.,.F.,(4,1,4),(2,
2),(0.,0.0136581083559739,0.0277754107224745),(0.,0.0499999999999998),
 .UNSPECIFIED.);
#277=B_SPLINE_SURFACE_WITH_KNOTS('',3,1,((#5773,#5774),(#5775,#5776),(#5777,
#5778),(#5779,#5780),(#5781,#5782)),.UNSPECIFIED.,.F.,.F.,.F.,(4,1,4),(2,
2),(0.,0.0141174135741949,0.027775475173439),(0.,0.0499999999999998),
 .UNSPECIFIED.);
#278=B_SPLINE_SURFACE_WITH_KNOTS('',3,1,((#5796,#5797),(#5798,#5799),(#5800,
#5801),(#5802,#5803),(#5804,#5805)),.UNSPECIFIED.,.F.,.F.,.F.,(4,1,4),(2,
2),(0.,0.0136581551135841,0.0277754744437806),(0.,0.0499999999999998),
 .UNSPECIFIED.);
#279=B_SPLINE_SURFACE_WITH_KNOTS('',3,1,((#5825,#5826),(#5827,#5828),(#5829,
#5830),(#5831,#5832),(#5833,#5834)),.UNSPECIFIED.,.F.,.F.,.F.,(4,1,4),(2,
2),(0.,0.0141173193301965,0.0277754744437806),(0.,0.0499999999999998),
 .UNSPECIFIED.);
#280=B_SPLINE_SURFACE_WITH_KNOTS('',3,1,((#5848,#5849),(#5850,#5851),(#5852,
#5853),(#5854,#5855),(#5856,#5857)),.UNSPECIFIED.,.F.,.F.,.F.,(4,1,4),(2,
2),(0.,0.0136580791324188,0.0277753814989193),(0.,0.0499999999999998),
 .UNSPECIFIED.);
#281=B_SPLINE_SURFACE_WITH_KNOTS('',3,1,((#5871,#5872),(#5873,#5874),(#5875,
#5876),(#5877,#5878),(#5879,#5880)),.UNSPECIFIED.,.F.,.F.,.F.,(4,1,4),(2,
2),(0.,0.0141172778632015,0.0277753394624456),(0.,0.0499999999999998),
 .UNSPECIFIED.);
#282=B_SPLINE_SURFACE_WITH_KNOTS('',3,1,((#5894,#5895),(#5896,#5897),(#5898,
#5899),(#5900,#5901),(#5902,#5903)),.UNSPECIFIED.,.F.,.F.,.F.,(4,1,4),(2,
2),(0.,0.0136581551135841,0.0277754744437806),(0.,0.0499999999999998),
 .UNSPECIFIED.);
#283=B_SPLINE_SURFACE_WITH_KNOTS('',3,1,((#5917,#5918),(#5919,#5920),(#5921,
#5922),(#5923,#5924),(#5925,#5926)),.UNSPECIFIED.,.F.,.F.,.F.,(4,1,4),(2,
2),(0.,0.0141173193301965,0.0277754744437806),(0.,0.0499999999999998),
 .UNSPECIFIED.);
#284=B_SPLINE_SURFACE_WITH_KNOTS('',3,1,((#5940,#5941),(#5942,#5943),(#5944,
#5945),(#5946,#5947),(#5948,#5949)),.UNSPECIFIED.,.F.,.F.,.F.,(4,1,4),(2,
2),(0.,0.0136580791324188,0.0277753814989193),(0.,0.0499999999999998),
 .UNSPECIFIED.);
#285=B_SPLINE_SURFACE_WITH_KNOTS('',3,1,((#5963,#5964),(#5965,#5966),(#5967,
#5968),(#5969,#5970),(#5971,#5972)),.UNSPECIFIED.,.F.,.F.,.F.,(4,1,4),(2,
2),(0.,0.0423519692996907,0.0833262183859593),(0.,0.0499999999999998),
 .UNSPECIFIED.);
#286=B_SPLINE_SURFACE_WITH_KNOTS('',3,1,((#5986,#5987),(#5988,#5989),(#5990,
#5991),(#5992,#5993),(#5994,#5995)),.UNSPECIFIED.,.F.,.F.,.F.,(4,1,4),(2,
2),(0.,0.0409742315520877,0.0833262404338923),(0.,0.0499999999999998),
 .UNSPECIFIED.);
#287=B_SPLINE_SURFACE_WITH_KNOTS('',3,1,((#6015,#6016),(#6017,#6018),(#6019,
#6020),(#6021,#6022),(#6023,#6024)),.UNSPECIFIED.,.F.,.F.,.F.,(4,1,4),(2,
2),(0.,0.0423520088818046,0.0833262404338923),(0.,0.0499999999999998),
 .UNSPECIFIED.);
#288=B_SPLINE_SURFACE_WITH_KNOTS('',3,1,((#6038,#6039),(#6040,#6041),(#6042,
#6043),(#6044,#6045),(#6046,#6047)),.UNSPECIFIED.,.F.,.F.,.F.,(4,1,4),(2,
2),(0.,0.0409743250679218,0.0833261341542409),(0.,0.0499999999999998),
 .UNSPECIFIED.);
#289=B_SPLINE_SURFACE_WITH_KNOTS('',3,1,((#6067,#6068),(#6069,#6070),(#6071,
#6072),(#6073,#6074),(#6075,#6076)),.UNSPECIFIED.,.F.,.F.,.F.,(4,1,4),(2,
2),(0.,0.0423519447964837,0.0833262231063417),(0.,0.0499999999999998),
 .UNSPECIFIED.);
#290=B_SPLINE_SURFACE_WITH_KNOTS('',3,1,((#6090,#6091),(#6092,#6093),(#6094,
#6095),(#6096,#6097),(#6098,#6099)),.UNSPECIFIED.,.F.,.F.,.F.,(4,1,4),(2,
2),(0.,0.0409742315520877,0.0833262404338923),(0.,0.0499999999999998),
 .UNSPECIFIED.);
#291=B_SPLINE_SURFACE_WITH_KNOTS('',3,1,((#6126,#6127),(#6128,#6129),(#6130,
#6131),(#6132,#6133),(#6134,#6135)),.UNSPECIFIED.,.F.,.F.,.F.,(4,1,4),(2,
2),(0.,0.0141173023665006,0.027775340585759),(0.,0.0499999999999998),
 .UNSPECIFIED.);
#292=B_SPLINE_SURFACE_WITH_KNOTS('',3,1,((#6149,#6150),(#6151,#6152),(#6153,
#6154),(#6155,#6156),(#6157,#6158)),.UNSPECIFIED.,.F.,.F.,.F.,(4,1,4),(2,
2),(0.,0.0136581083559739,0.0277754107224745),(0.,0.0499999999999998),
 .UNSPECIFIED.);
#293=B_SPLINE_SURFACE_WITH_KNOTS('',3,1,((#6172,#6173),(#6174,#6175),(#6176,
#6177),(#6178,#6179),(#6180,#6181)),.UNSPECIFIED.,.F.,.F.,.F.,(4,1,4),(2,
2),(0.,0.0141173023665006,0.0277753522753667),(0.,0.0499999999999998),
 .UNSPECIFIED.);
#294=B_SPLINE_SURFACE_WITH_KNOTS('',3,1,((#6195,#6196),(#6197,#6198),(#6199,
#6200),(#6201,#6202),(#6203,#6204)),.UNSPECIFIED.,.F.,.F.,.F.,(4,1,4),(2,
2),(0.,0.0136580382192585,0.0277753745131933),(0.,0.0499999999999998),
 .UNSPECIFIED.);
#295=B_SPLINE_SURFACE_WITH_KNOTS('',3,1,((#6224,#6225),(#6226,#6227),(#6228,
#6229),(#6230,#6231),(#6232,#6233)),.UNSPECIFIED.,.F.,.F.,.F.,(4,1,4),(2,
2),(0.,0.0141171402685844,0.0277752953821685),(0.,0.0499999999999998),
 .UNSPECIFIED.);
#296=B_SPLINE_SURFACE_WITH_KNOTS('',3,1,((#6247,#6248),(#6249,#6250),(#6251,
#6252),(#6253,#6254),(#6255,#6256)),.UNSPECIFIED.,.F.,.F.,.F.,(4,1,4),(2,
2),(0.,0.0136580499088661,0.0277753522753667),(0.,0.0499999999999998),
 .UNSPECIFIED.);
#297=B_SPLINE_SURFACE_WITH_KNOTS('',3,1,((#6270,#6271),(#6272,#6273),(#6274,
#6275),(#6276,#6277),(#6278,#6279)),.UNSPECIFIED.,.F.,.F.,.F.,(4,1,4),(2,
2),(0.,0.0141172533599229,0.0277754201630146),(0.,0.0499999999999998),
 .UNSPECIFIED.);
#298=B_SPLINE_SURFACE_WITH_KNOTS('',3,1,((#6293,#6294),(#6295,#6296),(#6297,
#6298),(#6299,#6300),(#6301,#6302)),.UNSPECIFIED.,.F.,.F.,.F.,(4,1,4),(2,
2),(0.,0.0136581551135841,0.0277752614542631),(0.,0.0499999999999998),
 .UNSPECIFIED.);
#299=B_SPLINE_SURFACE_WITH_KNOTS('',3,1,((#6328,#6329),(#6330,#6331),(#6332,
#6333),(#6334,#6335),(#6336,#6337)),.UNSPECIFIED.,.F.,.F.,.F.,(4,1,4),(2,
2),(0.,0.0141174135741949,0.027775475173439),(0.,0.0499999999999998),
 .UNSPECIFIED.);
#300=B_SPLINE_SURFACE_WITH_KNOTS('',3,1,((#6351,#6352),(#6353,#6354),(#6355,
#6356),(#6357,#6358),(#6359,#6360)),.UNSPECIFIED.,.F.,.F.,.F.,(4,1,4),(2,
2),(0.,0.0136580382192585,0.0277753745131933),(0.,0.0499999999999998),
 .UNSPECIFIED.);
#301=B_SPLINE_SURFACE_WITH_KNOTS('',3,1,((#6380,#6381),(#6382,#6383),(#6384,
#6385),(#6386,#6387),(#6388,#6389)),.UNSPECIFIED.,.F.,.F.,.F.,(4,1,4),(2,
2),(0.,0.0141173362939349,0.0277753745131933),(0.,0.0499999999999998),
 .UNSPECIFIED.);
#302=B_SPLINE_SURFACE_WITH_KNOTS('',3,1,((#6403,#6404),(#6405,#6406),(#6407,
#6408),(#6409,#6410),(#6411,#6412)),.UNSPECIFIED.,.F.,.F.,.F.,(4,1,4),(2,
2),(0.,0.0136580791324188,0.0277753814989193),(0.,0.0499999999999998),
 .UNSPECIFIED.);
#303=B_SPLINE_SURFACE_WITH_KNOTS('',3,1,((#6426,#6427),(#6428,#6429),(#6430,
#6431),(#6432,#6433),(#6434,#6435)),.UNSPECIFIED.,.F.,.F.,.F.,(4,1,4),(2,
2),(0.,0.0141172778632015,0.0277753862191755),(0.,0.0499999999999998),
 .UNSPECIFIED.);
#304=B_SPLINE_SURFACE_WITH_KNOTS('',3,1,((#6449,#6450),(#6451,#6452),(#6453,
#6454),(#6455,#6456),(#6457,#6458)),.UNSPECIFIED.,.F.,.F.,.F.,(4,1,4),(2,
2),(0.,0.0136580382192585,0.0277753745131933),(0.,0.0499999999999998),
 .UNSPECIFIED.);
#305=B_SPLINE_SURFACE_WITH_KNOTS('',3,1,((#6657,#6658),(#6659,#6660),(#6661,
#6662),(#6663,#6664),(#6665,#6666)),.UNSPECIFIED.,.F.,.F.,.F.,(4,1,4),(2,
2),(0.,0.013658093744196,0.0277753838590445),(0.,0.0499999999999998),
 .UNSPECIFIED.);
#306=B_SPLINE_SURFACE_WITH_KNOTS('',3,1,((#6683,#6684),(#6685,#6686),(#6687,
#6688),(#6689,#6690),(#6691,#6692)),.UNSPECIFIED.,.F.,.F.,.F.,(4,1,4),(2,
2),(0.,0.0141174135741949,0.027775475173439),(0.,0.0499999999999998),
 .UNSPECIFIED.);
#307=B_SPLINE_SURFACE_WITH_KNOTS('',3,1,((#6706,#6707),(#6708,#6709),(#6710,
#6711),(#6712,#6713),(#6714,#6715)),.UNSPECIFIED.,.F.,.F.,.F.,(4,1,4),(2,
2),(0.,0.0136580382192585,0.0277753745131933),(0.,0.0499999999999998),
 .UNSPECIFIED.);
#308=B_SPLINE_SURFACE_WITH_KNOTS('',3,1,((#6729,#6730),(#6731,#6732),(#6733,
#6734),(#6735,#6736),(#6737,#6738)),.UNSPECIFIED.,.F.,.F.,.F.,(4,1,4),(2,
2),(0.,0.0141173362939349,0.0277753745131933),(0.,0.0499999999999998),
 .UNSPECIFIED.);
#309=B_SPLINE_SURFACE_WITH_KNOTS('',3,1,((#6752,#6753),(#6754,#6755),(#6756,
#6757),(#6758,#6759),(#6760,#6761)),.UNSPECIFIED.,.F.,.F.,.F.,(4,1,4),(2,
2),(0.,0.0136581083559739,0.0277753862191755),(0.,0.0499999999999998),
 .UNSPECIFIED.);
#310=B_SPLINE_SURFACE_WITH_KNOTS('',3,1,((#6775,#6776),(#6777,#6778),(#6779,
#6780),(#6781,#6782),(#6783,#6784)),.UNSPECIFIED.,.F.,.F.,.F.,(4,1,4),(2,
2),(0.,0.0141172778632015,0.0277753862191755),(0.,0.0499999999999998),
 .UNSPECIFIED.);
#311=B_SPLINE_SURFACE_WITH_KNOTS('',3,1,((#6798,#6799),(#6800,#6801),(#6802,
#6803),(#6804,#6805),(#6806,#6807)),.UNSPECIFIED.,.F.,.F.,.F.,(4,1,4),(2,
2),(0.,0.0136580352968956,0.027775363108956),(0.,0.0499999999999998),
 .UNSPECIFIED.);
#312=B_SPLINE_SURFACE_WITH_KNOTS('',3,1,((#6821,#6822),(#6823,#6824),(#6825,
#6826),(#6827,#6828),(#6829,#6830)),.UNSPECIFIED.,.F.,.F.,.F.,(4,1,4),(2,
2),(0.,0.0141172213172404,0.0277753764308245),(0.,0.0499999999999998),
 .UNSPECIFIED.);
#313=B_SPLINE_SURFACE_WITH_KNOTS('',3,1,((#6857,#6858),(#6859,#6860),(#6861,
#6862),(#6863,#6864),(#6865,#6866)),.UNSPECIFIED.,.F.,.F.,.F.,(4,1,4),(2,
2),(0.,0.0141172382810965,0.0277753933946807),(0.,0.0499999999999998),
 .UNSPECIFIED.);
#314=B_SPLINE_SURFACE_WITH_KNOTS('',3,1,((#6880,#6881),(#6882,#6883),(#6884,
#6885),(#6886,#6887),(#6888,#6889)),.UNSPECIFIED.,.F.,.F.,.F.,(4,1,4),(2,
2),(0.,0.0136581083559739,0.0277754107224745),(0.,0.0499999999999998),
 .UNSPECIFIED.);
#315=B_SPLINE_SURFACE_WITH_KNOTS('',3,1,((#6909,#6910),(#6911,#6912),(#6913,
#6914),(#6915,#6916),(#6917,#6918)),.UNSPECIFIED.,.F.,.F.,.F.,(4,1,4),(2,
2),(0.,0.014117345718358,0.0277754306954668),(0.,0.0499999999999998),
 .UNSPECIFIED.);
#316=B_SPLINE_SURFACE_WITH_KNOTS('',3,1,((#6932,#6933),(#6934,#6935),(#6936,
#6937),(#6938,#6939),(#6940,#6941)),.UNSPECIFIED.,.F.,.F.,.F.,(4,1,4),(2,
2),(0.,0.0136580382192585,0.0277753575494549),(0.,0.0499999999999998),
 .UNSPECIFIED.);
#317=B_SPLINE_SURFACE_WITH_KNOTS('',3,1,((#6958,#6959),(#6960,#6961),(#6962,
#6963),(#6964,#6965),(#6966,#6967)),.UNSPECIFIED.,.F.,.F.,.F.,(4,1,4),(2,
2),(0.,0.0136580499088661,0.0277753522753667),(0.,0.0499999999999998),
 .UNSPECIFIED.);
#318=B_SPLINE_SURFACE_WITH_KNOTS('',3,1,((#6990,#6991),(#6992,#6993),(#6994,
#6995),(#6996,#6997),(#6998,#6999)),.UNSPECIFIED.,.F.,.F.,.F.,(4,1,4),(2,
2),(0.,0.0141172778632015,0.0277753862191755),(0.,0.0499999999999998),
 .UNSPECIFIED.);
#319=B_SPLINE_SURFACE_WITH_KNOTS('',3,1,((#7013,#7014),(#7015,#7016),(#7017,
#7018),(#7019,#7020),(#7021,#7022)),.UNSPECIFIED.,.F.,.F.,.F.,(4,1,4),(2,
2),(0.,0.0136580382192585,0.0277753745131933),(0.,0.0499999999999998),
 .UNSPECIFIED.);
#320=B_SPLINE_SURFACE_WITH_KNOTS('',3,1,((#7036,#7037),(#7038,#7039),(#7040,
#7041),(#7042,#7043),(#7044,#7045)),.UNSPECIFIED.,.F.,.F.,.F.,(4,1,4),(2,
2),(0.,0.0141172382810965,0.0277753933946807),(0.,0.0499999999999998),
 .UNSPECIFIED.);
#321=B_SPLINE_SURFACE_WITH_KNOTS('',3,1,((#7059,#7060),(#7061,#7062),(#7063,
#7064),(#7065,#7066),(#7067,#7068)),.UNSPECIFIED.,.F.,.F.,.F.,(4,1,4),(2,
2),(0.,0.0136581083559739,0.0277753862191755),(0.,0.0499999999999998),
 .UNSPECIFIED.);
#322=B_SPLINE_SURFACE_WITH_KNOTS('',3,1,((#7094,#7095),(#7096,#7097),(#7098,
#7099),(#7100,#7101),(#7102,#7103)),.UNSPECIFIED.,.F.,.F.,.F.,(4,1,4),(2,
2),(0.,0.0423519108688575,0.0833261424209452),(0.,0.0499999999999998),
 .UNSPECIFIED.);
#323=B_SPLINE_SURFACE_WITH_KNOTS('',3,1,((#7117,#7118),(#7119,#7120),(#7121,
#7122),(#7123,#7124),(#7125,#7126)),.UNSPECIFIED.,.F.,.F.,.F.,(4,1,4),(2,
2),(0.,0.040974278309858,0.0833262231063417),(0.,0.0499999999999998),
 .UNSPECIFIED.);
#324=B_SPLINE_SURFACE_WITH_KNOTS('',3,1,((#7146,#7147),(#7148,#7149),(#7150,
#7151),(#7152,#7153),(#7154,#7155)),.UNSPECIFIED.,.F.,.F.,.F.,(4,1,4),(2,
2),(0.,0.042351876941288,0.0833261786300112),(0.,0.0499999999999998),
 .UNSPECIFIED.);
#325=B_SPLINE_SURFACE_WITH_KNOTS('',3,1,((#7169,#7170),(#7171,#7172),(#7173,
#7174),(#7175,#7176),(#7177,#7178)),.UNSPECIFIED.,.F.,.F.,.F.,(4,1,4),(2,
2),(0.,0.0409742315520877,0.0833261424209452),(0.,0.0499999999999998),
 .UNSPECIFIED.);
#326=B_SPLINE_SURFACE_WITH_KNOTS('',3,1,((#7198,#7199),(#7200,#7201),(#7202,
#7203),(#7204,#7205),(#7206,#7207)),.UNSPECIFIED.,.F.,.F.,.F.,(4,1,4),(2,
2),(0.,0.0141173362939349,0.0277753745131933),(0.,0.0499999999999998),
 .UNSPECIFIED.);
#327=B_SPLINE_SURFACE_WITH_KNOTS('',3,1,((#7219,#7220),(#7221,#7222),(#7223,
#7224),(#7225,#7226),(#7227,#7228)),.UNSPECIFIED.,.F.,.F.,.F.,(4,1,4),(2,
2),(0.,0.0141173193301965,0.0277753575494549),(0.,0.0499999999999998),
 .UNSPECIFIED.);
#328=B_SPLINE_SURFACE_WITH_KNOTS('',3,1,((#7245,#7246),(#7247,#7248),(#7249,
#7250),(#7251,#7252),(#7253,#7254)),.UNSPECIFIED.,.F.,.F.,.F.,(4,1,4),(2,
2),(0.,0.0136580557535036,0.0277754259750428),(0.,0.0499999999999998),
 .UNSPECIFIED.);
#329=B_SPLINE_SURFACE_WITH_KNOTS('',3,1,((#7268,#7269),(#7270,#7271),(#7272,
#7273),(#7274,#7275),(#7276,#7277)),.UNSPECIFIED.,.F.,.F.,.F.,(4,1,4),(2,
2),(0.,0.014117345718358,0.0277754306954668),(0.,0.0499999999999998),
 .UNSPECIFIED.);
#330=B_SPLINE_SURFACE_WITH_KNOTS('',3,1,((#7291,#7292),(#7293,#7294),(#7295,
#7296),(#7297,#7298),(#7299,#7300)),.UNSPECIFIED.,.F.,.F.,.F.,(4,1,4),(2,
2),(0.,0.0136581551135841,0.0277753764308245),(0.,0.0499999999999998),
 .UNSPECIFIED.);
#331=B_SPLINE_SURFACE_WITH_KNOTS('',3,1,((#7314,#7315),(#7316,#7317),(#7318,
#7319),(#7320,#7321),(#7322,#7323)),.UNSPECIFIED.,.F.,.F.,.F.,(4,1,4),(2,
2),(0.,0.0141172213172404,0.0277753764308245),(0.,0.0499999999999998),
 .UNSPECIFIED.);
#332=B_SPLINE_SURFACE_WITH_KNOTS('',3,1,((#7337,#7338),(#7339,#7340),(#7341,
#7342),(#7343,#7344),(#7345,#7346)),.UNSPECIFIED.,.F.,.F.,.F.,(4,1,4),(2,
2),(0.,0.0136580791324188,0.0277753814989193),(0.,0.0499999999999998),
 .UNSPECIFIED.);
#333=B_SPLINE_SURFACE_WITH_KNOTS('',3,1,((#7360,#7361),(#7362,#7363),(#7364,
#7365),(#7366,#7367),(#7368,#7369)),.UNSPECIFIED.,.F.,.F.,.F.,(4,1,4),(2,
2),(0.,0.0423519692996907,0.0833262183859593),(0.,0.0499999999999998),
 .UNSPECIFIED.);
#334=B_SPLINE_SURFACE_WITH_KNOTS('',3,1,((#7383,#7384),(#7385,#7386),(#7387,
#7388),(#7389,#7390),(#7391,#7392)),.UNSPECIFIED.,.F.,.F.,.F.,(4,1,4),(2,
2),(0.,0.0409742315520877,0.0833261424209452),(0.,0.0499999999999998),
 .UNSPECIFIED.);
#335=B_SPLINE_SURFACE_WITH_KNOTS('',3,1,((#7412,#7413),(#7414,#7415),(#7416,
#7417),(#7418,#7419),(#7420,#7421)),.UNSPECIFIED.,.F.,.F.,.F.,(4,1,4),(2,
2),(0.,0.0141173362939349,0.0277753745131933),(0.,0.0499999999999998),
 .UNSPECIFIED.);
#336=B_SPLINE_SURFACE_WITH_KNOTS('',3,1,((#7435,#7436),(#7437,#7438),(#7439,
#7440),(#7441,#7442),(#7443,#7444)),.UNSPECIFIED.,.F.,.F.,.F.,(4,1,4),(2,
2),(0.,0.0136580674428361,0.027775403736771),(0.,0.0499999999999998),
 .UNSPECIFIED.);
#337=B_SPLINE_SURFACE_WITH_KNOTS('',3,1,((#7464,#7465),(#7466,#7467),(#7468,
#7469),(#7470,#7471),(#7472,#7473)),.UNSPECIFIED.,.F.,.F.,.F.,(4,1,4),(2,
2),(0.,0.0141173362939349,0.0277753745131933),(0.,0.0499999999999998),
 .UNSPECIFIED.);
#338=B_SPLINE_SURFACE_WITH_KNOTS('',3,1,((#7487,#7488),(#7489,#7490),(#7491,
#7492),(#7493,#7494),(#7495,#7496)),.UNSPECIFIED.,.F.,.F.,.F.,(4,1,4),(2,
2),(0.,0.0136580382192585,0.0277753745131933),(0.,0.0499999999999998),
 .UNSPECIFIED.);
#339=B_SPLINE_SURFACE_WITH_KNOTS('',3,1,((#7510,#7511),(#7512,#7513),(#7514,
#7515),(#7516,#7517),(#7518,#7519)),.UNSPECIFIED.,.F.,.F.,.F.,(4,1,4),(2,
2),(0.,0.0141173362939349,0.0277753745131933),(0.,0.0499999999999998),
 .UNSPECIFIED.);
#340=B_SPLINE_SURFACE_WITH_KNOTS('',3,1,((#7533,#7534),(#7535,#7536),(#7537,
#7538),(#7539,#7540),(#7541,#7542)),.UNSPECIFIED.,.F.,.F.,.F.,(4,1,4),(2,
2),(0.,0.0136580499088661,0.0277753522753667),(0.,0.0499999999999998),
 .UNSPECIFIED.);
#341=B_SPLINE_SURFACE_WITH_KNOTS('',3,1,((#7566,#7567),(#7568,#7569),(#7570,
#7571),(#7572,#7573),(#7574,#7575)),.UNSPECIFIED.,.F.,.F.,.F.,(4,1,4),(2,
2),(0.,0.0136580382192585,0.0277753660313188),(0.,0.0499999999999998),
 .UNSPECIFIED.);
#342=B_SPLINE_SURFACE_WITH_KNOTS('',3,1,((#7610,#7611),(#7612,#7613),(#7614,
#7615),(#7616,#7617),(#7618,#7619)),.UNSPECIFIED.,.F.,.F.,.F.,(4,1,4),(2,
2),(0.,0.0141173362939349,0.0277753745131933),(0.,0.0499999999999998),
 .UNSPECIFIED.);
#343=B_SPLINE_SURFACE_WITH_KNOTS('',3,1,((#7633,#7634),(#7635,#7636),(#7637,
#7638),(#7639,#7640),(#7641,#7642)),.UNSPECIFIED.,.F.,.F.,.F.,(4,1,4),(2,
2),(0.,0.0136580966664163,0.0277754329603512),(0.,0.0499999999999998),
 .UNSPECIFIED.);
#344=B_SPLINE_SURFACE_WITH_KNOTS('',3,1,((#7656,#7657),(#7658,#7659),(#7660,
#7661),(#7662,#7663),(#7664,#7665)),.UNSPECIFIED.,.F.,.F.,.F.,(4,1,4),(2,
2),(0.,0.0141172872874749,0.0277753839538912),(0.,0.0499999999999998),
 .UNSPECIFIED.);
#345=B_SPLINE_SURFACE_WITH_KNOTS('',3,1,((#7679,#7680),(#7681,#7682),(#7683,
#7684),(#7685,#7686),(#7687,#7688)),.UNSPECIFIED.,.F.,.F.,.F.,(4,1,4),(2,
2),(0.,0.0136580382192585,0.0277753745131933),(0.,0.0499999999999998),
 .UNSPECIFIED.);
#346=B_SPLINE_SURFACE_WITH_KNOTS('',3,1,((#7708,#7709),(#7710,#7711),(#7712,
#7713),(#7714,#7715),(#7716,#7717)),.UNSPECIFIED.,.F.,.F.,.F.,(4,1,4),(2,
2),(0.,0.0141173117906947,0.027775408457111),(0.,0.0499999999999998),
 .UNSPECIFIED.);
#347=B_SPLINE_SURFACE_WITH_KNOTS('',3,1,((#7731,#7732),(#7733,#7734),(#7735,
#7736),(#7737,#7738),(#7739,#7740)),.UNSPECIFIED.,.F.,.F.,.F.,(4,1,4),(2,
2),(0.,0.0136580382192585,0.0277753745131933),(0.,0.0499999999999998),
 .UNSPECIFIED.);
#348=B_SPLINE_SURFACE_WITH_KNOTS('',3,1,((#7754,#7755),(#7756,#7757),(#7758,
#7759),(#7760,#7761),(#7762,#7763)),.UNSPECIFIED.,.F.,.F.,.F.,(4,1,4),(2,
2),(0.,0.0141173362939349,0.0277754329603512),(0.,0.0499999999999998),
 .UNSPECIFIED.);
#349=B_SPLINE_SURFACE_WITH_KNOTS('',3,1,((#7777,#7778),(#7779,#7780),(#7781,
#7782),(#7783,#7784),(#7785,#7786)),.UNSPECIFIED.,.F.,.F.,.F.,(4,1,4),(2,
2),(0.,0.0136580966664163,0.027775408457111),(0.,0.0499999999999998),
 .UNSPECIFIED.);
#350=B_SPLINE_SURFACE_WITH_KNOTS('',3,1,((#7812,#7813),(#7814,#7815),(#7816,
#7817),(#7818,#7819),(#7820,#7821)),.UNSPECIFIED.,.F.,.F.,.F.,(4,1,4),(2,
2),(0.,0.013658089360521,0.0277754072770238),(0.,0.0499999999999998),
 .UNSPECIFIED.);
#351=B_SPLINE_SURFACE_WITH_KNOTS('',3,1,((#7835,#7836),(#7837,#7838),(#7839,
#7840),(#7841,#7842),(#7843,#7844)),.UNSPECIFIED.,.F.,.F.,.F.,(4,1,4),(2,
2),(0.,0.0141173117906947,0.0277754011512157),(0.,0.0499999999999998),
 .UNSPECIFIED.);
#352=B_SPLINE_SURFACE_WITH_KNOTS('',3,1,((#7858,#7859),(#7860,#7861),(#7862,
#7863),(#7864,#7865),(#7866,#7867)),.UNSPECIFIED.,.F.,.F.,.F.,(4,1,4),(2,
2),(0.,0.0136580966664163,0.027775404216165),(0.,0.0499999999999998),
 .UNSPECIFIED.);
#353=B_SPLINE_SURFACE_WITH_KNOTS('',3,1,((#7887,#7888),(#7889,#7890),(#7891,
#7892),(#7893,#7894),(#7895,#7896)),.UNSPECIFIED.,.F.,.F.,.F.,(4,1,4),(2,
2),(0.,0.0141173320529963,0.0277753702722547),(0.,0.0499999999999998),
 .UNSPECIFIED.);
#354=B_SPLINE_SURFACE_WITH_KNOTS('',3,1,((#7910,#7911),(#7912,#7913),(#7914,
#7915),(#7916,#7917),(#7918,#7919)),.UNSPECIFIED.,.F.,.F.,.F.,(4,1,4),(2,
2),(0.,0.013658089360521,0.0277754011512157),(0.,0.0499999999999998),
 .UNSPECIFIED.);
#355=B_SPLINE_SURFACE_WITH_KNOTS('',3,1,((#7933,#7934),(#7935,#7936),(#7937,
#7938),(#7939,#7940),(#7941,#7942)),.UNSPECIFIED.,.F.,.F.,.F.,(4,1,4),(2,
2),(0.,0.0141173179165028,0.0277754072770238),(0.,0.0499999999999998),
 .UNSPECIFIED.);
#356=PLANE('',#4246);
#357=PLANE('',#4250);
#358=PLANE('',#4254);
#359=PLANE('',#4258);
#360=PLANE('',#4259);
#361=PLANE('',#4260);
#362=PLANE('',#4261);
#363=PLANE('',#4262);
#364=PLANE('',#4263);
#365=PLANE('',#4264);
#366=PLANE('',#4265);
#367=PLANE('',#4266);
#368=PLANE('',#4267);
#369=PLANE('',#4268);
#370=PLANE('',#4269);
#371=PLANE('',#4270);
#372=PLANE('',#4271);
#373=PLANE('',#4272);
#374=PLANE('',#4273);
#375=PLANE('',#4274);
#376=PLANE('',#4275);
#377=PLANE('',#4276);
#378=PLANE('',#4277);
#379=PLANE('',#4278);
#380=PLANE('',#4279);
#381=PLANE('',#4280);
#382=PLANE('',#4281);
#383=PLANE('',#4282);
#384=PLANE('',#4283);
#385=PLANE('',#4284);
#386=PLANE('',#4285);
#387=PLANE('',#4286);
#388=PLANE('',#4287);
#389=PLANE('',#4288);
#390=PLANE('',#4289);
#391=PLANE('',#4290);
#392=PLANE('',#4291);
#393=PLANE('',#4292);
#394=PLANE('',#4293);
#395=PLANE('',#4294);
#396=PLANE('',#4295);
#397=PLANE('',#4296);
#398=PLANE('',#4297);
#399=PLANE('',#4298);
#400=PLANE('',#4299);
#401=PLANE('',#4300);
#402=PLANE('',#4301);
#403=PLANE('',#4302);
#404=PLANE('',#4303);
#405=PLANE('',#4304);
#406=PLANE('',#4305);
#407=PLANE('',#4306);
#408=PLANE('',#4307);
#409=PLANE('',#4308);
#410=PLANE('',#4309);
#411=PLANE('',#4310);
#412=PLANE('',#4311);
#413=PLANE('',#4312);
#414=PLANE('',#4313);
#415=PLANE('',#4314);
#416=PLANE('',#4315);
#417=PLANE('',#4316);
#418=PLANE('',#4317);
#419=PLANE('',#4318);
#420=PLANE('',#4319);
#421=PLANE('',#4320);
#422=PLANE('',#4321);
#423=PLANE('',#4322);
#424=PLANE('',#4323);
#425=PLANE('',#4324);
#426=PLANE('',#4325);
#427=PLANE('',#4326);
#428=PLANE('',#4327);
#429=PLANE('',#4328);
#430=PLANE('',#4329);
#431=PLANE('',#4330);
#432=PLANE('',#4331);
#433=PLANE('',#4332);
#434=PLANE('',#4333);
#435=PLANE('',#4334);
#436=PLANE('',#4335);
#437=PLANE('',#4336);
#438=PLANE('',#4337);
#439=PLANE('',#4338);
#440=PLANE('',#4339);
#441=PLANE('',#4340);
#442=PLANE('',#4341);
#443=PLANE('',#4342);
#444=PLANE('',#4343);
#445=PLANE('',#4368);
#446=PLANE('',#4371);
#447=PLANE('',#4374);
#448=PLANE('',#4375);
#449=PLANE('',#4378);
#450=PLANE('',#4379);
#451=PLANE('',#4380);
#452=PLANE('',#4381);
#453=PLANE('',#4383);
#454=PLANE('',#4385);
#455=PLANE('',#4386);
#456=PLANE('',#4387);
#457=PLANE('',#4388);
#458=PLANE('',#4389);
#459=PLANE('',#4390);
#460=PLANE('',#4391);
#461=PLANE('',#4392);
#462=PLANE('',#4393);
#463=PLANE('',#4394);
#464=PLANE('',#4395);
#465=FACE_OUTER_BOUND('',#695,.T.);
#466=FACE_OUTER_BOUND('',#696,.T.);
#467=FACE_OUTER_BOUND('',#697,.T.);
#468=FACE_OUTER_BOUND('',#698,.T.);
#469=FACE_OUTER_BOUND('',#699,.T.);
#470=FACE_OUTER_BOUND('',#700,.T.);
#471=FACE_OUTER_BOUND('',#701,.T.);
#472=FACE_OUTER_BOUND('',#702,.T.);
#473=FACE_OUTER_BOUND('',#703,.T.);
#474=FACE_OUTER_BOUND('',#704,.T.);
#475=FACE_OUTER_BOUND('',#705,.T.);
#476=FACE_OUTER_BOUND('',#706,.T.);
#477=FACE_OUTER_BOUND('',#707,.T.);
#478=FACE_OUTER_BOUND('',#708,.T.);
#479=FACE_OUTER_BOUND('',#709,.T.);
#480=FACE_OUTER_BOUND('',#710,.T.);
#481=FACE_OUTER_BOUND('',#711,.T.);
#482=FACE_OUTER_BOUND('',#712,.T.);
#483=FACE_OUTER_BOUND('',#713,.T.);
#484=FACE_OUTER_BOUND('',#714,.T.);
#485=FACE_OUTER_BOUND('',#715,.T.);
#486=FACE_OUTER_BOUND('',#716,.T.);
#487=FACE_OUTER_BOUND('',#717,.T.);
#488=FACE_OUTER_BOUND('',#718,.T.);
#489=FACE_OUTER_BOUND('',#719,.T.);
#490=FACE_OUTER_BOUND('',#720,.T.);
#491=FACE_OUTER_BOUND('',#721,.T.);
#492=FACE_OUTER_BOUND('',#722,.T.);
#493=FACE_OUTER_BOUND('',#723,.T.);
#494=FACE_OUTER_BOUND('',#724,.T.);
#495=FACE_OUTER_BOUND('',#725,.T.);
#496=FACE_OUTER_BOUND('',#726,.T.);
#497=FACE_OUTER_BOUND('',#727,.T.);
#498=FACE_OUTER_BOUND('',#729,.T.);
#499=FACE_OUTER_BOUND('',#730,.T.);
#500=FACE_OUTER_BOUND('',#731,.T.);
#501=FACE_OUTER_BOUND('',#732,.T.);
#502=FACE_OUTER_BOUND('',#733,.T.);
#503=FACE_OUTER_BOUND('',#734,.T.);
#504=FACE_OUTER_BOUND('',#735,.T.);
#505=FACE_OUTER_BOUND('',#736,.T.);
#506=FACE_OUTER_BOUND('',#737,.T.);
#507=FACE_OUTER_BOUND('',#738,.T.);
#508=FACE_OUTER_BOUND('',#739,.T.);
#509=FACE_OUTER_BOUND('',#740,.T.);
#510=FACE_OUTER_BOUND('',#741,.T.);
#511=FACE_OUTER_BOUND('',#742,.T.);
#512=FACE_OUTER_BOUND('',#743,.T.);
#513=FACE_OUTER_BOUND('',#744,.T.);
#514=FACE_OUTER_BOUND('',#745,.T.);
#515=FACE_OUTER_BOUND('',#746,.T.);
#516=FACE_OUTER_BOUND('',#747,.T.);
#517=FACE_OUTER_BOUND('',#748,.T.);
#518=FACE_OUTER_BOUND('',#749,.T.);
#519=FACE_OUTER_BOUND('',#750,.T.);
#520=FACE_OUTER_BOUND('',#751,.T.);
#521=FACE_OUTER_BOUND('',#752,.T.);
#522=FACE_OUTER_BOUND('',#753,.T.);
#523=FACE_OUTER_BOUND('',#754,.T.);
#524=FACE_OUTER_BOUND('',#755,.T.);
#525=FACE_OUTER_BOUND('',#756,.T.);
#526=FACE_OUTER_BOUND('',#757,.T.);
#527=FACE_OUTER_BOUND('',#758,.T.);
#528=FACE_OUTER_BOUND('',#759,.T.);
#529=FACE_OUTER_BOUND('',#760,.T.);
#530=FACE_OUTER_BOUND('',#761,.T.);
#531=FACE_OUTER_BOUND('',#762,.T.);
#532=FACE_OUTER_BOUND('',#763,.T.);
#533=FACE_OUTER_BOUND('',#764,.T.);
#534=FACE_OUTER_BOUND('',#765,.T.);
#535=FACE_OUTER_BOUND('',#766,.T.);
#536=FACE_OUTER_BOUND('',#767,.T.);
#537=FACE_OUTER_BOUND('',#768,.T.);
#538=FACE_OUTER_BOUND('',#769,.T.);
#539=FACE_OUTER_BOUND('',#770,.T.);
#540=FACE_OUTER_BOUND('',#771,.T.);
#541=FACE_OUTER_BOUND('',#772,.T.);
#542=FACE_OUTER_BOUND('',#773,.T.);
#543=FACE_OUTER_BOUND('',#774,.T.);
#544=FACE_OUTER_BOUND('',#775,.T.);
#545=FACE_OUTER_BOUND('',#776,.T.);
#546=FACE_OUTER_BOUND('',#777,.T.);
#547=FACE_OUTER_BOUND('',#778,.T.);
#548=FACE_OUTER_BOUND('',#779,.T.);
#549=FACE_OUTER_BOUND('',#780,.T.);
#550=FACE_OUTER_BOUND('',#781,.T.);
#551=FACE_OUTER_BOUND('',#782,.T.);
#552=FACE_OUTER_BOUND('',#783,.T.);
#553=FACE_OUTER_BOUND('',#784,.T.);
#554=FACE_OUTER_BOUND('',#785,.T.);
#555=FACE_OUTER_BOUND('',#786,.T.);
#556=FACE_OUTER_BOUND('',#787,.T.);
#557=FACE_OUTER_BOUND('',#788,.T.);
#558=FACE_OUTER_BOUND('',#789,.T.);
#559=FACE_OUTER_BOUND('',#790,.T.);
#560=FACE_OUTER_BOUND('',#791,.T.);
#561=FACE_OUTER_BOUND('',#792,.T.);
#562=FACE_OUTER_BOUND('',#793,.T.);
#563=FACE_OUTER_BOUND('',#794,.T.);
#564=FACE_OUTER_BOUND('',#795,.T.);
#565=FACE_OUTER_BOUND('',#796,.T.);
#566=FACE_OUTER_BOUND('',#797,.T.);
#567=FACE_OUTER_BOUND('',#798,.T.);
#568=FACE_OUTER_BOUND('',#799,.T.);
#569=FACE_OUTER_BOUND('',#800,.T.);
#570=FACE_OUTER_BOUND('',#801,.T.);
#571=FACE_OUTER_BOUND('',#802,.T.);
#572=FACE_OUTER_BOUND('',#803,.T.);
#573=FACE_OUTER_BOUND('',#804,.T.);
#574=FACE_OUTER_BOUND('',#805,.T.);
#575=FACE_OUTER_BOUND('',#806,.T.);
#576=FACE_OUTER_BOUND('',#807,.T.);
#577=FACE_OUTER_BOUND('',#808,.T.);
#578=FACE_OUTER_BOUND('',#809,.T.);
#579=FACE_OUTER_BOUND('',#810,.T.);
#580=FACE_OUTER_BOUND('',#811,.T.);
#581=FACE_OUTER_BOUND('',#812,.T.);
#582=FACE_OUTER_BOUND('',#813,.T.);
#583=FACE_OUTER_BOUND('',#814,.T.);
#584=FACE_OUTER_BOUND('',#815,.T.);
#585=FACE_OUTER_BOUND('',#816,.T.);
#586=FACE_OUTER_BOUND('',#817,.T.);
#587=FACE_OUTER_BOUND('',#818,.T.);
#588=FACE_OUTER_BOUND('',#819,.T.);
#589=FACE_OUTER_BOUND('',#820,.T.);
#590=FACE_OUTER_BOUND('',#821,.T.);
#591=FACE_OUTER_BOUND('',#822,.T.);
#592=FACE_OUTER_BOUND('',#823,.T.);
#593=FACE_OUTER_BOUND('',#824,.T.);
#594=FACE_OUTER_BOUND('',#825,.T.);
#595=FACE_OUTER_BOUND('',#826,.T.);
#596=FACE_OUTER_BOUND('',#827,.T.);
#597=FACE_OUTER_BOUND('',#828,.T.);
#598=FACE_OUTER_BOUND('',#829,.T.);
#599=FACE_OUTER_BOUND('',#830,.T.);
#600=FACE_OUTER_BOUND('',#831,.T.);
#601=FACE_OUTER_BOUND('',#832,.T.);
#602=FACE_OUTER_BOUND('',#833,.T.);
#603=FACE_OUTER_BOUND('',#834,.T.);
#604=FACE_OUTER_BOUND('',#835,.T.);
#605=FACE_OUTER_BOUND('',#836,.T.);
#606=FACE_OUTER_BOUND('',#837,.T.);
#607=FACE_OUTER_BOUND('',#838,.T.);
#608=FACE_OUTER_BOUND('',#839,.T.);
#609=FACE_OUTER_BOUND('',#840,.T.);
#610=FACE_OUTER_BOUND('',#841,.T.);
#611=FACE_OUTER_BOUND('',#842,.T.);
#612=FACE_OUTER_BOUND('',#843,.T.);
#613=FACE_OUTER_BOUND('',#844,.T.);
#614=FACE_OUTER_BOUND('',#845,.T.);
#615=FACE_OUTER_BOUND('',#846,.T.);
#616=FACE_OUTER_BOUND('',#847,.T.);
#617=FACE_OUTER_BOUND('',#848,.T.);
#618=FACE_OUTER_BOUND('',#849,.T.);
#619=FACE_OUTER_BOUND('',#851,.T.);
#620=FACE_OUTER_BOUND('',#852,.T.);
#621=FACE_OUTER_BOUND('',#853,.T.);
#622=FACE_OUTER_BOUND('',#854,.T.);
#623=FACE_OUTER_BOUND('',#855,.T.);
#624=FACE_OUTER_BOUND('',#856,.T.);
#625=FACE_OUTER_BOUND('',#857,.T.);
#626=FACE_OUTER_BOUND('',#858,.T.);
#627=FACE_OUTER_BOUND('',#859,.T.);
#628=FACE_OUTER_BOUND('',#860,.T.);
#629=FACE_OUTER_BOUND('',#861,.T.);
#630=FACE_OUTER_BOUND('',#862,.T.);
#631=FACE_OUTER_BOUND('',#863,.T.);
#632=FACE_OUTER_BOUND('',#864,.T.);
#633=FACE_OUTER_BOUND('',#865,.T.);
#634=FACE_OUTER_BOUND('',#866,.T.);
#635=FACE_OUTER_BOUND('',#867,.T.);
#636=FACE_OUTER_BOUND('',#868,.T.);
#637=FACE_OUTER_BOUND('',#869,.T.);
#638=FACE_OUTER_BOUND('',#870,.T.);
#639=FACE_OUTER_BOUND('',#871,.T.);
#640=FACE_OUTER_BOUND('',#872,.T.);
#641=FACE_OUTER_BOUND('',#873,.T.);
#642=FACE_OUTER_BOUND('',#874,.T.);
#643=FACE_OUTER_BOUND('',#875,.T.);
#644=FACE_OUTER_BOUND('',#876,.T.);
#645=FACE_OUTER_BOUND('',#877,.T.);
#646=FACE_OUTER_BOUND('',#878,.T.);
#647=FACE_OUTER_BOUND('',#879,.T.);
#648=FACE_OUTER_BOUND('',#880,.T.);
#649=FACE_OUTER_BOUND('',#881,.T.);
#650=FACE_OUTER_BOUND('',#882,.T.);
#651=FACE_OUTER_BOUND('',#883,.T.);
#652=FACE_OUTER_BOUND('',#884,.T.);
#653=FACE_OUTER_BOUND('',#885,.T.);
#654=FACE_OUTER_BOUND('',#886,.T.);
#655=FACE_OUTER_BOUND('',#887,.T.);
#656=FACE_OUTER_BOUND('',#888,.T.);
#657=FACE_OUTER_BOUND('',#889,.T.);
#658=FACE_OUTER_BOUND('',#890,.T.);
#659=FACE_OUTER_BOUND('',#891,.T.);
#660=FACE_OUTER_BOUND('',#892,.T.);
#661=FACE_OUTER_BOUND('',#893,.T.);
#662=FACE_OUTER_BOUND('',#894,.T.);
#663=FACE_OUTER_BOUND('',#895,.T.);
#664=FACE_OUTER_BOUND('',#896,.T.);
#665=FACE_OUTER_BOUND('',#897,.T.);
#666=FACE_OUTER_BOUND('',#898,.T.);
#667=FACE_OUTER_BOUND('',#899,.T.);
#668=FACE_OUTER_BOUND('',#900,.T.);
#669=FACE_OUTER_BOUND('',#901,.T.);
#670=FACE_OUTER_BOUND('',#902,.T.);
#671=FACE_OUTER_BOUND('',#903,.T.);
#672=FACE_OUTER_BOUND('',#904,.T.);
#673=FACE_OUTER_BOUND('',#905,.T.);
#674=FACE_OUTER_BOUND('',#906,.T.);
#675=FACE_OUTER_BOUND('',#907,.T.);
#676=FACE_OUTER_BOUND('',#923,.T.);
#677=FACE_OUTER_BOUND('',#929,.T.);
#678=FACE_OUTER_BOUND('',#930,.T.);
#679=FACE_OUTER_BOUND('',#931,.T.);
#680=FACE_OUTER_BOUND('',#932,.T.);
#681=FACE_OUTER_BOUND('',#933,.T.);
#682=FACE_OUTER_BOUND('',#934,.T.);
#683=FACE_OUTER_BOUND('',#935,.T.);
#684=FACE_OUTER_BOUND('',#936,.T.);
#685=FACE_OUTER_BOUND('',#937,.T.);
#686=FACE_OUTER_BOUND('',#938,.T.);
#687=FACE_OUTER_BOUND('',#939,.T.);
#688=FACE_OUTER_BOUND('',#940,.T.);
#689=FACE_OUTER_BOUND('',#941,.T.);
#690=FACE_OUTER_BOUND('',#942,.T.);
#691=FACE_OUTER_BOUND('',#943,.T.);
#692=FACE_OUTER_BOUND('',#944,.T.);
#693=FACE_OUTER_BOUND('',#945,.T.);
#694=FACE_OUTER_BOUND('',#946,.T.);
#695=EDGE_LOOP('',(#2755,#2756,#2757,#2758));
#696=EDGE_LOOP('',(#2759));
#697=EDGE_LOOP('',(#2760,#2761,#2762,#2763));
#698=EDGE_LOOP('',(#2764));
#699=EDGE_LOOP('',(#2765,#2766,#2767,#2768));
#700=EDGE_LOOP('',(#2769));
#701=EDGE_LOOP('',(#2770,#2771,#2772,#2773));
#702=EDGE_LOOP('',(#2774));
#703=EDGE_LOOP('',(#2775,#2776,#2777,#2778));
#704=EDGE_LOOP('',(#2779,#2780,#2781,#2782));
#705=EDGE_LOOP('',(#2783,#2784,#2785,#2786));
#706=EDGE_LOOP('',(#2787,#2788,#2789,#2790));
#707=EDGE_LOOP('',(#2791,#2792,#2793,#2794));
#708=EDGE_LOOP('',(#2795,#2796,#2797,#2798));
#709=EDGE_LOOP('',(#2799,#2800,#2801,#2802));
#710=EDGE_LOOP('',(#2803,#2804,#2805,#2806));
#711=EDGE_LOOP('',(#2807,#2808,#2809,#2810));
#712=EDGE_LOOP('',(#2811,#2812,#2813,#2814));
#713=EDGE_LOOP('',(#2815,#2816,#2817,#2818));
#714=EDGE_LOOP('',(#2819,#2820,#2821,#2822));
#715=EDGE_LOOP('',(#2823,#2824,#2825,#2826));
#716=EDGE_LOOP('',(#2827,#2828,#2829,#2830));
#717=EDGE_LOOP('',(#2831,#2832,#2833,#2834));
#718=EDGE_LOOP('',(#2835,#2836,#2837,#2838));
#719=EDGE_LOOP('',(#2839,#2840,#2841,#2842));
#720=EDGE_LOOP('',(#2843,#2844,#2845,#2846));
#721=EDGE_LOOP('',(#2847,#2848,#2849,#2850));
#722=EDGE_LOOP('',(#2851,#2852,#2853,#2854));
#723=EDGE_LOOP('',(#2855,#2856,#2857,#2858));
#724=EDGE_LOOP('',(#2859,#2860,#2861,#2862));
#725=EDGE_LOOP('',(#2863,#2864,#2865,#2866));
#726=EDGE_LOOP('',(#2867,#2868,#2869,#2870));
#727=EDGE_LOOP('',(#2871,#2872,#2873,#2874,#2875,#2876,#2877,#2878,#2879,
#2880,#2881,#2882));
#728=EDGE_LOOP('',(#2883,#2884,#2885,#2886,#2887,#2888,#2889,#2890,#2891,
#2892,#2893,#2894));
#729=EDGE_LOOP('',(#2895,#2896,#2897,#2898));
#730=EDGE_LOOP('',(#2899,#2900,#2901,#2902));
#731=EDGE_LOOP('',(#2903,#2904,#2905,#2906));
#732=EDGE_LOOP('',(#2907,#2908,#2909,#2910));
#733=EDGE_LOOP('',(#2911,#2912,#2913,#2914));
#734=EDGE_LOOP('',(#2915,#2916,#2917,#2918));
#735=EDGE_LOOP('',(#2919,#2920,#2921,#2922));
#736=EDGE_LOOP('',(#2923,#2924,#2925,#2926));
#737=EDGE_LOOP('',(#2927,#2928,#2929,#2930));
#738=EDGE_LOOP('',(#2931,#2932,#2933,#2934));
#739=EDGE_LOOP('',(#2935,#2936,#2937,#2938));
#740=EDGE_LOOP('',(#2939,#2940,#2941,#2942));
#741=EDGE_LOOP('',(#2943,#2944,#2945,#2946));
#742=EDGE_LOOP('',(#2947,#2948,#2949,#2950));
#743=EDGE_LOOP('',(#2951,#2952,#2953,#2954));
#744=EDGE_LOOP('',(#2955,#2956,#2957,#2958));
#745=EDGE_LOOP('',(#2959,#2960,#2961,#2962));
#746=EDGE_LOOP('',(#2963,#2964,#2965,#2966));
#747=EDGE_LOOP('',(#2967,#2968,#2969,#2970));
#748=EDGE_LOOP('',(#2971,#2972,#2973,#2974));
#749=EDGE_LOOP('',(#2975,#2976,#2977,#2978));
#750=EDGE_LOOP('',(#2979,#2980,#2981,#2982));
#751=EDGE_LOOP('',(#2983,#2984,#2985,#2986));
#752=EDGE_LOOP('',(#2987,#2988,#2989,#2990));
#753=EDGE_LOOP('',(#2991,#2992,#2993,#2994));
#754=EDGE_LOOP('',(#2995,#2996,#2997,#2998));
#755=EDGE_LOOP('',(#2999,#3000,#3001,#3002));
#756=EDGE_LOOP('',(#3003,#3004,#3005,#3006));
#757=EDGE_LOOP('',(#3007,#3008,#3009,#3010));
#758=EDGE_LOOP('',(#3011,#3012,#3013,#3014));
#759=EDGE_LOOP('',(#3015,#3016,#3017,#3018,#3019,#3020,#3021,#3022,#3023,
#3024,#3025,#3026,#3027,#3028,#3029,#3030,#3031,#3032,#3033,#3034,#3035,
#3036,#3037,#3038,#3039,#3040,#3041,#3042,#3043,#3044));
#760=EDGE_LOOP('',(#3045,#3046,#3047,#3048));
#761=EDGE_LOOP('',(#3049,#3050,#3051,#3052));
#762=EDGE_LOOP('',(#3053,#3054,#3055,#3056));
#763=EDGE_LOOP('',(#3057,#3058,#3059,#3060));
#764=EDGE_LOOP('',(#3061,#3062,#3063,#3064));
#765=EDGE_LOOP('',(#3065,#3066,#3067,#3068));
#766=EDGE_LOOP('',(#3069,#3070,#3071,#3072));
#767=EDGE_LOOP('',(#3073,#3074,#3075,#3076));
#768=EDGE_LOOP('',(#3077,#3078,#3079,#3080));
#769=EDGE_LOOP('',(#3081,#3082,#3083,#3084));
#770=EDGE_LOOP('',(#3085,#3086,#3087,#3088));
#771=EDGE_LOOP('',(#3089,#3090,#3091,#3092));
#772=EDGE_LOOP('',(#3093,#3094,#3095,#3096));
#773=EDGE_LOOP('',(#3097,#3098,#3099,#3100));
#774=EDGE_LOOP('',(#3101,#3102,#3103,#3104));
#775=EDGE_LOOP('',(#3105,#3106,#3107,#3108));
#776=EDGE_LOOP('',(#3109,#3110,#3111,#3112));
#777=EDGE_LOOP('',(#3113,#3114,#3115,#3116));
#778=EDGE_LOOP('',(#3117,#3118,#3119,#3120));
#779=EDGE_LOOP('',(#3121,#3122,#3123,#3124));
#780=EDGE_LOOP('',(#3125,#3126,#3127,#3128));
#781=EDGE_LOOP('',(#3129,#3130,#3131,#3132,#3133,#3134,#3135,#3136,#3137,
#3138,#3139,#3140,#3141,#3142,#3143,#3144,#3145,#3146,#3147,#3148,#3149));
#782=EDGE_LOOP('',(#3150,#3151,#3152,#3153));
#783=EDGE_LOOP('',(#3154,#3155,#3156,#3157));
#784=EDGE_LOOP('',(#3158,#3159,#3160,#3161));
#785=EDGE_LOOP('',(#3162,#3163,#3164,#3165));
#786=EDGE_LOOP('',(#3166,#3167,#3168,#3169));
#787=EDGE_LOOP('',(#3170,#3171,#3172,#3173));
#788=EDGE_LOOP('',(#3174,#3175,#3176,#3177));
#789=EDGE_LOOP('',(#3178,#3179,#3180,#3181));
#790=EDGE_LOOP('',(#3182,#3183,#3184,#3185));
#791=EDGE_LOOP('',(#3186,#3187,#3188,#3189));
#792=EDGE_LOOP('',(#3190,#3191,#3192,#3193));
#793=EDGE_LOOP('',(#3194,#3195,#3196,#3197));
#794=EDGE_LOOP('',(#3198,#3199,#3200,#3201));
#795=EDGE_LOOP('',(#3202,#3203,#3204,#3205));
#796=EDGE_LOOP('',(#3206,#3207,#3208,#3209));
#797=EDGE_LOOP('',(#3210,#3211,#3212,#3213));
#798=EDGE_LOOP('',(#3214,#3215,#3216,#3217));
#799=EDGE_LOOP('',(#3218,#3219,#3220,#3221));
#800=EDGE_LOOP('',(#3222,#3223,#3224,#3225));
#801=EDGE_LOOP('',(#3226,#3227,#3228,#3229));
#802=EDGE_LOOP('',(#3230,#3231,#3232,#3233));
#803=EDGE_LOOP('',(#3234,#3235,#3236,#3237));
#804=EDGE_LOOP('',(#3238,#3239,#3240,#3241));
#805=EDGE_LOOP('',(#3242,#3243,#3244,#3245));
#806=EDGE_LOOP('',(#3246,#3247,#3248,#3249));
#807=EDGE_LOOP('',(#3250,#3251,#3252,#3253));
#808=EDGE_LOOP('',(#3254,#3255,#3256,#3257));
#809=EDGE_LOOP('',(#3258,#3259,#3260,#3261));
#810=EDGE_LOOP('',(#3262,#3263,#3264,#3265));
#811=EDGE_LOOP('',(#3266,#3267,#3268,#3269));
#812=EDGE_LOOP('',(#3270,#3271,#3272,#3273));
#813=EDGE_LOOP('',(#3274,#3275,#3276,#3277));
#814=EDGE_LOOP('',(#3278,#3279,#3280,#3281));
#815=EDGE_LOOP('',(#3282,#3283,#3284,#3285));
#816=EDGE_LOOP('',(#3286,#3287,#3288,#3289));
#817=EDGE_LOOP('',(#3290,#3291,#3292,#3293));
#818=EDGE_LOOP('',(#3294,#3295,#3296,#3297));
#819=EDGE_LOOP('',(#3298,#3299,#3300,#3301));
#820=EDGE_LOOP('',(#3302,#3303,#3304,#3305));
#821=EDGE_LOOP('',(#3306,#3307,#3308,#3309));
#822=EDGE_LOOP('',(#3310,#3311,#3312,#3313));
#823=EDGE_LOOP('',(#3314,#3315,#3316,#3317));
#824=EDGE_LOOP('',(#3318,#3319,#3320,#3321));
#825=EDGE_LOOP('',(#3322,#3323,#3324,#3325,#3326,#3327,#3328,#3329));
#826=EDGE_LOOP('',(#3330,#3331,#3332,#3333));
#827=EDGE_LOOP('',(#3334,#3335,#3336,#3337));
#828=EDGE_LOOP('',(#3338,#3339,#3340,#3341));
#829=EDGE_LOOP('',(#3342,#3343,#3344,#3345));
#830=EDGE_LOOP('',(#3346,#3347,#3348,#3349));
#831=EDGE_LOOP('',(#3350,#3351,#3352,#3353));
#832=EDGE_LOOP('',(#3354,#3355,#3356,#3357));
#833=EDGE_LOOP('',(#3358,#3359,#3360,#3361));
#834=EDGE_LOOP('',(#3362,#3363,#3364,#3365));
#835=EDGE_LOOP('',(#3366,#3367,#3368,#3369));
#836=EDGE_LOOP('',(#3370,#3371,#3372,#3373));
#837=EDGE_LOOP('',(#3374,#3375,#3376,#3377));
#838=EDGE_LOOP('',(#3378,#3379,#3380,#3381));
#839=EDGE_LOOP('',(#3382,#3383,#3384,#3385));
#840=EDGE_LOOP('',(#3386,#3387,#3388,#3389));
#841=EDGE_LOOP('',(#3390,#3391,#3392,#3393));
#842=EDGE_LOOP('',(#3394,#3395,#3396,#3397));
#843=EDGE_LOOP('',(#3398,#3399,#3400,#3401));
#844=EDGE_LOOP('',(#3402,#3403,#3404,#3405));
#845=EDGE_LOOP('',(#3406,#3407,#3408,#3409));
#846=EDGE_LOOP('',(#3410,#3411,#3412,#3413));
#847=EDGE_LOOP('',(#3414,#3415,#3416,#3417));
#848=EDGE_LOOP('',(#3418,#3419,#3420,#3421));
#849=EDGE_LOOP('',(#3422,#3423,#3424,#3425,#3426,#3427,#3428,#3429,#3430,
#3431,#3432,#3433,#3434,#3435,#3436));
#850=EDGE_LOOP('',(#3437,#3438,#3439,#3440,#3441,#3442,#3443,#3444));
#851=EDGE_LOOP('',(#3445,#3446,#3447,#3448));
#852=EDGE_LOOP('',(#3449,#3450,#3451,#3452));
#853=EDGE_LOOP('',(#3453,#3454,#3455,#3456));
#854=EDGE_LOOP('',(#3457,#3458,#3459,#3460));
#855=EDGE_LOOP('',(#3461,#3462,#3463,#3464));
#856=EDGE_LOOP('',(#3465,#3466,#3467,#3468));
#857=EDGE_LOOP('',(#3469,#3470,#3471,#3472));
#858=EDGE_LOOP('',(#3473,#3474,#3475,#3476));
#859=EDGE_LOOP('',(#3477,#3478,#3479,#3480));
#860=EDGE_LOOP('',(#3481,#3482,#3483,#3484));
#861=EDGE_LOOP('',(#3485,#3486,#3487,#3488));
#862=EDGE_LOOP('',(#3489,#3490,#3491,#3492));
#863=EDGE_LOOP('',(#3493,#3494,#3495,#3496));
#864=EDGE_LOOP('',(#3497,#3498,#3499,#3500));
#865=EDGE_LOOP('',(#3501,#3502,#3503,#3504));
#866=EDGE_LOOP('',(#3505,#3506,#3507,#3508));
#867=EDGE_LOOP('',(#3509,#3510,#3511,#3512));
#868=EDGE_LOOP('',(#3513,#3514,#3515,#3516));
#869=EDGE_LOOP('',(#3517,#3518,#3519,#3520,#3521,#3522,#3523,#3524,#3525,
#3526,#3527,#3528,#3529,#3530,#3531,#3532,#3533,#3534));
#870=EDGE_LOOP('',(#3535,#3536,#3537,#3538));
#871=EDGE_LOOP('',(#3539,#3540,#3541,#3542));
#872=EDGE_LOOP('',(#3543,#3544,#3545,#3546));
#873=EDGE_LOOP('',(#3547,#3548,#3549,#3550));
#874=EDGE_LOOP('',(#3551,#3552,#3553,#3554));
#875=EDGE_LOOP('',(#3555,#3556,#3557,#3558));
#876=EDGE_LOOP('',(#3559,#3560,#3561,#3562));
#877=EDGE_LOOP('',(#3563,#3564,#3565,#3566));
#878=EDGE_LOOP('',(#3567,#3568,#3569,#3570));
#879=EDGE_LOOP('',(#3571,#3572,#3573,#3574));
#880=EDGE_LOOP('',(#3575,#3576,#3577,#3578));
#881=EDGE_LOOP('',(#3579,#3580,#3581,#3582));
#882=EDGE_LOOP('',(#3583,#3584,#3585,#3586));
#883=EDGE_LOOP('',(#3587,#3588,#3589,#3590));
#884=EDGE_LOOP('',(#3591,#3592,#3593,#3594));
#885=EDGE_LOOP('',(#3595,#3596,#3597,#3598));
#886=EDGE_LOOP('',(#3599,#3600,#3601,#3602));
#887=EDGE_LOOP('',(#3603,#3604,#3605,#3606));
#888=EDGE_LOOP('',(#3607,#3608,#3609,#3610));
#889=EDGE_LOOP('',(#3611,#3612,#3613,#3614));
#890=EDGE_LOOP('',(#3615,#3616,#3617,#3618));
#891=EDGE_LOOP('',(#3619,#3620,#3621,#3622));
#892=EDGE_LOOP('',(#3623,#3624,#3625,#3626,#3627,#3628,#3629,#3630,#3631,
#3632,#3633,#3634,#3635,#3636,#3637,#3638,#3639,#3640,#3641,#3642,#3643,
#3644));
#893=EDGE_LOOP('',(#3645,#3646,#3647,#3648,#3649,#3650,#3651,#3652));
#894=EDGE_LOOP('',(#3653,#3654,#3655,#3656,#3657,#3658,#3659,#3660,#3661,
#3662,#3663,#3664));
#895=EDGE_LOOP('',(#3665,#3666,#3667,#3668));
#896=EDGE_LOOP('',(#3669,#3670,#3671,#3672));
#897=EDGE_LOOP('',(#3673,#3674,#3675,#3676));
#898=EDGE_LOOP('',(#3677,#3678,#3679,#3680));
#899=EDGE_LOOP('',(#3681,#3682,#3683,#3684));
#900=EDGE_LOOP('',(#3685,#3686,#3687,#3688));
#901=EDGE_LOOP('',(#3689,#3690,#3691,#3692));
#902=EDGE_LOOP('',(#3693,#3694,#3695,#3696));
#903=EDGE_LOOP('',(#3697,#3698,#3699,#3700));
#904=EDGE_LOOP('',(#3701,#3702,#3703,#3704));
#905=EDGE_LOOP('',(#3705,#3706,#3707,#3708));
#906=EDGE_LOOP('',(#3709,#3710,#3711,#3712));
#907=EDGE_LOOP('',(#3713,#3714,#3715,#3716,#3717,#3718,#3719,#3720));
#908=EDGE_LOOP('',(#3721,#3722,#3723,#3724));
#909=EDGE_LOOP('',(#3725,#3726,#3727,#3728,#3729,#3730,#3731,#3732,#3733,
#3734,#3735,#3736,#3737,#3738,#3739,#3740,#3741,#3742,#3743,#3744,#3745,
#3746));
#910=EDGE_LOOP('',(#3747,#3748,#3749,#3750,#3751,#3752,#3753,#3754,#3755,
#3756,#3757,#3758,#3759,#3760,#3761,#3762,#3763,#3764));
#911=EDGE_LOOP('',(#3765,#3766,#3767,#3768,#3769,#3770,#3771,#3772,#3773,
#3774,#3775,#3776,#3777,#3778,#3779));
#912=EDGE_LOOP('',(#3780,#3781,#3782,#3783,#3784,#3785,#3786,#3787));
#913=EDGE_LOOP('',(#3788,#3789,#3790,#3791));
#914=EDGE_LOOP('',(#3792,#3793,#3794,#3795));
#915=EDGE_LOOP('',(#3796,#3797,#3798,#3799));
#916=EDGE_LOOP('',(#3800,#3801,#3802,#3803));
#917=EDGE_LOOP('',(#3804,#3805,#3806,#3807));
#918=EDGE_LOOP('',(#3808,#3809,#3810,#3811));
#919=EDGE_LOOP('',(#3812,#3813,#3814,#3815));
#920=EDGE_LOOP('',(#3816,#3817,#3818,#3819,#3820,#3821,#3822,#3823,#3824,
#3825,#3826,#3827,#3828,#3829,#3830,#3831,#3832,#3833,#3834,#3835,#3836));
#921=EDGE_LOOP('',(#3837,#3838,#3839,#3840,#3841,#3842,#3843,#3844,#3845,
#3846,#3847,#3848,#3849,#3850,#3851,#3852,#3853,#3854,#3855,#3856,#3857,
#3858,#3859,#3860,#3861,#3862,#3863,#3864,#3865,#3866));
#922=EDGE_LOOP('',(#3867,#3868,#3869,#3870,#3871,#3872,#3873,#3874,#3875,
#3876,#3877,#3878));
#923=EDGE_LOOP('',(#3879,#3880,#3881,#3882,#3883,#3884,#3885,#3886));
#924=EDGE_LOOP('',(#3887,#3888,#3889,#3890,#3891,#3892,#3893,#3894));
#925=EDGE_LOOP('',(#3895));
#926=EDGE_LOOP('',(#3896));
#927=EDGE_LOOP('',(#3897));
#928=EDGE_LOOP('',(#3898));
#929=EDGE_LOOP('',(#3899,#3900,#3901,#3902,#3903,#3904));
#930=EDGE_LOOP('',(#3905,#3906,#3907,#3908));
#931=EDGE_LOOP('',(#3909,#3910,#3911,#3912,#3913,#3914));
#932=EDGE_LOOP('',(#3915,#3916,#3917,#3918));
#933=EDGE_LOOP('',(#3919,#3920,#3921,#3922));
#934=EDGE_LOOP('',(#3923,#3924,#3925,#3926));
#935=EDGE_LOOP('',(#3927,#3928,#3929,#3930));
#936=EDGE_LOOP('',(#3931,#3932,#3933,#3934));
#937=EDGE_LOOP('',(#3935,#3936,#3937,#3938));
#938=EDGE_LOOP('',(#3939,#3940,#3941,#3942));
#939=EDGE_LOOP('',(#3943,#3944,#3945,#3946));
#940=EDGE_LOOP('',(#3947,#3948,#3949,#3950));
#941=EDGE_LOOP('',(#3951,#3952,#3953,#3954,#3955,#3956,#3957,#3958));
#942=EDGE_LOOP('',(#3959,#3960,#3961,#3962,#3963,#3964,#3965,#3966));
#943=EDGE_LOOP('',(#3967,#3968,#3969,#3970));
#944=EDGE_LOOP('',(#3971,#3972,#3973,#3974,#3975,#3976,#3977,#3978));
#945=EDGE_LOOP('',(#3979,#3980,#3981,#3982));
#946=EDGE_LOOP('',(#3983,#3984,#3985,#3986));
#947=LINE('',#5087,#1325);
#948=LINE('',#5094,#1326);
#949=LINE('',#5101,#1327);
#950=LINE('',#5108,#1328);
#951=LINE('',#5129,#1329);
#952=LINE('',#5136,#1330);
#953=LINE('',#5154,#1331);
#954=LINE('',#5162,#1332);
#955=LINE('',#5164,#1333);
#956=LINE('',#5165,#1334);
#957=LINE('',#5183,#1335);
#958=LINE('',#5206,#1336);
#959=LINE('',#5214,#1337);
#960=LINE('',#5216,#1338);
#961=LINE('',#5217,#1339);
#962=LINE('',#5235,#1340);
#963=LINE('',#5258,#1341);
#964=LINE('',#5266,#1342);
#965=LINE('',#5268,#1343);
#966=LINE('',#5269,#1344);
#967=LINE('',#5287,#1345);
#968=LINE('',#5310,#1346);
#969=LINE('',#5317,#1347);
#970=LINE('',#5318,#1348);
#971=LINE('',#5337,#1349);
#972=LINE('',#5344,#1350);
#973=LINE('',#5362,#1351);
#974=LINE('',#5370,#1352);
#975=LINE('',#5372,#1353);
#976=LINE('',#5373,#1354);
#977=LINE('',#5391,#1355);
#978=LINE('',#5414,#1356);
#979=LINE('',#5422,#1357);
#980=LINE('',#5424,#1358);
#981=LINE('',#5425,#1359);
#982=LINE('',#5443,#1360);
#983=LINE('',#5466,#1361);
#984=LINE('',#5474,#1362);
#985=LINE('',#5476,#1363);
#986=LINE('',#5477,#1364);
#987=LINE('',#5495,#1365);
#988=LINE('',#5518,#1366);
#989=LINE('',#5525,#1367);
#990=LINE('',#5526,#1368);
#991=LINE('',#5546,#1369);
#992=LINE('',#5553,#1370);
#993=LINE('',#5571,#1371);
#994=LINE('',#5594,#1372);
#995=LINE('',#5617,#1373);
#996=LINE('',#5640,#1374);
#997=LINE('',#5663,#1375);
#998=LINE('',#5686,#1376);
#999=LINE('',#5709,#1377);
#1000=LINE('',#5717,#1378);
#1001=LINE('',#5719,#1379);
#1002=LINE('',#5720,#1380);
#1003=LINE('',#5738,#1381);
#1004=LINE('',#5761,#1382);
#1005=LINE('',#5769,#1383);
#1006=LINE('',#5771,#1384);
#1007=LINE('',#5772,#1385);
#1008=LINE('',#5790,#1386);
#1009=LINE('',#5813,#1387);
#1010=LINE('',#5821,#1388);
#1011=LINE('',#5823,#1389);
#1012=LINE('',#5824,#1390);
#1013=LINE('',#5842,#1391);
#1014=LINE('',#5865,#1392);
#1015=LINE('',#5888,#1393);
#1016=LINE('',#5911,#1394);
#1017=LINE('',#5934,#1395);
#1018=LINE('',#5957,#1396);
#1019=LINE('',#5980,#1397);
#1020=LINE('',#6003,#1398);
#1021=LINE('',#6011,#1399);
#1022=LINE('',#6013,#1400);
#1023=LINE('',#6014,#1401);
#1024=LINE('',#6032,#1402);
#1025=LINE('',#6055,#1403);
#1026=LINE('',#6063,#1404);
#1027=LINE('',#6065,#1405);
#1028=LINE('',#6066,#1406);
#1029=LINE('',#6084,#1407);
#1030=LINE('',#6107,#1408);
#1031=LINE('',#6114,#1409);
#1032=LINE('',#6115,#1410);
#1033=LINE('',#6120,#1411);
#1034=LINE('',#6122,#1412);
#1035=LINE('',#6124,#1413);
#1036=LINE('',#6125,#1414);
#1037=LINE('',#6143,#1415);
#1038=LINE('',#6166,#1416);
#1039=LINE('',#6189,#1417);
#1040=LINE('',#6212,#1418);
#1041=LINE('',#6220,#1419);
#1042=LINE('',#6222,#1420);
#1043=LINE('',#6223,#1421);
#1044=LINE('',#6241,#1422);
#1045=LINE('',#6264,#1423);
#1046=LINE('',#6287,#1424);
#1047=LINE('',#6310,#1425);
#1048=LINE('',#6318,#1426);
#1049=LINE('',#6320,#1427);
#1050=LINE('',#6321,#1428);
#1051=LINE('',#6324,#1429);
#1052=LINE('',#6326,#1430);
#1053=LINE('',#6327,#1431);
#1054=LINE('',#6345,#1432);
#1055=LINE('',#6368,#1433);
#1056=LINE('',#6376,#1434);
#1057=LINE('',#6378,#1435);
#1058=LINE('',#6379,#1436);
#1059=LINE('',#6397,#1437);
#1060=LINE('',#6420,#1438);
#1061=LINE('',#6443,#1439);
#1062=LINE('',#6466,#1440);
#1063=LINE('',#6474,#1441);
#1064=LINE('',#6476,#1442);
#1065=LINE('',#6477,#1443);
#1066=LINE('',#6479,#1444);
#1067=LINE('',#6480,#1445);
#1068=LINE('',#6485,#1446);
#1069=LINE('',#6487,#1447);
#1070=LINE('',#6489,#1448);
#1071=LINE('',#6490,#1449);
#1072=LINE('',#6493,#1450);
#1073=LINE('',#6495,#1451);
#1074=LINE('',#6496,#1452);
#1075=LINE('',#6499,#1453);
#1076=LINE('',#6501,#1454);
#1077=LINE('',#6502,#1455);
#1078=LINE('',#6504,#1456);
#1079=LINE('',#6505,#1457);
#1080=LINE('',#6510,#1458);
#1081=LINE('',#6512,#1459);
#1082=LINE('',#6514,#1460);
#1083=LINE('',#6515,#1461);
#1084=LINE('',#6518,#1462);
#1085=LINE('',#6520,#1463);
#1086=LINE('',#6521,#1464);
#1087=LINE('',#6524,#1465);
#1088=LINE('',#6526,#1466);
#1089=LINE('',#6527,#1467);
#1090=LINE('',#6529,#1468);
#1091=LINE('',#6530,#1469);
#1092=LINE('',#6535,#1470);
#1093=LINE('',#6537,#1471);
#1094=LINE('',#6539,#1472);
#1095=LINE('',#6540,#1473);
#1096=LINE('',#6543,#1474);
#1097=LINE('',#6545,#1475);
#1098=LINE('',#6546,#1476);
#1099=LINE('',#6549,#1477);
#1100=LINE('',#6551,#1478);
#1101=LINE('',#6552,#1479);
#1102=LINE('',#6554,#1480);
#1103=LINE('',#6555,#1481);
#1104=LINE('',#6560,#1482);
#1105=LINE('',#6562,#1483);
#1106=LINE('',#6564,#1484);
#1107=LINE('',#6565,#1485);
#1108=LINE('',#6568,#1486);
#1109=LINE('',#6570,#1487);
#1110=LINE('',#6571,#1488);
#1111=LINE('',#6574,#1489);
#1112=LINE('',#6576,#1490);
#1113=LINE('',#6577,#1491);
#1114=LINE('',#6579,#1492);
#1115=LINE('',#6580,#1493);
#1116=LINE('',#6585,#1494);
#1117=LINE('',#6587,#1495);
#1118=LINE('',#6589,#1496);
#1119=LINE('',#6590,#1497);
#1120=LINE('',#6593,#1498);
#1121=LINE('',#6595,#1499);
#1122=LINE('',#6596,#1500);
#1123=LINE('',#6599,#1501);
#1124=LINE('',#6601,#1502);
#1125=LINE('',#6602,#1503);
#1126=LINE('',#6604,#1504);
#1127=LINE('',#6605,#1505);
#1128=LINE('',#6610,#1506);
#1129=LINE('',#6612,#1507);
#1130=LINE('',#6614,#1508);
#1131=LINE('',#6615,#1509);
#1132=LINE('',#6618,#1510);
#1133=LINE('',#6620,#1511);
#1134=LINE('',#6621,#1512);
#1135=LINE('',#6624,#1513);
#1136=LINE('',#6626,#1514);
#1137=LINE('',#6627,#1515);
#1138=LINE('',#6629,#1516);
#1139=LINE('',#6630,#1517);
#1140=LINE('',#6635,#1518);
#1141=LINE('',#6637,#1519);
#1142=LINE('',#6639,#1520);
#1143=LINE('',#6640,#1521);
#1144=LINE('',#6643,#1522);
#1145=LINE('',#6645,#1523);
#1146=LINE('',#6646,#1524);
#1147=LINE('',#6649,#1525);
#1148=LINE('',#6651,#1526);
#1149=LINE('',#6652,#1527);
#1150=LINE('',#6654,#1528);
#1151=LINE('',#6655,#1529);
#1152=LINE('',#6675,#1530);
#1153=LINE('',#6682,#1531);
#1154=LINE('',#6700,#1532);
#1155=LINE('',#6723,#1533);
#1156=LINE('',#6746,#1534);
#1157=LINE('',#6769,#1535);
#1158=LINE('',#6792,#1536);
#1159=LINE('',#6815,#1537);
#1160=LINE('',#6845,#1538);
#1161=LINE('',#6847,#1539);
#1162=LINE('',#6849,#1540);
#1163=LINE('',#6850,#1541);
#1164=LINE('',#6853,#1542);
#1165=LINE('',#6855,#1543);
#1166=LINE('',#6856,#1544);
#1167=LINE('',#6874,#1545);
#1168=LINE('',#6897,#1546);
#1169=LINE('',#6905,#1547);
#1170=LINE('',#6907,#1548);
#1171=LINE('',#6908,#1549);
#1172=LINE('',#6926,#1550);
#1173=LINE('',#6949,#1551);
#1174=LINE('',#6956,#1552);
#1175=LINE('',#6957,#1553);
#1176=LINE('',#6976,#1554);
#1177=LINE('',#6983,#1555);
#1178=LINE('',#6986,#1556);
#1179=LINE('',#6988,#1557);
#1180=LINE('',#6989,#1558);
#1181=LINE('',#7007,#1559);
#1182=LINE('',#7030,#1560);
#1183=LINE('',#7053,#1561);
#1184=LINE('',#7076,#1562);
#1185=LINE('',#7084,#1563);
#1186=LINE('',#7086,#1564);
#1187=LINE('',#7087,#1565);
#1188=LINE('',#7090,#1566);
#1189=LINE('',#7092,#1567);
#1190=LINE('',#7093,#1568);
#1191=LINE('',#7111,#1569);
#1192=LINE('',#7134,#1570);
#1193=LINE('',#7142,#1571);
#1194=LINE('',#7144,#1572);
#1195=LINE('',#7145,#1573);
#1196=LINE('',#7163,#1574);
#1197=LINE('',#7186,#1575);
#1198=LINE('',#7194,#1576);
#1199=LINE('',#7196,#1577);
#1200=LINE('',#7197,#1578);
#1201=LINE('',#7237,#1579);
#1202=LINE('',#7244,#1580);
#1203=LINE('',#7262,#1581);
#1204=LINE('',#7285,#1582);
#1205=LINE('',#7308,#1583);
#1206=LINE('',#7331,#1584);
#1207=LINE('',#7354,#1585);
#1208=LINE('',#7377,#1586);
#1209=LINE('',#7400,#1587);
#1210=LINE('',#7408,#1588);
#1211=LINE('',#7410,#1589);
#1212=LINE('',#7411,#1590);
#1213=LINE('',#7429,#1591);
#1214=LINE('',#7452,#1592);
#1215=LINE('',#7460,#1593);
#1216=LINE('',#7462,#1594);
#1217=LINE('',#7463,#1595);
#1218=LINE('',#7481,#1596);
#1219=LINE('',#7504,#1597);
#1220=LINE('',#7527,#1598);
#1221=LINE('',#7550,#1599);
#1222=LINE('',#7558,#1600);
#1223=LINE('',#7560,#1601);
#1224=LINE('',#7561,#1602);
#1225=LINE('',#7563,#1603);
#1226=LINE('',#7564,#1604);
#1227=LINE('',#7584,#1605);
#1228=LINE('',#7591,#1606);
#1229=LINE('',#7594,#1607);
#1230=LINE('',#7596,#1608);
#1231=LINE('',#7597,#1609);
#1232=LINE('',#7600,#1610);
#1233=LINE('',#7602,#1611);
#1234=LINE('',#7603,#1612);
#1235=LINE('',#7606,#1613);
#1236=LINE('',#7608,#1614);
#1237=LINE('',#7609,#1615);
#1238=LINE('',#7627,#1616);
#1239=LINE('',#7650,#1617);
#1240=LINE('',#7673,#1618);
#1241=LINE('',#7696,#1619);
#1242=LINE('',#7704,#1620);
#1243=LINE('',#7706,#1621);
#1244=LINE('',#7707,#1622);
#1245=LINE('',#7725,#1623);
#1246=LINE('',#7748,#1624);
#1247=LINE('',#7771,#1625);
#1248=LINE('',#7794,#1626);
#1249=LINE('',#7802,#1627);
#1250=LINE('',#7804,#1628);
#1251=LINE('',#7805,#1629);
#1252=LINE('',#7808,#1630);
#1253=LINE('',#7810,#1631);
#1254=LINE('',#7811,#1632);
#1255=LINE('',#7829,#1633);
#1256=LINE('',#7852,#1634);
#1257=LINE('',#7875,#1635);
#1258=LINE('',#7883,#1636);
#1259=LINE('',#7885,#1637);
#1260=LINE('',#7886,#1638);
#1261=LINE('',#7904,#1639);
#1262=LINE('',#7927,#1640);
#1263=LINE('',#7969,#1641);
#1264=LINE('',#7970,#1642);
#1265=LINE('',#7981,#1643);
#1266=LINE('',#7982,#1644);
#1267=LINE('',#7993,#1645);
#1268=LINE('',#7994,#1646);
#1269=LINE('',#8002,#1647);
#1270=LINE('',#8003,#1648);
#1271=LINE('',#8006,#1649);
#1272=LINE('',#8008,#1650);
#1273=LINE('',#8009,#1651);
#1274=LINE('',#8012,#1652);
#1275=LINE('',#8016,#1653);
#1276=LINE('',#8017,#1654);
#1277=LINE('',#8020,#1655);
#1278=LINE('',#8025,#1656);
#1279=LINE('',#8027,#1657);
#1280=LINE('',#8029,#1658);
#1281=LINE('',#8030,#1659);
#1282=LINE('',#8033,#1660);
#1283=LINE('',#8037,#1661);
#1284=LINE('',#8041,#1662);
#1285=LINE('',#8043,#1663);
#1286=LINE('',#8045,#1664);
#1287=LINE('',#8047,#1665);
#1288=LINE('',#8049,#1666);
#1289=LINE('',#8051,#1667);
#1290=LINE('',#8053,#1668);
#1291=LINE('',#8054,#1669);
#1292=LINE('',#8057,#1670);
#1293=LINE('',#8059,#1671);
#1294=LINE('',#8061,#1672);
#1295=LINE('',#8063,#1673);
#1296=LINE('',#8064,#1674);
#1297=LINE('',#8067,#1675);
#1298=LINE('',#8068,#1676);
#1299=LINE('',#8071,#1677);
#1300=LINE('',#8073,#1678);
#1301=LINE('',#8075,#1679);
#1302=LINE('',#8076,#1680);
#1303=LINE('',#8079,#1681);
#1304=LINE('',#8080,#1682);
#1305=LINE('',#8082,#1683);
#1306=LINE('',#8084,#1684);
#1307=LINE('',#8086,#1685);
#1308=LINE('',#8090,#1686);
#1309=LINE('',#8092,#1687);
#1310=LINE('',#8094,#1688);
#1311=LINE('',#8095,#1689);
#1312=LINE('',#8098,#1690);
#1313=LINE('',#8100,#1691);
#1314=LINE('',#8101,#1692);
#1315=LINE('',#8103,#1693);
#1316=LINE('',#8106,#1694);
#1317=LINE('',#8107,#1695);
#1318=LINE('',#8109,#1696);
#1319=LINE('',#8110,#1697);
#1320=LINE('',#8112,#1698);
#1321=LINE('',#8113,#1699);
#1322=LINE('',#8115,#1700);
#1323=LINE('',#8117,#1701);
#1324=LINE('',#8119,#1702);
#1325=VECTOR('',#4402,1.65);
#1326=VECTOR('',#4411,1.65);
#1327=VECTOR('',#4420,1.65);
#1328=VECTOR('',#4429,1.65);
#1329=VECTOR('',#4434,10.);
#1330=VECTOR('',#4435,10.);
#1331=VECTOR('',#4436,10.);
#1332=VECTOR('',#4439,10.);
#1333=VECTOR('',#4440,10.);
#1334=VECTOR('',#4441,10.);
#1335=VECTOR('',#4442,10.);
#1336=VECTOR('',#4443,10.);
#1337=VECTOR('',#4446,10.);
#1338=VECTOR('',#4447,10.);
#1339=VECTOR('',#4448,10.);
#1340=VECTOR('',#4449,10.);
#1341=VECTOR('',#4450,10.);
#1342=VECTOR('',#4453,10.);
#1343=VECTOR('',#4454,10.);
#1344=VECTOR('',#4455,10.);
#1345=VECTOR('',#4456,10.);
#1346=VECTOR('',#4457,10.);
#1347=VECTOR('',#4460,10.);
#1348=VECTOR('',#4461,10.);
#1349=VECTOR('',#4462,10.);
#1350=VECTOR('',#4463,10.);
#1351=VECTOR('',#4464,10.);
#1352=VECTOR('',#4467,10.);
#1353=VECTOR('',#4468,10.);
#1354=VECTOR('',#4469,10.);
#1355=VECTOR('',#4470,10.);
#1356=VECTOR('',#4471,10.);
#1357=VECTOR('',#4474,10.);
#1358=VECTOR('',#4475,10.);
#1359=VECTOR('',#4476,10.);
#1360=VECTOR('',#4477,10.);
#1361=VECTOR('',#4478,10.);
#1362=VECTOR('',#4481,10.);
#1363=VECTOR('',#4482,10.);
#1364=VECTOR('',#4483,10.);
#1365=VECTOR('',#4484,10.);
#1366=VECTOR('',#4485,10.);
#1367=VECTOR('',#4488,10.);
#1368=VECTOR('',#4489,10.);
#1369=VECTOR('',#4492,10.);
#1370=VECTOR('',#4493,10.);
#1371=VECTOR('',#4494,10.);
#1372=VECTOR('',#4495,10.);
#1373=VECTOR('',#4496,10.);
#1374=VECTOR('',#4497,10.);
#1375=VECTOR('',#4498,10.);
#1376=VECTOR('',#4499,10.);
#1377=VECTOR('',#4500,10.);
#1378=VECTOR('',#4503,10.);
#1379=VECTOR('',#4504,10.);
#1380=VECTOR('',#4505,10.);
#1381=VECTOR('',#4506,10.);
#1382=VECTOR('',#4507,10.);
#1383=VECTOR('',#4510,10.);
#1384=VECTOR('',#4511,10.);
#1385=VECTOR('',#4512,10.);
#1386=VECTOR('',#4513,10.);
#1387=VECTOR('',#4514,10.);
#1388=VECTOR('',#4517,10.);
#1389=VECTOR('',#4518,10.);
#1390=VECTOR('',#4519,10.);
#1391=VECTOR('',#4520,10.);
#1392=VECTOR('',#4521,10.);
#1393=VECTOR('',#4522,10.);
#1394=VECTOR('',#4523,10.);
#1395=VECTOR('',#4524,10.);
#1396=VECTOR('',#4525,10.);
#1397=VECTOR('',#4526,10.);
#1398=VECTOR('',#4527,10.);
#1399=VECTOR('',#4530,10.);
#1400=VECTOR('',#4531,10.);
#1401=VECTOR('',#4532,10.);
#1402=VECTOR('',#4533,10.);
#1403=VECTOR('',#4534,10.);
#1404=VECTOR('',#4537,10.);
#1405=VECTOR('',#4538,10.);
#1406=VECTOR('',#4539,10.);
#1407=VECTOR('',#4540,10.);
#1408=VECTOR('',#4541,10.);
#1409=VECTOR('',#4544,10.);
#1410=VECTOR('',#4545,10.);
#1411=VECTOR('',#4550,10.);
#1412=VECTOR('',#4551,10.);
#1413=VECTOR('',#4552,10.);
#1414=VECTOR('',#4553,10.);
#1415=VECTOR('',#4554,10.);
#1416=VECTOR('',#4555,10.);
#1417=VECTOR('',#4556,10.);
#1418=VECTOR('',#4557,10.);
#1419=VECTOR('',#4560,10.);
#1420=VECTOR('',#4561,10.);
#1421=VECTOR('',#4562,10.);
#1422=VECTOR('',#4563,10.);
#1423=VECTOR('',#4564,10.);
#1424=VECTOR('',#4565,10.);
#1425=VECTOR('',#4566,10.);
#1426=VECTOR('',#4569,10.);
#1427=VECTOR('',#4570,10.);
#1428=VECTOR('',#4571,10.);
#1429=VECTOR('',#4574,10.);
#1430=VECTOR('',#4575,10.);
#1431=VECTOR('',#4576,10.);
#1432=VECTOR('',#4577,10.);
#1433=VECTOR('',#4578,10.);
#1434=VECTOR('',#4581,10.);
#1435=VECTOR('',#4582,10.);
#1436=VECTOR('',#4583,10.);
#1437=VECTOR('',#4584,10.);
#1438=VECTOR('',#4585,10.);
#1439=VECTOR('',#4586,10.);
#1440=VECTOR('',#4587,10.);
#1441=VECTOR('',#4590,10.);
#1442=VECTOR('',#4591,10.);
#1443=VECTOR('',#4592,10.);
#1444=VECTOR('',#4595,10.);
#1445=VECTOR('',#4596,10.);
#1446=VECTOR('',#4601,10.);
#1447=VECTOR('',#4602,10.);
#1448=VECTOR('',#4603,10.);
#1449=VECTOR('',#4604,10.);
#1450=VECTOR('',#4607,10.);
#1451=VECTOR('',#4608,10.);
#1452=VECTOR('',#4609,10.);
#1453=VECTOR('',#4612,10.);
#1454=VECTOR('',#4613,10.);
#1455=VECTOR('',#4614,10.);
#1456=VECTOR('',#4617,10.);
#1457=VECTOR('',#4618,10.);
#1458=VECTOR('',#4623,10.);
#1459=VECTOR('',#4624,10.);
#1460=VECTOR('',#4625,10.);
#1461=VECTOR('',#4626,10.);
#1462=VECTOR('',#4629,10.);
#1463=VECTOR('',#4630,10.);
#1464=VECTOR('',#4631,10.);
#1465=VECTOR('',#4634,10.);
#1466=VECTOR('',#4635,10.);
#1467=VECTOR('',#4636,10.);
#1468=VECTOR('',#4639,10.);
#1469=VECTOR('',#4640,10.);
#1470=VECTOR('',#4645,10.);
#1471=VECTOR('',#4646,10.);
#1472=VECTOR('',#4647,10.);
#1473=VECTOR('',#4648,10.);
#1474=VECTOR('',#4651,10.);
#1475=VECTOR('',#4652,10.);
#1476=VECTOR('',#4653,10.);
#1477=VECTOR('',#4656,10.);
#1478=VECTOR('',#4657,10.);
#1479=VECTOR('',#4658,10.);
#1480=VECTOR('',#4661,10.);
#1481=VECTOR('',#4662,10.);
#1482=VECTOR('',#4667,10.);
#1483=VECTOR('',#4668,10.);
#1484=VECTOR('',#4669,10.);
#1485=VECTOR('',#4670,10.);
#1486=VECTOR('',#4673,10.);
#1487=VECTOR('',#4674,10.);
#1488=VECTOR('',#4675,10.);
#1489=VECTOR('',#4678,10.);
#1490=VECTOR('',#4679,10.);
#1491=VECTOR('',#4680,10.);
#1492=VECTOR('',#4683,10.);
#1493=VECTOR('',#4684,10.);
#1494=VECTOR('',#4689,10.);
#1495=VECTOR('',#4690,10.);
#1496=VECTOR('',#4691,10.);
#1497=VECTOR('',#4692,10.);
#1498=VECTOR('',#4695,10.);
#1499=VECTOR('',#4696,10.);
#1500=VECTOR('',#4697,10.);
#1501=VECTOR('',#4700,10.);
#1502=VECTOR('',#4701,10.);
#1503=VECTOR('',#4702,10.);
#1504=VECTOR('',#4705,10.);
#1505=VECTOR('',#4706,10.);
#1506=VECTOR('',#4711,10.);
#1507=VECTOR('',#4712,10.);
#1508=VECTOR('',#4713,10.);
#1509=VECTOR('',#4714,10.);
#1510=VECTOR('',#4717,10.);
#1511=VECTOR('',#4718,10.);
#1512=VECTOR('',#4719,10.);
#1513=VECTOR('',#4722,10.);
#1514=VECTOR('',#4723,10.);
#1515=VECTOR('',#4724,10.);
#1516=VECTOR('',#4727,10.);
#1517=VECTOR('',#4728,10.);
#1518=VECTOR('',#4733,10.);
#1519=VECTOR('',#4734,10.);
#1520=VECTOR('',#4735,10.);
#1521=VECTOR('',#4736,10.);
#1522=VECTOR('',#4739,10.);
#1523=VECTOR('',#4740,10.);
#1524=VECTOR('',#4741,10.);
#1525=VECTOR('',#4744,10.);
#1526=VECTOR('',#4745,10.);
#1527=VECTOR('',#4746,10.);
#1528=VECTOR('',#4749,10.);
#1529=VECTOR('',#4750,10.);
#1530=VECTOR('',#4753,10.);
#1531=VECTOR('',#4754,10.);
#1532=VECTOR('',#4755,10.);
#1533=VECTOR('',#4756,10.);
#1534=VECTOR('',#4757,10.);
#1535=VECTOR('',#4758,10.);
#1536=VECTOR('',#4759,10.);
#1537=VECTOR('',#4760,10.);
#1538=VECTOR('',#4765,10.);
#1539=VECTOR('',#4766,10.);
#1540=VECTOR('',#4767,10.);
#1541=VECTOR('',#4768,10.);
#1542=VECTOR('',#4771,10.);
#1543=VECTOR('',#4772,10.);
#1544=VECTOR('',#4773,10.);
#1545=VECTOR('',#4774,10.);
#1546=VECTOR('',#4775,10.);
#1547=VECTOR('',#4778,10.);
#1548=VECTOR('',#4779,10.);
#1549=VECTOR('',#4780,10.);
#1550=VECTOR('',#4781,10.);
#1551=VECTOR('',#4782,10.);
#1552=VECTOR('',#4785,10.);
#1553=VECTOR('',#4786,10.);
#1554=VECTOR('',#4787,10.);
#1555=VECTOR('',#4788,10.);
#1556=VECTOR('',#4791,10.);
#1557=VECTOR('',#4792,10.);
#1558=VECTOR('',#4793,10.);
#1559=VECTOR('',#4794,10.);
#1560=VECTOR('',#4795,10.);
#1561=VECTOR('',#4796,10.);
#1562=VECTOR('',#4797,10.);
#1563=VECTOR('',#4800,10.);
#1564=VECTOR('',#4801,10.);
#1565=VECTOR('',#4802,10.);
#1566=VECTOR('',#4805,10.);
#1567=VECTOR('',#4806,10.);
#1568=VECTOR('',#4807,10.);
#1569=VECTOR('',#4808,10.);
#1570=VECTOR('',#4809,10.);
#1571=VECTOR('',#4812,10.);
#1572=VECTOR('',#4813,10.);
#1573=VECTOR('',#4814,10.);
#1574=VECTOR('',#4815,10.);
#1575=VECTOR('',#4816,10.);
#1576=VECTOR('',#4819,10.);
#1577=VECTOR('',#4820,10.);
#1578=VECTOR('',#4821,10.);
#1579=VECTOR('',#4824,10.);
#1580=VECTOR('',#4825,10.);
#1581=VECTOR('',#4826,10.);
#1582=VECTOR('',#4827,10.);
#1583=VECTOR('',#4828,10.);
#1584=VECTOR('',#4829,10.);
#1585=VECTOR('',#4830,10.);
#1586=VECTOR('',#4831,10.);
#1587=VECTOR('',#4832,10.);
#1588=VECTOR('',#4835,10.);
#1589=VECTOR('',#4836,10.);
#1590=VECTOR('',#4837,10.);
#1591=VECTOR('',#4838,10.);
#1592=VECTOR('',#4839,10.);
#1593=VECTOR('',#4842,10.);
#1594=VECTOR('',#4843,10.);
#1595=VECTOR('',#4844,10.);
#1596=VECTOR('',#4845,10.);
#1597=VECTOR('',#4846,10.);
#1598=VECTOR('',#4847,10.);
#1599=VECTOR('',#4848,10.);
#1600=VECTOR('',#4851,10.);
#1601=VECTOR('',#4852,10.);
#1602=VECTOR('',#4853,10.);
#1603=VECTOR('',#4856,10.);
#1604=VECTOR('',#4857,10.);
#1605=VECTOR('',#4860,10.);
#1606=VECTOR('',#4861,10.);
#1607=VECTOR('',#4864,10.);
#1608=VECTOR('',#4865,10.);
#1609=VECTOR('',#4866,10.);
#1610=VECTOR('',#4869,10.);
#1611=VECTOR('',#4870,10.);
#1612=VECTOR('',#4871,10.);
#1613=VECTOR('',#4874,10.);
#1614=VECTOR('',#4875,10.);
#1615=VECTOR('',#4876,10.);
#1616=VECTOR('',#4877,10.);
#1617=VECTOR('',#4878,10.);
#1618=VECTOR('',#4879,10.);
#1619=VECTOR('',#4880,10.);
#1620=VECTOR('',#4883,10.);
#1621=VECTOR('',#4884,10.);
#1622=VECTOR('',#4885,10.);
#1623=VECTOR('',#4886,10.);
#1624=VECTOR('',#4887,10.);
#1625=VECTOR('',#4888,10.);
#1626=VECTOR('',#4889,10.);
#1627=VECTOR('',#4892,10.);
#1628=VECTOR('',#4893,10.);
#1629=VECTOR('',#4894,10.);
#1630=VECTOR('',#4897,10.);
#1631=VECTOR('',#4898,10.);
#1632=VECTOR('',#4899,10.);
#1633=VECTOR('',#4900,10.);
#1634=VECTOR('',#4901,10.);
#1635=VECTOR('',#4902,10.);
#1636=VECTOR('',#4905,10.);
#1637=VECTOR('',#4906,10.);
#1638=VECTOR('',#4907,10.);
#1639=VECTOR('',#4908,10.);
#1640=VECTOR('',#4909,10.);
#1641=VECTOR('',#4930,10.);
#1642=VECTOR('',#4931,10.);
#1643=VECTOR('',#4944,10.);
#1644=VECTOR('',#4945,10.);
#1645=VECTOR('',#4958,10.);
#1646=VECTOR('',#4959,10.);
#1647=VECTOR('',#4970,10.);
#1648=VECTOR('',#4971,10.);
#1649=VECTOR('',#4974,10.);
#1650=VECTOR('',#4975,10.);
#1651=VECTOR('',#4976,10.);
#1652=VECTOR('',#4979,10.);
#1653=VECTOR('',#4984,10.);
#1654=VECTOR('',#4985,10.);
#1655=VECTOR('',#4988,10.);
#1656=VECTOR('',#4993,10.);
#1657=VECTOR('',#4994,10.);
#1658=VECTOR('',#4995,10.);
#1659=VECTOR('',#4996,10.);
#1660=VECTOR('',#4999,10.);
#1661=VECTOR('',#5002,10.);
#1662=VECTOR('',#5005,10.);
#1663=VECTOR('',#5006,10.);
#1664=VECTOR('',#5007,10.);
#1665=VECTOR('',#5008,10.);
#1666=VECTOR('',#5009,10.);
#1667=VECTOR('',#5010,10.);
#1668=VECTOR('',#5011,10.);
#1669=VECTOR('',#5012,10.);
#1670=VECTOR('',#5015,10.);
#1671=VECTOR('',#5016,10.);
#1672=VECTOR('',#5017,10.);
#1673=VECTOR('',#5018,10.);
#1674=VECTOR('',#5019,10.);
#1675=VECTOR('',#5022,10.);
#1676=VECTOR('',#5023,10.);
#1677=VECTOR('',#5026,10.);
#1678=VECTOR('',#5027,10.);
#1679=VECTOR('',#5028,10.);
#1680=VECTOR('',#5029,10.);
#1681=VECTOR('',#5032,10.);
#1682=VECTOR('',#5033,10.);
#1683=VECTOR('',#5036,10.);
#1684=VECTOR('',#5039,10.);
#1685=VECTOR('',#5042,10.);
#1686=VECTOR('',#5045,10.);
#1687=VECTOR('',#5046,10.);
#1688=VECTOR('',#5047,10.);
#1689=VECTOR('',#5048,10.);
#1690=VECTOR('',#5051,10.);
#1691=VECTOR('',#5052,10.);
#1692=VECTOR('',#5053,10.);
#1693=VECTOR('',#5056,10.);
#1694=VECTOR('',#5059,10.);
#1695=VECTOR('',#5060,10.);
#1696=VECTOR('',#5063,10.);
#1697=VECTOR('',#5064,10.);
#1698=VECTOR('',#5067,10.);
#1699=VECTOR('',#5068,10.);
#1700=VECTOR('',#5071,10.);
#1701=VECTOR('',#5074,10.);
#1702=VECTOR('',#5077,10.);
#1703=CIRCLE('',#4244,1.65);
#1704=CIRCLE('',#4245,1.65);
#1705=CIRCLE('',#4248,1.65);
#1706=CIRCLE('',#4249,1.65);
#1707=CIRCLE('',#4252,1.65);
#1708=CIRCLE('',#4253,1.65);
#1709=CIRCLE('',#4256,1.65);
#1710=CIRCLE('',#4257,1.65);
#1711=CIRCLE('',#4345,2.00000000000001);
#1712=CIRCLE('',#4346,4.);
#1713=CIRCLE('',#4347,2.);
#1714=CIRCLE('',#4348,6.);
#1715=CIRCLE('',#4350,2.);
#1716=CIRCLE('',#4352,2.);
#1717=CIRCLE('',#4353,6.);
#1718=CIRCLE('',#4354,4.);
#1719=CIRCLE('',#4356,2.);
#1720=CIRCLE('',#4358,2.);
#1721=CIRCLE('',#4359,6.);
#1722=CIRCLE('',#4360,4.);
#1723=CIRCLE('',#4362,2.);
#1724=CIRCLE('',#4364,2.);
#1725=CIRCLE('',#4365,6.);
#1726=CIRCLE('',#4366,4.);
#1727=CIRCLE('',#4370,6.);
#1728=CIRCLE('',#4373,6.);
#1729=CIRCLE('',#4376,6.);
#1730=CIRCLE('',#4377,6.);
#1731=VERTEX_POINT('',#5084);
#1732=VERTEX_POINT('',#5086);
#1733=VERTEX_POINT('',#5091);
#1734=VERTEX_POINT('',#5093);
#1735=VERTEX_POINT('',#5098);
#1736=VERTEX_POINT('',#5100);
#1737=VERTEX_POINT('',#5105);
#1738=VERTEX_POINT('',#5107);
#1739=VERTEX_POINT('',#5121);
#1740=VERTEX_POINT('',#5122);
#1741=VERTEX_POINT('',#5128);
#1742=VERTEX_POINT('',#5130);
#1743=VERTEX_POINT('',#5147);
#1744=VERTEX_POINT('',#5153);
#1745=VERTEX_POINT('',#5161);
#1746=VERTEX_POINT('',#5163);
#1747=VERTEX_POINT('',#5176);
#1748=VERTEX_POINT('',#5182);
#1749=VERTEX_POINT('',#5199);
#1750=VERTEX_POINT('',#5205);
#1751=VERTEX_POINT('',#5213);
#1752=VERTEX_POINT('',#5215);
#1753=VERTEX_POINT('',#5228);
#1754=VERTEX_POINT('',#5234);
#1755=VERTEX_POINT('',#5251);
#1756=VERTEX_POINT('',#5257);
#1757=VERTEX_POINT('',#5265);
#1758=VERTEX_POINT('',#5267);
#1759=VERTEX_POINT('',#5280);
#1760=VERTEX_POINT('',#5286);
#1761=VERTEX_POINT('',#5303);
#1762=VERTEX_POINT('',#5309);
#1763=VERTEX_POINT('',#5329);
#1764=VERTEX_POINT('',#5330);
#1765=VERTEX_POINT('',#5336);
#1766=VERTEX_POINT('',#5338);
#1767=VERTEX_POINT('',#5355);
#1768=VERTEX_POINT('',#5361);
#1769=VERTEX_POINT('',#5369);
#1770=VERTEX_POINT('',#5371);
#1771=VERTEX_POINT('',#5384);
#1772=VERTEX_POINT('',#5390);
#1773=VERTEX_POINT('',#5407);
#1774=VERTEX_POINT('',#5413);
#1775=VERTEX_POINT('',#5421);
#1776=VERTEX_POINT('',#5423);
#1777=VERTEX_POINT('',#5436);
#1778=VERTEX_POINT('',#5442);
#1779=VERTEX_POINT('',#5459);
#1780=VERTEX_POINT('',#5465);
#1781=VERTEX_POINT('',#5473);
#1782=VERTEX_POINT('',#5475);
#1783=VERTEX_POINT('',#5488);
#1784=VERTEX_POINT('',#5494);
#1785=VERTEX_POINT('',#5511);
#1786=VERTEX_POINT('',#5517);
#1787=VERTEX_POINT('',#5538);
#1788=VERTEX_POINT('',#5539);
#1789=VERTEX_POINT('',#5545);
#1790=VERTEX_POINT('',#5547);
#1791=VERTEX_POINT('',#5564);
#1792=VERTEX_POINT('',#5570);
#1793=VERTEX_POINT('',#5587);
#1794=VERTEX_POINT('',#5593);
#1795=VERTEX_POINT('',#5610);
#1796=VERTEX_POINT('',#5616);
#1797=VERTEX_POINT('',#5633);
#1798=VERTEX_POINT('',#5639);
#1799=VERTEX_POINT('',#5656);
#1800=VERTEX_POINT('',#5662);
#1801=VERTEX_POINT('',#5679);
#1802=VERTEX_POINT('',#5685);
#1803=VERTEX_POINT('',#5702);
#1804=VERTEX_POINT('',#5708);
#1805=VERTEX_POINT('',#5716);
#1806=VERTEX_POINT('',#5718);
#1807=VERTEX_POINT('',#5731);
#1808=VERTEX_POINT('',#5737);
#1809=VERTEX_POINT('',#5754);
#1810=VERTEX_POINT('',#5760);
#1811=VERTEX_POINT('',#5768);
#1812=VERTEX_POINT('',#5770);
#1813=VERTEX_POINT('',#5783);
#1814=VERTEX_POINT('',#5789);
#1815=VERTEX_POINT('',#5806);
#1816=VERTEX_POINT('',#5812);
#1817=VERTEX_POINT('',#5820);
#1818=VERTEX_POINT('',#5822);
#1819=VERTEX_POINT('',#5835);
#1820=VERTEX_POINT('',#5841);
#1821=VERTEX_POINT('',#5858);
#1822=VERTEX_POINT('',#5864);
#1823=VERTEX_POINT('',#5881);
#1824=VERTEX_POINT('',#5887);
#1825=VERTEX_POINT('',#5904);
#1826=VERTEX_POINT('',#5910);
#1827=VERTEX_POINT('',#5927);
#1828=VERTEX_POINT('',#5933);
#1829=VERTEX_POINT('',#5950);
#1830=VERTEX_POINT('',#5956);
#1831=VERTEX_POINT('',#5973);
#1832=VERTEX_POINT('',#5979);
#1833=VERTEX_POINT('',#5996);
#1834=VERTEX_POINT('',#6002);
#1835=VERTEX_POINT('',#6010);
#1836=VERTEX_POINT('',#6012);
#1837=VERTEX_POINT('',#6025);
#1838=VERTEX_POINT('',#6031);
#1839=VERTEX_POINT('',#6048);
#1840=VERTEX_POINT('',#6054);
#1841=VERTEX_POINT('',#6062);
#1842=VERTEX_POINT('',#6064);
#1843=VERTEX_POINT('',#6077);
#1844=VERTEX_POINT('',#6083);
#1845=VERTEX_POINT('',#6100);
#1846=VERTEX_POINT('',#6106);
#1847=VERTEX_POINT('',#6118);
#1848=VERTEX_POINT('',#6119);
#1849=VERTEX_POINT('',#6121);
#1850=VERTEX_POINT('',#6123);
#1851=VERTEX_POINT('',#6136);
#1852=VERTEX_POINT('',#6142);
#1853=VERTEX_POINT('',#6159);
#1854=VERTEX_POINT('',#6165);
#1855=VERTEX_POINT('',#6182);
#1856=VERTEX_POINT('',#6188);
#1857=VERTEX_POINT('',#6205);
#1858=VERTEX_POINT('',#6211);
#1859=VERTEX_POINT('',#6219);
#1860=VERTEX_POINT('',#6221);
#1861=VERTEX_POINT('',#6234);
#1862=VERTEX_POINT('',#6240);
#1863=VERTEX_POINT('',#6257);
#1864=VERTEX_POINT('',#6263);
#1865=VERTEX_POINT('',#6280);
#1866=VERTEX_POINT('',#6286);
#1867=VERTEX_POINT('',#6303);
#1868=VERTEX_POINT('',#6309);
#1869=VERTEX_POINT('',#6317);
#1870=VERTEX_POINT('',#6319);
#1871=VERTEX_POINT('',#6323);
#1872=VERTEX_POINT('',#6325);
#1873=VERTEX_POINT('',#6338);
#1874=VERTEX_POINT('',#6344);
#1875=VERTEX_POINT('',#6361);
#1876=VERTEX_POINT('',#6367);
#1877=VERTEX_POINT('',#6375);
#1878=VERTEX_POINT('',#6377);
#1879=VERTEX_POINT('',#6390);
#1880=VERTEX_POINT('',#6396);
#1881=VERTEX_POINT('',#6413);
#1882=VERTEX_POINT('',#6419);
#1883=VERTEX_POINT('',#6436);
#1884=VERTEX_POINT('',#6442);
#1885=VERTEX_POINT('',#6459);
#1886=VERTEX_POINT('',#6465);
#1887=VERTEX_POINT('',#6473);
#1888=VERTEX_POINT('',#6475);
#1889=VERTEX_POINT('',#6483);
#1890=VERTEX_POINT('',#6484);
#1891=VERTEX_POINT('',#6486);
#1892=VERTEX_POINT('',#6488);
#1893=VERTEX_POINT('',#6492);
#1894=VERTEX_POINT('',#6494);
#1895=VERTEX_POINT('',#6498);
#1896=VERTEX_POINT('',#6500);
#1897=VERTEX_POINT('',#6508);
#1898=VERTEX_POINT('',#6509);
#1899=VERTEX_POINT('',#6511);
#1900=VERTEX_POINT('',#6513);
#1901=VERTEX_POINT('',#6517);
#1902=VERTEX_POINT('',#6519);
#1903=VERTEX_POINT('',#6523);
#1904=VERTEX_POINT('',#6525);
#1905=VERTEX_POINT('',#6533);
#1906=VERTEX_POINT('',#6534);
#1907=VERTEX_POINT('',#6536);
#1908=VERTEX_POINT('',#6538);
#1909=VERTEX_POINT('',#6542);
#1910=VERTEX_POINT('',#6544);
#1911=VERTEX_POINT('',#6548);
#1912=VERTEX_POINT('',#6550);
#1913=VERTEX_POINT('',#6558);
#1914=VERTEX_POINT('',#6559);
#1915=VERTEX_POINT('',#6561);
#1916=VERTEX_POINT('',#6563);
#1917=VERTEX_POINT('',#6567);
#1918=VERTEX_POINT('',#6569);
#1919=VERTEX_POINT('',#6573);
#1920=VERTEX_POINT('',#6575);
#1921=VERTEX_POINT('',#6583);
#1922=VERTEX_POINT('',#6584);
#1923=VERTEX_POINT('',#6586);
#1924=VERTEX_POINT('',#6588);
#1925=VERTEX_POINT('',#6592);
#1926=VERTEX_POINT('',#6594);
#1927=VERTEX_POINT('',#6598);
#1928=VERTEX_POINT('',#6600);
#1929=VERTEX_POINT('',#6608);
#1930=VERTEX_POINT('',#6609);
#1931=VERTEX_POINT('',#6611);
#1932=VERTEX_POINT('',#6613);
#1933=VERTEX_POINT('',#6617);
#1934=VERTEX_POINT('',#6619);
#1935=VERTEX_POINT('',#6623);
#1936=VERTEX_POINT('',#6625);
#1937=VERTEX_POINT('',#6633);
#1938=VERTEX_POINT('',#6634);
#1939=VERTEX_POINT('',#6636);
#1940=VERTEX_POINT('',#6638);
#1941=VERTEX_POINT('',#6642);
#1942=VERTEX_POINT('',#6644);
#1943=VERTEX_POINT('',#6648);
#1944=VERTEX_POINT('',#6650);
#1945=VERTEX_POINT('',#6667);
#1946=VERTEX_POINT('',#6668);
#1947=VERTEX_POINT('',#6674);
#1948=VERTEX_POINT('',#6676);
#1949=VERTEX_POINT('',#6693);
#1950=VERTEX_POINT('',#6699);
#1951=VERTEX_POINT('',#6716);
#1952=VERTEX_POINT('',#6722);
#1953=VERTEX_POINT('',#6739);
#1954=VERTEX_POINT('',#6745);
#1955=VERTEX_POINT('',#6762);
#1956=VERTEX_POINT('',#6768);
#1957=VERTEX_POINT('',#6785);
#1958=VERTEX_POINT('',#6791);
#1959=VERTEX_POINT('',#6808);
#1960=VERTEX_POINT('',#6814);
#1961=VERTEX_POINT('',#6843);
#1962=VERTEX_POINT('',#6844);
#1963=VERTEX_POINT('',#6846);
#1964=VERTEX_POINT('',#6848);
#1965=VERTEX_POINT('',#6852);
#1966=VERTEX_POINT('',#6854);
#1967=VERTEX_POINT('',#6867);
#1968=VERTEX_POINT('',#6873);
#1969=VERTEX_POINT('',#6890);
#1970=VERTEX_POINT('',#6896);
#1971=VERTEX_POINT('',#6904);
#1972=VERTEX_POINT('',#6906);
#1973=VERTEX_POINT('',#6919);
#1974=VERTEX_POINT('',#6925);
#1975=VERTEX_POINT('',#6942);
#1976=VERTEX_POINT('',#6948);
#1977=VERTEX_POINT('',#6968);
#1978=VERTEX_POINT('',#6969);
#1979=VERTEX_POINT('',#6975);
#1980=VERTEX_POINT('',#6977);
#1981=VERTEX_POINT('',#6985);
#1982=VERTEX_POINT('',#6987);
#1983=VERTEX_POINT('',#7000);
#1984=VERTEX_POINT('',#7006);
#1985=VERTEX_POINT('',#7023);
#1986=VERTEX_POINT('',#7029);
#1987=VERTEX_POINT('',#7046);
#1988=VERTEX_POINT('',#7052);
#1989=VERTEX_POINT('',#7069);
#1990=VERTEX_POINT('',#7075);
#1991=VERTEX_POINT('',#7083);
#1992=VERTEX_POINT('',#7085);
#1993=VERTEX_POINT('',#7089);
#1994=VERTEX_POINT('',#7091);
#1995=VERTEX_POINT('',#7104);
#1996=VERTEX_POINT('',#7110);
#1997=VERTEX_POINT('',#7127);
#1998=VERTEX_POINT('',#7133);
#1999=VERTEX_POINT('',#7141);
#2000=VERTEX_POINT('',#7143);
#2001=VERTEX_POINT('',#7156);
#2002=VERTEX_POINT('',#7162);
#2003=VERTEX_POINT('',#7179);
#2004=VERTEX_POINT('',#7185);
#2005=VERTEX_POINT('',#7193);
#2006=VERTEX_POINT('',#7195);
#2007=VERTEX_POINT('',#7229);
#2008=VERTEX_POINT('',#7230);
#2009=VERTEX_POINT('',#7236);
#2010=VERTEX_POINT('',#7238);
#2011=VERTEX_POINT('',#7255);
#2012=VERTEX_POINT('',#7261);
#2013=VERTEX_POINT('',#7278);
#2014=VERTEX_POINT('',#7284);
#2015=VERTEX_POINT('',#7301);
#2016=VERTEX_POINT('',#7307);
#2017=VERTEX_POINT('',#7324);
#2018=VERTEX_POINT('',#7330);
#2019=VERTEX_POINT('',#7347);
#2020=VERTEX_POINT('',#7353);
#2021=VERTEX_POINT('',#7370);
#2022=VERTEX_POINT('',#7376);
#2023=VERTEX_POINT('',#7393);
#2024=VERTEX_POINT('',#7399);
#2025=VERTEX_POINT('',#7407);
#2026=VERTEX_POINT('',#7409);
#2027=VERTEX_POINT('',#7422);
#2028=VERTEX_POINT('',#7428);
#2029=VERTEX_POINT('',#7445);
#2030=VERTEX_POINT('',#7451);
#2031=VERTEX_POINT('',#7459);
#2032=VERTEX_POINT('',#7461);
#2033=VERTEX_POINT('',#7474);
#2034=VERTEX_POINT('',#7480);
#2035=VERTEX_POINT('',#7497);
#2036=VERTEX_POINT('',#7503);
#2037=VERTEX_POINT('',#7520);
#2038=VERTEX_POINT('',#7526);
#2039=VERTEX_POINT('',#7543);
#2040=VERTEX_POINT('',#7549);
#2041=VERTEX_POINT('',#7557);
#2042=VERTEX_POINT('',#7559);
#2043=VERTEX_POINT('',#7576);
#2044=VERTEX_POINT('',#7577);
#2045=VERTEX_POINT('',#7583);
#2046=VERTEX_POINT('',#7585);
#2047=VERTEX_POINT('',#7593);
#2048=VERTEX_POINT('',#7595);
#2049=VERTEX_POINT('',#7599);
#2050=VERTEX_POINT('',#7601);
#2051=VERTEX_POINT('',#7605);
#2052=VERTEX_POINT('',#7607);
#2053=VERTEX_POINT('',#7620);
#2054=VERTEX_POINT('',#7626);
#2055=VERTEX_POINT('',#7643);
#2056=VERTEX_POINT('',#7649);
#2057=VERTEX_POINT('',#7666);
#2058=VERTEX_POINT('',#7672);
#2059=VERTEX_POINT('',#7689);
#2060=VERTEX_POINT('',#7695);
#2061=VERTEX_POINT('',#7703);
#2062=VERTEX_POINT('',#7705);
#2063=VERTEX_POINT('',#7718);
#2064=VERTEX_POINT('',#7724);
#2065=VERTEX_POINT('',#7741);
#2066=VERTEX_POINT('',#7747);
#2067=VERTEX_POINT('',#7764);
#2068=VERTEX_POINT('',#7770);
#2069=VERTEX_POINT('',#7787);
#2070=VERTEX_POINT('',#7793);
#2071=VERTEX_POINT('',#7801);
#2072=VERTEX_POINT('',#7803);
#2073=VERTEX_POINT('',#7807);
#2074=VERTEX_POINT('',#7809);
#2075=VERTEX_POINT('',#7822);
#2076=VERTEX_POINT('',#7828);
#2077=VERTEX_POINT('',#7845);
#2078=VERTEX_POINT('',#7851);
#2079=VERTEX_POINT('',#7868);
#2080=VERTEX_POINT('',#7874);
#2081=VERTEX_POINT('',#7882);
#2082=VERTEX_POINT('',#7884);
#2083=VERTEX_POINT('',#7897);
#2084=VERTEX_POINT('',#7903);
#2085=VERTEX_POINT('',#7920);
#2086=VERTEX_POINT('',#7926);
#2087=VERTEX_POINT('',#7957);
#2088=VERTEX_POINT('',#7958);
#2089=VERTEX_POINT('',#7960);
#2090=VERTEX_POINT('',#7962);
#2091=VERTEX_POINT('',#7966);
#2092=VERTEX_POINT('',#7967);
#2093=VERTEX_POINT('',#7972);
#2094=VERTEX_POINT('',#7973);
#2095=VERTEX_POINT('',#7978);
#2096=VERTEX_POINT('',#7979);
#2097=VERTEX_POINT('',#7984);
#2098=VERTEX_POINT('',#7985);
#2099=VERTEX_POINT('',#7990);
#2100=VERTEX_POINT('',#7991);
#2101=VERTEX_POINT('',#7996);
#2102=VERTEX_POINT('',#7997);
#2103=VERTEX_POINT('',#8005);
#2104=VERTEX_POINT('',#8007);
#2105=VERTEX_POINT('',#8011);
#2106=VERTEX_POINT('',#8015);
#2107=VERTEX_POINT('',#8019);
#2108=VERTEX_POINT('',#8023);
#2109=VERTEX_POINT('',#8024);
#2110=VERTEX_POINT('',#8026);
#2111=VERTEX_POINT('',#8028);
#2112=VERTEX_POINT('',#8032);
#2113=VERTEX_POINT('',#8034);
#2114=VERTEX_POINT('',#8036);
#2115=VERTEX_POINT('',#8039);
#2116=VERTEX_POINT('',#8040);
#2117=VERTEX_POINT('',#8042);
#2118=VERTEX_POINT('',#8044);
#2119=VERTEX_POINT('',#8046);
#2120=VERTEX_POINT('',#8048);
#2121=VERTEX_POINT('',#8050);
#2122=VERTEX_POINT('',#8052);
#2123=VERTEX_POINT('',#8056);
#2124=VERTEX_POINT('',#8058);
#2125=VERTEX_POINT('',#8060);
#2126=VERTEX_POINT('',#8062);
#2127=VERTEX_POINT('',#8066);
#2128=VERTEX_POINT('',#8070);
#2129=VERTEX_POINT('',#8072);
#2130=VERTEX_POINT('',#8074);
#2131=VERTEX_POINT('',#8078);
#2132=VERTEX_POINT('',#8088);
#2133=VERTEX_POINT('',#8089);
#2134=VERTEX_POINT('',#8091);
#2135=VERTEX_POINT('',#8093);
#2136=VERTEX_POINT('',#8097);
#2137=VERTEX_POINT('',#8099);
#2138=VERTEX_POINT('',#8105);
#2139=EDGE_CURVE('',#1731,#1731,#1703,.T.);
#2140=EDGE_CURVE('',#1731,#1732,#947,.T.);
#2141=EDGE_CURVE('',#1732,#1732,#1704,.T.);
#2142=EDGE_CURVE('',#1733,#1733,#1705,.T.);
#2143=EDGE_CURVE('',#1733,#1734,#948,.T.);
#2144=EDGE_CURVE('',#1734,#1734,#1706,.T.);
#2145=EDGE_CURVE('',#1735,#1735,#1707,.T.);
#2146=EDGE_CURVE('',#1735,#1736,#949,.T.);
#2147=EDGE_CURVE('',#1736,#1736,#1708,.T.);
#2148=EDGE_CURVE('',#1737,#1737,#1709,.T.);
#2149=EDGE_CURVE('',#1737,#1738,#950,.T.);
#2150=EDGE_CURVE('',#1738,#1738,#1710,.T.);
#2151=EDGE_CURVE('',#1739,#1740,#41,.T.);
#2152=EDGE_CURVE('',#1739,#1741,#951,.T.);
#2153=EDGE_CURVE('',#1741,#1742,#42,.T.);
#2154=EDGE_CURVE('',#1740,#1742,#952,.T.);
#2155=EDGE_CURVE('',#1743,#1739,#43,.T.);
#2156=EDGE_CURVE('',#1743,#1744,#953,.T.);
#2157=EDGE_CURVE('',#1744,#1741,#44,.T.);
#2158=EDGE_CURVE('',#1745,#1743,#954,.T.);
#2159=EDGE_CURVE('',#1745,#1746,#955,.T.);
#2160=EDGE_CURVE('',#1746,#1744,#956,.T.);
#2161=EDGE_CURVE('',#1747,#1745,#45,.T.);
#2162=EDGE_CURVE('',#1747,#1748,#957,.T.);
#2163=EDGE_CURVE('',#1748,#1746,#46,.T.);
#2164=EDGE_CURVE('',#1749,#1747,#47,.T.);
#2165=EDGE_CURVE('',#1749,#1750,#958,.T.);
#2166=EDGE_CURVE('',#1750,#1748,#48,.T.);
#2167=EDGE_CURVE('',#1751,#1749,#959,.T.);
#2168=EDGE_CURVE('',#1751,#1752,#960,.T.);
#2169=EDGE_CURVE('',#1752,#1750,#961,.T.);
#2170=EDGE_CURVE('',#1753,#1751,#49,.T.);
#2171=EDGE_CURVE('',#1753,#1754,#962,.T.);
#2172=EDGE_CURVE('',#1754,#1752,#50,.T.);
#2173=EDGE_CURVE('',#1755,#1753,#51,.T.);
#2174=EDGE_CURVE('',#1755,#1756,#963,.T.);
#2175=EDGE_CURVE('',#1756,#1754,#52,.T.);
#2176=EDGE_CURVE('',#1757,#1755,#964,.T.);
#2177=EDGE_CURVE('',#1757,#1758,#965,.T.);
#2178=EDGE_CURVE('',#1758,#1756,#966,.T.);
#2179=EDGE_CURVE('',#1759,#1757,#53,.T.);
#2180=EDGE_CURVE('',#1759,#1760,#967,.T.);
#2181=EDGE_CURVE('',#1760,#1758,#54,.T.);
#2182=EDGE_CURVE('',#1761,#1759,#55,.T.);
#2183=EDGE_CURVE('',#1761,#1762,#968,.T.);
#2184=EDGE_CURVE('',#1762,#1760,#56,.T.);
#2185=EDGE_CURVE('',#1740,#1761,#969,.T.);
#2186=EDGE_CURVE('',#1742,#1762,#970,.T.);
#2187=EDGE_CURVE('',#1763,#1764,#57,.T.);
#2188=EDGE_CURVE('',#1763,#1765,#971,.T.);
#2189=EDGE_CURVE('',#1765,#1766,#58,.T.);
#2190=EDGE_CURVE('',#1764,#1766,#972,.T.);
#2191=EDGE_CURVE('',#1767,#1763,#59,.T.);
#2192=EDGE_CURVE('',#1767,#1768,#973,.T.);
#2193=EDGE_CURVE('',#1768,#1765,#60,.T.);
#2194=EDGE_CURVE('',#1769,#1767,#974,.T.);
#2195=EDGE_CURVE('',#1769,#1770,#975,.T.);
#2196=EDGE_CURVE('',#1770,#1768,#976,.T.);
#2197=EDGE_CURVE('',#1771,#1769,#61,.T.);
#2198=EDGE_CURVE('',#1771,#1772,#977,.T.);
#2199=EDGE_CURVE('',#1772,#1770,#62,.T.);
#2200=EDGE_CURVE('',#1773,#1771,#63,.T.);
#2201=EDGE_CURVE('',#1773,#1774,#978,.T.);
#2202=EDGE_CURVE('',#1774,#1772,#64,.T.);
#2203=EDGE_CURVE('',#1775,#1773,#979,.T.);
#2204=EDGE_CURVE('',#1775,#1776,#980,.T.);
#2205=EDGE_CURVE('',#1776,#1774,#981,.T.);
#2206=EDGE_CURVE('',#1777,#1775,#65,.T.);
#2207=EDGE_CURVE('',#1777,#1778,#982,.T.);
#2208=EDGE_CURVE('',#1778,#1776,#66,.T.);
#2209=EDGE_CURVE('',#1779,#1777,#67,.T.);
#2210=EDGE_CURVE('',#1779,#1780,#983,.T.);
#2211=EDGE_CURVE('',#1780,#1778,#68,.T.);
#2212=EDGE_CURVE('',#1781,#1779,#984,.T.);
#2213=EDGE_CURVE('',#1781,#1782,#985,.T.);
#2214=EDGE_CURVE('',#1782,#1780,#986,.T.);
#2215=EDGE_CURVE('',#1783,#1781,#69,.T.);
#2216=EDGE_CURVE('',#1783,#1784,#987,.T.);
#2217=EDGE_CURVE('',#1784,#1782,#70,.T.);
#2218=EDGE_CURVE('',#1785,#1783,#71,.T.);
#2219=EDGE_CURVE('',#1785,#1786,#988,.T.);
#2220=EDGE_CURVE('',#1786,#1784,#72,.T.);
#2221=EDGE_CURVE('',#1764,#1785,#989,.T.);
#2222=EDGE_CURVE('',#1766,#1786,#990,.T.);
#2223=EDGE_CURVE('',#1787,#1788,#73,.T.);
#2224=EDGE_CURVE('',#1787,#1789,#991,.T.);
#2225=EDGE_CURVE('',#1789,#1790,#74,.T.);
#2226=EDGE_CURVE('',#1788,#1790,#992,.T.);
#2227=EDGE_CURVE('',#1791,#1787,#75,.T.);
#2228=EDGE_CURVE('',#1791,#1792,#993,.T.);
#2229=EDGE_CURVE('',#1792,#1789,#76,.T.);
#2230=EDGE_CURVE('',#1793,#1791,#77,.T.);
#2231=EDGE_CURVE('',#1793,#1794,#994,.T.);
#2232=EDGE_CURVE('',#1794,#1792,#78,.T.);
#2233=EDGE_CURVE('',#1795,#1793,#79,.T.);
#2234=EDGE_CURVE('',#1795,#1796,#995,.T.);
#2235=EDGE_CURVE('',#1796,#1794,#80,.T.);
#2236=EDGE_CURVE('',#1797,#1795,#81,.T.);
#2237=EDGE_CURVE('',#1797,#1798,#996,.T.);
#2238=EDGE_CURVE('',#1798,#1796,#82,.T.);
#2239=EDGE_CURVE('',#1799,#1797,#83,.T.);
#2240=EDGE_CURVE('',#1799,#1800,#997,.T.);
#2241=EDGE_CURVE('',#1800,#1798,#84,.T.);
#2242=EDGE_CURVE('',#1801,#1799,#85,.T.);
#2243=EDGE_CURVE('',#1801,#1802,#998,.T.);
#2244=EDGE_CURVE('',#1802,#1800,#86,.T.);
#2245=EDGE_CURVE('',#1803,#1801,#87,.T.);
#2246=EDGE_CURVE('',#1803,#1804,#999,.T.);
#2247=EDGE_CURVE('',#1804,#1802,#88,.T.);
#2248=EDGE_CURVE('',#1805,#1803,#1000,.T.);
#2249=EDGE_CURVE('',#1805,#1806,#1001,.T.);
#2250=EDGE_CURVE('',#1806,#1804,#1002,.T.);
#2251=EDGE_CURVE('',#1807,#1805,#89,.T.);
#2252=EDGE_CURVE('',#1807,#1808,#1003,.T.);
#2253=EDGE_CURVE('',#1808,#1806,#90,.T.);
#2254=EDGE_CURVE('',#1809,#1807,#91,.T.);
#2255=EDGE_CURVE('',#1809,#1810,#1004,.T.);
#2256=EDGE_CURVE('',#1810,#1808,#92,.T.);
#2257=EDGE_CURVE('',#1811,#1809,#1005,.T.);
#2258=EDGE_CURVE('',#1811,#1812,#1006,.T.);
#2259=EDGE_CURVE('',#1812,#1810,#1007,.T.);
#2260=EDGE_CURVE('',#1813,#1811,#93,.T.);
#2261=EDGE_CURVE('',#1813,#1814,#1008,.T.);
#2262=EDGE_CURVE('',#1814,#1812,#94,.T.);
#2263=EDGE_CURVE('',#1815,#1813,#95,.T.);
#2264=EDGE_CURVE('',#1815,#1816,#1009,.T.);
#2265=EDGE_CURVE('',#1816,#1814,#96,.T.);
#2266=EDGE_CURVE('',#1817,#1815,#1010,.T.);
#2267=EDGE_CURVE('',#1817,#1818,#1011,.T.);
#2268=EDGE_CURVE('',#1818,#1816,#1012,.T.);
#2269=EDGE_CURVE('',#1819,#1817,#97,.T.);
#2270=EDGE_CURVE('',#1819,#1820,#1013,.T.);
#2271=EDGE_CURVE('',#1820,#1818,#98,.T.);
#2272=EDGE_CURVE('',#1821,#1819,#99,.T.);
#2273=EDGE_CURVE('',#1821,#1822,#1014,.T.);
#2274=EDGE_CURVE('',#1822,#1820,#100,.T.);
#2275=EDGE_CURVE('',#1823,#1821,#101,.T.);
#2276=EDGE_CURVE('',#1823,#1824,#1015,.T.);
#2277=EDGE_CURVE('',#1824,#1822,#102,.T.);
#2278=EDGE_CURVE('',#1825,#1823,#103,.T.);
#2279=EDGE_CURVE('',#1825,#1826,#1016,.T.);
#2280=EDGE_CURVE('',#1826,#1824,#104,.T.);
#2281=EDGE_CURVE('',#1827,#1825,#105,.T.);
#2282=EDGE_CURVE('',#1827,#1828,#1017,.T.);
#2283=EDGE_CURVE('',#1828,#1826,#106,.T.);
#2284=EDGE_CURVE('',#1829,#1827,#107,.T.);
#2285=EDGE_CURVE('',#1829,#1830,#1018,.T.);
#2286=EDGE_CURVE('',#1830,#1828,#108,.T.);
#2287=EDGE_CURVE('',#1831,#1829,#109,.T.);
#2288=EDGE_CURVE('',#1831,#1832,#1019,.T.);
#2289=EDGE_CURVE('',#1832,#1830,#110,.T.);
#2290=EDGE_CURVE('',#1833,#1831,#111,.T.);
#2291=EDGE_CURVE('',#1833,#1834,#1020,.T.);
#2292=EDGE_CURVE('',#1834,#1832,#112,.T.);
#2293=EDGE_CURVE('',#1835,#1833,#1021,.T.);
#2294=EDGE_CURVE('',#1835,#1836,#1022,.T.);
#2295=EDGE_CURVE('',#1836,#1834,#1023,.T.);
#2296=EDGE_CURVE('',#1837,#1835,#113,.T.);
#2297=EDGE_CURVE('',#1837,#1838,#1024,.T.);
#2298=EDGE_CURVE('',#1838,#1836,#114,.T.);
#2299=EDGE_CURVE('',#1839,#1837,#115,.T.);
#2300=EDGE_CURVE('',#1839,#1840,#1025,.T.);
#2301=EDGE_CURVE('',#1840,#1838,#116,.T.);
#2302=EDGE_CURVE('',#1841,#1839,#1026,.T.);
#2303=EDGE_CURVE('',#1841,#1842,#1027,.T.);
#2304=EDGE_CURVE('',#1842,#1840,#1028,.T.);
#2305=EDGE_CURVE('',#1843,#1841,#117,.T.);
#2306=EDGE_CURVE('',#1843,#1844,#1029,.T.);
#2307=EDGE_CURVE('',#1844,#1842,#118,.T.);
#2308=EDGE_CURVE('',#1845,#1843,#119,.T.);
#2309=EDGE_CURVE('',#1845,#1846,#1030,.T.);
#2310=EDGE_CURVE('',#1846,#1844,#120,.T.);
#2311=EDGE_CURVE('',#1788,#1845,#1031,.T.);
#2312=EDGE_CURVE('',#1790,#1846,#1032,.T.);
#2313=EDGE_CURVE('',#1847,#1848,#1033,.T.);
#2314=EDGE_CURVE('',#1847,#1849,#1034,.T.);
#2315=EDGE_CURVE('',#1849,#1850,#1035,.T.);
#2316=EDGE_CURVE('',#1848,#1850,#1036,.T.);
#2317=EDGE_CURVE('',#1851,#1847,#121,.T.);
#2318=EDGE_CURVE('',#1851,#1852,#1037,.T.);
#2319=EDGE_CURVE('',#1852,#1849,#122,.T.);
#2320=EDGE_CURVE('',#1853,#1851,#123,.T.);
#2321=EDGE_CURVE('',#1853,#1854,#1038,.T.);
#2322=EDGE_CURVE('',#1854,#1852,#124,.T.);
#2323=EDGE_CURVE('',#1855,#1853,#125,.T.);
#2324=EDGE_CURVE('',#1855,#1856,#1039,.T.);
#2325=EDGE_CURVE('',#1856,#1854,#126,.T.);
#2326=EDGE_CURVE('',#1857,#1855,#127,.T.);
#2327=EDGE_CURVE('',#1857,#1858,#1040,.T.);
#2328=EDGE_CURVE('',#1858,#1856,#128,.T.);
#2329=EDGE_CURVE('',#1859,#1857,#1041,.T.);
#2330=EDGE_CURVE('',#1859,#1860,#1042,.T.);
#2331=EDGE_CURVE('',#1860,#1858,#1043,.T.);
#2332=EDGE_CURVE('',#1861,#1859,#129,.T.);
#2333=EDGE_CURVE('',#1861,#1862,#1044,.T.);
#2334=EDGE_CURVE('',#1862,#1860,#130,.T.);
#2335=EDGE_CURVE('',#1863,#1861,#131,.T.);
#2336=EDGE_CURVE('',#1863,#1864,#1045,.T.);
#2337=EDGE_CURVE('',#1864,#1862,#132,.T.);
#2338=EDGE_CURVE('',#1865,#1863,#133,.T.);
#2339=EDGE_CURVE('',#1865,#1866,#1046,.T.);
#2340=EDGE_CURVE('',#1866,#1864,#134,.T.);
#2341=EDGE_CURVE('',#1867,#1865,#135,.T.);
#2342=EDGE_CURVE('',#1867,#1868,#1047,.T.);
#2343=EDGE_CURVE('',#1868,#1866,#136,.T.);
#2344=EDGE_CURVE('',#1869,#1867,#1048,.T.);
#2345=EDGE_CURVE('',#1869,#1870,#1049,.T.);
#2346=EDGE_CURVE('',#1870,#1868,#1050,.T.);
#2347=EDGE_CURVE('',#1871,#1869,#1051,.T.);
#2348=EDGE_CURVE('',#1871,#1872,#1052,.T.);
#2349=EDGE_CURVE('',#1872,#1870,#1053,.T.);
#2350=EDGE_CURVE('',#1873,#1871,#137,.T.);
#2351=EDGE_CURVE('',#1873,#1874,#1054,.T.);
#2352=EDGE_CURVE('',#1874,#1872,#138,.T.);
#2353=EDGE_CURVE('',#1875,#1873,#139,.T.);
#2354=EDGE_CURVE('',#1875,#1876,#1055,.T.);
#2355=EDGE_CURVE('',#1876,#1874,#140,.T.);
#2356=EDGE_CURVE('',#1877,#1875,#1056,.T.);
#2357=EDGE_CURVE('',#1877,#1878,#1057,.T.);
#2358=EDGE_CURVE('',#1878,#1876,#1058,.T.);
#2359=EDGE_CURVE('',#1879,#1877,#141,.T.);
#2360=EDGE_CURVE('',#1879,#1880,#1059,.T.);
#2361=EDGE_CURVE('',#1880,#1878,#142,.T.);
#2362=EDGE_CURVE('',#1881,#1879,#143,.T.);
#2363=EDGE_CURVE('',#1881,#1882,#1060,.T.);
#2364=EDGE_CURVE('',#1882,#1880,#144,.T.);
#2365=EDGE_CURVE('',#1883,#1881,#145,.T.);
#2366=EDGE_CURVE('',#1883,#1884,#1061,.T.);
#2367=EDGE_CURVE('',#1884,#1882,#146,.T.);
#2368=EDGE_CURVE('',#1885,#1883,#147,.T.);
#2369=EDGE_CURVE('',#1885,#1886,#1062,.T.);
#2370=EDGE_CURVE('',#1886,#1884,#148,.T.);
#2371=EDGE_CURVE('',#1887,#1885,#1063,.T.);
#2372=EDGE_CURVE('',#1887,#1888,#1064,.T.);
#2373=EDGE_CURVE('',#1888,#1886,#1065,.T.);
#2374=EDGE_CURVE('',#1848,#1887,#1066,.T.);
#2375=EDGE_CURVE('',#1850,#1888,#1067,.T.);
#2376=EDGE_CURVE('',#1889,#1890,#1068,.T.);
#2377=EDGE_CURVE('',#1889,#1891,#1069,.T.);
#2378=EDGE_CURVE('',#1891,#1892,#1070,.T.);
#2379=EDGE_CURVE('',#1890,#1892,#1071,.T.);
#2380=EDGE_CURVE('',#1893,#1889,#1072,.T.);
#2381=EDGE_CURVE('',#1893,#1894,#1073,.T.);
#2382=EDGE_CURVE('',#1894,#1891,#1074,.T.);
#2383=EDGE_CURVE('',#1895,#1893,#1075,.T.);
#2384=EDGE_CURVE('',#1895,#1896,#1076,.T.);
#2385=EDGE_CURVE('',#1896,#1894,#1077,.T.);
#2386=EDGE_CURVE('',#1890,#1895,#1078,.T.);
#2387=EDGE_CURVE('',#1892,#1896,#1079,.T.);
#2388=EDGE_CURVE('',#1897,#1898,#1080,.T.);
#2389=EDGE_CURVE('',#1897,#1899,#1081,.T.);
#2390=EDGE_CURVE('',#1899,#1900,#1082,.T.);
#2391=EDGE_CURVE('',#1898,#1900,#1083,.T.);
#2392=EDGE_CURVE('',#1901,#1897,#1084,.T.);
#2393=EDGE_CURVE('',#1901,#1902,#1085,.T.);
#2394=EDGE_CURVE('',#1902,#1899,#1086,.T.);
#2395=EDGE_CURVE('',#1903,#1901,#1087,.T.);
#2396=EDGE_CURVE('',#1903,#1904,#1088,.T.);
#2397=EDGE_CURVE('',#1904,#1902,#1089,.T.);
#2398=EDGE_CURVE('',#1898,#1903,#1090,.T.);
#2399=EDGE_CURVE('',#1900,#1904,#1091,.T.);
#2400=EDGE_CURVE('',#1905,#1906,#1092,.T.);
#2401=EDGE_CURVE('',#1905,#1907,#1093,.T.);
#2402=EDGE_CURVE('',#1907,#1908,#1094,.T.);
#2403=EDGE_CURVE('',#1906,#1908,#1095,.T.);
#2404=EDGE_CURVE('',#1909,#1905,#1096,.T.);
#2405=EDGE_CURVE('',#1909,#1910,#1097,.T.);
#2406=EDGE_CURVE('',#1910,#1907,#1098,.T.);
#2407=EDGE_CURVE('',#1911,#1909,#1099,.T.);
#2408=EDGE_CURVE('',#1911,#1912,#1100,.T.);
#2409=EDGE_CURVE('',#1912,#1910,#1101,.T.);
#2410=EDGE_CURVE('',#1906,#1911,#1102,.T.);
#2411=EDGE_CURVE('',#1908,#1912,#1103,.T.);
#2412=EDGE_CURVE('',#1913,#1914,#1104,.T.);
#2413=EDGE_CURVE('',#1913,#1915,#1105,.T.);
#2414=EDGE_CURVE('',#1915,#1916,#1106,.T.);
#2415=EDGE_CURVE('',#1914,#1916,#1107,.T.);
#2416=EDGE_CURVE('',#1917,#1913,#1108,.T.);
#2417=EDGE_CURVE('',#1917,#1918,#1109,.T.);
#2418=EDGE_CURVE('',#1918,#1915,#1110,.T.);
#2419=EDGE_CURVE('',#1919,#1917,#1111,.T.);
#2420=EDGE_CURVE('',#1919,#1920,#1112,.T.);
#2421=EDGE_CURVE('',#1920,#1918,#1113,.T.);
#2422=EDGE_CURVE('',#1914,#1919,#1114,.T.);
#2423=EDGE_CURVE('',#1916,#1920,#1115,.T.);
#2424=EDGE_CURVE('',#1921,#1922,#1116,.T.);
#2425=EDGE_CURVE('',#1921,#1923,#1117,.T.);
#2426=EDGE_CURVE('',#1923,#1924,#1118,.T.);
#2427=EDGE_CURVE('',#1922,#1924,#1119,.T.);
#2428=EDGE_CURVE('',#1925,#1921,#1120,.T.);
#2429=EDGE_CURVE('',#1925,#1926,#1121,.T.);
#2430=EDGE_CURVE('',#1926,#1923,#1122,.T.);
#2431=EDGE_CURVE('',#1927,#1925,#1123,.T.);
#2432=EDGE_CURVE('',#1927,#1928,#1124,.T.);
#2433=EDGE_CURVE('',#1928,#1926,#1125,.T.);
#2434=EDGE_CURVE('',#1922,#1927,#1126,.T.);
#2435=EDGE_CURVE('',#1924,#1928,#1127,.T.);
#2436=EDGE_CURVE('',#1929,#1930,#1128,.T.);
#2437=EDGE_CURVE('',#1929,#1931,#1129,.T.);
#2438=EDGE_CURVE('',#1931,#1932,#1130,.T.);
#2439=EDGE_CURVE('',#1930,#1932,#1131,.T.);
#2440=EDGE_CURVE('',#1933,#1929,#1132,.T.);
#2441=EDGE_CURVE('',#1933,#1934,#1133,.T.);
#2442=EDGE_CURVE('',#1934,#1931,#1134,.T.);
#2443=EDGE_CURVE('',#1935,#1933,#1135,.T.);
#2444=EDGE_CURVE('',#1935,#1936,#1136,.T.);
#2445=EDGE_CURVE('',#1936,#1934,#1137,.T.);
#2446=EDGE_CURVE('',#1930,#1935,#1138,.T.);
#2447=EDGE_CURVE('',#1932,#1936,#1139,.T.);
#2448=EDGE_CURVE('',#1937,#1938,#1140,.T.);
#2449=EDGE_CURVE('',#1937,#1939,#1141,.T.);
#2450=EDGE_CURVE('',#1939,#1940,#1142,.T.);
#2451=EDGE_CURVE('',#1938,#1940,#1143,.T.);
#2452=EDGE_CURVE('',#1941,#1937,#1144,.T.);
#2453=EDGE_CURVE('',#1941,#1942,#1145,.T.);
#2454=EDGE_CURVE('',#1942,#1939,#1146,.T.);
#2455=EDGE_CURVE('',#1943,#1941,#1147,.T.);
#2456=EDGE_CURVE('',#1943,#1944,#1148,.T.);
#2457=EDGE_CURVE('',#1944,#1942,#1149,.T.);
#2458=EDGE_CURVE('',#1938,#1943,#1150,.T.);
#2459=EDGE_CURVE('',#1940,#1944,#1151,.T.);
#2460=EDGE_CURVE('',#1945,#1946,#149,.T.);
#2461=EDGE_CURVE('',#1945,#1947,#1152,.T.);
#2462=EDGE_CURVE('',#1947,#1948,#150,.T.);
#2463=EDGE_CURVE('',#1946,#1948,#1153,.T.);
#2464=EDGE_CURVE('',#1949,#1945,#151,.T.);
#2465=EDGE_CURVE('',#1949,#1950,#1154,.T.);
#2466=EDGE_CURVE('',#1950,#1947,#152,.T.);
#2467=EDGE_CURVE('',#1951,#1949,#153,.T.);
#2468=EDGE_CURVE('',#1951,#1952,#1155,.T.);
#2469=EDGE_CURVE('',#1952,#1950,#154,.T.);
#2470=EDGE_CURVE('',#1953,#1951,#155,.T.);
#2471=EDGE_CURVE('',#1953,#1954,#1156,.T.);
#2472=EDGE_CURVE('',#1954,#1952,#156,.T.);
#2473=EDGE_CURVE('',#1955,#1953,#157,.T.);
#2474=EDGE_CURVE('',#1955,#1956,#1157,.T.);
#2475=EDGE_CURVE('',#1956,#1954,#158,.T.);
#2476=EDGE_CURVE('',#1957,#1955,#159,.T.);
#2477=EDGE_CURVE('',#1957,#1958,#1158,.T.);
#2478=EDGE_CURVE('',#1958,#1956,#160,.T.);
#2479=EDGE_CURVE('',#1959,#1957,#161,.T.);
#2480=EDGE_CURVE('',#1959,#1960,#1159,.T.);
#2481=EDGE_CURVE('',#1960,#1958,#162,.T.);
#2482=EDGE_CURVE('',#1946,#1959,#163,.T.);
#2483=EDGE_CURVE('',#1948,#1960,#164,.T.);
#2484=EDGE_CURVE('',#1961,#1962,#1160,.T.);
#2485=EDGE_CURVE('',#1961,#1963,#1161,.T.);
#2486=EDGE_CURVE('',#1963,#1964,#1162,.T.);
#2487=EDGE_CURVE('',#1962,#1964,#1163,.T.);
#2488=EDGE_CURVE('',#1965,#1961,#1164,.T.);
#2489=EDGE_CURVE('',#1965,#1966,#1165,.T.);
#2490=EDGE_CURVE('',#1966,#1963,#1166,.T.);
#2491=EDGE_CURVE('',#1967,#1965,#165,.T.);
#2492=EDGE_CURVE('',#1967,#1968,#1167,.T.);
#2493=EDGE_CURVE('',#1968,#1966,#166,.T.);
#2494=EDGE_CURVE('',#1969,#1967,#167,.T.);
#2495=EDGE_CURVE('',#1969,#1970,#1168,.T.);
#2496=EDGE_CURVE('',#1970,#1968,#168,.T.);
#2497=EDGE_CURVE('',#1971,#1969,#1169,.T.);
#2498=EDGE_CURVE('',#1971,#1972,#1170,.T.);
#2499=EDGE_CURVE('',#1972,#1970,#1171,.T.);
#2500=EDGE_CURVE('',#1973,#1971,#169,.T.);
#2501=EDGE_CURVE('',#1973,#1974,#1172,.T.);
#2502=EDGE_CURVE('',#1974,#1972,#170,.T.);
#2503=EDGE_CURVE('',#1975,#1973,#171,.T.);
#2504=EDGE_CURVE('',#1975,#1976,#1173,.T.);
#2505=EDGE_CURVE('',#1976,#1974,#172,.T.);
#2506=EDGE_CURVE('',#1962,#1975,#1174,.T.);
#2507=EDGE_CURVE('',#1964,#1976,#1175,.T.);
#2508=EDGE_CURVE('',#1977,#1978,#173,.T.);
#2509=EDGE_CURVE('',#1977,#1979,#1176,.T.);
#2510=EDGE_CURVE('',#1979,#1980,#174,.T.);
#2511=EDGE_CURVE('',#1978,#1980,#1177,.T.);
#2512=EDGE_CURVE('',#1981,#1977,#1178,.T.);
#2513=EDGE_CURVE('',#1981,#1982,#1179,.T.);
#2514=EDGE_CURVE('',#1982,#1979,#1180,.T.);
#2515=EDGE_CURVE('',#1983,#1981,#175,.T.);
#2516=EDGE_CURVE('',#1983,#1984,#1181,.T.);
#2517=EDGE_CURVE('',#1984,#1982,#176,.T.);
#2518=EDGE_CURVE('',#1985,#1983,#177,.T.);
#2519=EDGE_CURVE('',#1985,#1986,#1182,.T.);
#2520=EDGE_CURVE('',#1986,#1984,#178,.T.);
#2521=EDGE_CURVE('',#1987,#1985,#179,.T.);
#2522=EDGE_CURVE('',#1987,#1988,#1183,.T.);
#2523=EDGE_CURVE('',#1988,#1986,#180,.T.);
#2524=EDGE_CURVE('',#1989,#1987,#181,.T.);
#2525=EDGE_CURVE('',#1989,#1990,#1184,.T.);
#2526=EDGE_CURVE('',#1990,#1988,#182,.T.);
#2527=EDGE_CURVE('',#1991,#1989,#1185,.T.);
#2528=EDGE_CURVE('',#1991,#1992,#1186,.T.);
#2529=EDGE_CURVE('',#1992,#1990,#1187,.T.);
#2530=EDGE_CURVE('',#1993,#1991,#1188,.T.);
#2531=EDGE_CURVE('',#1993,#1994,#1189,.T.);
#2532=EDGE_CURVE('',#1994,#1992,#1190,.T.);
#2533=EDGE_CURVE('',#1995,#1993,#183,.T.);
#2534=EDGE_CURVE('',#1995,#1996,#1191,.T.);
#2535=EDGE_CURVE('',#1996,#1994,#184,.T.);
#2536=EDGE_CURVE('',#1997,#1995,#185,.T.);
#2537=EDGE_CURVE('',#1997,#1998,#1192,.T.);
#2538=EDGE_CURVE('',#1998,#1996,#186,.T.);
#2539=EDGE_CURVE('',#1999,#1997,#1193,.T.);
#2540=EDGE_CURVE('',#1999,#2000,#1194,.T.);
#2541=EDGE_CURVE('',#2000,#1998,#1195,.T.);
#2542=EDGE_CURVE('',#2001,#1999,#187,.T.);
#2543=EDGE_CURVE('',#2001,#2002,#1196,.T.);
#2544=EDGE_CURVE('',#2002,#2000,#188,.T.);
#2545=EDGE_CURVE('',#2003,#2001,#189,.T.);
#2546=EDGE_CURVE('',#2003,#2004,#1197,.T.);
#2547=EDGE_CURVE('',#2004,#2002,#190,.T.);
#2548=EDGE_CURVE('',#2005,#2003,#1198,.T.);
#2549=EDGE_CURVE('',#2005,#2006,#1199,.T.);
#2550=EDGE_CURVE('',#2006,#2004,#1200,.T.);
#2551=EDGE_CURVE('',#1978,#2005,#191,.T.);
#2552=EDGE_CURVE('',#1980,#2006,#192,.T.);
#2553=EDGE_CURVE('',#2007,#2008,#193,.T.);
#2554=EDGE_CURVE('',#2007,#2009,#1201,.T.);
#2555=EDGE_CURVE('',#2009,#2010,#194,.T.);
#2556=EDGE_CURVE('',#2008,#2010,#1202,.T.);
#2557=EDGE_CURVE('',#2011,#2007,#195,.T.);
#2558=EDGE_CURVE('',#2011,#2012,#1203,.T.);
#2559=EDGE_CURVE('',#2012,#2009,#196,.T.);
#2560=EDGE_CURVE('',#2013,#2011,#197,.T.);
#2561=EDGE_CURVE('',#2013,#2014,#1204,.T.);
#2562=EDGE_CURVE('',#2014,#2012,#198,.T.);
#2563=EDGE_CURVE('',#2015,#2013,#199,.T.);
#2564=EDGE_CURVE('',#2015,#2016,#1205,.T.);
#2565=EDGE_CURVE('',#2016,#2014,#200,.T.);
#2566=EDGE_CURVE('',#2017,#2015,#201,.T.);
#2567=EDGE_CURVE('',#2017,#2018,#1206,.T.);
#2568=EDGE_CURVE('',#2018,#2016,#202,.T.);
#2569=EDGE_CURVE('',#2019,#2017,#203,.T.);
#2570=EDGE_CURVE('',#2019,#2020,#1207,.T.);
#2571=EDGE_CURVE('',#2020,#2018,#204,.T.);
#2572=EDGE_CURVE('',#2021,#2019,#205,.T.);
#2573=EDGE_CURVE('',#2021,#2022,#1208,.T.);
#2574=EDGE_CURVE('',#2022,#2020,#206,.T.);
#2575=EDGE_CURVE('',#2023,#2021,#207,.T.);
#2576=EDGE_CURVE('',#2023,#2024,#1209,.T.);
#2577=EDGE_CURVE('',#2024,#2022,#208,.T.);
#2578=EDGE_CURVE('',#2025,#2023,#1210,.T.);
#2579=EDGE_CURVE('',#2025,#2026,#1211,.T.);
#2580=EDGE_CURVE('',#2026,#2024,#1212,.T.);
#2581=EDGE_CURVE('',#2027,#2025,#209,.T.);
#2582=EDGE_CURVE('',#2027,#2028,#1213,.T.);
#2583=EDGE_CURVE('',#2028,#2026,#210,.T.);
#2584=EDGE_CURVE('',#2029,#2027,#211,.T.);
#2585=EDGE_CURVE('',#2029,#2030,#1214,.T.);
#2586=EDGE_CURVE('',#2030,#2028,#212,.T.);
#2587=EDGE_CURVE('',#2031,#2029,#1215,.T.);
#2588=EDGE_CURVE('',#2031,#2032,#1216,.T.);
#2589=EDGE_CURVE('',#2032,#2030,#1217,.T.);
#2590=EDGE_CURVE('',#2033,#2031,#213,.T.);
#2591=EDGE_CURVE('',#2033,#2034,#1218,.T.);
#2592=EDGE_CURVE('',#2034,#2032,#214,.T.);
#2593=EDGE_CURVE('',#2035,#2033,#215,.T.);
#2594=EDGE_CURVE('',#2035,#2036,#1219,.T.);
#2595=EDGE_CURVE('',#2036,#2034,#216,.T.);
#2596=EDGE_CURVE('',#2037,#2035,#217,.T.);
#2597=EDGE_CURVE('',#2037,#2038,#1220,.T.);
#2598=EDGE_CURVE('',#2038,#2036,#218,.T.);
#2599=EDGE_CURVE('',#2039,#2037,#219,.T.);
#2600=EDGE_CURVE('',#2039,#2040,#1221,.T.);
#2601=EDGE_CURVE('',#2040,#2038,#220,.T.);
#2602=EDGE_CURVE('',#2041,#2039,#1222,.T.);
#2603=EDGE_CURVE('',#2041,#2042,#1223,.T.);
#2604=EDGE_CURVE('',#2042,#2040,#1224,.T.);
#2605=EDGE_CURVE('',#2008,#2041,#1225,.T.);
#2606=EDGE_CURVE('',#2010,#2042,#1226,.T.);
#2607=EDGE_CURVE('',#2043,#2044,#221,.T.);
#2608=EDGE_CURVE('',#2043,#2045,#1227,.T.);
#2609=EDGE_CURVE('',#2045,#2046,#222,.T.);
#2610=EDGE_CURVE('',#2044,#2046,#1228,.T.);
#2611=EDGE_CURVE('',#2047,#2043,#1229,.T.);
#2612=EDGE_CURVE('',#2047,#2048,#1230,.T.);
#2613=EDGE_CURVE('',#2048,#2045,#1231,.T.);
#2614=EDGE_CURVE('',#2049,#2047,#1232,.T.);
#2615=EDGE_CURVE('',#2049,#2050,#1233,.T.);
#2616=EDGE_CURVE('',#2050,#2048,#1234,.T.);
#2617=EDGE_CURVE('',#2051,#2049,#1235,.T.);
#2618=EDGE_CURVE('',#2051,#2052,#1236,.T.);
#2619=EDGE_CURVE('',#2052,#2050,#1237,.T.);
#2620=EDGE_CURVE('',#2053,#2051,#223,.T.);
#2621=EDGE_CURVE('',#2053,#2054,#1238,.T.);
#2622=EDGE_CURVE('',#2054,#2052,#224,.T.);
#2623=EDGE_CURVE('',#2055,#2053,#225,.T.);
#2624=EDGE_CURVE('',#2055,#2056,#1239,.T.);
#2625=EDGE_CURVE('',#2056,#2054,#226,.T.);
#2626=EDGE_CURVE('',#2057,#2055,#227,.T.);
#2627=EDGE_CURVE('',#2057,#2058,#1240,.T.);
#2628=EDGE_CURVE('',#2058,#2056,#228,.T.);
#2629=EDGE_CURVE('',#2059,#2057,#229,.T.);
#2630=EDGE_CURVE('',#2059,#2060,#1241,.T.);
#2631=EDGE_CURVE('',#2060,#2058,#230,.T.);
#2632=EDGE_CURVE('',#2061,#2059,#1242,.T.);
#2633=EDGE_CURVE('',#2061,#2062,#1243,.T.);
#2634=EDGE_CURVE('',#2062,#2060,#1244,.T.);
#2635=EDGE_CURVE('',#2063,#2061,#231,.T.);
#2636=EDGE_CURVE('',#2063,#2064,#1245,.T.);
#2637=EDGE_CURVE('',#2064,#2062,#232,.T.);
#2638=EDGE_CURVE('',#2065,#2063,#233,.T.);
#2639=EDGE_CURVE('',#2065,#2066,#1246,.T.);
#2640=EDGE_CURVE('',#2066,#2064,#234,.T.);
#2641=EDGE_CURVE('',#2067,#2065,#235,.T.);
#2642=EDGE_CURVE('',#2067,#2068,#1247,.T.);
#2643=EDGE_CURVE('',#2068,#2066,#236,.T.);
#2644=EDGE_CURVE('',#2069,#2067,#237,.T.);
#2645=EDGE_CURVE('',#2069,#2070,#1248,.T.);
#2646=EDGE_CURVE('',#2070,#2068,#238,.T.);
#2647=EDGE_CURVE('',#2071,#2069,#1249,.T.);
#2648=EDGE_CURVE('',#2071,#2072,#1250,.T.);
#2649=EDGE_CURVE('',#2072,#2070,#1251,.T.);
#2650=EDGE_CURVE('',#2073,#2071,#1252,.T.);
#2651=EDGE_CURVE('',#2073,#2074,#1253,.T.);
#2652=EDGE_CURVE('',#2074,#2072,#1254,.T.);
#2653=EDGE_CURVE('',#2075,#2073,#239,.T.);
#2654=EDGE_CURVE('',#2075,#2076,#1255,.T.);
#2655=EDGE_CURVE('',#2076,#2074,#240,.T.);
#2656=EDGE_CURVE('',#2077,#2075,#241,.T.);
#2657=EDGE_CURVE('',#2077,#2078,#1256,.T.);
#2658=EDGE_CURVE('',#2078,#2076,#242,.T.);
#2659=EDGE_CURVE('',#2079,#2077,#243,.T.);
#2660=EDGE_CURVE('',#2079,#2080,#1257,.T.);
#2661=EDGE_CURVE('',#2080,#2078,#244,.T.);
#2662=EDGE_CURVE('',#2081,#2079,#1258,.T.);
#2663=EDGE_CURVE('',#2081,#2082,#1259,.T.);
#2664=EDGE_CURVE('',#2082,#2080,#1260,.T.);
#2665=EDGE_CURVE('',#2083,#2081,#245,.T.);
#2666=EDGE_CURVE('',#2083,#2084,#1261,.T.);
#2667=EDGE_CURVE('',#2084,#2082,#246,.T.);
#2668=EDGE_CURVE('',#2085,#2083,#247,.T.);
#2669=EDGE_CURVE('',#2085,#2086,#1262,.T.);
#2670=EDGE_CURVE('',#2086,#2084,#248,.T.);
#2671=EDGE_CURVE('',#2044,#2085,#249,.T.);
#2672=EDGE_CURVE('',#2046,#2086,#250,.T.);
#2673=EDGE_CURVE('',#2087,#2088,#1711,.T.);
#2674=EDGE_CURVE('',#2088,#2089,#1712,.T.);
#2675=EDGE_CURVE('',#2089,#2090,#1713,.T.);
#2676=EDGE_CURVE('',#2090,#2087,#1714,.T.);
#2677=EDGE_CURVE('',#2091,#2092,#1715,.T.);
#2678=EDGE_CURVE('',#2092,#2090,#1263,.T.);
#2679=EDGE_CURVE('',#2089,#2091,#1264,.T.);
#2680=EDGE_CURVE('',#2093,#2094,#1716,.T.);
#2681=EDGE_CURVE('',#2094,#2092,#1717,.T.);
#2682=EDGE_CURVE('',#2091,#2093,#1718,.T.);
#2683=EDGE_CURVE('',#2095,#2096,#1719,.T.);
#2684=EDGE_CURVE('',#2096,#2094,#1265,.T.);
#2685=EDGE_CURVE('',#2093,#2095,#1266,.T.);
#2686=EDGE_CURVE('',#2097,#2098,#1720,.T.);
#2687=EDGE_CURVE('',#2098,#2096,#1721,.T.);
#2688=EDGE_CURVE('',#2095,#2097,#1722,.T.);
#2689=EDGE_CURVE('',#2099,#2100,#1723,.T.);
#2690=EDGE_CURVE('',#2100,#2098,#1267,.T.);
#2691=EDGE_CURVE('',#2097,#2099,#1268,.T.);
#2692=EDGE_CURVE('',#2101,#2102,#1724,.T.);
#2693=EDGE_CURVE('',#2102,#2100,#1725,.T.);
#2694=EDGE_CURVE('',#2099,#2101,#1726,.T.);
#2695=EDGE_CURVE('',#2087,#2102,#1269,.T.);
#2696=EDGE_CURVE('',#2101,#2088,#1270,.T.);
#2697=EDGE_CURVE('',#2103,#2100,#1271,.T.);
#2698=EDGE_CURVE('',#2103,#2104,#1272,.T.);
#2699=EDGE_CURVE('',#2098,#2104,#1273,.T.);
#2700=EDGE_CURVE('',#2102,#2105,#1274,.T.);
#2701=EDGE_CURVE('',#2105,#2103,#1727,.T.);
#2702=EDGE_CURVE('',#2106,#2087,#1275,.T.);
#2703=EDGE_CURVE('',#2106,#2105,#1276,.T.);
#2704=EDGE_CURVE('',#2090,#2107,#1277,.T.);
#2705=EDGE_CURVE('',#2107,#2106,#1728,.T.);
#2706=EDGE_CURVE('',#2108,#2109,#1278,.T.);
#2707=EDGE_CURVE('',#2109,#2110,#1279,.T.);
#2708=EDGE_CURVE('',#2110,#2111,#1280,.T.);
#2709=EDGE_CURVE('',#2111,#2108,#1281,.T.);
#2710=EDGE_CURVE('',#2112,#2107,#1282,.T.);
#2711=EDGE_CURVE('',#2113,#2112,#1729,.T.);
#2712=EDGE_CURVE('',#2114,#2113,#1283,.T.);
#2713=EDGE_CURVE('',#2104,#2114,#1730,.T.);
#2714=EDGE_CURVE('',#2115,#2116,#1284,.T.);
#2715=EDGE_CURVE('',#2117,#2115,#1285,.T.);
#2716=EDGE_CURVE('',#2118,#2117,#1286,.T.);
#2717=EDGE_CURVE('',#2119,#2118,#1287,.T.);
#2718=EDGE_CURVE('',#2120,#2119,#1288,.T.);
#2719=EDGE_CURVE('',#2121,#2120,#1289,.T.);
#2720=EDGE_CURVE('',#2122,#2121,#1290,.T.);
#2721=EDGE_CURVE('',#2116,#2122,#1291,.T.);
#2722=EDGE_CURVE('',#2123,#2119,#1292,.T.);
#2723=EDGE_CURVE('',#2123,#2124,#1293,.T.);
#2724=EDGE_CURVE('',#2125,#2124,#1294,.T.);
#2725=EDGE_CURVE('',#2125,#2126,#1295,.T.);
#2726=EDGE_CURVE('',#2126,#2120,#1296,.T.);
#2727=EDGE_CURVE('',#2118,#2127,#1297,.T.);
#2728=EDGE_CURVE('',#2127,#2123,#1298,.T.);
#2729=EDGE_CURVE('',#2117,#2128,#1299,.T.);
#2730=EDGE_CURVE('',#2128,#2129,#1300,.T.);
#2731=EDGE_CURVE('',#2130,#2129,#1301,.T.);
#2732=EDGE_CURVE('',#2130,#2127,#1302,.T.);
#2733=EDGE_CURVE('',#2131,#2115,#1303,.T.);
#2734=EDGE_CURVE('',#2128,#2131,#1304,.T.);
#2735=EDGE_CURVE('',#2114,#2096,#1305,.T.);
#2736=EDGE_CURVE('',#2094,#2113,#1306,.T.);
#2737=EDGE_CURVE('',#2112,#2092,#1307,.T.);
#2738=EDGE_CURVE('',#2132,#2133,#1308,.T.);
#2739=EDGE_CURVE('',#2133,#2134,#1309,.T.);
#2740=EDGE_CURVE('',#2134,#2135,#1310,.T.);
#2741=EDGE_CURVE('',#2135,#2132,#1311,.T.);
#2742=EDGE_CURVE('',#2125,#2136,#1312,.T.);
#2743=EDGE_CURVE('',#2136,#2137,#1313,.T.);
#2744=EDGE_CURVE('',#2137,#2126,#1314,.T.);
#2745=EDGE_CURVE('',#2124,#2130,#1315,.T.);
#2746=EDGE_CURVE('',#2131,#2138,#1316,.T.);
#2747=EDGE_CURVE('',#2129,#2138,#1317,.T.);
#2748=EDGE_CURVE('',#2133,#2111,#1318,.T.);
#2749=EDGE_CURVE('',#2110,#2134,#1319,.T.);
#2750=EDGE_CURVE('',#2108,#2136,#1320,.T.);
#2751=EDGE_CURVE('',#2138,#2109,#1321,.T.);
#2752=EDGE_CURVE('',#2116,#2135,#1322,.T.);
#2753=EDGE_CURVE('',#2132,#2122,#1323,.T.);
#2754=EDGE_CURVE('',#2137,#2121,#1324,.T.);
#2755=ORIENTED_EDGE('',*,*,#2139,.F.);
#2756=ORIENTED_EDGE('',*,*,#2140,.T.);
#2757=ORIENTED_EDGE('',*,*,#2141,.T.);
#2758=ORIENTED_EDGE('',*,*,#2140,.F.);
#2759=ORIENTED_EDGE('',*,*,#2141,.F.);
#2760=ORIENTED_EDGE('',*,*,#2142,.F.);
#2761=ORIENTED_EDGE('',*,*,#2143,.T.);
#2762=ORIENTED_EDGE('',*,*,#2144,.T.);
#2763=ORIENTED_EDGE('',*,*,#2143,.F.);
#2764=ORIENTED_EDGE('',*,*,#2144,.F.);
#2765=ORIENTED_EDGE('',*,*,#2145,.F.);
#2766=ORIENTED_EDGE('',*,*,#2146,.T.);
#2767=ORIENTED_EDGE('',*,*,#2147,.T.);
#2768=ORIENTED_EDGE('',*,*,#2146,.F.);
#2769=ORIENTED_EDGE('',*,*,#2147,.F.);
#2770=ORIENTED_EDGE('',*,*,#2148,.F.);
#2771=ORIENTED_EDGE('',*,*,#2149,.T.);
#2772=ORIENTED_EDGE('',*,*,#2150,.T.);
#2773=ORIENTED_EDGE('',*,*,#2149,.F.);
#2774=ORIENTED_EDGE('',*,*,#2150,.F.);
#2775=ORIENTED_EDGE('',*,*,#2151,.F.);
#2776=ORIENTED_EDGE('',*,*,#2152,.T.);
#2777=ORIENTED_EDGE('',*,*,#2153,.T.);
#2778=ORIENTED_EDGE('',*,*,#2154,.F.);
#2779=ORIENTED_EDGE('',*,*,#2155,.F.);
#2780=ORIENTED_EDGE('',*,*,#2156,.T.);
#2781=ORIENTED_EDGE('',*,*,#2157,.T.);
#2782=ORIENTED_EDGE('',*,*,#2152,.F.);
#2783=ORIENTED_EDGE('',*,*,#2158,.F.);
#2784=ORIENTED_EDGE('',*,*,#2159,.T.);
#2785=ORIENTED_EDGE('',*,*,#2160,.T.);
#2786=ORIENTED_EDGE('',*,*,#2156,.F.);
#2787=ORIENTED_EDGE('',*,*,#2161,.F.);
#2788=ORIENTED_EDGE('',*,*,#2162,.T.);
#2789=ORIENTED_EDGE('',*,*,#2163,.T.);
#2790=ORIENTED_EDGE('',*,*,#2159,.F.);
#2791=ORIENTED_EDGE('',*,*,#2164,.F.);
#2792=ORIENTED_EDGE('',*,*,#2165,.T.);
#2793=ORIENTED_EDGE('',*,*,#2166,.T.);
#2794=ORIENTED_EDGE('',*,*,#2162,.F.);
#2795=ORIENTED_EDGE('',*,*,#2167,.F.);
#2796=ORIENTED_EDGE('',*,*,#2168,.T.);
#2797=ORIENTED_EDGE('',*,*,#2169,.T.);
#2798=ORIENTED_EDGE('',*,*,#2165,.F.);
#2799=ORIENTED_EDGE('',*,*,#2170,.F.);
#2800=ORIENTED_EDGE('',*,*,#2171,.T.);
#2801=ORIENTED_EDGE('',*,*,#2172,.T.);
#2802=ORIENTED_EDGE('',*,*,#2168,.F.);
#2803=ORIENTED_EDGE('',*,*,#2173,.F.);
#2804=ORIENTED_EDGE('',*,*,#2174,.T.);
#2805=ORIENTED_EDGE('',*,*,#2175,.T.);
#2806=ORIENTED_EDGE('',*,*,#2171,.F.);
#2807=ORIENTED_EDGE('',*,*,#2176,.F.);
#2808=ORIENTED_EDGE('',*,*,#2177,.T.);
#2809=ORIENTED_EDGE('',*,*,#2178,.T.);
#2810=ORIENTED_EDGE('',*,*,#2174,.F.);
#2811=ORIENTED_EDGE('',*,*,#2179,.F.);
#2812=ORIENTED_EDGE('',*,*,#2180,.T.);
#2813=ORIENTED_EDGE('',*,*,#2181,.T.);
#2814=ORIENTED_EDGE('',*,*,#2177,.F.);
#2815=ORIENTED_EDGE('',*,*,#2182,.F.);
#2816=ORIENTED_EDGE('',*,*,#2183,.T.);
#2817=ORIENTED_EDGE('',*,*,#2184,.T.);
#2818=ORIENTED_EDGE('',*,*,#2180,.F.);
#2819=ORIENTED_EDGE('',*,*,#2185,.F.);
#2820=ORIENTED_EDGE('',*,*,#2154,.T.);
#2821=ORIENTED_EDGE('',*,*,#2186,.T.);
#2822=ORIENTED_EDGE('',*,*,#2183,.F.);
#2823=ORIENTED_EDGE('',*,*,#2187,.F.);
#2824=ORIENTED_EDGE('',*,*,#2188,.T.);
#2825=ORIENTED_EDGE('',*,*,#2189,.T.);
#2826=ORIENTED_EDGE('',*,*,#2190,.F.);
#2827=ORIENTED_EDGE('',*,*,#2191,.F.);
#2828=ORIENTED_EDGE('',*,*,#2192,.T.);
#2829=ORIENTED_EDGE('',*,*,#2193,.T.);
#2830=ORIENTED_EDGE('',*,*,#2188,.F.);
#2831=ORIENTED_EDGE('',*,*,#2194,.F.);
#2832=ORIENTED_EDGE('',*,*,#2195,.T.);
#2833=ORIENTED_EDGE('',*,*,#2196,.T.);
#2834=ORIENTED_EDGE('',*,*,#2192,.F.);
#2835=ORIENTED_EDGE('',*,*,#2197,.F.);
#2836=ORIENTED_EDGE('',*,*,#2198,.T.);
#2837=ORIENTED_EDGE('',*,*,#2199,.T.);
#2838=ORIENTED_EDGE('',*,*,#2195,.F.);
#2839=ORIENTED_EDGE('',*,*,#2200,.F.);
#2840=ORIENTED_EDGE('',*,*,#2201,.T.);
#2841=ORIENTED_EDGE('',*,*,#2202,.T.);
#2842=ORIENTED_EDGE('',*,*,#2198,.F.);
#2843=ORIENTED_EDGE('',*,*,#2203,.F.);
#2844=ORIENTED_EDGE('',*,*,#2204,.T.);
#2845=ORIENTED_EDGE('',*,*,#2205,.T.);
#2846=ORIENTED_EDGE('',*,*,#2201,.F.);
#2847=ORIENTED_EDGE('',*,*,#2206,.F.);
#2848=ORIENTED_EDGE('',*,*,#2207,.T.);
#2849=ORIENTED_EDGE('',*,*,#2208,.T.);
#2850=ORIENTED_EDGE('',*,*,#2204,.F.);
#2851=ORIENTED_EDGE('',*,*,#2209,.F.);
#2852=ORIENTED_EDGE('',*,*,#2210,.T.);
#2853=ORIENTED_EDGE('',*,*,#2211,.T.);
#2854=ORIENTED_EDGE('',*,*,#2207,.F.);
#2855=ORIENTED_EDGE('',*,*,#2212,.F.);
#2856=ORIENTED_EDGE('',*,*,#2213,.T.);
#2857=ORIENTED_EDGE('',*,*,#2214,.T.);
#2858=ORIENTED_EDGE('',*,*,#2210,.F.);
#2859=ORIENTED_EDGE('',*,*,#2215,.F.);
#2860=ORIENTED_EDGE('',*,*,#2216,.T.);
#2861=ORIENTED_EDGE('',*,*,#2217,.T.);
#2862=ORIENTED_EDGE('',*,*,#2213,.F.);
#2863=ORIENTED_EDGE('',*,*,#2218,.F.);
#2864=ORIENTED_EDGE('',*,*,#2219,.T.);
#2865=ORIENTED_EDGE('',*,*,#2220,.T.);
#2866=ORIENTED_EDGE('',*,*,#2216,.F.);
#2867=ORIENTED_EDGE('',*,*,#2221,.F.);
#2868=ORIENTED_EDGE('',*,*,#2190,.T.);
#2869=ORIENTED_EDGE('',*,*,#2222,.T.);
#2870=ORIENTED_EDGE('',*,*,#2219,.F.);
#2871=ORIENTED_EDGE('',*,*,#2222,.F.);
#2872=ORIENTED_EDGE('',*,*,#2189,.F.);
#2873=ORIENTED_EDGE('',*,*,#2193,.F.);
#2874=ORIENTED_EDGE('',*,*,#2196,.F.);
#2875=ORIENTED_EDGE('',*,*,#2199,.F.);
#2876=ORIENTED_EDGE('',*,*,#2202,.F.);
#2877=ORIENTED_EDGE('',*,*,#2205,.F.);
#2878=ORIENTED_EDGE('',*,*,#2208,.F.);
#2879=ORIENTED_EDGE('',*,*,#2211,.F.);
#2880=ORIENTED_EDGE('',*,*,#2214,.F.);
#2881=ORIENTED_EDGE('',*,*,#2217,.F.);
#2882=ORIENTED_EDGE('',*,*,#2220,.F.);
#2883=ORIENTED_EDGE('',*,*,#2186,.F.);
#2884=ORIENTED_EDGE('',*,*,#2153,.F.);
#2885=ORIENTED_EDGE('',*,*,#2157,.F.);
#2886=ORIENTED_EDGE('',*,*,#2160,.F.);
#2887=ORIENTED_EDGE('',*,*,#2163,.F.);
#2888=ORIENTED_EDGE('',*,*,#2166,.F.);
#2889=ORIENTED_EDGE('',*,*,#2169,.F.);
#2890=ORIENTED_EDGE('',*,*,#2172,.F.);
#2891=ORIENTED_EDGE('',*,*,#2175,.F.);
#2892=ORIENTED_EDGE('',*,*,#2178,.F.);
#2893=ORIENTED_EDGE('',*,*,#2181,.F.);
#2894=ORIENTED_EDGE('',*,*,#2184,.F.);
#2895=ORIENTED_EDGE('',*,*,#2223,.F.);
#2896=ORIENTED_EDGE('',*,*,#2224,.T.);
#2897=ORIENTED_EDGE('',*,*,#2225,.T.);
#2898=ORIENTED_EDGE('',*,*,#2226,.F.);
#2899=ORIENTED_EDGE('',*,*,#2227,.F.);
#2900=ORIENTED_EDGE('',*,*,#2228,.T.);
#2901=ORIENTED_EDGE('',*,*,#2229,.T.);
#2902=ORIENTED_EDGE('',*,*,#2224,.F.);
#2903=ORIENTED_EDGE('',*,*,#2230,.F.);
#2904=ORIENTED_EDGE('',*,*,#2231,.T.);
#2905=ORIENTED_EDGE('',*,*,#2232,.T.);
#2906=ORIENTED_EDGE('',*,*,#2228,.F.);
#2907=ORIENTED_EDGE('',*,*,#2233,.F.);
#2908=ORIENTED_EDGE('',*,*,#2234,.T.);
#2909=ORIENTED_EDGE('',*,*,#2235,.T.);
#2910=ORIENTED_EDGE('',*,*,#2231,.F.);
#2911=ORIENTED_EDGE('',*,*,#2236,.F.);
#2912=ORIENTED_EDGE('',*,*,#2237,.T.);
#2913=ORIENTED_EDGE('',*,*,#2238,.T.);
#2914=ORIENTED_EDGE('',*,*,#2234,.F.);
#2915=ORIENTED_EDGE('',*,*,#2239,.F.);
#2916=ORIENTED_EDGE('',*,*,#2240,.T.);
#2917=ORIENTED_EDGE('',*,*,#2241,.T.);
#2918=ORIENTED_EDGE('',*,*,#2237,.F.);
#2919=ORIENTED_EDGE('',*,*,#2242,.F.);
#2920=ORIENTED_EDGE('',*,*,#2243,.T.);
#2921=ORIENTED_EDGE('',*,*,#2244,.T.);
#2922=ORIENTED_EDGE('',*,*,#2240,.F.);
#2923=ORIENTED_EDGE('',*,*,#2245,.F.);
#2924=ORIENTED_EDGE('',*,*,#2246,.T.);
#2925=ORIENTED_EDGE('',*,*,#2247,.T.);
#2926=ORIENTED_EDGE('',*,*,#2243,.F.);
#2927=ORIENTED_EDGE('',*,*,#2248,.F.);
#2928=ORIENTED_EDGE('',*,*,#2249,.T.);
#2929=ORIENTED_EDGE('',*,*,#2250,.T.);
#2930=ORIENTED_EDGE('',*,*,#2246,.F.);
#2931=ORIENTED_EDGE('',*,*,#2251,.F.);
#2932=ORIENTED_EDGE('',*,*,#2252,.T.);
#2933=ORIENTED_EDGE('',*,*,#2253,.T.);
#2934=ORIENTED_EDGE('',*,*,#2249,.F.);
#2935=ORIENTED_EDGE('',*,*,#2254,.F.);
#2936=ORIENTED_EDGE('',*,*,#2255,.T.);
#2937=ORIENTED_EDGE('',*,*,#2256,.T.);
#2938=ORIENTED_EDGE('',*,*,#2252,.F.);
#2939=ORIENTED_EDGE('',*,*,#2257,.F.);
#2940=ORIENTED_EDGE('',*,*,#2258,.T.);
#2941=ORIENTED_EDGE('',*,*,#2259,.T.);
#2942=ORIENTED_EDGE('',*,*,#2255,.F.);
#2943=ORIENTED_EDGE('',*,*,#2260,.F.);
#2944=ORIENTED_EDGE('',*,*,#2261,.T.);
#2945=ORIENTED_EDGE('',*,*,#2262,.T.);
#2946=ORIENTED_EDGE('',*,*,#2258,.F.);
#2947=ORIENTED_EDGE('',*,*,#2263,.F.);
#2948=ORIENTED_EDGE('',*,*,#2264,.T.);
#2949=ORIENTED_EDGE('',*,*,#2265,.T.);
#2950=ORIENTED_EDGE('',*,*,#2261,.F.);
#2951=ORIENTED_EDGE('',*,*,#2266,.F.);
#2952=ORIENTED_EDGE('',*,*,#2267,.T.);
#2953=ORIENTED_EDGE('',*,*,#2268,.T.);
#2954=ORIENTED_EDGE('',*,*,#2264,.F.);
#2955=ORIENTED_EDGE('',*,*,#2269,.F.);
#2956=ORIENTED_EDGE('',*,*,#2270,.T.);
#2957=ORIENTED_EDGE('',*,*,#2271,.T.);
#2958=ORIENTED_EDGE('',*,*,#2267,.F.);
#2959=ORIENTED_EDGE('',*,*,#2272,.F.);
#2960=ORIENTED_EDGE('',*,*,#2273,.T.);
#2961=ORIENTED_EDGE('',*,*,#2274,.T.);
#2962=ORIENTED_EDGE('',*,*,#2270,.F.);
#2963=ORIENTED_EDGE('',*,*,#2275,.F.);
#2964=ORIENTED_EDGE('',*,*,#2276,.T.);
#2965=ORIENTED_EDGE('',*,*,#2277,.T.);
#2966=ORIENTED_EDGE('',*,*,#2273,.F.);
#2967=ORIENTED_EDGE('',*,*,#2278,.F.);
#2968=ORIENTED_EDGE('',*,*,#2279,.T.);
#2969=ORIENTED_EDGE('',*,*,#2280,.T.);
#2970=ORIENTED_EDGE('',*,*,#2276,.F.);
#2971=ORIENTED_EDGE('',*,*,#2281,.F.);
#2972=ORIENTED_EDGE('',*,*,#2282,.T.);
#2973=ORIENTED_EDGE('',*,*,#2283,.T.);
#2974=ORIENTED_EDGE('',*,*,#2279,.F.);
#2975=ORIENTED_EDGE('',*,*,#2284,.F.);
#2976=ORIENTED_EDGE('',*,*,#2285,.T.);
#2977=ORIENTED_EDGE('',*,*,#2286,.T.);
#2978=ORIENTED_EDGE('',*,*,#2282,.F.);
#2979=ORIENTED_EDGE('',*,*,#2287,.F.);
#2980=ORIENTED_EDGE('',*,*,#2288,.T.);
#2981=ORIENTED_EDGE('',*,*,#2289,.T.);
#2982=ORIENTED_EDGE('',*,*,#2285,.F.);
#2983=ORIENTED_EDGE('',*,*,#2290,.F.);
#2984=ORIENTED_EDGE('',*,*,#2291,.T.);
#2985=ORIENTED_EDGE('',*,*,#2292,.T.);
#2986=ORIENTED_EDGE('',*,*,#2288,.F.);
#2987=ORIENTED_EDGE('',*,*,#2293,.F.);
#2988=ORIENTED_EDGE('',*,*,#2294,.T.);
#2989=ORIENTED_EDGE('',*,*,#2295,.T.);
#2990=ORIENTED_EDGE('',*,*,#2291,.F.);
#2991=ORIENTED_EDGE('',*,*,#2296,.F.);
#2992=ORIENTED_EDGE('',*,*,#2297,.T.);
#2993=ORIENTED_EDGE('',*,*,#2298,.T.);
#2994=ORIENTED_EDGE('',*,*,#2294,.F.);
#2995=ORIENTED_EDGE('',*,*,#2299,.F.);
#2996=ORIENTED_EDGE('',*,*,#2300,.T.);
#2997=ORIENTED_EDGE('',*,*,#2301,.T.);
#2998=ORIENTED_EDGE('',*,*,#2297,.F.);
#2999=ORIENTED_EDGE('',*,*,#2302,.F.);
#3000=ORIENTED_EDGE('',*,*,#2303,.T.);
#3001=ORIENTED_EDGE('',*,*,#2304,.T.);
#3002=ORIENTED_EDGE('',*,*,#2300,.F.);
#3003=ORIENTED_EDGE('',*,*,#2305,.F.);
#3004=ORIENTED_EDGE('',*,*,#2306,.T.);
#3005=ORIENTED_EDGE('',*,*,#2307,.T.);
#3006=ORIENTED_EDGE('',*,*,#2303,.F.);
#3007=ORIENTED_EDGE('',*,*,#2308,.F.);
#3008=ORIENTED_EDGE('',*,*,#2309,.T.);
#3009=ORIENTED_EDGE('',*,*,#2310,.T.);
#3010=ORIENTED_EDGE('',*,*,#2306,.F.);
#3011=ORIENTED_EDGE('',*,*,#2311,.F.);
#3012=ORIENTED_EDGE('',*,*,#2226,.T.);
#3013=ORIENTED_EDGE('',*,*,#2312,.T.);
#3014=ORIENTED_EDGE('',*,*,#2309,.F.);
#3015=ORIENTED_EDGE('',*,*,#2312,.F.);
#3016=ORIENTED_EDGE('',*,*,#2225,.F.);
#3017=ORIENTED_EDGE('',*,*,#2229,.F.);
#3018=ORIENTED_EDGE('',*,*,#2232,.F.);
#3019=ORIENTED_EDGE('',*,*,#2235,.F.);
#3020=ORIENTED_EDGE('',*,*,#2238,.F.);
#3021=ORIENTED_EDGE('',*,*,#2241,.F.);
#3022=ORIENTED_EDGE('',*,*,#2244,.F.);
#3023=ORIENTED_EDGE('',*,*,#2247,.F.);
#3024=ORIENTED_EDGE('',*,*,#2250,.F.);
#3025=ORIENTED_EDGE('',*,*,#2253,.F.);
#3026=ORIENTED_EDGE('',*,*,#2256,.F.);
#3027=ORIENTED_EDGE('',*,*,#2259,.F.);
#3028=ORIENTED_EDGE('',*,*,#2262,.F.);
#3029=ORIENTED_EDGE('',*,*,#2265,.F.);
#3030=ORIENTED_EDGE('',*,*,#2268,.F.);
#3031=ORIENTED_EDGE('',*,*,#2271,.F.);
#3032=ORIENTED_EDGE('',*,*,#2274,.F.);
#3033=ORIENTED_EDGE('',*,*,#2277,.F.);
#3034=ORIENTED_EDGE('',*,*,#2280,.F.);
#3035=ORIENTED_EDGE('',*,*,#2283,.F.);
#3036=ORIENTED_EDGE('',*,*,#2286,.F.);
#3037=ORIENTED_EDGE('',*,*,#2289,.F.);
#3038=ORIENTED_EDGE('',*,*,#2292,.F.);
#3039=ORIENTED_EDGE('',*,*,#2295,.F.);
#3040=ORIENTED_EDGE('',*,*,#2298,.F.);
#3041=ORIENTED_EDGE('',*,*,#2301,.F.);
#3042=ORIENTED_EDGE('',*,*,#2304,.F.);
#3043=ORIENTED_EDGE('',*,*,#2307,.F.);
#3044=ORIENTED_EDGE('',*,*,#2310,.F.);
#3045=ORIENTED_EDGE('',*,*,#2313,.F.);
#3046=ORIENTED_EDGE('',*,*,#2314,.T.);
#3047=ORIENTED_EDGE('',*,*,#2315,.T.);
#3048=ORIENTED_EDGE('',*,*,#2316,.F.);
#3049=ORIENTED_EDGE('',*,*,#2317,.F.);
#3050=ORIENTED_EDGE('',*,*,#2318,.T.);
#3051=ORIENTED_EDGE('',*,*,#2319,.T.);
#3052=ORIENTED_EDGE('',*,*,#2314,.F.);
#3053=ORIENTED_EDGE('',*,*,#2320,.F.);
#3054=ORIENTED_EDGE('',*,*,#2321,.T.);
#3055=ORIENTED_EDGE('',*,*,#2322,.T.);
#3056=ORIENTED_EDGE('',*,*,#2318,.F.);
#3057=ORIENTED_EDGE('',*,*,#2323,.F.);
#3058=ORIENTED_EDGE('',*,*,#2324,.T.);
#3059=ORIENTED_EDGE('',*,*,#2325,.T.);
#3060=ORIENTED_EDGE('',*,*,#2321,.F.);
#3061=ORIENTED_EDGE('',*,*,#2326,.F.);
#3062=ORIENTED_EDGE('',*,*,#2327,.T.);
#3063=ORIENTED_EDGE('',*,*,#2328,.T.);
#3064=ORIENTED_EDGE('',*,*,#2324,.F.);
#3065=ORIENTED_EDGE('',*,*,#2329,.F.);
#3066=ORIENTED_EDGE('',*,*,#2330,.T.);
#3067=ORIENTED_EDGE('',*,*,#2331,.T.);
#3068=ORIENTED_EDGE('',*,*,#2327,.F.);
#3069=ORIENTED_EDGE('',*,*,#2332,.F.);
#3070=ORIENTED_EDGE('',*,*,#2333,.T.);
#3071=ORIENTED_EDGE('',*,*,#2334,.T.);
#3072=ORIENTED_EDGE('',*,*,#2330,.F.);
#3073=ORIENTED_EDGE('',*,*,#2335,.F.);
#3074=ORIENTED_EDGE('',*,*,#2336,.T.);
#3075=ORIENTED_EDGE('',*,*,#2337,.T.);
#3076=ORIENTED_EDGE('',*,*,#2333,.F.);
#3077=ORIENTED_EDGE('',*,*,#2338,.F.);
#3078=ORIENTED_EDGE('',*,*,#2339,.T.);
#3079=ORIENTED_EDGE('',*,*,#2340,.T.);
#3080=ORIENTED_EDGE('',*,*,#2336,.F.);
#3081=ORIENTED_EDGE('',*,*,#2341,.F.);
#3082=ORIENTED_EDGE('',*,*,#2342,.T.);
#3083=ORIENTED_EDGE('',*,*,#2343,.T.);
#3084=ORIENTED_EDGE('',*,*,#2339,.F.);
#3085=ORIENTED_EDGE('',*,*,#2344,.F.);
#3086=ORIENTED_EDGE('',*,*,#2345,.T.);
#3087=ORIENTED_EDGE('',*,*,#2346,.T.);
#3088=ORIENTED_EDGE('',*,*,#2342,.F.);
#3089=ORIENTED_EDGE('',*,*,#2347,.F.);
#3090=ORIENTED_EDGE('',*,*,#2348,.T.);
#3091=ORIENTED_EDGE('',*,*,#2349,.T.);
#3092=ORIENTED_EDGE('',*,*,#2345,.F.);
#3093=ORIENTED_EDGE('',*,*,#2350,.F.);
#3094=ORIENTED_EDGE('',*,*,#2351,.T.);
#3095=ORIENTED_EDGE('',*,*,#2352,.T.);
#3096=ORIENTED_EDGE('',*,*,#2348,.F.);
#3097=ORIENTED_EDGE('',*,*,#2353,.F.);
#3098=ORIENTED_EDGE('',*,*,#2354,.T.);
#3099=ORIENTED_EDGE('',*,*,#2355,.T.);
#3100=ORIENTED_EDGE('',*,*,#2351,.F.);
#3101=ORIENTED_EDGE('',*,*,#2356,.F.);
#3102=ORIENTED_EDGE('',*,*,#2357,.T.);
#3103=ORIENTED_EDGE('',*,*,#2358,.T.);
#3104=ORIENTED_EDGE('',*,*,#2354,.F.);
#3105=ORIENTED_EDGE('',*,*,#2359,.F.);
#3106=ORIENTED_EDGE('',*,*,#2360,.T.);
#3107=ORIENTED_EDGE('',*,*,#2361,.T.);
#3108=ORIENTED_EDGE('',*,*,#2357,.F.);
#3109=ORIENTED_EDGE('',*,*,#2362,.F.);
#3110=ORIENTED_EDGE('',*,*,#2363,.T.);
#3111=ORIENTED_EDGE('',*,*,#2364,.T.);
#3112=ORIENTED_EDGE('',*,*,#2360,.F.);
#3113=ORIENTED_EDGE('',*,*,#2365,.F.);
#3114=ORIENTED_EDGE('',*,*,#2366,.T.);
#3115=ORIENTED_EDGE('',*,*,#2367,.T.);
#3116=ORIENTED_EDGE('',*,*,#2363,.F.);
#3117=ORIENTED_EDGE('',*,*,#2368,.F.);
#3118=ORIENTED_EDGE('',*,*,#2369,.T.);
#3119=ORIENTED_EDGE('',*,*,#2370,.T.);
#3120=ORIENTED_EDGE('',*,*,#2366,.F.);
#3121=ORIENTED_EDGE('',*,*,#2371,.F.);
#3122=ORIENTED_EDGE('',*,*,#2372,.T.);
#3123=ORIENTED_EDGE('',*,*,#2373,.T.);
#3124=ORIENTED_EDGE('',*,*,#2369,.F.);
#3125=ORIENTED_EDGE('',*,*,#2374,.F.);
#3126=ORIENTED_EDGE('',*,*,#2316,.T.);
#3127=ORIENTED_EDGE('',*,*,#2375,.T.);
#3128=ORIENTED_EDGE('',*,*,#2372,.F.);
#3129=ORIENTED_EDGE('',*,*,#2375,.F.);
#3130=ORIENTED_EDGE('',*,*,#2315,.F.);
#3131=ORIENTED_EDGE('',*,*,#2319,.F.);
#3132=ORIENTED_EDGE('',*,*,#2322,.F.);
#3133=ORIENTED_EDGE('',*,*,#2325,.F.);
#3134=ORIENTED_EDGE('',*,*,#2328,.F.);
#3135=ORIENTED_EDGE('',*,*,#2331,.F.);
#3136=ORIENTED_EDGE('',*,*,#2334,.F.);
#3137=ORIENTED_EDGE('',*,*,#2337,.F.);
#3138=ORIENTED_EDGE('',*,*,#2340,.F.);
#3139=ORIENTED_EDGE('',*,*,#2343,.F.);
#3140=ORIENTED_EDGE('',*,*,#2346,.F.);
#3141=ORIENTED_EDGE('',*,*,#2349,.F.);
#3142=ORIENTED_EDGE('',*,*,#2352,.F.);
#3143=ORIENTED_EDGE('',*,*,#2355,.F.);
#3144=ORIENTED_EDGE('',*,*,#2358,.F.);
#3145=ORIENTED_EDGE('',*,*,#2361,.F.);
#3146=ORIENTED_EDGE('',*,*,#2364,.F.);
#3147=ORIENTED_EDGE('',*,*,#2367,.F.);
#3148=ORIENTED_EDGE('',*,*,#2370,.F.);
#3149=ORIENTED_EDGE('',*,*,#2373,.F.);
#3150=ORIENTED_EDGE('',*,*,#2376,.F.);
#3151=ORIENTED_EDGE('',*,*,#2377,.T.);
#3152=ORIENTED_EDGE('',*,*,#2378,.T.);
#3153=ORIENTED_EDGE('',*,*,#2379,.F.);
#3154=ORIENTED_EDGE('',*,*,#2380,.F.);
#3155=ORIENTED_EDGE('',*,*,#2381,.T.);
#3156=ORIENTED_EDGE('',*,*,#2382,.T.);
#3157=ORIENTED_EDGE('',*,*,#2377,.F.);
#3158=ORIENTED_EDGE('',*,*,#2383,.F.);
#3159=ORIENTED_EDGE('',*,*,#2384,.T.);
#3160=ORIENTED_EDGE('',*,*,#2385,.T.);
#3161=ORIENTED_EDGE('',*,*,#2381,.F.);
#3162=ORIENTED_EDGE('',*,*,#2386,.F.);
#3163=ORIENTED_EDGE('',*,*,#2379,.T.);
#3164=ORIENTED_EDGE('',*,*,#2387,.T.);
#3165=ORIENTED_EDGE('',*,*,#2384,.F.);
#3166=ORIENTED_EDGE('',*,*,#2387,.F.);
#3167=ORIENTED_EDGE('',*,*,#2378,.F.);
#3168=ORIENTED_EDGE('',*,*,#2382,.F.);
#3169=ORIENTED_EDGE('',*,*,#2385,.F.);
#3170=ORIENTED_EDGE('',*,*,#2388,.F.);
#3171=ORIENTED_EDGE('',*,*,#2389,.T.);
#3172=ORIENTED_EDGE('',*,*,#2390,.T.);
#3173=ORIENTED_EDGE('',*,*,#2391,.F.);
#3174=ORIENTED_EDGE('',*,*,#2392,.F.);
#3175=ORIENTED_EDGE('',*,*,#2393,.T.);
#3176=ORIENTED_EDGE('',*,*,#2394,.T.);
#3177=ORIENTED_EDGE('',*,*,#2389,.F.);
#3178=ORIENTED_EDGE('',*,*,#2395,.F.);
#3179=ORIENTED_EDGE('',*,*,#2396,.T.);
#3180=ORIENTED_EDGE('',*,*,#2397,.T.);
#3181=ORIENTED_EDGE('',*,*,#2393,.F.);
#3182=ORIENTED_EDGE('',*,*,#2398,.F.);
#3183=ORIENTED_EDGE('',*,*,#2391,.T.);
#3184=ORIENTED_EDGE('',*,*,#2399,.T.);
#3185=ORIENTED_EDGE('',*,*,#2396,.F.);
#3186=ORIENTED_EDGE('',*,*,#2399,.F.);
#3187=ORIENTED_EDGE('',*,*,#2390,.F.);
#3188=ORIENTED_EDGE('',*,*,#2394,.F.);
#3189=ORIENTED_EDGE('',*,*,#2397,.F.);
#3190=ORIENTED_EDGE('',*,*,#2400,.F.);
#3191=ORIENTED_EDGE('',*,*,#2401,.T.);
#3192=ORIENTED_EDGE('',*,*,#2402,.T.);
#3193=ORIENTED_EDGE('',*,*,#2403,.F.);
#3194=ORIENTED_EDGE('',*,*,#2404,.F.);
#3195=ORIENTED_EDGE('',*,*,#2405,.T.);
#3196=ORIENTED_EDGE('',*,*,#2406,.T.);
#3197=ORIENTED_EDGE('',*,*,#2401,.F.);
#3198=ORIENTED_EDGE('',*,*,#2407,.F.);
#3199=ORIENTED_EDGE('',*,*,#2408,.T.);
#3200=ORIENTED_EDGE('',*,*,#2409,.T.);
#3201=ORIENTED_EDGE('',*,*,#2405,.F.);
#3202=ORIENTED_EDGE('',*,*,#2410,.F.);
#3203=ORIENTED_EDGE('',*,*,#2403,.T.);
#3204=ORIENTED_EDGE('',*,*,#2411,.T.);
#3205=ORIENTED_EDGE('',*,*,#2408,.F.);
#3206=ORIENTED_EDGE('',*,*,#2411,.F.);
#3207=ORIENTED_EDGE('',*,*,#2402,.F.);
#3208=ORIENTED_EDGE('',*,*,#2406,.F.);
#3209=ORIENTED_EDGE('',*,*,#2409,.F.);
#3210=ORIENTED_EDGE('',*,*,#2412,.F.);
#3211=ORIENTED_EDGE('',*,*,#2413,.T.);
#3212=ORIENTED_EDGE('',*,*,#2414,.T.);
#3213=ORIENTED_EDGE('',*,*,#2415,.F.);
#3214=ORIENTED_EDGE('',*,*,#2416,.F.);
#3215=ORIENTED_EDGE('',*,*,#2417,.T.);
#3216=ORIENTED_EDGE('',*,*,#2418,.T.);
#3217=ORIENTED_EDGE('',*,*,#2413,.F.);
#3218=ORIENTED_EDGE('',*,*,#2419,.F.);
#3219=ORIENTED_EDGE('',*,*,#2420,.T.);
#3220=ORIENTED_EDGE('',*,*,#2421,.T.);
#3221=ORIENTED_EDGE('',*,*,#2417,.F.);
#3222=ORIENTED_EDGE('',*,*,#2422,.F.);
#3223=ORIENTED_EDGE('',*,*,#2415,.T.);
#3224=ORIENTED_EDGE('',*,*,#2423,.T.);
#3225=ORIENTED_EDGE('',*,*,#2420,.F.);
#3226=ORIENTED_EDGE('',*,*,#2423,.F.);
#3227=ORIENTED_EDGE('',*,*,#2414,.F.);
#3228=ORIENTED_EDGE('',*,*,#2418,.F.);
#3229=ORIENTED_EDGE('',*,*,#2421,.F.);
#3230=ORIENTED_EDGE('',*,*,#2424,.F.);
#3231=ORIENTED_EDGE('',*,*,#2425,.T.);
#3232=ORIENTED_EDGE('',*,*,#2426,.T.);
#3233=ORIENTED_EDGE('',*,*,#2427,.F.);
#3234=ORIENTED_EDGE('',*,*,#2428,.F.);
#3235=ORIENTED_EDGE('',*,*,#2429,.T.);
#3236=ORIENTED_EDGE('',*,*,#2430,.T.);
#3237=ORIENTED_EDGE('',*,*,#2425,.F.);
#3238=ORIENTED_EDGE('',*,*,#2431,.F.);
#3239=ORIENTED_EDGE('',*,*,#2432,.T.);
#3240=ORIENTED_EDGE('',*,*,#2433,.T.);
#3241=ORIENTED_EDGE('',*,*,#2429,.F.);
#3242=ORIENTED_EDGE('',*,*,#2434,.F.);
#3243=ORIENTED_EDGE('',*,*,#2427,.T.);
#3244=ORIENTED_EDGE('',*,*,#2435,.T.);
#3245=ORIENTED_EDGE('',*,*,#2432,.F.);
#3246=ORIENTED_EDGE('',*,*,#2435,.F.);
#3247=ORIENTED_EDGE('',*,*,#2426,.F.);
#3248=ORIENTED_EDGE('',*,*,#2430,.F.);
#3249=ORIENTED_EDGE('',*,*,#2433,.F.);
#3250=ORIENTED_EDGE('',*,*,#2436,.F.);
#3251=ORIENTED_EDGE('',*,*,#2437,.T.);
#3252=ORIENTED_EDGE('',*,*,#2438,.T.);
#3253=ORIENTED_EDGE('',*,*,#2439,.F.);
#3254=ORIENTED_EDGE('',*,*,#2440,.F.);
#3255=ORIENTED_EDGE('',*,*,#2441,.T.);
#3256=ORIENTED_EDGE('',*,*,#2442,.T.);
#3257=ORIENTED_EDGE('',*,*,#2437,.F.);
#3258=ORIENTED_EDGE('',*,*,#2443,.F.);
#3259=ORIENTED_EDGE('',*,*,#2444,.T.);
#3260=ORIENTED_EDGE('',*,*,#2445,.T.);
#3261=ORIENTED_EDGE('',*,*,#2441,.F.);
#3262=ORIENTED_EDGE('',*,*,#2446,.F.);
#3263=ORIENTED_EDGE('',*,*,#2439,.T.);
#3264=ORIENTED_EDGE('',*,*,#2447,.T.);
#3265=ORIENTED_EDGE('',*,*,#2444,.F.);
#3266=ORIENTED_EDGE('',*,*,#2447,.F.);
#3267=ORIENTED_EDGE('',*,*,#2438,.F.);
#3268=ORIENTED_EDGE('',*,*,#2442,.F.);
#3269=ORIENTED_EDGE('',*,*,#2445,.F.);
#3270=ORIENTED_EDGE('',*,*,#2448,.F.);
#3271=ORIENTED_EDGE('',*,*,#2449,.T.);
#3272=ORIENTED_EDGE('',*,*,#2450,.T.);
#3273=ORIENTED_EDGE('',*,*,#2451,.F.);
#3274=ORIENTED_EDGE('',*,*,#2452,.F.);
#3275=ORIENTED_EDGE('',*,*,#2453,.T.);
#3276=ORIENTED_EDGE('',*,*,#2454,.T.);
#3277=ORIENTED_EDGE('',*,*,#2449,.F.);
#3278=ORIENTED_EDGE('',*,*,#2455,.F.);
#3279=ORIENTED_EDGE('',*,*,#2456,.T.);
#3280=ORIENTED_EDGE('',*,*,#2457,.T.);
#3281=ORIENTED_EDGE('',*,*,#2453,.F.);
#3282=ORIENTED_EDGE('',*,*,#2458,.F.);
#3283=ORIENTED_EDGE('',*,*,#2451,.T.);
#3284=ORIENTED_EDGE('',*,*,#2459,.T.);
#3285=ORIENTED_EDGE('',*,*,#2456,.F.);
#3286=ORIENTED_EDGE('',*,*,#2459,.F.);
#3287=ORIENTED_EDGE('',*,*,#2450,.F.);
#3288=ORIENTED_EDGE('',*,*,#2454,.F.);
#3289=ORIENTED_EDGE('',*,*,#2457,.F.);
#3290=ORIENTED_EDGE('',*,*,#2460,.F.);
#3291=ORIENTED_EDGE('',*,*,#2461,.T.);
#3292=ORIENTED_EDGE('',*,*,#2462,.T.);
#3293=ORIENTED_EDGE('',*,*,#2463,.F.);
#3294=ORIENTED_EDGE('',*,*,#2464,.F.);
#3295=ORIENTED_EDGE('',*,*,#2465,.T.);
#3296=ORIENTED_EDGE('',*,*,#2466,.T.);
#3297=ORIENTED_EDGE('',*,*,#2461,.F.);
#3298=ORIENTED_EDGE('',*,*,#2467,.F.);
#3299=ORIENTED_EDGE('',*,*,#2468,.T.);
#3300=ORIENTED_EDGE('',*,*,#2469,.T.);
#3301=ORIENTED_EDGE('',*,*,#2465,.F.);
#3302=ORIENTED_EDGE('',*,*,#2470,.F.);
#3303=ORIENTED_EDGE('',*,*,#2471,.T.);
#3304=ORIENTED_EDGE('',*,*,#2472,.T.);
#3305=ORIENTED_EDGE('',*,*,#2468,.F.);
#3306=ORIENTED_EDGE('',*,*,#2473,.F.);
#3307=ORIENTED_EDGE('',*,*,#2474,.T.);
#3308=ORIENTED_EDGE('',*,*,#2475,.T.);
#3309=ORIENTED_EDGE('',*,*,#2471,.F.);
#3310=ORIENTED_EDGE('',*,*,#2476,.F.);
#3311=ORIENTED_EDGE('',*,*,#2477,.T.);
#3312=ORIENTED_EDGE('',*,*,#2478,.T.);
#3313=ORIENTED_EDGE('',*,*,#2474,.F.);
#3314=ORIENTED_EDGE('',*,*,#2479,.F.);
#3315=ORIENTED_EDGE('',*,*,#2480,.T.);
#3316=ORIENTED_EDGE('',*,*,#2481,.T.);
#3317=ORIENTED_EDGE('',*,*,#2477,.F.);
#3318=ORIENTED_EDGE('',*,*,#2482,.F.);
#3319=ORIENTED_EDGE('',*,*,#2463,.T.);
#3320=ORIENTED_EDGE('',*,*,#2483,.T.);
#3321=ORIENTED_EDGE('',*,*,#2480,.F.);
#3322=ORIENTED_EDGE('',*,*,#2483,.F.);
#3323=ORIENTED_EDGE('',*,*,#2462,.F.);
#3324=ORIENTED_EDGE('',*,*,#2466,.F.);
#3325=ORIENTED_EDGE('',*,*,#2469,.F.);
#3326=ORIENTED_EDGE('',*,*,#2472,.F.);
#3327=ORIENTED_EDGE('',*,*,#2475,.F.);
#3328=ORIENTED_EDGE('',*,*,#2478,.F.);
#3329=ORIENTED_EDGE('',*,*,#2481,.F.);
#3330=ORIENTED_EDGE('',*,*,#2484,.F.);
#3331=ORIENTED_EDGE('',*,*,#2485,.T.);
#3332=ORIENTED_EDGE('',*,*,#2486,.T.);
#3333=ORIENTED_EDGE('',*,*,#2487,.F.);
#3334=ORIENTED_EDGE('',*,*,#2488,.F.);
#3335=ORIENTED_EDGE('',*,*,#2489,.T.);
#3336=ORIENTED_EDGE('',*,*,#2490,.T.);
#3337=ORIENTED_EDGE('',*,*,#2485,.F.);
#3338=ORIENTED_EDGE('',*,*,#2491,.F.);
#3339=ORIENTED_EDGE('',*,*,#2492,.T.);
#3340=ORIENTED_EDGE('',*,*,#2493,.T.);
#3341=ORIENTED_EDGE('',*,*,#2489,.F.);
#3342=ORIENTED_EDGE('',*,*,#2494,.F.);
#3343=ORIENTED_EDGE('',*,*,#2495,.T.);
#3344=ORIENTED_EDGE('',*,*,#2496,.T.);
#3345=ORIENTED_EDGE('',*,*,#2492,.F.);
#3346=ORIENTED_EDGE('',*,*,#2497,.F.);
#3347=ORIENTED_EDGE('',*,*,#2498,.T.);
#3348=ORIENTED_EDGE('',*,*,#2499,.T.);
#3349=ORIENTED_EDGE('',*,*,#2495,.F.);
#3350=ORIENTED_EDGE('',*,*,#2500,.F.);
#3351=ORIENTED_EDGE('',*,*,#2501,.T.);
#3352=ORIENTED_EDGE('',*,*,#2502,.T.);
#3353=ORIENTED_EDGE('',*,*,#2498,.F.);
#3354=ORIENTED_EDGE('',*,*,#2503,.F.);
#3355=ORIENTED_EDGE('',*,*,#2504,.T.);
#3356=ORIENTED_EDGE('',*,*,#2505,.T.);
#3357=ORIENTED_EDGE('',*,*,#2501,.F.);
#3358=ORIENTED_EDGE('',*,*,#2506,.F.);
#3359=ORIENTED_EDGE('',*,*,#2487,.T.);
#3360=ORIENTED_EDGE('',*,*,#2507,.T.);
#3361=ORIENTED_EDGE('',*,*,#2504,.F.);
#3362=ORIENTED_EDGE('',*,*,#2508,.F.);
#3363=ORIENTED_EDGE('',*,*,#2509,.T.);
#3364=ORIENTED_EDGE('',*,*,#2510,.T.);
#3365=ORIENTED_EDGE('',*,*,#2511,.F.);
#3366=ORIENTED_EDGE('',*,*,#2512,.F.);
#3367=ORIENTED_EDGE('',*,*,#2513,.T.);
#3368=ORIENTED_EDGE('',*,*,#2514,.T.);
#3369=ORIENTED_EDGE('',*,*,#2509,.F.);
#3370=ORIENTED_EDGE('',*,*,#2515,.F.);
#3371=ORIENTED_EDGE('',*,*,#2516,.T.);
#3372=ORIENTED_EDGE('',*,*,#2517,.T.);
#3373=ORIENTED_EDGE('',*,*,#2513,.F.);
#3374=ORIENTED_EDGE('',*,*,#2518,.F.);
#3375=ORIENTED_EDGE('',*,*,#2519,.T.);
#3376=ORIENTED_EDGE('',*,*,#2520,.T.);
#3377=ORIENTED_EDGE('',*,*,#2516,.F.);
#3378=ORIENTED_EDGE('',*,*,#2521,.F.);
#3379=ORIENTED_EDGE('',*,*,#2522,.T.);
#3380=ORIENTED_EDGE('',*,*,#2523,.T.);
#3381=ORIENTED_EDGE('',*,*,#2519,.F.);
#3382=ORIENTED_EDGE('',*,*,#2524,.F.);
#3383=ORIENTED_EDGE('',*,*,#2525,.T.);
#3384=ORIENTED_EDGE('',*,*,#2526,.T.);
#3385=ORIENTED_EDGE('',*,*,#2522,.F.);
#3386=ORIENTED_EDGE('',*,*,#2527,.F.);
#3387=ORIENTED_EDGE('',*,*,#2528,.T.);
#3388=ORIENTED_EDGE('',*,*,#2529,.T.);
#3389=ORIENTED_EDGE('',*,*,#2525,.F.);
#3390=ORIENTED_EDGE('',*,*,#2530,.F.);
#3391=ORIENTED_EDGE('',*,*,#2531,.T.);
#3392=ORIENTED_EDGE('',*,*,#2532,.T.);
#3393=ORIENTED_EDGE('',*,*,#2528,.F.);
#3394=ORIENTED_EDGE('',*,*,#2533,.F.);
#3395=ORIENTED_EDGE('',*,*,#2534,.T.);
#3396=ORIENTED_EDGE('',*,*,#2535,.T.);
#3397=ORIENTED_EDGE('',*,*,#2531,.F.);
#3398=ORIENTED_EDGE('',*,*,#2536,.F.);
#3399=ORIENTED_EDGE('',*,*,#2537,.T.);
#3400=ORIENTED_EDGE('',*,*,#2538,.T.);
#3401=ORIENTED_EDGE('',*,*,#2534,.F.);
#3402=ORIENTED_EDGE('',*,*,#2539,.F.);
#3403=ORIENTED_EDGE('',*,*,#2540,.T.);
#3404=ORIENTED_EDGE('',*,*,#2541,.T.);
#3405=ORIENTED_EDGE('',*,*,#2537,.F.);
#3406=ORIENTED_EDGE('',*,*,#2542,.F.);
#3407=ORIENTED_EDGE('',*,*,#2543,.T.);
#3408=ORIENTED_EDGE('',*,*,#2544,.T.);
#3409=ORIENTED_EDGE('',*,*,#2540,.F.);
#3410=ORIENTED_EDGE('',*,*,#2545,.F.);
#3411=ORIENTED_EDGE('',*,*,#2546,.T.);
#3412=ORIENTED_EDGE('',*,*,#2547,.T.);
#3413=ORIENTED_EDGE('',*,*,#2543,.F.);
#3414=ORIENTED_EDGE('',*,*,#2548,.F.);
#3415=ORIENTED_EDGE('',*,*,#2549,.T.);
#3416=ORIENTED_EDGE('',*,*,#2550,.T.);
#3417=ORIENTED_EDGE('',*,*,#2546,.F.);
#3418=ORIENTED_EDGE('',*,*,#2551,.F.);
#3419=ORIENTED_EDGE('',*,*,#2511,.T.);
#3420=ORIENTED_EDGE('',*,*,#2552,.T.);
#3421=ORIENTED_EDGE('',*,*,#2549,.F.);
#3422=ORIENTED_EDGE('',*,*,#2552,.F.);
#3423=ORIENTED_EDGE('',*,*,#2510,.F.);
#3424=ORIENTED_EDGE('',*,*,#2514,.F.);
#3425=ORIENTED_EDGE('',*,*,#2517,.F.);
#3426=ORIENTED_EDGE('',*,*,#2520,.F.);
#3427=ORIENTED_EDGE('',*,*,#2523,.F.);
#3428=ORIENTED_EDGE('',*,*,#2526,.F.);
#3429=ORIENTED_EDGE('',*,*,#2529,.F.);
#3430=ORIENTED_EDGE('',*,*,#2532,.F.);
#3431=ORIENTED_EDGE('',*,*,#2535,.F.);
#3432=ORIENTED_EDGE('',*,*,#2538,.F.);
#3433=ORIENTED_EDGE('',*,*,#2541,.F.);
#3434=ORIENTED_EDGE('',*,*,#2544,.F.);
#3435=ORIENTED_EDGE('',*,*,#2547,.F.);
#3436=ORIENTED_EDGE('',*,*,#2550,.F.);
#3437=ORIENTED_EDGE('',*,*,#2507,.F.);
#3438=ORIENTED_EDGE('',*,*,#2486,.F.);
#3439=ORIENTED_EDGE('',*,*,#2490,.F.);
#3440=ORIENTED_EDGE('',*,*,#2493,.F.);
#3441=ORIENTED_EDGE('',*,*,#2496,.F.);
#3442=ORIENTED_EDGE('',*,*,#2499,.F.);
#3443=ORIENTED_EDGE('',*,*,#2502,.F.);
#3444=ORIENTED_EDGE('',*,*,#2505,.F.);
#3445=ORIENTED_EDGE('',*,*,#2553,.F.);
#3446=ORIENTED_EDGE('',*,*,#2554,.T.);
#3447=ORIENTED_EDGE('',*,*,#2555,.T.);
#3448=ORIENTED_EDGE('',*,*,#2556,.F.);
#3449=ORIENTED_EDGE('',*,*,#2557,.F.);
#3450=ORIENTED_EDGE('',*,*,#2558,.T.);
#3451=ORIENTED_EDGE('',*,*,#2559,.T.);
#3452=ORIENTED_EDGE('',*,*,#2554,.F.);
#3453=ORIENTED_EDGE('',*,*,#2560,.F.);
#3454=ORIENTED_EDGE('',*,*,#2561,.T.);
#3455=ORIENTED_EDGE('',*,*,#2562,.T.);
#3456=ORIENTED_EDGE('',*,*,#2558,.F.);
#3457=ORIENTED_EDGE('',*,*,#2563,.F.);
#3458=ORIENTED_EDGE('',*,*,#2564,.T.);
#3459=ORIENTED_EDGE('',*,*,#2565,.T.);
#3460=ORIENTED_EDGE('',*,*,#2561,.F.);
#3461=ORIENTED_EDGE('',*,*,#2566,.F.);
#3462=ORIENTED_EDGE('',*,*,#2567,.T.);
#3463=ORIENTED_EDGE('',*,*,#2568,.T.);
#3464=ORIENTED_EDGE('',*,*,#2564,.F.);
#3465=ORIENTED_EDGE('',*,*,#2569,.F.);
#3466=ORIENTED_EDGE('',*,*,#2570,.T.);
#3467=ORIENTED_EDGE('',*,*,#2571,.T.);
#3468=ORIENTED_EDGE('',*,*,#2567,.F.);
#3469=ORIENTED_EDGE('',*,*,#2572,.F.);
#3470=ORIENTED_EDGE('',*,*,#2573,.T.);
#3471=ORIENTED_EDGE('',*,*,#2574,.T.);
#3472=ORIENTED_EDGE('',*,*,#2570,.F.);
#3473=ORIENTED_EDGE('',*,*,#2575,.F.);
#3474=ORIENTED_EDGE('',*,*,#2576,.T.);
#3475=ORIENTED_EDGE('',*,*,#2577,.T.);
#3476=ORIENTED_EDGE('',*,*,#2573,.F.);
#3477=ORIENTED_EDGE('',*,*,#2578,.F.);
#3478=ORIENTED_EDGE('',*,*,#2579,.T.);
#3479=ORIENTED_EDGE('',*,*,#2580,.T.);
#3480=ORIENTED_EDGE('',*,*,#2576,.F.);
#3481=ORIENTED_EDGE('',*,*,#2581,.F.);
#3482=ORIENTED_EDGE('',*,*,#2582,.T.);
#3483=ORIENTED_EDGE('',*,*,#2583,.T.);
#3484=ORIENTED_EDGE('',*,*,#2579,.F.);
#3485=ORIENTED_EDGE('',*,*,#2584,.F.);
#3486=ORIENTED_EDGE('',*,*,#2585,.T.);
#3487=ORIENTED_EDGE('',*,*,#2586,.T.);
#3488=ORIENTED_EDGE('',*,*,#2582,.F.);
#3489=ORIENTED_EDGE('',*,*,#2587,.F.);
#3490=ORIENTED_EDGE('',*,*,#2588,.T.);
#3491=ORIENTED_EDGE('',*,*,#2589,.T.);
#3492=ORIENTED_EDGE('',*,*,#2585,.F.);
#3493=ORIENTED_EDGE('',*,*,#2590,.F.);
#3494=ORIENTED_EDGE('',*,*,#2591,.T.);
#3495=ORIENTED_EDGE('',*,*,#2592,.T.);
#3496=ORIENTED_EDGE('',*,*,#2588,.F.);
#3497=ORIENTED_EDGE('',*,*,#2593,.F.);
#3498=ORIENTED_EDGE('',*,*,#2594,.T.);
#3499=ORIENTED_EDGE('',*,*,#2595,.T.);
#3500=ORIENTED_EDGE('',*,*,#2591,.F.);
#3501=ORIENTED_EDGE('',*,*,#2596,.F.);
#3502=ORIENTED_EDGE('',*,*,#2597,.T.);
#3503=ORIENTED_EDGE('',*,*,#2598,.T.);
#3504=ORIENTED_EDGE('',*,*,#2594,.F.);
#3505=ORIENTED_EDGE('',*,*,#2599,.F.);
#3506=ORIENTED_EDGE('',*,*,#2600,.T.);
#3507=ORIENTED_EDGE('',*,*,#2601,.T.);
#3508=ORIENTED_EDGE('',*,*,#2597,.F.);
#3509=ORIENTED_EDGE('',*,*,#2602,.F.);
#3510=ORIENTED_EDGE('',*,*,#2603,.T.);
#3511=ORIENTED_EDGE('',*,*,#2604,.T.);
#3512=ORIENTED_EDGE('',*,*,#2600,.F.);
#3513=ORIENTED_EDGE('',*,*,#2605,.F.);
#3514=ORIENTED_EDGE('',*,*,#2556,.T.);
#3515=ORIENTED_EDGE('',*,*,#2606,.T.);
#3516=ORIENTED_EDGE('',*,*,#2603,.F.);
#3517=ORIENTED_EDGE('',*,*,#2606,.F.);
#3518=ORIENTED_EDGE('',*,*,#2555,.F.);
#3519=ORIENTED_EDGE('',*,*,#2559,.F.);
#3520=ORIENTED_EDGE('',*,*,#2562,.F.);
#3521=ORIENTED_EDGE('',*,*,#2565,.F.);
#3522=ORIENTED_EDGE('',*,*,#2568,.F.);
#3523=ORIENTED_EDGE('',*,*,#2571,.F.);
#3524=ORIENTED_EDGE('',*,*,#2574,.F.);
#3525=ORIENTED_EDGE('',*,*,#2577,.F.);
#3526=ORIENTED_EDGE('',*,*,#2580,.F.);
#3527=ORIENTED_EDGE('',*,*,#2583,.F.);
#3528=ORIENTED_EDGE('',*,*,#2586,.F.);
#3529=ORIENTED_EDGE('',*,*,#2589,.F.);
#3530=ORIENTED_EDGE('',*,*,#2592,.F.);
#3531=ORIENTED_EDGE('',*,*,#2595,.F.);
#3532=ORIENTED_EDGE('',*,*,#2598,.F.);
#3533=ORIENTED_EDGE('',*,*,#2601,.F.);
#3534=ORIENTED_EDGE('',*,*,#2604,.F.);
#3535=ORIENTED_EDGE('',*,*,#2607,.F.);
#3536=ORIENTED_EDGE('',*,*,#2608,.T.);
#3537=ORIENTED_EDGE('',*,*,#2609,.T.);
#3538=ORIENTED_EDGE('',*,*,#2610,.F.);
#3539=ORIENTED_EDGE('',*,*,#2611,.F.);
#3540=ORIENTED_EDGE('',*,*,#2612,.T.);
#3541=ORIENTED_EDGE('',*,*,#2613,.T.);
#3542=ORIENTED_EDGE('',*,*,#2608,.F.);
#3543=ORIENTED_EDGE('',*,*,#2614,.F.);
#3544=ORIENTED_EDGE('',*,*,#2615,.T.);
#3545=ORIENTED_EDGE('',*,*,#2616,.T.);
#3546=ORIENTED_EDGE('',*,*,#2612,.F.);
#3547=ORIENTED_EDGE('',*,*,#2617,.F.);
#3548=ORIENTED_EDGE('',*,*,#2618,.T.);
#3549=ORIENTED_EDGE('',*,*,#2619,.T.);
#3550=ORIENTED_EDGE('',*,*,#2615,.F.);
#3551=ORIENTED_EDGE('',*,*,#2620,.F.);
#3552=ORIENTED_EDGE('',*,*,#2621,.T.);
#3553=ORIENTED_EDGE('',*,*,#2622,.T.);
#3554=ORIENTED_EDGE('',*,*,#2618,.F.);
#3555=ORIENTED_EDGE('',*,*,#2623,.F.);
#3556=ORIENTED_EDGE('',*,*,#2624,.T.);
#3557=ORIENTED_EDGE('',*,*,#2625,.T.);
#3558=ORIENTED_EDGE('',*,*,#2621,.F.);
#3559=ORIENTED_EDGE('',*,*,#2626,.F.);
#3560=ORIENTED_EDGE('',*,*,#2627,.T.);
#3561=ORIENTED_EDGE('',*,*,#2628,.T.);
#3562=ORIENTED_EDGE('',*,*,#2624,.F.);
#3563=ORIENTED_EDGE('',*,*,#2629,.F.);
#3564=ORIENTED_EDGE('',*,*,#2630,.T.);
#3565=ORIENTED_EDGE('',*,*,#2631,.T.);
#3566=ORIENTED_EDGE('',*,*,#2627,.F.);
#3567=ORIENTED_EDGE('',*,*,#2632,.F.);
#3568=ORIENTED_EDGE('',*,*,#2633,.T.);
#3569=ORIENTED_EDGE('',*,*,#2634,.T.);
#3570=ORIENTED_EDGE('',*,*,#2630,.F.);
#3571=ORIENTED_EDGE('',*,*,#2635,.F.);
#3572=ORIENTED_EDGE('',*,*,#2636,.T.);
#3573=ORIENTED_EDGE('',*,*,#2637,.T.);
#3574=ORIENTED_EDGE('',*,*,#2633,.F.);
#3575=ORIENTED_EDGE('',*,*,#2638,.F.);
#3576=ORIENTED_EDGE('',*,*,#2639,.T.);
#3577=ORIENTED_EDGE('',*,*,#2640,.T.);
#3578=ORIENTED_EDGE('',*,*,#2636,.F.);
#3579=ORIENTED_EDGE('',*,*,#2641,.F.);
#3580=ORIENTED_EDGE('',*,*,#2642,.T.);
#3581=ORIENTED_EDGE('',*,*,#2643,.T.);
#3582=ORIENTED_EDGE('',*,*,#2639,.F.);
#3583=ORIENTED_EDGE('',*,*,#2644,.F.);
#3584=ORIENTED_EDGE('',*,*,#2645,.T.);
#3585=ORIENTED_EDGE('',*,*,#2646,.T.);
#3586=ORIENTED_EDGE('',*,*,#2642,.F.);
#3587=ORIENTED_EDGE('',*,*,#2647,.F.);
#3588=ORIENTED_EDGE('',*,*,#2648,.T.);
#3589=ORIENTED_EDGE('',*,*,#2649,.T.);
#3590=ORIENTED_EDGE('',*,*,#2645,.F.);
#3591=ORIENTED_EDGE('',*,*,#2650,.F.);
#3592=ORIENTED_EDGE('',*,*,#2651,.T.);
#3593=ORIENTED_EDGE('',*,*,#2652,.T.);
#3594=ORIENTED_EDGE('',*,*,#2648,.F.);
#3595=ORIENTED_EDGE('',*,*,#2653,.F.);
#3596=ORIENTED_EDGE('',*,*,#2654,.T.);
#3597=ORIENTED_EDGE('',*,*,#2655,.T.);
#3598=ORIENTED_EDGE('',*,*,#2651,.F.);
#3599=ORIENTED_EDGE('',*,*,#2656,.F.);
#3600=ORIENTED_EDGE('',*,*,#2657,.T.);
#3601=ORIENTED_EDGE('',*,*,#2658,.T.);
#3602=ORIENTED_EDGE('',*,*,#2654,.F.);
#3603=ORIENTED_EDGE('',*,*,#2659,.F.);
#3604=ORIENTED_EDGE('',*,*,#2660,.T.);
#3605=ORIENTED_EDGE('',*,*,#2661,.T.);
#3606=ORIENTED_EDGE('',*,*,#2657,.F.);
#3607=ORIENTED_EDGE('',*,*,#2662,.F.);
#3608=ORIENTED_EDGE('',*,*,#2663,.T.);
#3609=ORIENTED_EDGE('',*,*,#2664,.T.);
#3610=ORIENTED_EDGE('',*,*,#2660,.F.);
#3611=ORIENTED_EDGE('',*,*,#2665,.F.);
#3612=ORIENTED_EDGE('',*,*,#2666,.T.);
#3613=ORIENTED_EDGE('',*,*,#2667,.T.);
#3614=ORIENTED_EDGE('',*,*,#2663,.F.);
#3615=ORIENTED_EDGE('',*,*,#2668,.F.);
#3616=ORIENTED_EDGE('',*,*,#2669,.T.);
#3617=ORIENTED_EDGE('',*,*,#2670,.T.);
#3618=ORIENTED_EDGE('',*,*,#2666,.F.);
#3619=ORIENTED_EDGE('',*,*,#2671,.F.);
#3620=ORIENTED_EDGE('',*,*,#2610,.T.);
#3621=ORIENTED_EDGE('',*,*,#2672,.T.);
#3622=ORIENTED_EDGE('',*,*,#2669,.F.);
#3623=ORIENTED_EDGE('',*,*,#2672,.F.);
#3624=ORIENTED_EDGE('',*,*,#2609,.F.);
#3625=ORIENTED_EDGE('',*,*,#2613,.F.);
#3626=ORIENTED_EDGE('',*,*,#2616,.F.);
#3627=ORIENTED_EDGE('',*,*,#2619,.F.);
#3628=ORIENTED_EDGE('',*,*,#2622,.F.);
#3629=ORIENTED_EDGE('',*,*,#2625,.F.);
#3630=ORIENTED_EDGE('',*,*,#2628,.F.);
#3631=ORIENTED_EDGE('',*,*,#2631,.F.);
#3632=ORIENTED_EDGE('',*,*,#2634,.F.);
#3633=ORIENTED_EDGE('',*,*,#2637,.F.);
#3634=ORIENTED_EDGE('',*,*,#2640,.F.);
#3635=ORIENTED_EDGE('',*,*,#2643,.F.);
#3636=ORIENTED_EDGE('',*,*,#2646,.F.);
#3637=ORIENTED_EDGE('',*,*,#2649,.F.);
#3638=ORIENTED_EDGE('',*,*,#2652,.F.);
#3639=ORIENTED_EDGE('',*,*,#2655,.F.);
#3640=ORIENTED_EDGE('',*,*,#2658,.F.);
#3641=ORIENTED_EDGE('',*,*,#2661,.F.);
#3642=ORIENTED_EDGE('',*,*,#2664,.F.);
#3643=ORIENTED_EDGE('',*,*,#2667,.F.);
#3644=ORIENTED_EDGE('',*,*,#2670,.F.);
#3645=ORIENTED_EDGE('',*,*,#2484,.T.);
#3646=ORIENTED_EDGE('',*,*,#2506,.T.);
#3647=ORIENTED_EDGE('',*,*,#2503,.T.);
#3648=ORIENTED_EDGE('',*,*,#2500,.T.);
#3649=ORIENTED_EDGE('',*,*,#2497,.T.);
#3650=ORIENTED_EDGE('',*,*,#2494,.T.);
#3651=ORIENTED_EDGE('',*,*,#2491,.T.);
#3652=ORIENTED_EDGE('',*,*,#2488,.T.);
#3653=ORIENTED_EDGE('',*,*,#2151,.T.);
#3654=ORIENTED_EDGE('',*,*,#2185,.T.);
#3655=ORIENTED_EDGE('',*,*,#2182,.T.);
#3656=ORIENTED_EDGE('',*,*,#2179,.T.);
#3657=ORIENTED_EDGE('',*,*,#2176,.T.);
#3658=ORIENTED_EDGE('',*,*,#2173,.T.);
#3659=ORIENTED_EDGE('',*,*,#2170,.T.);
#3660=ORIENTED_EDGE('',*,*,#2167,.T.);
#3661=ORIENTED_EDGE('',*,*,#2164,.T.);
#3662=ORIENTED_EDGE('',*,*,#2161,.T.);
#3663=ORIENTED_EDGE('',*,*,#2158,.T.);
#3664=ORIENTED_EDGE('',*,*,#2155,.T.);
#3665=ORIENTED_EDGE('',*,*,#2673,.T.);
#3666=ORIENTED_EDGE('',*,*,#2674,.T.);
#3667=ORIENTED_EDGE('',*,*,#2675,.T.);
#3668=ORIENTED_EDGE('',*,*,#2676,.T.);
#3669=ORIENTED_EDGE('',*,*,#2677,.T.);
#3670=ORIENTED_EDGE('',*,*,#2678,.T.);
#3671=ORIENTED_EDGE('',*,*,#2675,.F.);
#3672=ORIENTED_EDGE('',*,*,#2679,.T.);
#3673=ORIENTED_EDGE('',*,*,#2680,.T.);
#3674=ORIENTED_EDGE('',*,*,#2681,.T.);
#3675=ORIENTED_EDGE('',*,*,#2677,.F.);
#3676=ORIENTED_EDGE('',*,*,#2682,.T.);
#3677=ORIENTED_EDGE('',*,*,#2683,.T.);
#3678=ORIENTED_EDGE('',*,*,#2684,.T.);
#3679=ORIENTED_EDGE('',*,*,#2680,.F.);
#3680=ORIENTED_EDGE('',*,*,#2685,.T.);
#3681=ORIENTED_EDGE('',*,*,#2686,.T.);
#3682=ORIENTED_EDGE('',*,*,#2687,.T.);
#3683=ORIENTED_EDGE('',*,*,#2683,.F.);
#3684=ORIENTED_EDGE('',*,*,#2688,.T.);
#3685=ORIENTED_EDGE('',*,*,#2689,.T.);
#3686=ORIENTED_EDGE('',*,*,#2690,.T.);
#3687=ORIENTED_EDGE('',*,*,#2686,.F.);
#3688=ORIENTED_EDGE('',*,*,#2691,.T.);
#3689=ORIENTED_EDGE('',*,*,#2692,.T.);
#3690=ORIENTED_EDGE('',*,*,#2693,.T.);
#3691=ORIENTED_EDGE('',*,*,#2689,.F.);
#3692=ORIENTED_EDGE('',*,*,#2694,.T.);
#3693=ORIENTED_EDGE('',*,*,#2673,.F.);
#3694=ORIENTED_EDGE('',*,*,#2695,.T.);
#3695=ORIENTED_EDGE('',*,*,#2692,.F.);
#3696=ORIENTED_EDGE('',*,*,#2696,.T.);
#3697=ORIENTED_EDGE('',*,*,#2690,.F.);
#3698=ORIENTED_EDGE('',*,*,#2697,.F.);
#3699=ORIENTED_EDGE('',*,*,#2698,.T.);
#3700=ORIENTED_EDGE('',*,*,#2699,.F.);
#3701=ORIENTED_EDGE('',*,*,#2693,.F.);
#3702=ORIENTED_EDGE('',*,*,#2700,.T.);
#3703=ORIENTED_EDGE('',*,*,#2701,.T.);
#3704=ORIENTED_EDGE('',*,*,#2697,.T.);
#3705=ORIENTED_EDGE('',*,*,#2695,.F.);
#3706=ORIENTED_EDGE('',*,*,#2702,.F.);
#3707=ORIENTED_EDGE('',*,*,#2703,.T.);
#3708=ORIENTED_EDGE('',*,*,#2700,.F.);
#3709=ORIENTED_EDGE('',*,*,#2676,.F.);
#3710=ORIENTED_EDGE('',*,*,#2704,.T.);
#3711=ORIENTED_EDGE('',*,*,#2705,.T.);
#3712=ORIENTED_EDGE('',*,*,#2702,.T.);
#3713=ORIENTED_EDGE('',*,*,#2674,.F.);
#3714=ORIENTED_EDGE('',*,*,#2696,.F.);
#3715=ORIENTED_EDGE('',*,*,#2694,.F.);
#3716=ORIENTED_EDGE('',*,*,#2691,.F.);
#3717=ORIENTED_EDGE('',*,*,#2688,.F.);
#3718=ORIENTED_EDGE('',*,*,#2685,.F.);
#3719=ORIENTED_EDGE('',*,*,#2682,.F.);
#3720=ORIENTED_EDGE('',*,*,#2679,.F.);
#3721=ORIENTED_EDGE('',*,*,#2706,.T.);
#3722=ORIENTED_EDGE('',*,*,#2707,.T.);
#3723=ORIENTED_EDGE('',*,*,#2708,.T.);
#3724=ORIENTED_EDGE('',*,*,#2709,.T.);
#3725=ORIENTED_EDGE('',*,*,#2607,.T.);
#3726=ORIENTED_EDGE('',*,*,#2671,.T.);
#3727=ORIENTED_EDGE('',*,*,#2668,.T.);
#3728=ORIENTED_EDGE('',*,*,#2665,.T.);
#3729=ORIENTED_EDGE('',*,*,#2662,.T.);
#3730=ORIENTED_EDGE('',*,*,#2659,.T.);
#3731=ORIENTED_EDGE('',*,*,#2656,.T.);
#3732=ORIENTED_EDGE('',*,*,#2653,.T.);
#3733=ORIENTED_EDGE('',*,*,#2650,.T.);
#3734=ORIENTED_EDGE('',*,*,#2647,.T.);
#3735=ORIENTED_EDGE('',*,*,#2644,.T.);
#3736=ORIENTED_EDGE('',*,*,#2641,.T.);
#3737=ORIENTED_EDGE('',*,*,#2638,.T.);
#3738=ORIENTED_EDGE('',*,*,#2635,.T.);
#3739=ORIENTED_EDGE('',*,*,#2632,.T.);
#3740=ORIENTED_EDGE('',*,*,#2629,.T.);
#3741=ORIENTED_EDGE('',*,*,#2626,.T.);
#3742=ORIENTED_EDGE('',*,*,#2623,.T.);
#3743=ORIENTED_EDGE('',*,*,#2620,.T.);
#3744=ORIENTED_EDGE('',*,*,#2617,.T.);
#3745=ORIENTED_EDGE('',*,*,#2614,.T.);
#3746=ORIENTED_EDGE('',*,*,#2611,.T.);
#3747=ORIENTED_EDGE('',*,*,#2553,.T.);
#3748=ORIENTED_EDGE('',*,*,#2605,.T.);
#3749=ORIENTED_EDGE('',*,*,#2602,.T.);
#3750=ORIENTED_EDGE('',*,*,#2599,.T.);
#3751=ORIENTED_EDGE('',*,*,#2596,.T.);
#3752=ORIENTED_EDGE('',*,*,#2593,.T.);
#3753=ORIENTED_EDGE('',*,*,#2590,.T.);
#3754=ORIENTED_EDGE('',*,*,#2587,.T.);
#3755=ORIENTED_EDGE('',*,*,#2584,.T.);
#3756=ORIENTED_EDGE('',*,*,#2581,.T.);
#3757=ORIENTED_EDGE('',*,*,#2578,.T.);
#3758=ORIENTED_EDGE('',*,*,#2575,.T.);
#3759=ORIENTED_EDGE('',*,*,#2572,.T.);
#3760=ORIENTED_EDGE('',*,*,#2569,.T.);
#3761=ORIENTED_EDGE('',*,*,#2566,.T.);
#3762=ORIENTED_EDGE('',*,*,#2563,.T.);
#3763=ORIENTED_EDGE('',*,*,#2560,.T.);
#3764=ORIENTED_EDGE('',*,*,#2557,.T.);
#3765=ORIENTED_EDGE('',*,*,#2508,.T.);
#3766=ORIENTED_EDGE('',*,*,#2551,.T.);
#3767=ORIENTED_EDGE('',*,*,#2548,.T.);
#3768=ORIENTED_EDGE('',*,*,#2545,.T.);
#3769=ORIENTED_EDGE('',*,*,#2542,.T.);
#3770=ORIENTED_EDGE('',*,*,#2539,.T.);
#3771=ORIENTED_EDGE('',*,*,#2536,.T.);
#3772=ORIENTED_EDGE('',*,*,#2533,.T.);
#3773=ORIENTED_EDGE('',*,*,#2530,.T.);
#3774=ORIENTED_EDGE('',*,*,#2527,.T.);
#3775=ORIENTED_EDGE('',*,*,#2524,.T.);
#3776=ORIENTED_EDGE('',*,*,#2521,.T.);
#3777=ORIENTED_EDGE('',*,*,#2518,.T.);
#3778=ORIENTED_EDGE('',*,*,#2515,.T.);
#3779=ORIENTED_EDGE('',*,*,#2512,.T.);
#3780=ORIENTED_EDGE('',*,*,#2460,.T.);
#3781=ORIENTED_EDGE('',*,*,#2482,.T.);
#3782=ORIENTED_EDGE('',*,*,#2479,.T.);
#3783=ORIENTED_EDGE('',*,*,#2476,.T.);
#3784=ORIENTED_EDGE('',*,*,#2473,.T.);
#3785=ORIENTED_EDGE('',*,*,#2470,.T.);
#3786=ORIENTED_EDGE('',*,*,#2467,.T.);
#3787=ORIENTED_EDGE('',*,*,#2464,.T.);
#3788=ORIENTED_EDGE('',*,*,#2448,.T.);
#3789=ORIENTED_EDGE('',*,*,#2458,.T.);
#3790=ORIENTED_EDGE('',*,*,#2455,.T.);
#3791=ORIENTED_EDGE('',*,*,#2452,.T.);
#3792=ORIENTED_EDGE('',*,*,#2436,.T.);
#3793=ORIENTED_EDGE('',*,*,#2446,.T.);
#3794=ORIENTED_EDGE('',*,*,#2443,.T.);
#3795=ORIENTED_EDGE('',*,*,#2440,.T.);
#3796=ORIENTED_EDGE('',*,*,#2424,.T.);
#3797=ORIENTED_EDGE('',*,*,#2434,.T.);
#3798=ORIENTED_EDGE('',*,*,#2431,.T.);
#3799=ORIENTED_EDGE('',*,*,#2428,.T.);
#3800=ORIENTED_EDGE('',*,*,#2412,.T.);
#3801=ORIENTED_EDGE('',*,*,#2422,.T.);
#3802=ORIENTED_EDGE('',*,*,#2419,.T.);
#3803=ORIENTED_EDGE('',*,*,#2416,.T.);
#3804=ORIENTED_EDGE('',*,*,#2400,.T.);
#3805=ORIENTED_EDGE('',*,*,#2410,.T.);
#3806=ORIENTED_EDGE('',*,*,#2407,.T.);
#3807=ORIENTED_EDGE('',*,*,#2404,.T.);
#3808=ORIENTED_EDGE('',*,*,#2388,.T.);
#3809=ORIENTED_EDGE('',*,*,#2398,.T.);
#3810=ORIENTED_EDGE('',*,*,#2395,.T.);
#3811=ORIENTED_EDGE('',*,*,#2392,.T.);
#3812=ORIENTED_EDGE('',*,*,#2376,.T.);
#3813=ORIENTED_EDGE('',*,*,#2386,.T.);
#3814=ORIENTED_EDGE('',*,*,#2383,.T.);
#3815=ORIENTED_EDGE('',*,*,#2380,.T.);
#3816=ORIENTED_EDGE('',*,*,#2313,.T.);
#3817=ORIENTED_EDGE('',*,*,#2374,.T.);
#3818=ORIENTED_EDGE('',*,*,#2371,.T.);
#3819=ORIENTED_EDGE('',*,*,#2368,.T.);
#3820=ORIENTED_EDGE('',*,*,#2365,.T.);
#3821=ORIENTED_EDGE('',*,*,#2362,.T.);
#3822=ORIENTED_EDGE('',*,*,#2359,.T.);
#3823=ORIENTED_EDGE('',*,*,#2356,.T.);
#3824=ORIENTED_EDGE('',*,*,#2353,.T.);
#3825=ORIENTED_EDGE('',*,*,#2350,.T.);
#3826=ORIENTED_EDGE('',*,*,#2347,.T.);
#3827=ORIENTED_EDGE('',*,*,#2344,.T.);
#3828=ORIENTED_EDGE('',*,*,#2341,.T.);
#3829=ORIENTED_EDGE('',*,*,#2338,.T.);
#3830=ORIENTED_EDGE('',*,*,#2335,.T.);
#3831=ORIENTED_EDGE('',*,*,#2332,.T.);
#3832=ORIENTED_EDGE('',*,*,#2329,.T.);
#3833=ORIENTED_EDGE('',*,*,#2326,.T.);
#3834=ORIENTED_EDGE('',*,*,#2323,.T.);
#3835=ORIENTED_EDGE('',*,*,#2320,.T.);
#3836=ORIENTED_EDGE('',*,*,#2317,.T.);
#3837=ORIENTED_EDGE('',*,*,#2223,.T.);
#3838=ORIENTED_EDGE('',*,*,#2311,.T.);
#3839=ORIENTED_EDGE('',*,*,#2308,.T.);
#3840=ORIENTED_EDGE('',*,*,#2305,.T.);
#3841=ORIENTED_EDGE('',*,*,#2302,.T.);
#3842=ORIENTED_EDGE('',*,*,#2299,.T.);
#3843=ORIENTED_EDGE('',*,*,#2296,.T.);
#3844=ORIENTED_EDGE('',*,*,#2293,.T.);
#3845=ORIENTED_EDGE('',*,*,#2290,.T.);
#3846=ORIENTED_EDGE('',*,*,#2287,.T.);
#3847=ORIENTED_EDGE('',*,*,#2284,.T.);
#3848=ORIENTED_EDGE('',*,*,#2281,.T.);
#3849=ORIENTED_EDGE('',*,*,#2278,.T.);
#3850=ORIENTED_EDGE('',*,*,#2275,.T.);
#3851=ORIENTED_EDGE('',*,*,#2272,.T.);
#3852=ORIENTED_EDGE('',*,*,#2269,.T.);
#3853=ORIENTED_EDGE('',*,*,#2266,.T.);
#3854=ORIENTED_EDGE('',*,*,#2263,.T.);
#3855=ORIENTED_EDGE('',*,*,#2260,.T.);
#3856=ORIENTED_EDGE('',*,*,#2257,.T.);
#3857=ORIENTED_EDGE('',*,*,#2254,.T.);
#3858=ORIENTED_EDGE('',*,*,#2251,.T.);
#3859=ORIENTED_EDGE('',*,*,#2248,.T.);
#3860=ORIENTED_EDGE('',*,*,#2245,.T.);
#3861=ORIENTED_EDGE('',*,*,#2242,.T.);
#3862=ORIENTED_EDGE('',*,*,#2239,.T.);
#3863=ORIENTED_EDGE('',*,*,#2236,.T.);
#3864=ORIENTED_EDGE('',*,*,#2233,.T.);
#3865=ORIENTED_EDGE('',*,*,#2230,.T.);
#3866=ORIENTED_EDGE('',*,*,#2227,.T.);
#3867=ORIENTED_EDGE('',*,*,#2187,.T.);
#3868=ORIENTED_EDGE('',*,*,#2221,.T.);
#3869=ORIENTED_EDGE('',*,*,#2218,.T.);
#3870=ORIENTED_EDGE('',*,*,#2215,.T.);
#3871=ORIENTED_EDGE('',*,*,#2212,.T.);
#3872=ORIENTED_EDGE('',*,*,#2209,.T.);
#3873=ORIENTED_EDGE('',*,*,#2206,.T.);
#3874=ORIENTED_EDGE('',*,*,#2203,.T.);
#3875=ORIENTED_EDGE('',*,*,#2200,.T.);
#3876=ORIENTED_EDGE('',*,*,#2197,.T.);
#3877=ORIENTED_EDGE('',*,*,#2194,.T.);
#3878=ORIENTED_EDGE('',*,*,#2191,.T.);
#3879=ORIENTED_EDGE('',*,*,#2710,.F.);
#3880=ORIENTED_EDGE('',*,*,#2711,.F.);
#3881=ORIENTED_EDGE('',*,*,#2712,.F.);
#3882=ORIENTED_EDGE('',*,*,#2713,.F.);
#3883=ORIENTED_EDGE('',*,*,#2698,.F.);
#3884=ORIENTED_EDGE('',*,*,#2701,.F.);
#3885=ORIENTED_EDGE('',*,*,#2703,.F.);
#3886=ORIENTED_EDGE('',*,*,#2705,.F.);
#3887=ORIENTED_EDGE('',*,*,#2714,.F.);
#3888=ORIENTED_EDGE('',*,*,#2715,.F.);
#3889=ORIENTED_EDGE('',*,*,#2716,.F.);
#3890=ORIENTED_EDGE('',*,*,#2717,.F.);
#3891=ORIENTED_EDGE('',*,*,#2718,.F.);
#3892=ORIENTED_EDGE('',*,*,#2719,.F.);
#3893=ORIENTED_EDGE('',*,*,#2720,.F.);
#3894=ORIENTED_EDGE('',*,*,#2721,.F.);
#3895=ORIENTED_EDGE('',*,*,#2148,.T.);
#3896=ORIENTED_EDGE('',*,*,#2145,.T.);
#3897=ORIENTED_EDGE('',*,*,#2142,.T.);
#3898=ORIENTED_EDGE('',*,*,#2139,.T.);
#3899=ORIENTED_EDGE('',*,*,#2718,.T.);
#3900=ORIENTED_EDGE('',*,*,#2722,.F.);
#3901=ORIENTED_EDGE('',*,*,#2723,.T.);
#3902=ORIENTED_EDGE('',*,*,#2724,.F.);
#3903=ORIENTED_EDGE('',*,*,#2725,.T.);
#3904=ORIENTED_EDGE('',*,*,#2726,.T.);
#3905=ORIENTED_EDGE('',*,*,#2717,.T.);
#3906=ORIENTED_EDGE('',*,*,#2727,.T.);
#3907=ORIENTED_EDGE('',*,*,#2728,.T.);
#3908=ORIENTED_EDGE('',*,*,#2722,.T.);
#3909=ORIENTED_EDGE('',*,*,#2716,.T.);
#3910=ORIENTED_EDGE('',*,*,#2729,.T.);
#3911=ORIENTED_EDGE('',*,*,#2730,.T.);
#3912=ORIENTED_EDGE('',*,*,#2731,.F.);
#3913=ORIENTED_EDGE('',*,*,#2732,.T.);
#3914=ORIENTED_EDGE('',*,*,#2727,.F.);
#3915=ORIENTED_EDGE('',*,*,#2715,.T.);
#3916=ORIENTED_EDGE('',*,*,#2733,.F.);
#3917=ORIENTED_EDGE('',*,*,#2734,.F.);
#3918=ORIENTED_EDGE('',*,*,#2729,.F.);
#3919=ORIENTED_EDGE('',*,*,#2687,.F.);
#3920=ORIENTED_EDGE('',*,*,#2699,.T.);
#3921=ORIENTED_EDGE('',*,*,#2713,.T.);
#3922=ORIENTED_EDGE('',*,*,#2735,.T.);
#3923=ORIENTED_EDGE('',*,*,#2684,.F.);
#3924=ORIENTED_EDGE('',*,*,#2735,.F.);
#3925=ORIENTED_EDGE('',*,*,#2712,.T.);
#3926=ORIENTED_EDGE('',*,*,#2736,.F.);
#3927=ORIENTED_EDGE('',*,*,#2681,.F.);
#3928=ORIENTED_EDGE('',*,*,#2736,.T.);
#3929=ORIENTED_EDGE('',*,*,#2711,.T.);
#3930=ORIENTED_EDGE('',*,*,#2737,.T.);
#3931=ORIENTED_EDGE('',*,*,#2738,.T.);
#3932=ORIENTED_EDGE('',*,*,#2739,.T.);
#3933=ORIENTED_EDGE('',*,*,#2740,.T.);
#3934=ORIENTED_EDGE('',*,*,#2741,.T.);
#3935=ORIENTED_EDGE('',*,*,#2725,.F.);
#3936=ORIENTED_EDGE('',*,*,#2742,.T.);
#3937=ORIENTED_EDGE('',*,*,#2743,.T.);
#3938=ORIENTED_EDGE('',*,*,#2744,.T.);
#3939=ORIENTED_EDGE('',*,*,#2728,.F.);
#3940=ORIENTED_EDGE('',*,*,#2732,.F.);
#3941=ORIENTED_EDGE('',*,*,#2745,.F.);
#3942=ORIENTED_EDGE('',*,*,#2723,.F.);
#3943=ORIENTED_EDGE('',*,*,#2746,.T.);
#3944=ORIENTED_EDGE('',*,*,#2747,.F.);
#3945=ORIENTED_EDGE('',*,*,#2730,.F.);
#3946=ORIENTED_EDGE('',*,*,#2734,.T.);
#3947=ORIENTED_EDGE('',*,*,#2739,.F.);
#3948=ORIENTED_EDGE('',*,*,#2748,.T.);
#3949=ORIENTED_EDGE('',*,*,#2708,.F.);
#3950=ORIENTED_EDGE('',*,*,#2749,.T.);
#3951=ORIENTED_EDGE('',*,*,#2706,.F.);
#3952=ORIENTED_EDGE('',*,*,#2750,.T.);
#3953=ORIENTED_EDGE('',*,*,#2742,.F.);
#3954=ORIENTED_EDGE('',*,*,#2724,.T.);
#3955=ORIENTED_EDGE('',*,*,#2745,.T.);
#3956=ORIENTED_EDGE('',*,*,#2731,.T.);
#3957=ORIENTED_EDGE('',*,*,#2747,.T.);
#3958=ORIENTED_EDGE('',*,*,#2751,.T.);
#3959=ORIENTED_EDGE('',*,*,#2714,.T.);
#3960=ORIENTED_EDGE('',*,*,#2752,.T.);
#3961=ORIENTED_EDGE('',*,*,#2740,.F.);
#3962=ORIENTED_EDGE('',*,*,#2749,.F.);
#3963=ORIENTED_EDGE('',*,*,#2707,.F.);
#3964=ORIENTED_EDGE('',*,*,#2751,.F.);
#3965=ORIENTED_EDGE('',*,*,#2746,.F.);
#3966=ORIENTED_EDGE('',*,*,#2733,.T.);
#3967=ORIENTED_EDGE('',*,*,#2721,.T.);
#3968=ORIENTED_EDGE('',*,*,#2753,.F.);
#3969=ORIENTED_EDGE('',*,*,#2741,.F.);
#3970=ORIENTED_EDGE('',*,*,#2752,.F.);
#3971=ORIENTED_EDGE('',*,*,#2720,.T.);
#3972=ORIENTED_EDGE('',*,*,#2754,.F.);
#3973=ORIENTED_EDGE('',*,*,#2743,.F.);
#3974=ORIENTED_EDGE('',*,*,#2750,.F.);
#3975=ORIENTED_EDGE('',*,*,#2709,.F.);
#3976=ORIENTED_EDGE('',*,*,#2748,.F.);
#3977=ORIENTED_EDGE('',*,*,#2738,.F.);
#3978=ORIENTED_EDGE('',*,*,#2753,.T.);
#3979=ORIENTED_EDGE('',*,*,#2719,.T.);
#3980=ORIENTED_EDGE('',*,*,#2726,.F.);
#3981=ORIENTED_EDGE('',*,*,#2744,.F.);
#3982=ORIENTED_EDGE('',*,*,#2754,.T.);
#3983=ORIENTED_EDGE('',*,*,#2678,.F.);
#3984=ORIENTED_EDGE('',*,*,#2737,.F.);
#3985=ORIENTED_EDGE('',*,*,#2710,.T.);
#3986=ORIENTED_EDGE('',*,*,#2704,.F.);
#3987=CYLINDRICAL_SURFACE('',#4243,1.65);
#3988=CYLINDRICAL_SURFACE('',#4247,1.65);
#3989=CYLINDRICAL_SURFACE('',#4251,1.65);
#3990=CYLINDRICAL_SURFACE('',#4255,1.65);
#3991=CYLINDRICAL_SURFACE('',#4349,2.);
#3992=CYLINDRICAL_SURFACE('',#4355,2.);
#3993=CYLINDRICAL_SURFACE('',#4361,2.);
#3994=CYLINDRICAL_SURFACE('',#4367,2.);
#3995=CYLINDRICAL_SURFACE('',#4369,6.);
#3996=CYLINDRICAL_SURFACE('',#4372,6.);
#3997=CYLINDRICAL_SURFACE('',#4382,6.);
#3998=CYLINDRICAL_SURFACE('',#4384,6.);
#3999=ADVANCED_FACE('',(#465),#3987,.F.);
#4000=ADVANCED_FACE('',(#466),#356,.F.);
#4001=ADVANCED_FACE('',(#467),#3988,.F.);
#4002=ADVANCED_FACE('',(#468),#357,.F.);
#4003=ADVANCED_FACE('',(#469),#3989,.F.);
#4004=ADVANCED_FACE('',(#470),#358,.F.);
#4005=ADVANCED_FACE('',(#471),#3990,.F.);
#4006=ADVANCED_FACE('',(#472),#359,.F.);
#4007=ADVANCED_FACE('',(#473),#251,.F.);
#4008=ADVANCED_FACE('',(#474),#252,.F.);
#4009=ADVANCED_FACE('',(#475),#360,.F.);
#4010=ADVANCED_FACE('',(#476),#253,.F.);
#4011=ADVANCED_FACE('',(#477),#254,.F.);
#4012=ADVANCED_FACE('',(#478),#361,.F.);
#4013=ADVANCED_FACE('',(#479),#255,.F.);
#4014=ADVANCED_FACE('',(#480),#256,.F.);
#4015=ADVANCED_FACE('',(#481),#362,.F.);
#4016=ADVANCED_FACE('',(#482),#257,.F.);
#4017=ADVANCED_FACE('',(#483),#258,.F.);
#4018=ADVANCED_FACE('',(#484),#363,.F.);
#4019=ADVANCED_FACE('',(#485),#259,.F.);
#4020=ADVANCED_FACE('',(#486),#260,.F.);
#4021=ADVANCED_FACE('',(#487),#364,.F.);
#4022=ADVANCED_FACE('',(#488),#261,.F.);
#4023=ADVANCED_FACE('',(#489),#262,.F.);
#4024=ADVANCED_FACE('',(#490),#365,.F.);
#4025=ADVANCED_FACE('',(#491),#263,.F.);
#4026=ADVANCED_FACE('',(#492),#264,.F.);
#4027=ADVANCED_FACE('',(#493),#366,.F.);
#4028=ADVANCED_FACE('',(#494),#265,.F.);
#4029=ADVANCED_FACE('',(#495),#266,.F.);
#4030=ADVANCED_FACE('',(#496),#367,.F.);
#4031=ADVANCED_FACE('',(#497,#19),#368,.T.);
#4032=ADVANCED_FACE('',(#498),#267,.F.);
#4033=ADVANCED_FACE('',(#499),#268,.F.);
#4034=ADVANCED_FACE('',(#500),#269,.F.);
#4035=ADVANCED_FACE('',(#501),#270,.F.);
#4036=ADVANCED_FACE('',(#502),#271,.F.);
#4037=ADVANCED_FACE('',(#503),#272,.F.);
#4038=ADVANCED_FACE('',(#504),#273,.F.);
#4039=ADVANCED_FACE('',(#505),#274,.F.);
#4040=ADVANCED_FACE('',(#506),#369,.F.);
#4041=ADVANCED_FACE('',(#507),#275,.F.);
#4042=ADVANCED_FACE('',(#508),#276,.F.);
#4043=ADVANCED_FACE('',(#509),#370,.F.);
#4044=ADVANCED_FACE('',(#510),#277,.F.);
#4045=ADVANCED_FACE('',(#511),#278,.F.);
#4046=ADVANCED_FACE('',(#512),#371,.F.);
#4047=ADVANCED_FACE('',(#513),#279,.F.);
#4048=ADVANCED_FACE('',(#514),#280,.F.);
#4049=ADVANCED_FACE('',(#515),#281,.F.);
#4050=ADVANCED_FACE('',(#516),#282,.F.);
#4051=ADVANCED_FACE('',(#517),#283,.F.);
#4052=ADVANCED_FACE('',(#518),#284,.F.);
#4053=ADVANCED_FACE('',(#519),#285,.F.);
#4054=ADVANCED_FACE('',(#520),#286,.F.);
#4055=ADVANCED_FACE('',(#521),#372,.F.);
#4056=ADVANCED_FACE('',(#522),#287,.F.);
#4057=ADVANCED_FACE('',(#523),#288,.F.);
#4058=ADVANCED_FACE('',(#524),#373,.F.);
#4059=ADVANCED_FACE('',(#525),#289,.F.);
#4060=ADVANCED_FACE('',(#526),#290,.F.);
#4061=ADVANCED_FACE('',(#527),#374,.F.);
#4062=ADVANCED_FACE('',(#528),#375,.T.);
#4063=ADVANCED_FACE('',(#529),#376,.F.);
#4064=ADVANCED_FACE('',(#530),#291,.F.);
#4065=ADVANCED_FACE('',(#531),#292,.F.);
#4066=ADVANCED_FACE('',(#532),#293,.F.);
#4067=ADVANCED_FACE('',(#533),#294,.F.);
#4068=ADVANCED_FACE('',(#534),#377,.F.);
#4069=ADVANCED_FACE('',(#535),#295,.F.);
#4070=ADVANCED_FACE('',(#536),#296,.F.);
#4071=ADVANCED_FACE('',(#537),#297,.F.);
#4072=ADVANCED_FACE('',(#538),#298,.F.);
#4073=ADVANCED_FACE('',(#539),#378,.F.);
#4074=ADVANCED_FACE('',(#540),#379,.F.);
#4075=ADVANCED_FACE('',(#541),#299,.F.);
#4076=ADVANCED_FACE('',(#542),#300,.F.);
#4077=ADVANCED_FACE('',(#543),#380,.F.);
#4078=ADVANCED_FACE('',(#544),#301,.F.);
#4079=ADVANCED_FACE('',(#545),#302,.F.);
#4080=ADVANCED_FACE('',(#546),#303,.F.);
#4081=ADVANCED_FACE('',(#547),#304,.F.);
#4082=ADVANCED_FACE('',(#548),#381,.F.);
#4083=ADVANCED_FACE('',(#549),#382,.F.);
#4084=ADVANCED_FACE('',(#550),#383,.T.);
#4085=ADVANCED_FACE('',(#551),#384,.F.);
#4086=ADVANCED_FACE('',(#552),#385,.F.);
#4087=ADVANCED_FACE('',(#553),#386,.F.);
#4088=ADVANCED_FACE('',(#554),#387,.F.);
#4089=ADVANCED_FACE('',(#555),#388,.F.);
#4090=ADVANCED_FACE('',(#556),#389,.F.);
#4091=ADVANCED_FACE('',(#557),#390,.F.);
#4092=ADVANCED_FACE('',(#558),#391,.F.);
#4093=ADVANCED_FACE('',(#559),#392,.F.);
#4094=ADVANCED_FACE('',(#560),#393,.F.);
#4095=ADVANCED_FACE('',(#561),#394,.F.);
#4096=ADVANCED_FACE('',(#562),#395,.F.);
#4097=ADVANCED_FACE('',(#563),#396,.F.);
#4098=ADVANCED_FACE('',(#564),#397,.F.);
#4099=ADVANCED_FACE('',(#565),#398,.F.);
#4100=ADVANCED_FACE('',(#566),#399,.F.);
#4101=ADVANCED_FACE('',(#567),#400,.F.);
#4102=ADVANCED_FACE('',(#568),#401,.F.);
#4103=ADVANCED_FACE('',(#569),#402,.F.);
#4104=ADVANCED_FACE('',(#570),#403,.F.);
#4105=ADVANCED_FACE('',(#571),#404,.F.);
#4106=ADVANCED_FACE('',(#572),#405,.F.);
#4107=ADVANCED_FACE('',(#573),#406,.F.);
#4108=ADVANCED_FACE('',(#574),#407,.F.);
#4109=ADVANCED_FACE('',(#575),#408,.F.);
#4110=ADVANCED_FACE('',(#576),#409,.F.);
#4111=ADVANCED_FACE('',(#577),#410,.F.);
#4112=ADVANCED_FACE('',(#578),#411,.F.);
#4113=ADVANCED_FACE('',(#579),#412,.F.);
#4114=ADVANCED_FACE('',(#580),#413,.F.);
#4115=ADVANCED_FACE('',(#581),#414,.F.);
#4116=ADVANCED_FACE('',(#582),#415,.F.);
#4117=ADVANCED_FACE('',(#583),#416,.F.);
#4118=ADVANCED_FACE('',(#584),#417,.F.);
#4119=ADVANCED_FACE('',(#585),#418,.F.);
#4120=ADVANCED_FACE('',(#586),#305,.F.);
#4121=ADVANCED_FACE('',(#587),#306,.F.);
#4122=ADVANCED_FACE('',(#588),#307,.F.);
#4123=ADVANCED_FACE('',(#589),#308,.F.);
#4124=ADVANCED_FACE('',(#590),#309,.F.);
#4125=ADVANCED_FACE('',(#591),#310,.F.);
#4126=ADVANCED_FACE('',(#592),#311,.F.);
#4127=ADVANCED_FACE('',(#593),#312,.F.);
#4128=ADVANCED_FACE('',(#594),#419,.T.);
#4129=ADVANCED_FACE('',(#595),#420,.F.);
#4130=ADVANCED_FACE('',(#596),#421,.F.);
#4131=ADVANCED_FACE('',(#597),#313,.F.);
#4132=ADVANCED_FACE('',(#598),#314,.F.);
#4133=ADVANCED_FACE('',(#599),#422,.F.);
#4134=ADVANCED_FACE('',(#600),#315,.F.);
#4135=ADVANCED_FACE('',(#601),#316,.F.);
#4136=ADVANCED_FACE('',(#602),#423,.F.);
#4137=ADVANCED_FACE('',(#603),#317,.F.);
#4138=ADVANCED_FACE('',(#604),#424,.F.);
#4139=ADVANCED_FACE('',(#605),#318,.F.);
#4140=ADVANCED_FACE('',(#606),#319,.F.);
#4141=ADVANCED_FACE('',(#607),#320,.F.);
#4142=ADVANCED_FACE('',(#608),#321,.F.);
#4143=ADVANCED_FACE('',(#609),#425,.F.);
#4144=ADVANCED_FACE('',(#610),#426,.F.);
#4145=ADVANCED_FACE('',(#611),#322,.F.);
#4146=ADVANCED_FACE('',(#612),#323,.F.);
#4147=ADVANCED_FACE('',(#613),#427,.F.);
#4148=ADVANCED_FACE('',(#614),#324,.F.);
#4149=ADVANCED_FACE('',(#615),#325,.F.);
#4150=ADVANCED_FACE('',(#616),#428,.F.);
#4151=ADVANCED_FACE('',(#617),#326,.F.);
#4152=ADVANCED_FACE('',(#618,#20),#429,.T.);
#4153=ADVANCED_FACE('',(#619),#327,.F.);
#4154=ADVANCED_FACE('',(#620),#328,.F.);
#4155=ADVANCED_FACE('',(#621),#329,.F.);
#4156=ADVANCED_FACE('',(#622),#330,.F.);
#4157=ADVANCED_FACE('',(#623),#331,.F.);
#4158=ADVANCED_FACE('',(#624),#332,.F.);
#4159=ADVANCED_FACE('',(#625),#333,.F.);
#4160=ADVANCED_FACE('',(#626),#334,.F.);
#4161=ADVANCED_FACE('',(#627),#430,.F.);
#4162=ADVANCED_FACE('',(#628),#335,.F.);
#4163=ADVANCED_FACE('',(#629),#336,.F.);
#4164=ADVANCED_FACE('',(#630),#431,.F.);
#4165=ADVANCED_FACE('',(#631),#337,.F.);
#4166=ADVANCED_FACE('',(#632),#338,.F.);
#4167=ADVANCED_FACE('',(#633),#339,.F.);
#4168=ADVANCED_FACE('',(#634),#340,.F.);
#4169=ADVANCED_FACE('',(#635),#432,.F.);
#4170=ADVANCED_FACE('',(#636),#433,.F.);
#4171=ADVANCED_FACE('',(#637),#434,.T.);
#4172=ADVANCED_FACE('',(#638),#341,.F.);
#4173=ADVANCED_FACE('',(#639),#435,.F.);
#4174=ADVANCED_FACE('',(#640),#436,.F.);
#4175=ADVANCED_FACE('',(#641),#437,.F.);
#4176=ADVANCED_FACE('',(#642),#342,.F.);
#4177=ADVANCED_FACE('',(#643),#343,.F.);
#4178=ADVANCED_FACE('',(#644),#344,.F.);
#4179=ADVANCED_FACE('',(#645),#345,.F.);
#4180=ADVANCED_FACE('',(#646),#438,.F.);
#4181=ADVANCED_FACE('',(#647),#346,.F.);
#4182=ADVANCED_FACE('',(#648),#347,.F.);
#4183=ADVANCED_FACE('',(#649),#348,.F.);
#4184=ADVANCED_FACE('',(#650),#349,.F.);
#4185=ADVANCED_FACE('',(#651),#439,.F.);
#4186=ADVANCED_FACE('',(#652),#440,.F.);
#4187=ADVANCED_FACE('',(#653),#350,.F.);
#4188=ADVANCED_FACE('',(#654),#351,.F.);
#4189=ADVANCED_FACE('',(#655),#352,.F.);
#4190=ADVANCED_FACE('',(#656),#441,.F.);
#4191=ADVANCED_FACE('',(#657),#353,.F.);
#4192=ADVANCED_FACE('',(#658),#354,.F.);
#4193=ADVANCED_FACE('',(#659),#355,.F.);
#4194=ADVANCED_FACE('',(#660),#442,.T.);
#4195=ADVANCED_FACE('',(#661),#443,.F.);
#4196=ADVANCED_FACE('',(#662),#444,.F.);
#4197=ADVANCED_FACE('',(#663),#15,.T.);
#4198=ADVANCED_FACE('',(#664),#3991,.T.);
#4199=ADVANCED_FACE('',(#665),#16,.T.);
#4200=ADVANCED_FACE('',(#666),#3992,.T.);
#4201=ADVANCED_FACE('',(#667),#17,.T.);
#4202=ADVANCED_FACE('',(#668),#3993,.T.);
#4203=ADVANCED_FACE('',(#669),#18,.T.);
#4204=ADVANCED_FACE('',(#670),#3994,.T.);
#4205=ADVANCED_FACE('',(#671),#445,.T.);
#4206=ADVANCED_FACE('',(#672),#3995,.T.);
#4207=ADVANCED_FACE('',(#673),#446,.T.);
#4208=ADVANCED_FACE('',(#674),#3996,.T.);
#4209=ADVANCED_FACE('',(#675,#21,#22,#23,#24,#25,#26,#27,#28,#29,#30,#31,
#32,#33,#34,#35),#447,.F.);
#4210=ADVANCED_FACE('',(#676,#36,#37,#38,#39,#40),#448,.F.);
#4211=ADVANCED_FACE('',(#677),#449,.F.);
#4212=ADVANCED_FACE('',(#678),#450,.F.);
#4213=ADVANCED_FACE('',(#679),#451,.F.);
#4214=ADVANCED_FACE('',(#680),#452,.F.);
#4215=ADVANCED_FACE('',(#681),#3997,.T.);
#4216=ADVANCED_FACE('',(#682),#453,.T.);
#4217=ADVANCED_FACE('',(#683),#3998,.T.);
#4218=ADVANCED_FACE('',(#684),#454,.T.);
#4219=ADVANCED_FACE('',(#685),#455,.T.);
#4220=ADVANCED_FACE('',(#686),#456,.F.);
#4221=ADVANCED_FACE('',(#687),#457,.T.);
#4222=ADVANCED_FACE('',(#688),#458,.T.);
#4223=ADVANCED_FACE('',(#689),#459,.T.);
#4224=ADVANCED_FACE('',(#690),#460,.F.);
#4225=ADVANCED_FACE('',(#691),#461,.F.);
#4226=ADVANCED_FACE('',(#692),#462,.F.);
#4227=ADVANCED_FACE('',(#693),#463,.F.);
#4228=ADVANCED_FACE('',(#694),#464,.T.);
#4229=CLOSED_SHELL('',(#3999,#4000,#4001,#4002,#4003,#4004,#4005,#4006,
#4007,#4008,#4009,#4010,#4011,#4012,#4013,#4014,#4015,#4016,#4017,#4018,
#4019,#4020,#4021,#4022,#4023,#4024,#4025,#4026,#4027,#4028,#4029,#4030,
#4031,#4032,#4033,#4034,#4035,#4036,#4037,#4038,#4039,#4040,#4041,#4042,
#4043,#4044,#4045,#4046,#4047,#4048,#4049,#4050,#4051,#4052,#4053,#4054,
#4055,#4056,#4057,#4058,#4059,#4060,#4061,#4062,#4063,#4064,#4065,#4066,
#4067,#4068,#4069,#4070,#4071,#4072,#4073,#4074,#4075,#4076,#4077,#4078,
#4079,#4080,#4081,#4082,#4083,#4084,#4085,#4086,#4087,#4088,#4089,#4090,
#4091,#4092,#4093,#4094,#4095,#4096,#4097,#4098,#4099,#4100,#4101,#4102,
#4103,#4104,#4105,#4106,#4107,#4108,#4109,#4110,#4111,#4112,#4113,#4114,
#4115,#4116,#4117,#4118,#4119,#4120,#4121,#4122,#4123,#4124,#4125,#4126,
#4127,#4128,#4129,#4130,#4131,#4132,#4133,#4134,#4135,#4136,#4137,#4138,
#4139,#4140,#4141,#4142,#4143,#4144,#4145,#4146,#4147,#4148,#4149,#4150,
#4151,#4152,#4153,#4154,#4155,#4156,#4157,#4158,#4159,#4160,#4161,#4162,
#4163,#4164,#4165,#4166,#4167,#4168,#4169,#4170,#4171,#4172,#4173,#4174,
#4175,#4176,#4177,#4178,#4179,#4180,#4181,#4182,#4183,#4184,#4185,#4186,
#4187,#4188,#4189,#4190,#4191,#4192,#4193,#4194,#4195,#4196,#4197,#4198,
#4199,#4200,#4201,#4202,#4203,#4204,#4205,#4206,#4207,#4208,#4209,#4210,
#4211,#4212,#4213,#4214,#4215,#4216,#4217,#4218,#4219,#4220,#4221,#4222,
#4223,#4224,#4225,#4226,#4227,#4228));
#4230=DERIVED_UNIT_ELEMENT(#4232,1.);
#4231=DERIVED_UNIT_ELEMENT(#8127,-3.);
#4232=(
MASS_UNIT()
NAMED_UNIT(*)
SI_UNIT(.KILO.,.GRAM.)
);
#4233=DERIVED_UNIT((#4230,#4231));
#4234=MEASURE_REPRESENTATION_ITEM('density measure',
POSITIVE_RATIO_MEASURE(7850.),#4233);
#4235=PROPERTY_DEFINITION_REPRESENTATION(#4240,#4237);
#4236=PROPERTY_DEFINITION_REPRESENTATION(#4241,#4238);
#4237=REPRESENTATION('material name',(#4239),#8124);
#4238=REPRESENTATION('density',(#4234),#8124);
#4239=DESCRIPTIVE_REPRESENTATION_ITEM('Steel','Steel');
#4240=PROPERTY_DEFINITION('material property','material name',#8134);
#4241=PROPERTY_DEFINITION('material property','density of part',#8134);
#4242=AXIS2_PLACEMENT_3D('',#5082,#4396,#4397);
#4243=AXIS2_PLACEMENT_3D('',#5083,#4398,#4399);
#4244=AXIS2_PLACEMENT_3D('',#5085,#4400,#4401);
#4245=AXIS2_PLACEMENT_3D('',#5088,#4403,#4404);
#4246=AXIS2_PLACEMENT_3D('',#5089,#4405,#4406);
#4247=AXIS2_PLACEMENT_3D('',#5090,#4407,#4408);
#4248=AXIS2_PLACEMENT_3D('',#5092,#4409,#4410);
#4249=AXIS2_PLACEMENT_3D('',#5095,#4412,#4413);
#4250=AXIS2_PLACEMENT_3D('',#5096,#4414,#4415);
#4251=AXIS2_PLACEMENT_3D('',#5097,#4416,#4417);
#4252=AXIS2_PLACEMENT_3D('',#5099,#4418,#4419);
#4253=AXIS2_PLACEMENT_3D('',#5102,#4421,#4422);
#4254=AXIS2_PLACEMENT_3D('',#5103,#4423,#4424);
#4255=AXIS2_PLACEMENT_3D('',#5104,#4425,#4426);
#4256=AXIS2_PLACEMENT_3D('',#5106,#4427,#4428);
#4257=AXIS2_PLACEMENT_3D('',#5109,#4430,#4431);
#4258=AXIS2_PLACEMENT_3D('',#5110,#4432,#4433);
#4259=AXIS2_PLACEMENT_3D('',#5160,#4437,#4438);
#4260=AXIS2_PLACEMENT_3D('',#5212,#4444,#4445);
#4261=AXIS2_PLACEMENT_3D('',#5264,#4451,#4452);
#4262=AXIS2_PLACEMENT_3D('',#5316,#4458,#4459);
#4263=AXIS2_PLACEMENT_3D('',#5368,#4465,#4466);
#4264=AXIS2_PLACEMENT_3D('',#5420,#4472,#4473);
#4265=AXIS2_PLACEMENT_3D('',#5472,#4479,#4480);
#4266=AXIS2_PLACEMENT_3D('',#5524,#4486,#4487);
#4267=AXIS2_PLACEMENT_3D('',#5527,#4490,#4491);
#4268=AXIS2_PLACEMENT_3D('',#5715,#4501,#4502);
#4269=AXIS2_PLACEMENT_3D('',#5767,#4508,#4509);
#4270=AXIS2_PLACEMENT_3D('',#5819,#4515,#4516);
#4271=AXIS2_PLACEMENT_3D('',#6009,#4528,#4529);
#4272=AXIS2_PLACEMENT_3D('',#6061,#4535,#4536);
#4273=AXIS2_PLACEMENT_3D('',#6113,#4542,#4543);
#4274=AXIS2_PLACEMENT_3D('',#6116,#4546,#4547);
#4275=AXIS2_PLACEMENT_3D('',#6117,#4548,#4549);
#4276=AXIS2_PLACEMENT_3D('',#6218,#4558,#4559);
#4277=AXIS2_PLACEMENT_3D('',#6316,#4567,#4568);
#4278=AXIS2_PLACEMENT_3D('',#6322,#4572,#4573);
#4279=AXIS2_PLACEMENT_3D('',#6374,#4579,#4580);
#4280=AXIS2_PLACEMENT_3D('',#6472,#4588,#4589);
#4281=AXIS2_PLACEMENT_3D('',#6478,#4593,#4594);
#4282=AXIS2_PLACEMENT_3D('',#6481,#4597,#4598);
#4283=AXIS2_PLACEMENT_3D('',#6482,#4599,#4600);
#4284=AXIS2_PLACEMENT_3D('',#6491,#4605,#4606);
#4285=AXIS2_PLACEMENT_3D('',#6497,#4610,#4611);
#4286=AXIS2_PLACEMENT_3D('',#6503,#4615,#4616);
#4287=AXIS2_PLACEMENT_3D('',#6506,#4619,#4620);
#4288=AXIS2_PLACEMENT_3D('',#6507,#4621,#4622);
#4289=AXIS2_PLACEMENT_3D('',#6516,#4627,#4628);
#4290=AXIS2_PLACEMENT_3D('',#6522,#4632,#4633);
#4291=AXIS2_PLACEMENT_3D('',#6528,#4637,#4638);
#4292=AXIS2_PLACEMENT_3D('',#6531,#4641,#4642);
#4293=AXIS2_PLACEMENT_3D('',#6532,#4643,#4644);
#4294=AXIS2_PLACEMENT_3D('',#6541,#4649,#4650);
#4295=AXIS2_PLACEMENT_3D('',#6547,#4654,#4655);
#4296=AXIS2_PLACEMENT_3D('',#6553,#4659,#4660);
#4297=AXIS2_PLACEMENT_3D('',#6556,#4663,#4664);
#4298=AXIS2_PLACEMENT_3D('',#6557,#4665,#4666);
#4299=AXIS2_PLACEMENT_3D('',#6566,#4671,#4672);
#4300=AXIS2_PLACEMENT_3D('',#6572,#4676,#4677);
#4301=AXIS2_PLACEMENT_3D('',#6578,#4681,#4682);
#4302=AXIS2_PLACEMENT_3D('',#6581,#4685,#4686);
#4303=AXIS2_PLACEMENT_3D('',#6582,#4687,#4688);
#4304=AXIS2_PLACEMENT_3D('',#6591,#4693,#4694);
#4305=AXIS2_PLACEMENT_3D('',#6597,#4698,#4699);
#4306=AXIS2_PLACEMENT_3D('',#6603,#4703,#4704);
#4307=AXIS2_PLACEMENT_3D('',#6606,#4707,#4708);
#4308=AXIS2_PLACEMENT_3D('',#6607,#4709,#4710);
#4309=AXIS2_PLACEMENT_3D('',#6616,#4715,#4716);
#4310=AXIS2_PLACEMENT_3D('',#6622,#4720,#4721);
#4311=AXIS2_PLACEMENT_3D('',#6628,#4725,#4726);
#4312=AXIS2_PLACEMENT_3D('',#6631,#4729,#4730);
#4313=AXIS2_PLACEMENT_3D('',#6632,#4731,#4732);
#4314=AXIS2_PLACEMENT_3D('',#6641,#4737,#4738);
#4315=AXIS2_PLACEMENT_3D('',#6647,#4742,#4743);
#4316=AXIS2_PLACEMENT_3D('',#6653,#4747,#4748);
#4317=AXIS2_PLACEMENT_3D('',#6656,#4751,#4752);
#4318=AXIS2_PLACEMENT_3D('',#6841,#4761,#4762);
#4319=AXIS2_PLACEMENT_3D('',#6842,#4763,#4764);
#4320=AXIS2_PLACEMENT_3D('',#6851,#4769,#4770);
#4321=AXIS2_PLACEMENT_3D('',#6903,#4776,#4777);
#4322=AXIS2_PLACEMENT_3D('',#6955,#4783,#4784);
#4323=AXIS2_PLACEMENT_3D('',#6984,#4789,#4790);
#4324=AXIS2_PLACEMENT_3D('',#7082,#4798,#4799);
#4325=AXIS2_PLACEMENT_3D('',#7088,#4803,#4804);
#4326=AXIS2_PLACEMENT_3D('',#7140,#4810,#4811);
#4327=AXIS2_PLACEMENT_3D('',#7192,#4817,#4818);
#4328=AXIS2_PLACEMENT_3D('',#7218,#4822,#4823);
#4329=AXIS2_PLACEMENT_3D('',#7406,#4833,#4834);
#4330=AXIS2_PLACEMENT_3D('',#7458,#4840,#4841);
#4331=AXIS2_PLACEMENT_3D('',#7556,#4849,#4850);
#4332=AXIS2_PLACEMENT_3D('',#7562,#4854,#4855);
#4333=AXIS2_PLACEMENT_3D('',#7565,#4858,#4859);
#4334=AXIS2_PLACEMENT_3D('',#7592,#4862,#4863);
#4335=AXIS2_PLACEMENT_3D('',#7598,#4867,#4868);
#4336=AXIS2_PLACEMENT_3D('',#7604,#4872,#4873);
#4337=AXIS2_PLACEMENT_3D('',#7702,#4881,#4882);
#4338=AXIS2_PLACEMENT_3D('',#7800,#4890,#4891);
#4339=AXIS2_PLACEMENT_3D('',#7806,#4895,#4896);
#4340=AXIS2_PLACEMENT_3D('',#7881,#4903,#4904);
#4341=AXIS2_PLACEMENT_3D('',#7953,#4910,#4911);
#4342=AXIS2_PLACEMENT_3D('',#7954,#4912,#4913);
#4343=AXIS2_PLACEMENT_3D('',#7955,#4914,#4915);
#4344=AXIS2_PLACEMENT_3D('',#7956,#4916,#4917);
#4345=AXIS2_PLACEMENT_3D('',#7959,#4918,#4919);
#4346=AXIS2_PLACEMENT_3D('',#7961,#4920,#4921);
#4347=AXIS2_PLACEMENT_3D('',#7963,#4922,#4923);
#4348=AXIS2_PLACEMENT_3D('',#7964,#4924,#4925);
#4349=AXIS2_PLACEMENT_3D('',#7965,#4926,#4927);
#4350=AXIS2_PLACEMENT_3D('',#7968,#4928,#4929);
#4351=AXIS2_PLACEMENT_3D('',#7971,#4932,#4933);
#4352=AXIS2_PLACEMENT_3D('',#7974,#4934,#4935);
#4353=AXIS2_PLACEMENT_3D('',#7975,#4936,#4937);
#4354=AXIS2_PLACEMENT_3D('',#7976,#4938,#4939);
#4355=AXIS2_PLACEMENT_3D('',#7977,#4940,#4941);
#4356=AXIS2_PLACEMENT_3D('',#7980,#4942,#4943);
#4357=AXIS2_PLACEMENT_3D('',#7983,#4946,#4947);
#4358=AXIS2_PLACEMENT_3D('',#7986,#4948,#4949);
#4359=AXIS2_PLACEMENT_3D('',#7987,#4950,#4951);
#4360=AXIS2_PLACEMENT_3D('',#7988,#4952,#4953);
#4361=AXIS2_PLACEMENT_3D('',#7989,#4954,#4955);
#4362=AXIS2_PLACEMENT_3D('',#7992,#4956,#4957);
#4363=AXIS2_PLACEMENT_3D('',#7995,#4960,#4961);
#4364=AXIS2_PLACEMENT_3D('',#7998,#4962,#4963);
#4365=AXIS2_PLACEMENT_3D('',#7999,#4964,#4965);
#4366=AXIS2_PLACEMENT_3D('',#8000,#4966,#4967);
#4367=AXIS2_PLACEMENT_3D('',#8001,#4968,#4969);
#4368=AXIS2_PLACEMENT_3D('',#8004,#4972,#4973);
#4369=AXIS2_PLACEMENT_3D('',#8010,#4977,#4978);
#4370=AXIS2_PLACEMENT_3D('',#8013,#4980,#4981);
#4371=AXIS2_PLACEMENT_3D('',#8014,#4982,#4983);
#4372=AXIS2_PLACEMENT_3D('',#8018,#4986,#4987);
#4373=AXIS2_PLACEMENT_3D('',#8021,#4989,#4990);
#4374=AXIS2_PLACEMENT_3D('',#8022,#4991,#4992);
#4375=AXIS2_PLACEMENT_3D('',#8031,#4997,#4998);
#4376=AXIS2_PLACEMENT_3D('',#8035,#5000,#5001);
#4377=AXIS2_PLACEMENT_3D('',#8038,#5003,#5004);
#4378=AXIS2_PLACEMENT_3D('',#8055,#5013,#5014);
#4379=AXIS2_PLACEMENT_3D('',#8065,#5020,#5021);
#4380=AXIS2_PLACEMENT_3D('',#8069,#5024,#5025);
#4381=AXIS2_PLACEMENT_3D('',#8077,#5030,#5031);
#4382=AXIS2_PLACEMENT_3D('',#8081,#5034,#5035);
#4383=AXIS2_PLACEMENT_3D('',#8083,#5037,#5038);
#4384=AXIS2_PLACEMENT_3D('',#8085,#5040,#5041);
#4385=AXIS2_PLACEMENT_3D('',#8087,#5043,#5044);
#4386=AXIS2_PLACEMENT_3D('',#8096,#5049,#5050);
#4387=AXIS2_PLACEMENT_3D('',#8102,#5054,#5055);
#4388=AXIS2_PLACEMENT_3D('',#8104,#5057,#5058);
#4389=AXIS2_PLACEMENT_3D('',#8108,#5061,#5062);
#4390=AXIS2_PLACEMENT_3D('',#8111,#5065,#5066);
#4391=AXIS2_PLACEMENT_3D('',#8114,#5069,#5070);
#4392=AXIS2_PLACEMENT_3D('',#8116,#5072,#5073);
#4393=AXIS2_PLACEMENT_3D('',#8118,#5075,#5076);
#4394=AXIS2_PLACEMENT_3D('',#8120,#5078,#5079);
#4395=AXIS2_PLACEMENT_3D('',#8121,#5080,#5081);
#4396=DIRECTION('axis',(0.,0.,1.));
#4397=DIRECTION('refdir',(1.,0.,0.));
#4398=DIRECTION('center_axis',(0.,0.,1.));
#4399=DIRECTION('ref_axis',(-1.,0.,0.));
#4400=DIRECTION('center_axis',(0.,-1.89457854031597E-16,1.));
#4401=DIRECTION('ref_axis',(-1.,0.,0.));
#4402=DIRECTION('',(0.,0.,1.));
#4403=DIRECTION('center_axis',(0.,0.,1.));
#4404=DIRECTION('ref_axis',(-1.,0.,0.));
#4405=DIRECTION('center_axis',(0.,0.,1.));
#4406=DIRECTION('ref_axis',(-1.,0.,0.));
#4407=DIRECTION('center_axis',(0.,0.,1.));
#4408=DIRECTION('ref_axis',(-1.,0.,0.));
#4409=DIRECTION('center_axis',(0.,-1.89457854031597E-16,1.));
#4410=DIRECTION('ref_axis',(-1.,0.,0.));
#4411=DIRECTION('',(0.,0.,1.));
#4412=DIRECTION('center_axis',(0.,0.,1.));
#4413=DIRECTION('ref_axis',(-1.,0.,0.));
#4414=DIRECTION('center_axis',(0.,0.,1.));
#4415=DIRECTION('ref_axis',(-1.,0.,0.));
#4416=DIRECTION('center_axis',(0.,0.,1.));
#4417=DIRECTION('ref_axis',(-1.,0.,0.));
#4418=DIRECTION('center_axis',(0.,-1.89457854031597E-16,1.));
#4419=DIRECTION('ref_axis',(-1.,0.,0.));
#4420=DIRECTION('',(0.,0.,1.));
#4421=DIRECTION('center_axis',(0.,0.,1.));
#4422=DIRECTION('ref_axis',(-1.,0.,0.));
#4423=DIRECTION('center_axis',(0.,0.,1.));
#4424=DIRECTION('ref_axis',(-1.,0.,0.));
#4425=DIRECTION('center_axis',(0.,0.,1.));
#4426=DIRECTION('ref_axis',(-1.,0.,0.));
#4427=DIRECTION('center_axis',(0.,-1.89457854031597E-16,1.));
#4428=DIRECTION('ref_axis',(-1.,0.,0.));
#4429=DIRECTION('',(0.,0.,1.));
#4430=DIRECTION('center_axis',(0.,0.,1.));
#4431=DIRECTION('ref_axis',(-1.,0.,0.));
#4432=DIRECTION('center_axis',(0.,0.,1.));
#4433=DIRECTION('ref_axis',(-1.,0.,0.));
#4434=DIRECTION('',(0.,0.,-1.));
#4435=DIRECTION('',(0.,0.,-1.));
#4436=DIRECTION('',(0.,0.,-1.));
#4437=DIRECTION('center_axis',(0.,1.,0.));
#4438=DIRECTION('ref_axis',(1.,0.,0.));
#4439=DIRECTION('',(1.,0.,-1.22464679914735E-16));
#4440=DIRECTION('',(0.,0.,-1.));
#4441=DIRECTION('',(1.,0.,0.));
#4442=DIRECTION('',(0.,0.,-1.));
#4443=DIRECTION('',(0.,0.,-1.));
#4444=DIRECTION('center_axis',(1.,0.,0.));
#4445=DIRECTION('ref_axis',(0.,-1.,0.));
#4446=DIRECTION('',(0.,-1.,-2.22044604925031E-16));
#4447=DIRECTION('',(0.,0.,-1.));
#4448=DIRECTION('',(0.,-1.,0.));
#4449=DIRECTION('',(0.,0.,-1.));
#4450=DIRECTION('',(0.,0.,-1.));
#4451=DIRECTION('center_axis',(0.,-1.,0.));
#4452=DIRECTION('ref_axis',(-1.,0.,0.));
#4453=DIRECTION('',(-1.,0.,1.22464679914735E-16));
#4454=DIRECTION('',(0.,0.,-1.));
#4455=DIRECTION('',(-1.,0.,0.));
#4456=DIRECTION('',(0.,0.,-1.));
#4457=DIRECTION('',(0.,0.,-1.));
#4458=DIRECTION('center_axis',(-1.,0.,0.));
#4459=DIRECTION('ref_axis',(0.,1.,0.));
#4460=DIRECTION('',(0.,1.,2.22044604925031E-16));
#4461=DIRECTION('',(0.,1.,0.));
#4462=DIRECTION('',(0.,0.,-1.));
#4463=DIRECTION('',(0.,0.,-1.));
#4464=DIRECTION('',(0.,0.,-1.));
#4465=DIRECTION('center_axis',(1.,0.,0.));
#4466=DIRECTION('ref_axis',(0.,-1.,0.));
#4467=DIRECTION('',(0.,-1.,-2.22044604925031E-16));
#4468=DIRECTION('',(0.,0.,-1.));
#4469=DIRECTION('',(0.,-1.,0.));
#4470=DIRECTION('',(0.,0.,-1.));
#4471=DIRECTION('',(0.,0.,-1.));
#4472=DIRECTION('center_axis',(0.,1.,0.));
#4473=DIRECTION('ref_axis',(1.,0.,0.));
#4474=DIRECTION('',(1.,0.,-1.22464679914735E-16));
#4475=DIRECTION('',(0.,0.,-1.));
#4476=DIRECTION('',(1.,0.,0.));
#4477=DIRECTION('',(0.,0.,-1.));
#4478=DIRECTION('',(0.,0.,-1.));
#4479=DIRECTION('center_axis',(-1.,0.,0.));
#4480=DIRECTION('ref_axis',(0.,1.,0.));
#4481=DIRECTION('',(0.,1.,2.22044604925031E-16));
#4482=DIRECTION('',(0.,0.,-1.));
#4483=DIRECTION('',(0.,1.,0.));
#4484=DIRECTION('',(0.,0.,-1.));
#4485=DIRECTION('',(0.,0.,-1.));
#4486=DIRECTION('center_axis',(0.,-1.,0.));
#4487=DIRECTION('ref_axis',(-1.,0.,0.));
#4488=DIRECTION('',(-1.,0.,1.22464679914735E-16));
#4489=DIRECTION('',(-1.,0.,0.));
#4490=DIRECTION('center_axis',(0.,0.,1.));
#4491=DIRECTION('ref_axis',(1.,0.,0.));
#4492=DIRECTION('',(0.,0.,-1.));
#4493=DIRECTION('',(0.,0.,-1.));
#4494=DIRECTION('',(0.,0.,-1.));
#4495=DIRECTION('',(0.,0.,-1.));
#4496=DIRECTION('',(0.,0.,-1.));
#4497=DIRECTION('',(0.,0.,-1.));
#4498=DIRECTION('',(0.,0.,-1.));
#4499=DIRECTION('',(0.,0.,-1.));
#4500=DIRECTION('',(0.,0.,-1.));
#4501=DIRECTION('center_axis',(0.,1.,0.));
#4502=DIRECTION('ref_axis',(1.,0.,0.));
#4503=DIRECTION('',(1.,0.,-1.22464679914735E-16));
#4504=DIRECTION('',(0.,0.,-1.));
#4505=DIRECTION('',(1.,0.,0.));
#4506=DIRECTION('',(0.,0.,-1.));
#4507=DIRECTION('',(0.,0.,-1.));
#4508=DIRECTION('center_axis',(1.,0.,0.));
#4509=DIRECTION('ref_axis',(0.,-1.,0.));
#4510=DIRECTION('',(0.,-1.,-2.22044604925031E-16));
#4511=DIRECTION('',(0.,0.,-1.));
#4512=DIRECTION('',(0.,-1.,0.));
#4513=DIRECTION('',(0.,0.,-1.));
#4514=DIRECTION('',(0.,0.,-1.));
#4515=DIRECTION('center_axis',(0.,-1.,0.));
#4516=DIRECTION('ref_axis',(-1.,0.,0.));
#4517=DIRECTION('',(-1.,0.,1.22464679914735E-16));
#4518=DIRECTION('',(0.,0.,-1.));
#4519=DIRECTION('',(-1.,0.,0.));
#4520=DIRECTION('',(0.,0.,-1.));
#4521=DIRECTION('',(0.,0.,-1.));
#4522=DIRECTION('',(0.,0.,-1.));
#4523=DIRECTION('',(0.,0.,-1.));
#4524=DIRECTION('',(0.,0.,-1.));
#4525=DIRECTION('',(0.,0.,-1.));
#4526=DIRECTION('',(0.,0.,-1.));
#4527=DIRECTION('',(0.,0.,-1.));
#4528=DIRECTION('center_axis',(0.,1.,0.));
#4529=DIRECTION('ref_axis',(1.,0.,0.));
#4530=DIRECTION('',(1.,0.,-1.22464679914735E-16));
#4531=DIRECTION('',(0.,0.,-1.));
#4532=DIRECTION('',(1.,0.,0.));
#4533=DIRECTION('',(0.,0.,-1.));
#4534=DIRECTION('',(0.,0.,-1.));
#4535=DIRECTION('center_axis',(-1.,0.,0.));
#4536=DIRECTION('ref_axis',(0.,1.,0.));
#4537=DIRECTION('',(0.,1.,2.22044604925031E-16));
#4538=DIRECTION('',(0.,0.,-1.));
#4539=DIRECTION('',(0.,1.,0.));
#4540=DIRECTION('',(0.,0.,-1.));
#4541=DIRECTION('',(0.,0.,-1.));
#4542=DIRECTION('center_axis',(0.,-1.,0.));
#4543=DIRECTION('ref_axis',(-1.,0.,0.));
#4544=DIRECTION('',(-1.,0.,1.22464679914735E-16));
#4545=DIRECTION('',(-1.,0.,0.));
#4546=DIRECTION('center_axis',(0.,0.,1.));
#4547=DIRECTION('ref_axis',(1.,0.,0.));
#4548=DIRECTION('center_axis',(0.,1.,0.));
#4549=DIRECTION('ref_axis',(1.,0.,0.));
#4550=DIRECTION('',(1.,0.,-1.22464679914735E-16));
#4551=DIRECTION('',(0.,0.,-1.));
#4552=DIRECTION('',(1.,0.,0.));
#4553=DIRECTION('',(0.,0.,-1.));
#4554=DIRECTION('',(0.,0.,-1.));
#4555=DIRECTION('',(0.,0.,-1.));
#4556=DIRECTION('',(0.,0.,-1.));
#4557=DIRECTION('',(0.,0.,-1.));
#4558=DIRECTION('center_axis',(0.,-1.,0.));
#4559=DIRECTION('ref_axis',(-1.,0.,0.));
#4560=DIRECTION('',(-1.,0.,1.22464679914735E-16));
#4561=DIRECTION('',(0.,0.,-1.));
#4562=DIRECTION('',(-1.,0.,0.));
#4563=DIRECTION('',(0.,0.,-1.));
#4564=DIRECTION('',(0.,0.,-1.));
#4565=DIRECTION('',(0.,0.,-1.));
#4566=DIRECTION('',(0.,0.,-1.));
#4567=DIRECTION('center_axis',(0.,1.,0.));
#4568=DIRECTION('ref_axis',(1.,0.,0.));
#4569=DIRECTION('',(1.,0.,-1.22464679914735E-16));
#4570=DIRECTION('',(0.,0.,-1.));
#4571=DIRECTION('',(1.,0.,0.));
#4572=DIRECTION('center_axis',(1.,0.,0.));
#4573=DIRECTION('ref_axis',(0.,-1.,0.));
#4574=DIRECTION('',(0.,-1.,-2.22044604925031E-16));
#4575=DIRECTION('',(0.,0.,-1.));
#4576=DIRECTION('',(0.,-1.,0.));
#4577=DIRECTION('',(0.,0.,-1.));
#4578=DIRECTION('',(0.,0.,-1.));
#4579=DIRECTION('center_axis',(0.,1.,0.));
#4580=DIRECTION('ref_axis',(1.,0.,0.));
#4581=DIRECTION('',(1.,0.,-1.22464679914735E-16));
#4582=DIRECTION('',(0.,0.,-1.));
#4583=DIRECTION('',(1.,0.,0.));
#4584=DIRECTION('',(0.,0.,-1.));
#4585=DIRECTION('',(0.,0.,-1.));
#4586=DIRECTION('',(0.,0.,-1.));
#4587=DIRECTION('',(0.,0.,-1.));
#4588=DIRECTION('center_axis',(0.,-1.,0.));
#4589=DIRECTION('ref_axis',(-1.,0.,0.));
#4590=DIRECTION('',(-1.,0.,1.22464679914735E-16));
#4591=DIRECTION('',(0.,0.,-1.));
#4592=DIRECTION('',(-1.,0.,0.));
#4593=DIRECTION('center_axis',(-1.,0.,0.));
#4594=DIRECTION('ref_axis',(0.,1.,0.));
#4595=DIRECTION('',(0.,1.,2.22044604925031E-16));
#4596=DIRECTION('',(0.,1.,0.));
#4597=DIRECTION('center_axis',(0.,0.,1.));
#4598=DIRECTION('ref_axis',(1.,0.,0.));
#4599=DIRECTION('center_axis',(0.858312938814282,0.5131265916555,0.));
#4600=DIRECTION('ref_axis',(0.5131265916555,-0.858312938814282,0.));
#4601=DIRECTION('',(0.5131265916555,-0.858312938814282,-2.5342364120389E-16));
#4602=DIRECTION('',(0.,0.,-1.));
#4603=DIRECTION('',(0.5131265916555,-0.858312938814282,0.));
#4604=DIRECTION('',(0.,0.,-1.));
#4605=DIRECTION('center_axis',(-0.513130681283344,0.858310493892328,0.));
#4606=DIRECTION('ref_axis',(0.858310493892328,0.513130681283344,0.));
#4607=DIRECTION('',(0.858310493892328,0.513130681283344,8.82517949848994E-18));
#4608=DIRECTION('',(0.,0.,-1.));
#4609=DIRECTION('',(0.858310493892328,0.513130681283344,0.));
#4610=DIRECTION('center_axis',(-0.858309752223252,-0.513131921866551,0.));
#4611=DIRECTION('ref_axis',(-0.513131921866551,0.858309752223252,0.));
#4612=DIRECTION('',(-0.513131921866551,0.858309752223252,2.53423586401134E-16));
#4613=DIRECTION('',(0.,0.,-1.));
#4614=DIRECTION('',(-0.513131921866551,0.858309752223252,0.));
#4615=DIRECTION('center_axis',(0.513129983969739,-0.858310910772557,0.));
#4616=DIRECTION('ref_axis',(-0.858310910772557,-0.513129983969739,0.));
#4617=DIRECTION('',(-0.858310910772557,-0.513129983969739,-8.82497361066225E-18));
#4618=DIRECTION('',(-0.858310910772557,-0.513129983969739,0.));
#4619=DIRECTION('center_axis',(0.,0.,-1.));
#4620=DIRECTION('ref_axis',(-1.,0.,0.));
#4621=DIRECTION('center_axis',(-0.995951509478437,-0.0898921062586824,0.));
#4622=DIRECTION('ref_axis',(-0.0898921062586824,0.995951509478437,0.));
#4623=DIRECTION('',(-0.0898921062586824,0.995951509478437,2.32154267466459E-16));
#4624=DIRECTION('',(0.,0.,-1.));
#4625=DIRECTION('',(-0.0898921062586824,0.995951509478437,0.));
#4626=DIRECTION('',(0.,0.,-1.));
#4627=DIRECTION('center_axis',(0.0899102788188114,-0.995949869101213,0.));
#4628=DIRECTION('ref_axis',(-0.995949869101213,-0.0899102788188114,0.));
#4629=DIRECTION('',(-0.995949869101213,-0.0899102788188114,1.0200458959158E-16));
#4630=DIRECTION('',(0.,0.,-1.));
#4631=DIRECTION('',(-0.995949869101213,-0.0899102788188114,0.));
#4632=DIRECTION('center_axis',(0.995947486235325,0.0899366702826844,0.));
#4633=DIRECTION('ref_axis',(0.0899366702826844,-0.995947486235325,0.));
#4634=DIRECTION('',(0.0899366702826844,-0.995947486235325,-2.32158831645967E-16));
#4635=DIRECTION('',(0.,0.,-1.));
#4636=DIRECTION('',(0.0899366702826844,-0.995947486235325,0.));
#4637=DIRECTION('center_axis',(-0.0899122710300227,0.995949689250528,0.));
#4638=DIRECTION('ref_axis',(0.995949689250528,0.0899122710300227,0.));
#4639=DIRECTION('',(0.995949689250528,0.0899122710300227,-1.02004125206472E-16));
#4640=DIRECTION('',(0.995949689250528,0.0899122710300227,0.));
#4641=DIRECTION('center_axis',(0.,0.,-1.));
#4642=DIRECTION('ref_axis',(-1.,0.,0.));
#4643=DIRECTION('center_axis',(0.309274571720705,-0.950972785776215,0.));
#4644=DIRECTION('ref_axis',(-0.950972785776215,-0.309274571720705,0.));
#4645=DIRECTION('',(-0.950972785776215,-0.309274571720705,4.77878277266261E-17));
#4646=DIRECTION('',(0.,0.,-1.));
#4647=DIRECTION('',(-0.950972785776215,-0.309274571720705,0.));
#4648=DIRECTION('',(0.,0.,-1.));
#4649=DIRECTION('center_axis',(0.950971955391069,0.309277125018465,0.));
#4650=DIRECTION('ref_axis',(0.309277125018465,-0.950971955391069,0.));
#4651=DIRECTION('',(0.309277125018465,-0.950971955391069,-2.4903371624993E-16));
#4652=DIRECTION('',(0.,0.,-1.));
#4653=DIRECTION('',(0.309277125018465,-0.950971955391069,0.));
#4654=DIRECTION('center_axis',(-0.309278707770735,0.950971440643548,0.));
#4655=DIRECTION('ref_axis',(0.950971440643548,0.309278707770735,0.));
#4656=DIRECTION('',(0.950971440643548,0.309278707770735,-4.77867446077898E-17));
#4657=DIRECTION('',(0.,0.,-1.));
#4658=DIRECTION('',(0.950971440643548,0.309278707770735,0.));
#4659=DIRECTION('center_axis',(-0.950971738757718,-0.309277791126557,0.));
#4660=DIRECTION('ref_axis',(-0.309277791126557,0.950971738757718,0.));
#4661=DIRECTION('',(-0.309277791126557,0.950971738757718,2.49033749722378E-16));
#4662=DIRECTION('',(-0.309277791126557,0.950971738757718,0.));
#4663=DIRECTION('center_axis',(0.,0.,-1.));
#4664=DIRECTION('ref_axis',(-1.,0.,0.));
#4665=DIRECTION('center_axis',(0.13396987120527,0.990985405346236,0.));
#4666=DIRECTION('ref_axis',(0.990985405346236,-0.13396987120527,0.));
#4667=DIRECTION('',(0.990985405346236,-0.13396987120527,-1.51107997589533E-16));
#4668=DIRECTION('',(0.,0.,-1.));
#4669=DIRECTION('',(0.990985405346236,-0.13396987120527,0.));
#4670=DIRECTION('',(0.,0.,-1.));
#4671=DIRECTION('center_axis',(-0.990985646311171,0.1339680887571,0.));
#4672=DIRECTION('ref_axis',(0.1339680887571,0.990985646311171,0.));
#4673=DIRECTION('',(0.1339680887571,0.990985646311171,2.03636657213114E-16));
#4674=DIRECTION('',(0.,0.,-1.));
#4675=DIRECTION('',(0.1339680887571,0.990985646311171,0.));
#4676=DIRECTION('center_axis',(-0.134008977221478,-0.990980117875255,0.));
#4677=DIRECTION('ref_axis',(-0.990980117875255,0.134008977221478,0.));
#4678=DIRECTION('',(-0.990980117875255,0.134008977221478,1.5111603334101E-16));
#4679=DIRECTION('',(0.,0.,-1.));
#4680=DIRECTION('',(-0.990980117875255,0.134008977221478,0.));
#4681=DIRECTION('center_axis',(0.99098600021607,-0.133965470833926,0.));
#4682=DIRECTION('ref_axis',(-0.133965470833926,-0.99098600021607,0.));
#4683=DIRECTION('',(-0.133965470833926,-0.99098600021607,-2.03637056398911E-16));
#4684=DIRECTION('',(-0.133965470833926,-0.99098600021607,0.));
#4685=DIRECTION('center_axis',(0.,0.,-1.));
#4686=DIRECTION('ref_axis',(-1.,0.,0.));
#4687=DIRECTION('center_axis',(-0.550681755551318,-0.834715283257063,0.));
#4688=DIRECTION('ref_axis',(-0.834715283257063,0.550681755551318,0.));
#4689=DIRECTION('',(-0.834715283257063,0.550681755551318,2.24499052834829E-16));
#4690=DIRECTION('',(0.,0.,-1.));
#4691=DIRECTION('',(-0.834715283257063,0.550681755551318,0.));
#4692=DIRECTION('',(0.,0.,-1.));
#4693=DIRECTION('center_axis',(0.834722921859133,-0.550670176896254,0.));
#4694=DIRECTION('ref_axis',(-0.550670176896254,-0.834722921859133,0.));
#4695=DIRECTION('',(-0.550670176896254,-0.834722921859133,-1.17908074453889E-16));
#4696=DIRECTION('',(0.,0.,-1.));
#4697=DIRECTION('',(-0.550670176896254,-0.834722921859133,0.));
#4698=DIRECTION('center_axis',(0.550681911999474,0.834715180044429,0.));
#4699=DIRECTION('ref_axis',(0.834715180044429,-0.550681911999474,0.));
#4700=DIRECTION('',(0.834715180044429,-0.550681911999474,-2.24499074933396E-16));
#4701=DIRECTION('',(0.,0.,-1.));
#4702=DIRECTION('',(0.834715180044429,-0.550681911999474,0.));
#4703=DIRECTION('center_axis',(-0.834722844386958,0.55067029433096,0.));
#4704=DIRECTION('ref_axis',(0.55067029433096,0.834722844386958,0.));
#4705=DIRECTION('',(0.55067029433096,0.834722844386958,1.17908042870006E-16));
#4706=DIRECTION('',(0.55067029433096,0.834722844386958,0.));
#4707=DIRECTION('center_axis',(0.,0.,-1.));
#4708=DIRECTION('ref_axis',(-1.,0.,0.));
#4709=DIRECTION('center_axis',(0.936329981813395,-0.351121296929319,0.));
#4710=DIRECTION('ref_axis',(-0.351121296929319,-0.936329981813395,0.));
#4711=DIRECTION('',(-0.351121296929319,-0.936329981813395,-1.64907063651521E-16));
#4712=DIRECTION('',(0.,0.,-1.));
#4713=DIRECTION('',(-0.351121296929319,-0.936329981813395,0.));
#4714=DIRECTION('',(0.,0.,-1.));
#4715=DIRECTION('center_axis',(0.35112104042524,0.936330078001715,0.));
#4716=DIRECTION('ref_axis',(0.936330078001715,-0.35112104042524,0.));
#4717=DIRECTION('',(0.936330078001715,-0.35112104042524,-1.92631895999107E-16));
#4718=DIRECTION('',(0.,0.,-1.));
#4719=DIRECTION('',(0.936330078001715,-0.35112104042524,0.));
#4720=DIRECTION('center_axis',(-0.936328834886706,0.351124355406606,0.));
#4721=DIRECTION('ref_axis',(0.351124355406606,0.936328834886705,0.));
#4722=DIRECTION('',(0.351124355406606,0.936328834886705,1.64906434427196E-16));
#4723=DIRECTION('',(0.,0.,-1.));
#4724=DIRECTION('',(0.351124355406606,0.936328834886705,0.));
#4725=DIRECTION('center_axis',(-0.351124854577189,-0.936328647697029,0.));
#4726=DIRECTION('ref_axis',(-0.93632864769703,0.351124854577189,0.));
#4727=DIRECTION('',(-0.93632864769703,0.351124854577189,1.92632567749165E-16));
#4728=DIRECTION('',(-0.93632864769703,0.351124854577189,0.));
#4729=DIRECTION('center_axis',(0.,0.,-1.));
#4730=DIRECTION('ref_axis',(-1.,0.,0.));
#4731=DIRECTION('center_axis',(-0.691247621492592,0.72261796668837,0.));
#4732=DIRECTION('ref_axis',(0.72261796668837,0.691247621492592,0.));
#4733=DIRECTION('',(0.72261796668837,0.691247621492592,6.49926270285622E-17));
#4734=DIRECTION('',(0.,0.,-1.));
#4735=DIRECTION('',(0.72261796668837,0.691247621492592,0.));
#4736=DIRECTION('',(0.,0.,-1.));
#4737=DIRECTION('center_axis',(-0.722607875184064,-0.691258170817512,0.));
#4738=DIRECTION('ref_axis',(-0.691258170817512,0.722607875184064,0.));
#4739=DIRECTION('',(-0.691258170817512,0.722607875184064,2.45105890788574E-16));
#4740=DIRECTION('',(0.,0.,-1.));
#4741=DIRECTION('',(-0.691258170817512,0.722607875184064,0.));
#4742=DIRECTION('center_axis',(0.691247358762085,-0.72261821801311,0.));
#4743=DIRECTION('ref_axis',(-0.72261821801311,-0.691247358762085,0.));
#4744=DIRECTION('',(-0.72261821801311,-0.691247358762085,-6.49925379122666E-17));
#4745=DIRECTION('',(0.,0.,-1.));
#4746=DIRECTION('',(-0.72261821801311,-0.691247358762085,0.));
#4747=DIRECTION('center_axis',(0.722607913626086,0.691258130632078,0.));
#4748=DIRECTION('ref_axis',(0.691258130632078,-0.722607913626086,0.));
#4749=DIRECTION('',(0.691258130632078,-0.722607913626086,-2.45105894403121E-16));
#4750=DIRECTION('',(0.691258130632078,-0.722607913626086,0.));
#4751=DIRECTION('center_axis',(0.,0.,-1.));
#4752=DIRECTION('ref_axis',(-1.,0.,0.));
#4753=DIRECTION('',(0.,0.,-1.));
#4754=DIRECTION('',(0.,0.,-1.));
#4755=DIRECTION('',(0.,0.,-1.));
#4756=DIRECTION('',(0.,0.,-1.));
#4757=DIRECTION('',(0.,0.,-1.));
#4758=DIRECTION('',(0.,0.,-1.));
#4759=DIRECTION('',(0.,0.,-1.));
#4760=DIRECTION('',(0.,0.,-1.));
#4761=DIRECTION('center_axis',(0.,0.,1.));
#4762=DIRECTION('ref_axis',(1.,0.,0.));
#4763=DIRECTION('center_axis',(-1.,0.,0.));
#4764=DIRECTION('ref_axis',(0.,1.,0.));
#4765=DIRECTION('',(0.,1.,2.22044604925031E-16));
#4766=DIRECTION('',(0.,0.,-1.));
#4767=DIRECTION('',(0.,1.,0.));
#4768=DIRECTION('',(0.,0.,-1.));
#4769=DIRECTION('center_axis',(0.,1.,0.));
#4770=DIRECTION('ref_axis',(1.,0.,0.));
#4771=DIRECTION('',(1.,0.,-1.22464679914735E-16));
#4772=DIRECTION('',(0.,0.,-1.));
#4773=DIRECTION('',(1.,0.,0.));
#4774=DIRECTION('',(0.,0.,-1.));
#4775=DIRECTION('',(0.,0.,-1.));
#4776=DIRECTION('center_axis',(1.,0.,0.));
#4777=DIRECTION('ref_axis',(0.,-1.,0.));
#4778=DIRECTION('',(0.,-1.,-2.22044604925031E-16));
#4779=DIRECTION('',(0.,0.,-1.));
#4780=DIRECTION('',(0.,-1.,0.));
#4781=DIRECTION('',(0.,0.,-1.));
#4782=DIRECTION('',(0.,0.,-1.));
#4783=DIRECTION('center_axis',(0.,-1.,0.));
#4784=DIRECTION('ref_axis',(-1.,0.,0.));
#4785=DIRECTION('',(-1.,0.,1.22464679914735E-16));
#4786=DIRECTION('',(-1.,0.,0.));
#4787=DIRECTION('',(0.,0.,-1.));
#4788=DIRECTION('',(0.,0.,-1.));
#4789=DIRECTION('center_axis',(1.,0.,0.));
#4790=DIRECTION('ref_axis',(0.,-1.,0.));
#4791=DIRECTION('',(0.,-1.,-2.22044604925031E-16));
#4792=DIRECTION('',(0.,0.,-1.));
#4793=DIRECTION('',(0.,-1.,0.));
#4794=DIRECTION('',(0.,0.,-1.));
#4795=DIRECTION('',(0.,0.,-1.));
#4796=DIRECTION('',(0.,0.,-1.));
#4797=DIRECTION('',(0.,0.,-1.));
#4798=DIRECTION('center_axis',(-1.,0.,0.));
#4799=DIRECTION('ref_axis',(0.,1.,0.));
#4800=DIRECTION('',(0.,1.,2.22044604925031E-16));
#4801=DIRECTION('',(0.,0.,-1.));
#4802=DIRECTION('',(0.,1.,0.));
#4803=DIRECTION('center_axis',(0.,1.,0.));
#4804=DIRECTION('ref_axis',(1.,0.,0.));
#4805=DIRECTION('',(1.,0.,-1.22464679914735E-16));
#4806=DIRECTION('',(0.,0.,-1.));
#4807=DIRECTION('',(1.,0.,0.));
#4808=DIRECTION('',(0.,0.,-1.));
#4809=DIRECTION('',(0.,0.,-1.));
#4810=DIRECTION('center_axis',(-1.,0.,0.));
#4811=DIRECTION('ref_axis',(0.,1.,0.));
#4812=DIRECTION('',(0.,1.,2.22044604925031E-16));
#4813=DIRECTION('',(0.,0.,-1.));
#4814=DIRECTION('',(0.,1.,0.));
#4815=DIRECTION('',(0.,0.,-1.));
#4816=DIRECTION('',(0.,0.,-1.));
#4817=DIRECTION('center_axis',(0.,-1.,0.));
#4818=DIRECTION('ref_axis',(-1.,0.,0.));
#4819=DIRECTION('',(-1.,0.,1.22464679914735E-16));
#4820=DIRECTION('',(0.,0.,-1.));
#4821=DIRECTION('',(-1.,0.,0.));
#4822=DIRECTION('center_axis',(0.,0.,1.));
#4823=DIRECTION('ref_axis',(1.,0.,0.));
#4824=DIRECTION('',(0.,0.,-1.));
#4825=DIRECTION('',(0.,0.,-1.));
#4826=DIRECTION('',(0.,0.,-1.));
#4827=DIRECTION('',(0.,0.,-1.));
#4828=DIRECTION('',(0.,0.,-1.));
#4829=DIRECTION('',(0.,0.,-1.));
#4830=DIRECTION('',(0.,0.,-1.));
#4831=DIRECTION('',(0.,0.,-1.));
#4832=DIRECTION('',(0.,0.,-1.));
#4833=DIRECTION('center_axis',(0.,1.,0.));
#4834=DIRECTION('ref_axis',(1.,0.,0.));
#4835=DIRECTION('',(1.,0.,-1.22464679914735E-16));
#4836=DIRECTION('',(0.,0.,-1.));
#4837=DIRECTION('',(1.,0.,0.));
#4838=DIRECTION('',(0.,0.,-1.));
#4839=DIRECTION('',(0.,0.,-1.));
#4840=DIRECTION('center_axis',(-1.,0.,0.));
#4841=DIRECTION('ref_axis',(0.,1.,0.));
#4842=DIRECTION('',(0.,1.,2.22044604925031E-16));
#4843=DIRECTION('',(0.,0.,-1.));
#4844=DIRECTION('',(0.,1.,0.));
#4845=DIRECTION('',(0.,0.,-1.));
#4846=DIRECTION('',(0.,0.,-1.));
#4847=DIRECTION('',(0.,0.,-1.));
#4848=DIRECTION('',(0.,0.,-1.));
#4849=DIRECTION('center_axis',(1.,0.,0.));
#4850=DIRECTION('ref_axis',(0.,-1.,0.));
#4851=DIRECTION('',(0.,-1.,-2.22044604925031E-16));
#4852=DIRECTION('',(0.,0.,-1.));
#4853=DIRECTION('',(0.,-1.,0.));
#4854=DIRECTION('center_axis',(0.,-1.,0.));
#4855=DIRECTION('ref_axis',(-1.,0.,0.));
#4856=DIRECTION('',(-1.,0.,1.22464679914735E-16));
#4857=DIRECTION('',(-1.,0.,0.));
#4858=DIRECTION('center_axis',(0.,0.,1.));
#4859=DIRECTION('ref_axis',(1.,0.,0.));
#4860=DIRECTION('',(0.,0.,-1.));
#4861=DIRECTION('',(0.,0.,-1.));
#4862=DIRECTION('center_axis',(1.,0.,0.));
#4863=DIRECTION('ref_axis',(0.,-1.,0.));
#4864=DIRECTION('',(0.,-1.,-2.22044604925031E-16));
#4865=DIRECTION('',(0.,0.,-1.));
#4866=DIRECTION('',(0.,-1.,0.));
#4867=DIRECTION('center_axis',(-0.707106805772211,-0.707106756600883,0.));
#4868=DIRECTION('ref_axis',(-0.707106756600883,0.707106805772211,0.));
#4869=DIRECTION('',(-0.707106756600883,0.707106805772211,2.43604853940165E-16));
#4870=DIRECTION('',(0.,0.,-1.));
#4871=DIRECTION('',(-0.707106756600883,0.707106805772211,0.));
#4872=DIRECTION('center_axis',(-1.,0.,0.));
#4873=DIRECTION('ref_axis',(0.,1.,0.));
#4874=DIRECTION('',(0.,1.,2.22044604925031E-16));
#4875=DIRECTION('',(0.,0.,-1.));
#4876=DIRECTION('',(0.,1.,0.));
#4877=DIRECTION('',(0.,0.,-1.));
#4878=DIRECTION('',(0.,0.,-1.));
#4879=DIRECTION('',(0.,0.,-1.));
#4880=DIRECTION('',(0.,0.,-1.));
#4881=DIRECTION('center_axis',(1.,0.,0.));
#4882=DIRECTION('ref_axis',(0.,-1.,0.));
#4883=DIRECTION('',(0.,-1.,-2.22044604925031E-16));
#4884=DIRECTION('',(0.,0.,-1.));
#4885=DIRECTION('',(0.,-1.,0.));
#4886=DIRECTION('',(0.,0.,-1.));
#4887=DIRECTION('',(0.,0.,-1.));
#4888=DIRECTION('',(0.,0.,-1.));
#4889=DIRECTION('',(0.,0.,-1.));
#4890=DIRECTION('center_axis',(-1.,0.,0.));
#4891=DIRECTION('ref_axis',(0.,1.,0.));
#4892=DIRECTION('',(0.,1.,2.22044604925031E-16));
#4893=DIRECTION('',(0.,0.,-1.));
#4894=DIRECTION('',(0.,1.,0.));
#4895=DIRECTION('center_axis',(0.707106828016382,0.70710673435671,0.));
#4896=DIRECTION('ref_axis',(0.70710673435671,-0.707106828016382,0.));
#4897=DIRECTION('',(0.70710673435671,-0.707106828016382,-2.43604856155238E-16));
#4898=DIRECTION('',(0.,0.,-1.));
#4899=DIRECTION('',(0.70710673435671,-0.707106828016382,0.));
#4900=DIRECTION('',(0.,0.,-1.));
#4901=DIRECTION('',(0.,0.,-1.));
#4902=DIRECTION('',(0.,0.,-1.));
#4903=DIRECTION('center_axis',(-1.,0.,0.));
#4904=DIRECTION('ref_axis',(0.,1.,0.));
#4905=DIRECTION('',(0.,1.,2.22044604925031E-16));
#4906=DIRECTION('',(0.,0.,-1.));
#4907=DIRECTION('',(0.,1.,0.));
#4908=DIRECTION('',(0.,0.,-1.));
#4909=DIRECTION('',(0.,0.,-1.));
#4910=DIRECTION('center_axis',(0.,0.,1.));
#4911=DIRECTION('ref_axis',(1.,0.,0.));
#4912=DIRECTION('center_axis',(-1.22464679914735E-16,2.22044604925031E-16,
-1.));
#4913=DIRECTION('ref_axis',(-5.47382212626882E-48,-1.,-2.22044604925031E-16));
#4914=DIRECTION('center_axis',(-1.22464679914735E-16,2.22044604925031E-16,
-1.));
#4915=DIRECTION('ref_axis',(-5.47382212626882E-48,-1.,-2.22044604925031E-16));
#4916=DIRECTION('center_axis',(-1.22464679914735E-16,2.22044604925031E-16,
-1.));
#4917=DIRECTION('ref_axis',(-1.,0.,0.));
#4918=DIRECTION('center_axis',(1.,0.,0.));
#4919=DIRECTION('ref_axis',(0.,1.,0.));
#4920=DIRECTION('center_axis',(-1.22464679914735E-16,2.22044604925031E-16,
-1.));
#4921=DIRECTION('ref_axis',(0.707106781186548,0.707106781186548,7.04136402448282E-17));
#4922=DIRECTION('center_axis',(0.,1.,0.));
#4923=DIRECTION('ref_axis',(0.,0.,1.));
#4924=DIRECTION('center_axis',(1.22464679914735E-16,-2.22044604925031E-16,
1.));
#4925=DIRECTION('ref_axis',(0.707106781186548,0.707106781186548,9.25185853854295E-17));
#4926=DIRECTION('center_axis',(-5.47382212626882E-48,-1.,-2.22044604925031E-16));
#4927=DIRECTION('ref_axis',(0.707106781186546,0.,0.707106781186549));
#4928=DIRECTION('center_axis',(-2.7755575615629E-16,1.,0.));
#4929=DIRECTION('ref_axis',(0.,0.,1.));
#4930=DIRECTION('',(5.47382212626882E-48,1.,2.22044604925031E-16));
#4931=DIRECTION('',(-5.47382212626882E-48,-1.,-2.22044604925031E-16));
#4932=DIRECTION('center_axis',(-1.22464679914735E-16,2.22044604925031E-16,
-1.));
#4933=DIRECTION('ref_axis',(-1.,0.,0.));
#4934=DIRECTION('center_axis',(1.,0.,0.));
#4935=DIRECTION('ref_axis',(0.,-5.55111512312578E-16,1.));
#4936=DIRECTION('center_axis',(1.22464679914735E-16,-2.22044604925031E-16,
1.));
#4937=DIRECTION('ref_axis',(0.707106781186548,-0.707106781186547,-2.31296463463574E-16));
#4938=DIRECTION('center_axis',(-1.22464679914735E-16,2.22044604925031E-16,
-1.));
#4939=DIRECTION('ref_axis',(0.707106781186548,-0.707106781186547,-2.43604851491927E-16));
#4940=DIRECTION('center_axis',(-1.,-2.71926214689378E-32,1.22464679914735E-16));
#4941=DIRECTION('ref_axis',(0.,-0.707106781186548,0.707106781186547));
#4942=DIRECTION('center_axis',(1.,0.,0.));
#4943=DIRECTION('ref_axis',(0.,0.,1.));
#4944=DIRECTION('',(1.,2.71926214689378E-32,-1.22464679914735E-16));
#4945=DIRECTION('',(-1.,-2.71926214689378E-32,1.22464679914735E-16));
#4946=DIRECTION('center_axis',(-1.22464679914735E-16,2.22044604925031E-16,
-1.));
#4947=DIRECTION('ref_axis',(-1.,0.,0.));
#4948=DIRECTION('center_axis',(-2.77555756156288E-16,-1.,0.));
#4949=DIRECTION('ref_axis',(0.,0.,1.));
#4950=DIRECTION('center_axis',(1.22464679914735E-16,-2.22044604925031E-16,
1.));
#4951=DIRECTION('ref_axis',(-0.707106781186548,-0.707106781186547,-9.25185853854296E-17));
#4952=DIRECTION('center_axis',(-1.22464679914735E-16,2.22044604925031E-16,
-1.));
#4953=DIRECTION('ref_axis',(-0.707106781186548,-0.707106781186547,-7.0413640244828E-17));
#4954=DIRECTION('center_axis',(5.47382212626882E-48,1.,2.22044604925031E-16));
#4955=DIRECTION('ref_axis',(-0.707106781186546,0.,0.707106781186549));
#4956=DIRECTION('center_axis',(0.,-1.,0.));
#4957=DIRECTION('ref_axis',(0.,0.,1.));
#4958=DIRECTION('',(-5.47382212626882E-48,-1.,-2.22044604925031E-16));
#4959=DIRECTION('',(5.47382212626882E-48,1.,2.22044604925031E-16));
#4960=DIRECTION('center_axis',(-1.22464679914735E-16,2.22044604925031E-16,
-1.));
#4961=DIRECTION('ref_axis',(-1.,0.,0.));
#4962=DIRECTION('center_axis',(-1.,0.,0.));
#4963=DIRECTION('ref_axis',(0.,0.,1.));
#4964=DIRECTION('center_axis',(1.22464679914735E-16,-2.22044604925031E-16,
1.));
#4965=DIRECTION('ref_axis',(-0.707106781186549,0.707106781186546,2.31296463463574E-16));
#4966=DIRECTION('center_axis',(-1.22464679914735E-16,2.22044604925031E-16,
-1.));
#4967=DIRECTION('ref_axis',(-0.707106781186549,0.707106781186546,2.43604851491927E-16));
#4968=DIRECTION('center_axis',(1.,2.71926214689378E-32,-1.22464679914735E-16));
#4969=DIRECTION('ref_axis',(0.,0.707106781186546,0.707106781186549));
#4970=DIRECTION('',(-1.,-2.71926214689378E-32,1.22464679914735E-16));
#4971=DIRECTION('',(1.,2.71926214689378E-32,-1.22464679914735E-16));
#4972=DIRECTION('center_axis',(-1.,-2.71926214689378E-32,1.22464679914735E-16));
#4973=DIRECTION('ref_axis',(5.47382212626882E-48,1.,2.22044604925031E-16));
#4974=DIRECTION('',(1.22464679914735E-16,-2.22044604925031E-16,1.));
#4975=DIRECTION('',(3.99072601762569E-33,-1.,-1.89457854031597E-16));
#4976=DIRECTION('',(-1.22464679914735E-16,2.22044604925031E-16,-1.));
#4977=DIRECTION('center_axis',(1.22464679914735E-16,-2.22044604925031E-16,
1.));
#4978=DIRECTION('ref_axis',(-0.707106781186545,0.70710678118655,0.));
#4979=DIRECTION('',(-1.22464679914735E-16,2.22044604925031E-16,-1.));
#4980=DIRECTION('center_axis',(0.,-1.89457854031597E-16,1.));
#4981=DIRECTION('ref_axis',(-0.707106781186545,0.70710678118655,0.));
#4982=DIRECTION('center_axis',(0.,1.,2.22044604925031E-16));
#4983=DIRECTION('ref_axis',(1.,2.71926214689378E-32,-1.22464679914735E-16));
#4984=DIRECTION('',(1.22464679914735E-16,-2.22044604925031E-16,1.));
#4985=DIRECTION('',(-1.,0.,0.));
#4986=DIRECTION('center_axis',(-1.22464679914735E-16,2.22044604925031E-16,
-1.));
#4987=DIRECTION('ref_axis',(0.707106781186548,0.707106781186548,0.));
#4988=DIRECTION('',(-1.22464679914735E-16,2.22044604925031E-16,-1.));
#4989=DIRECTION('center_axis',(0.,-1.89457854031597E-16,1.));
#4990=DIRECTION('ref_axis',(0.707106781186548,0.707106781186548,0.));
#4991=DIRECTION('center_axis',(-1.22464679914735E-16,2.22044604925031E-16,
-1.));
#4992=DIRECTION('ref_axis',(-5.47382212626882E-48,-1.,-2.22044604925031E-16));
#4993=DIRECTION('',(-1.,-5.43852429378756E-32,1.22464679914735E-16));
#4994=DIRECTION('',(0.,1.,2.22044604925031E-16));
#4995=DIRECTION('',(1.,5.43852429378756E-32,-1.22464679914735E-16));
#4996=DIRECTION('',(0.,-1.,-2.22044604925031E-16));
#4997=DIRECTION('center_axis',(0.,-1.89457854031597E-16,1.));
#4998=DIRECTION('ref_axis',(1.,0.,0.));
#4999=DIRECTION('',(-3.99072601762569E-33,1.,1.89457854031597E-16));
#5000=DIRECTION('center_axis',(0.,-1.89457854031597E-16,1.));
#5001=DIRECTION('ref_axis',(0.707106781186546,-0.707106781186549,0.));
#5002=DIRECTION('',(1.,0.,0.));
#5003=DIRECTION('center_axis',(0.,-1.89457854031597E-16,1.));
#5004=DIRECTION('ref_axis',(-0.707106781186548,-0.707106781186547,0.));
#5005=DIRECTION('',(0.,1.,1.89457854031597E-16));
#5006=DIRECTION('',(-1.,0.,0.));
#5007=DIRECTION('',(-3.99072601762569E-33,1.,1.89457854031597E-16));
#5008=DIRECTION('',(-1.,2.71926214689378E-32,5.15185570899848E-48));
#5009=DIRECTION('',(3.99072601762569E-33,-1.,-1.89457854031597E-16));
#5010=DIRECTION('',(-1.,0.,0.));
#5011=DIRECTION('',(0.,-1.,-1.89457854031597E-16));
#5012=DIRECTION('',(1.,0.,0.));
#5013=DIRECTION('center_axis',(1.,2.71926214689378E-32,-1.22464679914735E-16));
#5014=DIRECTION('ref_axis',(-2.71926214689378E-32,-1.,-4.44089209850063E-16));
#5015=DIRECTION('',(-1.22464679914735E-16,4.44089209850063E-16,-1.));
#5016=DIRECTION('',(2.71926214689378E-32,1.,4.44089209850063E-16));
#5017=DIRECTION('',(-2.26296479653377E-16,-4.44089209850063E-16,1.));
#5018=DIRECTION('',(2.71926214689378E-32,-1.,-3.33013568423603E-48));
#5019=DIRECTION('',(-1.22464679914735E-16,0.,-1.));
#5020=DIRECTION('center_axis',(-2.71926214689378E-32,-1.,-4.44089209850063E-16));
#5021=DIRECTION('ref_axis',(-1.,-2.71926214689378E-32,1.22464679914735E-16));
#5022=DIRECTION('',(1.22464679914735E-16,-4.44089209850063E-16,1.));
#5023=DIRECTION('',(1.,2.71926214689378E-32,-1.22464679914735E-16));
#5024=DIRECTION('center_axis',(-1.,-2.71926214689378E-32,1.22464679914735E-16));
#5025=DIRECTION('ref_axis',(2.71926214689378E-32,1.,4.44089209850063E-16));
#5026=DIRECTION('',(1.22464679914735E-16,-2.22044604925031E-16,1.));
#5027=DIRECTION('',(-2.71926214689378E-32,1.,3.33013568423603E-48));
#5028=DIRECTION('',(-1.22464679914735E-16,4.44089209850063E-16,-1.));
#5029=DIRECTION('',(-2.71926214689378E-32,-1.,-4.44089209850063E-16));
#5030=DIRECTION('center_axis',(0.,-1.,-2.22044604925031E-16));
#5031=DIRECTION('ref_axis',(-1.,-2.71926214689378E-32,1.22464679914735E-16));
#5032=DIRECTION('',(-1.22464679914735E-16,2.22044604925031E-16,-1.));
#5033=DIRECTION('',(-1.,-2.71926214689378E-32,1.22464679914735E-16));
#5034=DIRECTION('center_axis',(-1.22464679914735E-16,2.22044604925031E-16,
-1.));
#5035=DIRECTION('ref_axis',(-0.707106781186548,-0.707106781186547,0.));
#5036=DIRECTION('',(1.22464679914735E-16,-2.22044604925031E-16,1.));
#5037=DIRECTION('center_axis',(0.,-1.,-2.22044604925031E-16));
#5038=DIRECTION('ref_axis',(-1.,-2.71926214689378E-32,1.22464679914735E-16));
#5039=DIRECTION('',(-1.22464679914735E-16,2.22044604925031E-16,-1.));
#5040=DIRECTION('center_axis',(1.22464679914735E-16,-2.22044604925031E-16,
1.));
#5041=DIRECTION('ref_axis',(0.707106781186546,-0.707106781186549,0.));
#5042=DIRECTION('',(1.22464679914735E-16,-2.22044604925031E-16,1.));
#5043=DIRECTION('center_axis',(-1.22464679914735E-16,4.44089209850063E-16,
-1.));
#5044=DIRECTION('ref_axis',(1.,2.71926214689378E-32,-1.22464679914735E-16));
#5045=DIRECTION('',(-2.71926214689378E-32,-1.,-4.44089209850063E-16));
#5046=DIRECTION('',(-1.,0.,0.));
#5047=DIRECTION('',(0.,1.,0.));
#5048=DIRECTION('',(1.,0.,0.));
#5049=DIRECTION('center_axis',(-1.22464679914735E-16,4.44089209850063E-16,
-1.));
#5050=DIRECTION('ref_axis',(-1.,-2.71926214689378E-32,1.22464679914735E-16));
#5051=DIRECTION('',(1.,0.,0.));
#5052=DIRECTION('',(-2.71926214689378E-32,-1.,-4.44089209850063E-16));
#5053=DIRECTION('',(-1.,-2.71926214689378E-32,1.22464679914735E-16));
#5054=DIRECTION('center_axis',(1.22464679914735E-16,-4.44089209850063E-16,
1.));
#5055=DIRECTION('ref_axis',(1.,2.71926214689378E-32,-1.22464679914735E-16));
#5056=DIRECTION('',(-1.,-2.71926214689378E-32,1.22464679914735E-16));
#5057=DIRECTION('center_axis',(-1.22464679914735E-16,4.44089209850063E-16,
-1.));
#5058=DIRECTION('ref_axis',(-1.,-2.71926214689378E-32,1.22464679914735E-16));
#5059=DIRECTION('',(2.71926214689378E-32,1.,4.44089209850063E-16));
#5060=DIRECTION('',(-1.,-2.71926214689378E-32,1.22464679914735E-16));
#5061=DIRECTION('center_axis',(-2.71926214689378E-32,-1.,-4.44089209850063E-16));
#5062=DIRECTION('ref_axis',(1.22464679914735E-16,-4.44089209850063E-16,
1.));
#5063=DIRECTION('',(1.22464679914735E-16,-4.44089209850063E-16,1.));
#5064=DIRECTION('',(-1.22464679914735E-16,4.44089209850063E-16,-1.));
#5065=DIRECTION('center_axis',(2.71926214689378E-32,1.,4.44089209850063E-16));
#5066=DIRECTION('ref_axis',(-1.22464679914735E-16,4.44089209850063E-16,
-1.));
#5067=DIRECTION('',(-1.22464679914735E-16,4.44089209850063E-16,-1.));
#5068=DIRECTION('',(1.22464679914735E-16,-4.44089209850063E-16,1.));
#5069=DIRECTION('center_axis',(-1.,0.,0.));
#5070=DIRECTION('ref_axis',(0.,0.,1.));
#5071=DIRECTION('',(1.22464679914735E-16,-2.22044604925031E-16,1.));
#5072=DIRECTION('center_axis',(0.,1.,0.));
#5073=DIRECTION('ref_axis',(0.,0.,1.));
#5074=DIRECTION('',(-1.22464679914735E-16,2.22044604925031E-16,-1.));
#5075=DIRECTION('center_axis',(1.,0.,0.));
#5076=DIRECTION('ref_axis',(0.,0.,-1.));
#5077=DIRECTION('',(-1.22464679914735E-16,2.22044604925031E-16,-1.));
#5078=DIRECTION('center_axis',(0.,-1.,0.));
#5079=DIRECTION('ref_axis',(0.,0.,-1.));
#5080=DIRECTION('center_axis',(1.,2.71926214689378E-32,-1.22464679914735E-16));
#5081=DIRECTION('ref_axis',(-5.47382212626882E-48,-1.,-2.22044604925031E-16));
#5082=CARTESIAN_POINT('',(0.,0.,0.));
#5083=CARTESIAN_POINT('Origin',(-74.2688351656153,116.3,15.9528009145495));
#5084=CARTESIAN_POINT('',(-72.6188351656153,116.3,22.9528299065047));
#5085=CARTESIAN_POINT('Origin',(-74.2688351656153,116.3,22.9528299065047));
#5086=CARTESIAN_POINT('',(-72.6188351656153,116.3,26.9528009145495));
#5087=CARTESIAN_POINT('',(-72.6188351656153,116.3,15.9528009145495));
#5088=CARTESIAN_POINT('Origin',(-74.2688351656153,116.3,26.9528009145495));
#5089=CARTESIAN_POINT('Origin',(-74.2688351656153,116.3,26.9528009145495));
#5090=CARTESIAN_POINT('Origin',(76.7532039789819,-4.09999999999998,15.9528009145495));
#5091=CARTESIAN_POINT('',(78.4032039789819,-4.09999999999998,22.9528299065047));
#5092=CARTESIAN_POINT('Origin',(76.7532039789819,-4.09999999999998,22.9528299065047));
#5093=CARTESIAN_POINT('',(78.4032039789819,-4.09999999999998,26.9528009145495));
#5094=CARTESIAN_POINT('',(78.4032039789819,-4.09999999999998,15.9528009145495));
#5095=CARTESIAN_POINT('Origin',(76.7532039789819,-4.09999999999998,26.9528009145495));
#5096=CARTESIAN_POINT('Origin',(76.7532039789819,-4.09999999999998,26.9528009145495));
#5097=CARTESIAN_POINT('Origin',(-74.5245105652727,-4.09999999999999,15.9528009145495));
#5098=CARTESIAN_POINT('',(-72.8745105652727,-4.09999999999999,22.9528299065047));
#5099=CARTESIAN_POINT('Origin',(-74.5245105652727,-4.09999999999999,22.9528299065047));
#5100=CARTESIAN_POINT('',(-72.8745105652727,-4.09999999999999,26.9528009145495));
#5101=CARTESIAN_POINT('',(-72.8745105652727,-4.09999999999999,15.9528009145495));
#5102=CARTESIAN_POINT('Origin',(-74.5245105652727,-4.09999999999999,26.9528009145495));
#5103=CARTESIAN_POINT('Origin',(-74.5245105652727,-4.09999999999999,26.9528009145495));
#5104=CARTESIAN_POINT('Origin',(76.7944710693784,116.3,15.9528009145495));
#5105=CARTESIAN_POINT('',(78.4444710693784,116.3,22.9528299065047));
#5106=CARTESIAN_POINT('Origin',(76.7944710693784,116.3,22.9528299065047));
#5107=CARTESIAN_POINT('',(78.4444710693784,116.3,26.9528009145495));
#5108=CARTESIAN_POINT('',(78.4444710693784,116.3,15.9528009145495));
#5109=CARTESIAN_POINT('Origin',(76.7944710693784,116.3,26.9528009145495));
#5110=CARTESIAN_POINT('Origin',(76.7944710693784,116.3,26.9528009145495));
#5111=CARTESIAN_POINT('Ctrl Pts',(1.03536378725309,-3.20754652334559,29.9528009145495));
#5112=CARTESIAN_POINT('Ctrl Pts',(1.03536378725309,-3.20754652334559,29.4528009145495));
#5113=CARTESIAN_POINT('Ctrl Pts',(1.06661137730612,-3.17075012333994,29.9528009145495));
#5114=CARTESIAN_POINT('Ctrl Pts',(1.06661137730612,-3.17075012333994,29.4528009145495));
#5115=CARTESIAN_POINT('Ctrl Pts',(1.12809004150715,-3.09835434766845,29.9528009145495));
#5116=CARTESIAN_POINT('Ctrl Pts',(1.12809004150715,-3.09835434766845,29.4528009145495));
#5117=CARTESIAN_POINT('Ctrl Pts',(1.13775402101071,-3.00396198442824,29.9528009145495));
#5118=CARTESIAN_POINT('Ctrl Pts',(1.13775402101071,-3.00396198442824,29.4528009145495));
#5119=CARTESIAN_POINT('Ctrl Pts',(1.1425061164691,-2.95754616571772,29.9528009145495));
#5120=CARTESIAN_POINT('Ctrl Pts',(1.1425061164691,-2.95754616571772,29.4528009145495));
#5121=CARTESIAN_POINT('',(1.03536378725309,-3.20754652334559,29.9528009145495));
#5122=CARTESIAN_POINT('',(1.1425061164691,-2.95754616571772,29.9528009145495));
#5123=CARTESIAN_POINT('Ctrl Pts',(1.03536378725309,-3.20754652334559,29.9528009145495));
#5124=CARTESIAN_POINT('Ctrl Pts',(1.06661137730612,-3.17075012333994,29.9528009145495));
#5125=CARTESIAN_POINT('Ctrl Pts',(1.12809004150715,-3.09835434766845,29.9528009145495));
#5126=CARTESIAN_POINT('Ctrl Pts',(1.13775402101071,-3.00396198442824,29.9528009145495));
#5127=CARTESIAN_POINT('Ctrl Pts',(1.1425061164691,-2.95754616571772,29.9528009145495));
#5128=CARTESIAN_POINT('',(1.03536378725309,-3.20754652334559,29.4528009145495));
#5129=CARTESIAN_POINT('',(1.03536378725309,-3.20754652334559,29.9528009145495));
#5130=CARTESIAN_POINT('',(1.1425061164691,-2.95754616571772,29.4528009145495));
#5131=CARTESIAN_POINT('Ctrl Pts',(1.03536378725309,-3.20754652334559,29.4528009145495));
#5132=CARTESIAN_POINT('Ctrl Pts',(1.06661137730612,-3.17075012333994,29.4528009145495));
#5133=CARTESIAN_POINT('Ctrl Pts',(1.12809004150715,-3.09835434766845,29.4528009145495));
#5134=CARTESIAN_POINT('Ctrl Pts',(1.13775402101071,-3.00396198442824,29.4528009145495));
#5135=CARTESIAN_POINT('Ctrl Pts',(1.1425061164691,-2.95754616571772,29.4528009145495));
#5136=CARTESIAN_POINT('',(1.1425061164691,-2.95754616571772,29.9528009145495));
#5137=CARTESIAN_POINT('Ctrl Pts',(0.785363429625223,-3.31468944860804,29.9528009145495));
#5138=CARTESIAN_POINT('Ctrl Pts',(0.785363429625223,-3.31468944860804,29.4528009145495));
#5139=CARTESIAN_POINT('Ctrl Pts',(0.831779241230337,-3.30993711288796,29.9528009145495));
#5140=CARTESIAN_POINT('Ctrl Pts',(0.831779241230337,-3.30993711288796,29.4528009145495));
#5141=CARTESIAN_POINT('Ctrl Pts',(0.926171548960019,-3.30027264898629,29.9528009145495));
#5142=CARTESIAN_POINT('Ctrl Pts',(0.926171548960019,-3.30027264898629,29.4528009145495));
#5143=CARTESIAN_POINT('Ctrl Pts',(0.998567376413934,-3.23879406133855,29.9528009145495));
#5144=CARTESIAN_POINT('Ctrl Pts',(0.998567376413934,-3.23879406133855,29.4528009145495));
#5145=CARTESIAN_POINT('Ctrl Pts',(1.03536378725309,-3.20754652334559,29.9528009145495));
#5146=CARTESIAN_POINT('Ctrl Pts',(1.03536378725309,-3.20754652334559,29.4528009145495));
#5147=CARTESIAN_POINT('',(0.785363429625223,-3.31468944860804,29.9528009145495));
#5148=CARTESIAN_POINT('Ctrl Pts',(0.785363429625223,-3.31468944860804,29.9528009145495));
#5149=CARTESIAN_POINT('Ctrl Pts',(0.831779241230337,-3.30993711288796,29.9528009145495));
#5150=CARTESIAN_POINT('Ctrl Pts',(0.926171548960019,-3.30027264898629,29.9528009145495));
#5151=CARTESIAN_POINT('Ctrl Pts',(0.998567376413934,-3.23879406133855,29.9528009145495));
#5152=CARTESIAN_POINT('Ctrl Pts',(1.03536378725309,-3.20754652334559,29.9528009145495));
#5153=CARTESIAN_POINT('',(0.785363429625223,-3.31468944860804,29.4528009145495));
#5154=CARTESIAN_POINT('',(0.785363429625223,-3.31468944860804,29.9528009145495));
#5155=CARTESIAN_POINT('Ctrl Pts',(0.785363429625223,-3.31468944860804,29.4528009145495));
#5156=CARTESIAN_POINT('Ctrl Pts',(0.831779241230337,-3.30993711288796,29.4528009145495));
#5157=CARTESIAN_POINT('Ctrl Pts',(0.926171548960019,-3.30027264898629,29.4528009145495));
#5158=CARTESIAN_POINT('Ctrl Pts',(0.998567376413934,-3.23879406133855,29.4528009145495));
#5159=CARTESIAN_POINT('Ctrl Pts',(1.03536378725309,-3.20754652334559,29.4528009145495));
#5160=CARTESIAN_POINT('Origin',(-0.643207913796713,-3.31468944860804,29.9528009145495));
#5161=CARTESIAN_POINT('',(-0.643207913796713,-3.31468944860804,29.9528009145495));
#5162=CARTESIAN_POINT('',(0.235569396528944,-3.31468944860805,29.9528009145495));
#5163=CARTESIAN_POINT('',(-0.643207913796713,-3.31468944860804,29.4528009145495));
#5164=CARTESIAN_POINT('',(-0.643207913796713,-3.31468944860804,29.9528009145495));
#5165=CARTESIAN_POINT('',(-0.643207913796713,-3.31468944860804,29.4528009145495));
#5166=CARTESIAN_POINT('Ctrl Pts',(-0.893207675378134,-3.20754652334559,
29.9528009145495));
#5167=CARTESIAN_POINT('Ctrl Pts',(-0.893207675378134,-3.20754652334559,
29.4528009145495));
#5168=CARTESIAN_POINT('Ctrl Pts',(-0.856411469771823,-3.23879406186383,
29.9528009145495));
#5169=CARTESIAN_POINT('Ctrl Pts',(-0.856411469771823,-3.23879406186383,
29.4528009145495));
#5170=CARTESIAN_POINT('Ctrl Pts',(-0.784015922528949,-3.3002727554885,29.9528009145495));
#5171=CARTESIAN_POINT('Ctrl Pts',(-0.784015922528949,-3.3002727554885,29.4528009145495));
#5172=CARTESIAN_POINT('Ctrl Pts',(-0.689623743842328,-3.30993714237432,
29.9528009145495));
#5173=CARTESIAN_POINT('Ctrl Pts',(-0.689623743842328,-3.30993714237432,
29.4528009145495));
#5174=CARTESIAN_POINT('Ctrl Pts',(-0.643207913796713,-3.31468944860804,
29.9528009145495));
#5175=CARTESIAN_POINT('Ctrl Pts',(-0.643207913796713,-3.31468944860804,
29.4528009145495));
#5176=CARTESIAN_POINT('',(-0.893207675378134,-3.20754652334559,29.9528009145495));
#5177=CARTESIAN_POINT('Ctrl Pts',(-0.893207675378134,-3.20754652334559,
29.9528009145495));
#5178=CARTESIAN_POINT('Ctrl Pts',(-0.856411469771823,-3.23879406186383,
29.9528009145495));
#5179=CARTESIAN_POINT('Ctrl Pts',(-0.784015922528949,-3.3002727554885,29.9528009145495));
#5180=CARTESIAN_POINT('Ctrl Pts',(-0.689623743842328,-3.30993714237432,
29.9528009145495));
#5181=CARTESIAN_POINT('Ctrl Pts',(-0.643207913796713,-3.31468944860804,
29.9528009145495));
#5182=CARTESIAN_POINT('',(-0.893207675378134,-3.20754652334559,29.4528009145495));
#5183=CARTESIAN_POINT('',(-0.893207675378134,-3.20754652334559,29.9528009145495));
#5184=CARTESIAN_POINT('Ctrl Pts',(-0.893207675378134,-3.20754652334559,
29.4528009145495));
#5185=CARTESIAN_POINT('Ctrl Pts',(-0.856411469771823,-3.23879406186383,
29.4528009145495));
#5186=CARTESIAN_POINT('Ctrl Pts',(-0.784015922528949,-3.3002727554885,29.4528009145495));
#5187=CARTESIAN_POINT('Ctrl Pts',(-0.689623743842328,-3.30993714237432,
29.4528009145495));
#5188=CARTESIAN_POINT('Ctrl Pts',(-0.643207913796713,-3.31468944860804,
29.4528009145495));
#5189=CARTESIAN_POINT('Ctrl Pts',(-1.00035060064058,-2.95754616571772,29.9528009145495));
#5190=CARTESIAN_POINT('Ctrl Pts',(-1.00035060064058,-2.95754616571772,29.4528009145495));
#5191=CARTESIAN_POINT('Ctrl Pts',(-0.995598264920503,-3.00396197732284,
29.9528009145495));
#5192=CARTESIAN_POINT('Ctrl Pts',(-0.995598264920503,-3.00396197732284,
29.4528009145495));
#5193=CARTESIAN_POINT('Ctrl Pts',(-0.985933801018827,-3.09835428505252,
29.9528009145495));
#5194=CARTESIAN_POINT('Ctrl Pts',(-0.985933801018827,-3.09835428505252,
29.4528009145495));
#5195=CARTESIAN_POINT('Ctrl Pts',(-0.924455213371086,-3.17075011250644,
29.9528009145495));
#5196=CARTESIAN_POINT('Ctrl Pts',(-0.924455213371086,-3.17075011250644,
29.4528009145495));
#5197=CARTESIAN_POINT('Ctrl Pts',(-0.893207675378134,-3.20754652334559,
29.9528009145495));
#5198=CARTESIAN_POINT('Ctrl Pts',(-0.893207675378134,-3.20754652334559,
29.4528009145495));
#5199=CARTESIAN_POINT('',(-1.00035060064058,-2.95754616571772,29.9528009145495));
#5200=CARTESIAN_POINT('Ctrl Pts',(-1.00035060064058,-2.95754616571772,29.9528009145495));
#5201=CARTESIAN_POINT('Ctrl Pts',(-0.995598264920503,-3.00396197732284,
29.9528009145495));
#5202=CARTESIAN_POINT('Ctrl Pts',(-0.985933801018827,-3.09835428505252,
29.9528009145495));
#5203=CARTESIAN_POINT('Ctrl Pts',(-0.924455213371086,-3.17075011250644,
29.9528009145495));
#5204=CARTESIAN_POINT('Ctrl Pts',(-0.893207675378134,-3.20754652334559,
29.9528009145495));
#5205=CARTESIAN_POINT('',(-1.00035060064058,-2.95754616571772,29.4528009145495));
#5206=CARTESIAN_POINT('',(-1.00035060064058,-2.95754616571772,29.9528009145495));
#5207=CARTESIAN_POINT('Ctrl Pts',(-1.00035060064058,-2.95754616571772,29.4528009145495));
#5208=CARTESIAN_POINT('Ctrl Pts',(-0.995598264920503,-3.00396197732284,
29.4528009145495));
#5209=CARTESIAN_POINT('Ctrl Pts',(-0.985933801018827,-3.09835428505252,
29.4528009145495));
#5210=CARTESIAN_POINT('Ctrl Pts',(-0.924455213371086,-3.17075011250644,
29.4528009145495));
#5211=CARTESIAN_POINT('Ctrl Pts',(-0.893207675378134,-3.20754652334559,
29.4528009145495));
#5212=CARTESIAN_POINT('Origin',(-1.00035060064058,-1.52897482229579,29.9528009145495));
#5213=CARTESIAN_POINT('',(-1.00035060064058,-1.52897482229579,29.9528009145495));
#5214=CARTESIAN_POINT('',(-1.00035060064058,27.2855125888521,29.9528009145495));
#5215=CARTESIAN_POINT('',(-1.00035060064058,-1.52897482229579,29.4528009145495));
#5216=CARTESIAN_POINT('',(-1.00035060064058,-1.52897482229579,29.9528009145495));
#5217=CARTESIAN_POINT('',(-1.00035060064058,-1.52897482229579,29.4528009145495));
#5218=CARTESIAN_POINT('Ctrl Pts',(-0.893207675378134,-1.27897476269114,
29.9528009145495));
#5219=CARTESIAN_POINT('Ctrl Pts',(-0.893207675378134,-1.27897476269114,
29.4528009145495));
#5220=CARTESIAN_POINT('Ctrl Pts',(-0.924455213633737,-1.31577107091388,
29.9528009145495));
#5221=CARTESIAN_POINT('Ctrl Pts',(-0.924455213633737,-1.31577107091388,
29.4528009145495));
#5222=CARTESIAN_POINT('Ctrl Pts',(-0.985933854269885,-1.38816675826237,
29.9528009145495));
#5223=CARTESIAN_POINT('Ctrl Pts',(-0.985933854269885,-1.38816675826237,
29.4528009145495));
#5224=CARTESIAN_POINT('Ctrl Pts',(-0.995598279663655,-1.48255900147045,
29.9528009145495));
#5225=CARTESIAN_POINT('Ctrl Pts',(-0.995598279663655,-1.48255900147045,
29.4528009145495));
#5226=CARTESIAN_POINT('Ctrl Pts',(-1.00035060064058,-1.52897482229579,29.9528009145495));
#5227=CARTESIAN_POINT('Ctrl Pts',(-1.00035060064058,-1.52897482229579,29.4528009145495));
#5228=CARTESIAN_POINT('',(-0.893207675378134,-1.27897476269114,29.9528009145495));
#5229=CARTESIAN_POINT('Ctrl Pts',(-0.893207675378134,-1.27897476269114,
29.9528009145495));
#5230=CARTESIAN_POINT('Ctrl Pts',(-0.924455213633737,-1.31577107091388,
29.9528009145495));
#5231=CARTESIAN_POINT('Ctrl Pts',(-0.985933854269885,-1.38816675826237,
29.9528009145495));
#5232=CARTESIAN_POINT('Ctrl Pts',(-0.995598279663655,-1.48255900147045,
29.9528009145495));
#5233=CARTESIAN_POINT('Ctrl Pts',(-1.00035060064058,-1.52897482229579,29.9528009145495));
#5234=CARTESIAN_POINT('',(-0.893207675378134,-1.27897476269114,29.4528009145495));
#5235=CARTESIAN_POINT('',(-0.893207675378134,-1.27897476269114,29.9528009145495));
#5236=CARTESIAN_POINT('Ctrl Pts',(-0.893207675378134,-1.27897476269114,
29.4528009145495));
#5237=CARTESIAN_POINT('Ctrl Pts',(-0.924455213633737,-1.31577107091388,
29.4528009145495));
#5238=CARTESIAN_POINT('Ctrl Pts',(-0.985933854269885,-1.38816675826237,
29.4528009145495));
#5239=CARTESIAN_POINT('Ctrl Pts',(-0.995598279663655,-1.48255900147045,
29.4528009145495));
#5240=CARTESIAN_POINT('Ctrl Pts',(-1.00035060064058,-1.52897482229579,29.4528009145495));
#5241=CARTESIAN_POINT('Ctrl Pts',(-0.643207913796713,-1.17183213545192,
29.9528009145495));
#5242=CARTESIAN_POINT('Ctrl Pts',(-0.643207913796713,-1.17183213545192,
29.4528009145495));
#5243=CARTESIAN_POINT('Ctrl Pts',(-0.689623733866187,-1.17658445510902,
29.9528009145495));
#5244=CARTESIAN_POINT('Ctrl Pts',(-0.689623733866187,-1.17658445510902,
29.4528009145495));
#5245=CARTESIAN_POINT('Ctrl Pts',(-0.784015834615178,-1.18624886339037,
29.9528009145495));
#5246=CARTESIAN_POINT('Ctrl Pts',(-0.784015834615178,-1.18624886339037,
29.4528009145495));
#5247=CARTESIAN_POINT('Ctrl Pts',(-0.856411454561454,-1.247727348578,29.9528009145495));
#5248=CARTESIAN_POINT('Ctrl Pts',(-0.856411454561454,-1.247727348578,29.4528009145495));
#5249=CARTESIAN_POINT('Ctrl Pts',(-0.893207675378134,-1.27897476269114,
29.9528009145495));
#5250=CARTESIAN_POINT('Ctrl Pts',(-0.893207675378134,-1.27897476269114,
29.4528009145495));
#5251=CARTESIAN_POINT('',(-0.643207913796713,-1.17183213545192,29.9528009145495));
#5252=CARTESIAN_POINT('Ctrl Pts',(-0.643207913796713,-1.17183213545192,
29.9528009145495));
#5253=CARTESIAN_POINT('Ctrl Pts',(-0.689623733866187,-1.17658445510902,
29.9528009145495));
#5254=CARTESIAN_POINT('Ctrl Pts',(-0.784015834615178,-1.18624886339037,
29.9528009145495));
#5255=CARTESIAN_POINT('Ctrl Pts',(-0.856411454561454,-1.247727348578,29.9528009145495));
#5256=CARTESIAN_POINT('Ctrl Pts',(-0.893207675378134,-1.27897476269114,
29.9528009145495));
#5257=CARTESIAN_POINT('',(-0.643207913796713,-1.17183213545192,29.4528009145495));
#5258=CARTESIAN_POINT('',(-0.643207913796713,-1.17183213545192,29.9528009145495));
#5259=CARTESIAN_POINT('Ctrl Pts',(-0.643207913796713,-1.17183213545192,
29.4528009145495));
#5260=CARTESIAN_POINT('Ctrl Pts',(-0.689623733866187,-1.17658445510902,
29.4528009145495));
#5261=CARTESIAN_POINT('Ctrl Pts',(-0.784015834615178,-1.18624886339037,
29.4528009145495));
#5262=CARTESIAN_POINT('Ctrl Pts',(-0.856411454561454,-1.247727348578,29.4528009145495));
#5263=CARTESIAN_POINT('Ctrl Pts',(-0.893207675378134,-1.27897476269114,
29.4528009145495));
#5264=CARTESIAN_POINT('Origin',(0.785363429625223,-1.17183213545192,29.9528009145495));
#5265=CARTESIAN_POINT('',(0.785363429625223,-1.17183213545192,29.9528009145495));
#5266=CARTESIAN_POINT('',(0.949855068239912,-1.17183213545192,29.9528009145495));
#5267=CARTESIAN_POINT('',(0.785363429625223,-1.17183213545192,29.4528009145495));
#5268=CARTESIAN_POINT('',(0.785363429625223,-1.17183213545192,29.9528009145495));
#5269=CARTESIAN_POINT('',(0.785363429625223,-1.17183213545192,29.4528009145495));
#5270=CARTESIAN_POINT('Ctrl Pts',(1.03536378725309,-1.27897476269114,29.9528009145495));
#5271=CARTESIAN_POINT('Ctrl Pts',(1.03536378725309,-1.27897476269114,29.4528009145495));
#5272=CARTESIAN_POINT('Ctrl Pts',(0.998567361203602,-1.24772734910331,29.9528009145495));
#5273=CARTESIAN_POINT('Ctrl Pts',(0.998567361203602,-1.24772734910331,29.4528009145495));
#5274=CARTESIAN_POINT('Ctrl Pts',(0.926171461046619,-1.18624896989262,29.9528009145495));
#5275=CARTESIAN_POINT('Ctrl Pts',(0.926171461046619,-1.18624896989262,29.4528009145495));
#5276=CARTESIAN_POINT('Ctrl Pts',(0.831779231254256,-1.17658448459538,29.9528009145495));
#5277=CARTESIAN_POINT('Ctrl Pts',(0.831779231254256,-1.17658448459538,29.4528009145495));
#5278=CARTESIAN_POINT('Ctrl Pts',(0.785363429625223,-1.17183213545192,29.9528009145495));
#5279=CARTESIAN_POINT('Ctrl Pts',(0.785363429625223,-1.17183213545192,29.4528009145495));
#5280=CARTESIAN_POINT('',(1.03536378725309,-1.27897476269114,29.9528009145495));
#5281=CARTESIAN_POINT('Ctrl Pts',(1.03536378725309,-1.27897476269114,29.9528009145495));
#5282=CARTESIAN_POINT('Ctrl Pts',(0.998567361203602,-1.24772734910331,29.9528009145495));
#5283=CARTESIAN_POINT('Ctrl Pts',(0.926171461046619,-1.18624896989262,29.9528009145495));
#5284=CARTESIAN_POINT('Ctrl Pts',(0.831779231254256,-1.17658448459538,29.9528009145495));
#5285=CARTESIAN_POINT('Ctrl Pts',(0.785363429625223,-1.17183213545192,29.9528009145495));
#5286=CARTESIAN_POINT('',(1.03536378725309,-1.27897476269114,29.4528009145495));
#5287=CARTESIAN_POINT('',(1.03536378725309,-1.27897476269114,29.9528009145495));
#5288=CARTESIAN_POINT('Ctrl Pts',(1.03536378725309,-1.27897476269114,29.4528009145495));
#5289=CARTESIAN_POINT('Ctrl Pts',(0.998567361203602,-1.24772734910331,29.4528009145495));
#5290=CARTESIAN_POINT('Ctrl Pts',(0.926171461046619,-1.18624896989262,29.4528009145495));
#5291=CARTESIAN_POINT('Ctrl Pts',(0.831779231254256,-1.17658448459538,29.4528009145495));
#5292=CARTESIAN_POINT('Ctrl Pts',(0.785363429625223,-1.17183213545192,29.4528009145495));
#5293=CARTESIAN_POINT('Ctrl Pts',(1.1425061164691,-1.52897482229579,29.9528009145495));
#5294=CARTESIAN_POINT('Ctrl Pts',(1.1425061164691,-1.52897482229579,29.4528009145495));
#5295=CARTESIAN_POINT('Ctrl Pts',(1.13775373572779,-1.48255913664479,29.9528009145495));
#5296=CARTESIAN_POINT('Ctrl Pts',(1.13775373572779,-1.48255913664479,29.4528009145495));
#5297=CARTESIAN_POINT('Ctrl Pts',(1.1280891815647,-1.38816709770472,29.9528009145495));
#5298=CARTESIAN_POINT('Ctrl Pts',(1.1280891815647,-1.38816709770472,29.4528009145495));
#5299=CARTESIAN_POINT('Ctrl Pts',(1.066611076112,-1.31577120296167,29.9528009145495));
#5300=CARTESIAN_POINT('Ctrl Pts',(1.066611076112,-1.31577120296167,29.4528009145495));
#5301=CARTESIAN_POINT('Ctrl Pts',(1.03536378725309,-1.27897476269114,29.9528009145495));
#5302=CARTESIAN_POINT('Ctrl Pts',(1.03536378725309,-1.27897476269114,29.4528009145495));
#5303=CARTESIAN_POINT('',(1.1425061164691,-1.52897482229579,29.9528009145495));
#5304=CARTESIAN_POINT('Ctrl Pts',(1.1425061164691,-1.52897482229579,29.9528009145495));
#5305=CARTESIAN_POINT('Ctrl Pts',(1.13775373572779,-1.48255913664479,29.9528009145495));
#5306=CARTESIAN_POINT('Ctrl Pts',(1.1280891815647,-1.38816709770472,29.9528009145495));
#5307=CARTESIAN_POINT('Ctrl Pts',(1.066611076112,-1.31577120296167,29.9528009145495));
#5308=CARTESIAN_POINT('Ctrl Pts',(1.03536378725309,-1.27897476269114,29.9528009145495));
#5309=CARTESIAN_POINT('',(1.1425061164691,-1.52897482229579,29.4528009145495));
#5310=CARTESIAN_POINT('',(1.1425061164691,-1.52897482229579,29.9528009145495));
#5311=CARTESIAN_POINT('Ctrl Pts',(1.1425061164691,-1.52897482229579,29.4528009145495));
#5312=CARTESIAN_POINT('Ctrl Pts',(1.13775373572779,-1.48255913664479,29.4528009145495));
#5313=CARTESIAN_POINT('Ctrl Pts',(1.1280891815647,-1.38816709770472,29.4528009145495));
#5314=CARTESIAN_POINT('Ctrl Pts',(1.066611076112,-1.31577120296167,29.4528009145495));
#5315=CARTESIAN_POINT('Ctrl Pts',(1.03536378725309,-1.27897476269114,29.4528009145495));
#5316=CARTESIAN_POINT('Origin',(1.1425061164691,-2.95754616571772,29.9528009145495));
#5317=CARTESIAN_POINT('',(1.1425061164691,26.5712269171411,29.9528009145495));
#5318=CARTESIAN_POINT('',(1.1425061164691,-2.95754616571772,29.4528009145495));
#5319=CARTESIAN_POINT('Ctrl Pts',(1.53536331041593,-3.70754604650844,29.9528009145495));
#5320=CARTESIAN_POINT('Ctrl Pts',(1.53536331041593,-3.70754604650844,29.4528009145495));
#5321=CARTESIAN_POINT('Ctrl Pts',(1.42497428510984,-3.80128866036503,29.9528009145495));
#5322=CARTESIAN_POINT('Ctrl Pts',(1.42497428510984,-3.80128866036503,29.4528009145495));
#5323=CARTESIAN_POINT('Ctrl Pts',(1.20778723919226,-3.98572439864292,29.9528009145495));
#5324=CARTESIAN_POINT('Ctrl Pts',(1.20778723919226,-3.98572439864292,29.4528009145495));
#5325=CARTESIAN_POINT('Ctrl Pts',(0.924610670876931,-4.01471780827283,29.9528009145495));
#5326=CARTESIAN_POINT('Ctrl Pts',(0.924610670876931,-4.01471780827283,29.4528009145495));
#5327=CARTESIAN_POINT('Ctrl Pts',(0.785363429625223,-4.02897482229579,29.9528009145495));
#5328=CARTESIAN_POINT('Ctrl Pts',(0.785363429625223,-4.02897482229579,29.4528009145495));
#5329=CARTESIAN_POINT('',(1.53536331041593,-3.70754604650844,29.9528009145495));
#5330=CARTESIAN_POINT('',(0.785363429625223,-4.02897482229579,29.9528009145495));
#5331=CARTESIAN_POINT('Ctrl Pts',(1.53536331041593,-3.70754604650844,29.9528009145495));
#5332=CARTESIAN_POINT('Ctrl Pts',(1.42497428510984,-3.80128866036503,29.9528009145495));
#5333=CARTESIAN_POINT('Ctrl Pts',(1.20778723919226,-3.98572439864292,29.9528009145495));
#5334=CARTESIAN_POINT('Ctrl Pts',(0.924610670876931,-4.01471780827283,29.9528009145495));
#5335=CARTESIAN_POINT('Ctrl Pts',(0.785363429625223,-4.02897482229579,29.9528009145495));
#5336=CARTESIAN_POINT('',(1.53536331041593,-3.70754604650844,29.4528009145495));
#5337=CARTESIAN_POINT('',(1.53536331041593,-3.70754604650844,29.9528009145495));
#5338=CARTESIAN_POINT('',(0.785363429625223,-4.02897482229579,29.4528009145495));
#5339=CARTESIAN_POINT('Ctrl Pts',(1.53536331041593,-3.70754604650844,29.4528009145495));
#5340=CARTESIAN_POINT('Ctrl Pts',(1.42497428510984,-3.80128866036503,29.4528009145495));
#5341=CARTESIAN_POINT('Ctrl Pts',(1.20778723919226,-3.98572439864292,29.4528009145495));
#5342=CARTESIAN_POINT('Ctrl Pts',(0.924610670876931,-4.01471780827283,29.4528009145495));
#5343=CARTESIAN_POINT('Ctrl Pts',(0.785363429625223,-4.02897482229579,29.4528009145495));
#5344=CARTESIAN_POINT('',(0.785363429625223,-4.02897482229579,29.9528009145495));
#5345=CARTESIAN_POINT('Ctrl Pts',(1.85679208620329,-2.95754616571772,29.9528009145495));
#5346=CARTESIAN_POINT('Ctrl Pts',(1.85679208620329,-2.95754616571772,29.4528009145495));
#5347=CARTESIAN_POINT('Ctrl Pts',(1.84253513801569,-3.096793637414,29.9528009145495));
#5348=CARTESIAN_POINT('Ctrl Pts',(1.84253513801569,-3.096793637414,29.4528009145495));
#5349=CARTESIAN_POINT('Ctrl Pts',(1.81354190034231,-3.37997030251672,29.9528009145495));
#5350=CARTESIAN_POINT('Ctrl Pts',(1.81354190034231,-3.37997030251672,29.4528009145495));
#5351=CARTESIAN_POINT('Ctrl Pts',(1.62910592544538,-3.59715722445665,29.9528009145495));
#5352=CARTESIAN_POINT('Ctrl Pts',(1.62910592544538,-3.59715722445665,29.4528009145495));
#5353=CARTESIAN_POINT('Ctrl Pts',(1.53536331041593,-3.70754604650844,29.9528009145495));
#5354=CARTESIAN_POINT('Ctrl Pts',(1.53536331041593,-3.70754604650844,29.4528009145495));
#5355=CARTESIAN_POINT('',(1.85679208620329,-2.95754616571772,29.9528009145495));
#5356=CARTESIAN_POINT('Ctrl Pts',(1.85679208620329,-2.95754616571772,29.9528009145495));
#5357=CARTESIAN_POINT('Ctrl Pts',(1.84253513801569,-3.096793637414,29.9528009145495));
#5358=CARTESIAN_POINT('Ctrl Pts',(1.81354190034231,-3.37997030251672,29.9528009145495));
#5359=CARTESIAN_POINT('Ctrl Pts',(1.62910592544538,-3.59715722445665,29.9528009145495));
#5360=CARTESIAN_POINT('Ctrl Pts',(1.53536331041593,-3.70754604650844,29.9528009145495));
#5361=CARTESIAN_POINT('',(1.85679208620329,-2.95754616571772,29.4528009145495));
#5362=CARTESIAN_POINT('',(1.85679208620329,-2.95754616571772,29.9528009145495));
#5363=CARTESIAN_POINT('Ctrl Pts',(1.85679208620329,-2.95754616571772,29.4528009145495));
#5364=CARTESIAN_POINT('Ctrl Pts',(1.84253513801569,-3.096793637414,29.4528009145495));
#5365=CARTESIAN_POINT('Ctrl Pts',(1.81354190034231,-3.37997030251672,29.4528009145495));
#5366=CARTESIAN_POINT('Ctrl Pts',(1.62910592544538,-3.59715722445665,29.4528009145495));
#5367=CARTESIAN_POINT('Ctrl Pts',(1.53536331041593,-3.70754604650844,29.4528009145495));
#5368=CARTESIAN_POINT('Origin',(1.85679208620329,-1.52897482229579,29.9528009145495));
#5369=CARTESIAN_POINT('',(1.85679208620329,-1.52897482229579,29.9528009145495));
#5370=CARTESIAN_POINT('',(1.85679208620329,27.2855125888521,29.9528009145495));
#5371=CARTESIAN_POINT('',(1.85679208620329,-1.52897482229579,29.4528009145495));
#5372=CARTESIAN_POINT('',(1.85679208620329,-1.52897482229579,29.9528009145495));
#5373=CARTESIAN_POINT('',(1.85679208620329,-1.52897482229579,29.4528009145495));
#5374=CARTESIAN_POINT('Ctrl Pts',(1.53536331041593,-0.778974941505078,29.9528009145495));
#5375=CARTESIAN_POINT('Ctrl Pts',(1.53536331041593,-0.778974941505078,29.4528009145495));
#5376=CARTESIAN_POINT('Ctrl Pts',(1.62910592485897,-0.889363865184017,29.9528009145495));
#5377=CARTESIAN_POINT('Ctrl Pts',(1.62910592485897,-0.889363865184017,29.4528009145495));
#5378=CARTESIAN_POINT('Ctrl Pts',(1.81354178144634,-1.10655084911282,29.9528009145495));
#5379=CARTESIAN_POINT('Ctrl Pts',(1.81354178144634,-1.10655084911282,29.4528009145495));
#5380=CARTESIAN_POINT('Ctrl Pts',(1.84253510509798,-1.38972746582182,29.9528009145495));
#5381=CARTESIAN_POINT('Ctrl Pts',(1.84253510509798,-1.38972746582182,29.4528009145495));
#5382=CARTESIAN_POINT('Ctrl Pts',(1.85679208620329,-1.52897482229579,29.9528009145495));
#5383=CARTESIAN_POINT('Ctrl Pts',(1.85679208620329,-1.52897482229579,29.4528009145495));
#5384=CARTESIAN_POINT('',(1.53536331041593,-0.778974941505078,29.9528009145495));
#5385=CARTESIAN_POINT('Ctrl Pts',(1.53536331041593,-0.778974941505078,29.9528009145495));
#5386=CARTESIAN_POINT('Ctrl Pts',(1.62910592485897,-0.889363865184017,29.9528009145495));
#5387=CARTESIAN_POINT('Ctrl Pts',(1.81354178144634,-1.10655084911282,29.9528009145495));
#5388=CARTESIAN_POINT('Ctrl Pts',(1.84253510509798,-1.38972746582182,29.9528009145495));
#5389=CARTESIAN_POINT('Ctrl Pts',(1.85679208620329,-1.52897482229579,29.9528009145495));
#5390=CARTESIAN_POINT('',(1.53536331041593,-0.778974941505078,29.4528009145495));
#5391=CARTESIAN_POINT('',(1.53536331041593,-0.778974941505078,29.9528009145495));
#5392=CARTESIAN_POINT('Ctrl Pts',(1.53536331041593,-0.778974941505078,29.4528009145495));
#5393=CARTESIAN_POINT('Ctrl Pts',(1.62910592485897,-0.889363865184017,29.4528009145495));
#5394=CARTESIAN_POINT('Ctrl Pts',(1.81354178144634,-1.10655084911282,29.4528009145495));
#5395=CARTESIAN_POINT('Ctrl Pts',(1.84253510509798,-1.38972746582182,29.4528009145495));
#5396=CARTESIAN_POINT('Ctrl Pts',(1.85679208620329,-1.52897482229579,29.4528009145495));
#5397=CARTESIAN_POINT('Ctrl Pts',(0.785363429625223,-0.457546165717725,
29.9528009145495));
#5398=CARTESIAN_POINT('Ctrl Pts',(0.785363429625223,-0.457546165717725,
29.4528009145495));
#5399=CARTESIAN_POINT('Ctrl Pts',(0.924610670876931,-0.471803179740684,
29.9528009145495));
#5400=CARTESIAN_POINT('Ctrl Pts',(0.924610670876931,-0.471803179740684,
29.4528009145495));
#5401=CARTESIAN_POINT('Ctrl Pts',(1.20778723919226,-0.500796589370589,29.9528009145495));
#5402=CARTESIAN_POINT('Ctrl Pts',(1.20778723919226,-0.500796589370589,29.4528009145495));
#5403=CARTESIAN_POINT('Ctrl Pts',(1.42497428510984,-0.685232327648484,29.9528009145495));
#5404=CARTESIAN_POINT('Ctrl Pts',(1.42497428510984,-0.685232327648484,29.4528009145495));
#5405=CARTESIAN_POINT('Ctrl Pts',(1.53536331041593,-0.778974941505078,29.9528009145495));
#5406=CARTESIAN_POINT('Ctrl Pts',(1.53536331041593,-0.778974941505078,29.4528009145495));
#5407=CARTESIAN_POINT('',(0.785363429625223,-0.457546165717725,29.9528009145495));
#5408=CARTESIAN_POINT('Ctrl Pts',(0.785363429625223,-0.457546165717725,
29.9528009145495));
#5409=CARTESIAN_POINT('Ctrl Pts',(0.924610670876931,-0.471803179740684,
29.9528009145495));
#5410=CARTESIAN_POINT('Ctrl Pts',(1.20778723919226,-0.500796589370589,29.9528009145495));
#5411=CARTESIAN_POINT('Ctrl Pts',(1.42497428510984,-0.685232327648484,29.9528009145495));
#5412=CARTESIAN_POINT('Ctrl Pts',(1.53536331041593,-0.778974941505078,29.9528009145495));
#5413=CARTESIAN_POINT('',(0.785363429625223,-0.457546165717725,29.4528009145495));
#5414=CARTESIAN_POINT('',(0.785363429625223,-0.457546165717725,29.9528009145495));
#5415=CARTESIAN_POINT('Ctrl Pts',(0.785363429625223,-0.457546165717725,
29.4528009145495));
#5416=CARTESIAN_POINT('Ctrl Pts',(0.924610670876931,-0.471803179740684,
29.4528009145495));
#5417=CARTESIAN_POINT('Ctrl Pts',(1.20778723919226,-0.500796589370589,29.4528009145495));
#5418=CARTESIAN_POINT('Ctrl Pts',(1.42497428510984,-0.685232327648484,29.4528009145495));
#5419=CARTESIAN_POINT('Ctrl Pts',(1.53536331041593,-0.778974941505078,29.4528009145495));
#5420=CARTESIAN_POINT('Origin',(-0.643207913796713,-0.457546165717725,29.9528009145495));
#5421=CARTESIAN_POINT('',(-0.643207913796713,-0.457546165717725,29.9528009145495));
#5422=CARTESIAN_POINT('',(0.235569396528944,-0.457546165717728,29.9528009145495));
#5423=CARTESIAN_POINT('',(-0.643207913796713,-0.457546165717725,29.4528009145495));
#5424=CARTESIAN_POINT('',(-0.643207913796713,-0.457546165717725,29.9528009145495));
#5425=CARTESIAN_POINT('',(-0.643207913796713,-0.457546165717725,29.4528009145495));
#5426=CARTESIAN_POINT('Ctrl Pts',(-1.39320779458742,-0.778974941505078,
29.9528009145495));
#5427=CARTESIAN_POINT('Ctrl Pts',(-1.39320779458742,-0.778974941505078,
29.4528009145495));
#5428=CARTESIAN_POINT('Ctrl Pts',(-1.28281897253563,-0.685232326475629,
29.9528009145495));
#5429=CARTESIAN_POINT('Ctrl Pts',(-1.28281897253563,-0.685232326475629,
29.4528009145495));
#5430=CARTESIAN_POINT('Ctrl Pts',(-1.06563205059572,-0.500796351578702,
29.9528009145495));
#5431=CARTESIAN_POINT('Ctrl Pts',(-1.06563205059572,-0.500796351578702,
29.4528009145495));
#5432=CARTESIAN_POINT('Ctrl Pts',(-0.782455385492984,-0.471803113905324,
29.9528009145495));
#5433=CARTESIAN_POINT('Ctrl Pts',(-0.782455385492984,-0.471803113905324,
29.4528009145495));
#5434=CARTESIAN_POINT('Ctrl Pts',(-0.643207913796713,-0.457546165717725,
29.9528009145495));
#5435=CARTESIAN_POINT('Ctrl Pts',(-0.643207913796713,-0.457546165717725,
29.4528009145495));
#5436=CARTESIAN_POINT('',(-1.39320779458742,-0.778974941505078,29.9528009145495));
#5437=CARTESIAN_POINT('Ctrl Pts',(-1.39320779458742,-0.778974941505078,
29.9528009145495));
#5438=CARTESIAN_POINT('Ctrl Pts',(-1.28281897253563,-0.685232326475629,
29.9528009145495));
#5439=CARTESIAN_POINT('Ctrl Pts',(-1.06563205059572,-0.500796351578702,
29.9528009145495));
#5440=CARTESIAN_POINT('Ctrl Pts',(-0.782455385492984,-0.471803113905324,
29.9528009145495));
#5441=CARTESIAN_POINT('Ctrl Pts',(-0.643207913796713,-0.457546165717725,
29.9528009145495));
#5442=CARTESIAN_POINT('',(-1.39320779458742,-0.778974941505078,29.4528009145495));
#5443=CARTESIAN_POINT('',(-1.39320779458742,-0.778974941505078,29.9528009145495));
#5444=CARTESIAN_POINT('Ctrl Pts',(-1.39320779458742,-0.778974941505078,
29.4528009145495));
#5445=CARTESIAN_POINT('Ctrl Pts',(-1.28281897253563,-0.685232326475629,
29.4528009145495));
#5446=CARTESIAN_POINT('Ctrl Pts',(-1.06563205059572,-0.500796351578702,
29.4528009145495));
#5447=CARTESIAN_POINT('Ctrl Pts',(-0.782455385492984,-0.471803113905324,
29.4528009145495));
#5448=CARTESIAN_POINT('Ctrl Pts',(-0.643207913796713,-0.457546165717725,
29.4528009145495));
#5449=CARTESIAN_POINT('Ctrl Pts',(-1.71463657037478,-1.52897482229579,29.9528009145495));
#5450=CARTESIAN_POINT('Ctrl Pts',(-1.71463657037478,-1.52897482229579,29.4528009145495));
#5451=CARTESIAN_POINT('Ctrl Pts',(-1.70037962218718,-1.38972735059952,29.9528009145495));
#5452=CARTESIAN_POINT('Ctrl Pts',(-1.70037962218718,-1.38972735059952,29.4528009145495));
#5453=CARTESIAN_POINT('Ctrl Pts',(-1.6713863845138,-1.10655068549679,29.9528009145495));
#5454=CARTESIAN_POINT('Ctrl Pts',(-1.6713863845138,-1.10655068549679,29.4528009145495));
#5455=CARTESIAN_POINT('Ctrl Pts',(-1.48695040961687,-0.889363763556867,
29.9528009145495));
#5456=CARTESIAN_POINT('Ctrl Pts',(-1.48695040961687,-0.889363763556867,
29.4528009145495));
#5457=CARTESIAN_POINT('Ctrl Pts',(-1.39320779458742,-0.778974941505078,
29.9528009145495));
#5458=CARTESIAN_POINT('Ctrl Pts',(-1.39320779458742,-0.778974941505078,
29.4528009145495));
#5459=CARTESIAN_POINT('',(-1.71463657037478,-1.52897482229579,29.9528009145495));
#5460=CARTESIAN_POINT('Ctrl Pts',(-1.71463657037478,-1.52897482229579,29.9528009145495));
#5461=CARTESIAN_POINT('Ctrl Pts',(-1.70037962218718,-1.38972735059952,29.9528009145495));
#5462=CARTESIAN_POINT('Ctrl Pts',(-1.6713863845138,-1.10655068549679,29.9528009145495));
#5463=CARTESIAN_POINT('Ctrl Pts',(-1.48695040961687,-0.889363763556867,
29.9528009145495));
#5464=CARTESIAN_POINT('Ctrl Pts',(-1.39320779458742,-0.778974941505078,
29.9528009145495));
#5465=CARTESIAN_POINT('',(-1.71463657037478,-1.52897482229579,29.4528009145495));
#5466=CARTESIAN_POINT('',(-1.71463657037478,-1.52897482229579,29.9528009145495));
#5467=CARTESIAN_POINT('Ctrl Pts',(-1.71463657037478,-1.52897482229579,29.4528009145495));
#5468=CARTESIAN_POINT('Ctrl Pts',(-1.70037962218718,-1.38972735059952,29.4528009145495));
#5469=CARTESIAN_POINT('Ctrl Pts',(-1.6713863845138,-1.10655068549679,29.4528009145495));
#5470=CARTESIAN_POINT('Ctrl Pts',(-1.48695040961687,-0.889363763556867,
29.4528009145495));
#5471=CARTESIAN_POINT('Ctrl Pts',(-1.39320779458742,-0.778974941505078,
29.4528009145495));
#5472=CARTESIAN_POINT('Origin',(-1.71463657037478,-2.95754616571772,29.9528009145495));
#5473=CARTESIAN_POINT('',(-1.71463657037478,-2.95754616571772,29.9528009145495));
#5474=CARTESIAN_POINT('',(-1.71463657037478,26.5712269171411,29.9528009145495));
#5475=CARTESIAN_POINT('',(-1.71463657037478,-2.95754616571772,29.4528009145495));
#5476=CARTESIAN_POINT('',(-1.71463657037478,-2.95754616571772,29.9528009145495));
#5477=CARTESIAN_POINT('',(-1.71463657037478,-2.95754616571772,29.4528009145495));
#5478=CARTESIAN_POINT('Ctrl Pts',(-1.39320779458742,-3.70754604650844,29.9528009145495));
#5479=CARTESIAN_POINT('Ctrl Pts',(-1.39320779458742,-3.70754604650844,29.4528009145495));
#5480=CARTESIAN_POINT('Ctrl Pts',(-1.48695040961687,-3.59715722445665,29.9528009145495));
#5481=CARTESIAN_POINT('Ctrl Pts',(-1.48695040961687,-3.59715722445665,29.4528009145495));
#5482=CARTESIAN_POINT('Ctrl Pts',(-1.6713863845138,-3.37997030251673,29.9528009145495));
#5483=CARTESIAN_POINT('Ctrl Pts',(-1.6713863845138,-3.37997030251673,29.4528009145495));
#5484=CARTESIAN_POINT('Ctrl Pts',(-1.70037962218718,-3.096793637414,29.9528009145495));
#5485=CARTESIAN_POINT('Ctrl Pts',(-1.70037962218718,-3.096793637414,29.4528009145495));
#5486=CARTESIAN_POINT('Ctrl Pts',(-1.71463657037478,-2.95754616571772,29.9528009145495));
#5487=CARTESIAN_POINT('Ctrl Pts',(-1.71463657037478,-2.95754616571772,29.4528009145495));
#5488=CARTESIAN_POINT('',(-1.39320779458742,-3.70754604650844,29.9528009145495));
#5489=CARTESIAN_POINT('Ctrl Pts',(-1.39320779458742,-3.70754604650844,29.9528009145495));
#5490=CARTESIAN_POINT('Ctrl Pts',(-1.48695040961687,-3.59715722445665,29.9528009145495));
#5491=CARTESIAN_POINT('Ctrl Pts',(-1.6713863845138,-3.37997030251673,29.9528009145495));
#5492=CARTESIAN_POINT('Ctrl Pts',(-1.70037962218718,-3.096793637414,29.9528009145495));
#5493=CARTESIAN_POINT('Ctrl Pts',(-1.71463657037478,-2.95754616571772,29.9528009145495));
#5494=CARTESIAN_POINT('',(-1.39320779458742,-3.70754604650844,29.4528009145495));
#5495=CARTESIAN_POINT('',(-1.39320779458742,-3.70754604650844,29.9528009145495));
#5496=CARTESIAN_POINT('Ctrl Pts',(-1.39320779458742,-3.70754604650844,29.4528009145495));
#5497=CARTESIAN_POINT('Ctrl Pts',(-1.48695040961687,-3.59715722445665,29.4528009145495));
#5498=CARTESIAN_POINT('Ctrl Pts',(-1.6713863845138,-3.37997030251673,29.4528009145495));
#5499=CARTESIAN_POINT('Ctrl Pts',(-1.70037962218718,-3.096793637414,29.4528009145495));
#5500=CARTESIAN_POINT('Ctrl Pts',(-1.71463657037478,-2.95754616571772,29.4528009145495));
#5501=CARTESIAN_POINT('Ctrl Pts',(-0.643207913796713,-4.02897482229579,
29.9528009145495));
#5502=CARTESIAN_POINT('Ctrl Pts',(-0.643207913796713,-4.02897482229579,
29.4528009145495));
#5503=CARTESIAN_POINT('Ctrl Pts',(-0.782455385492984,-4.01471787410819,
29.9528009145495));
#5504=CARTESIAN_POINT('Ctrl Pts',(-0.782455385492984,-4.01471787410819,
29.4528009145495));
#5505=CARTESIAN_POINT('Ctrl Pts',(-1.06563205059572,-3.98572463643481,29.9528009145495));
#5506=CARTESIAN_POINT('Ctrl Pts',(-1.06563205059572,-3.98572463643481,29.4528009145495));
#5507=CARTESIAN_POINT('Ctrl Pts',(-1.28281897253563,-3.80128866153788,29.9528009145495));
#5508=CARTESIAN_POINT('Ctrl Pts',(-1.28281897253563,-3.80128866153788,29.4528009145495));
#5509=CARTESIAN_POINT('Ctrl Pts',(-1.39320779458742,-3.70754604650844,29.9528009145495));
#5510=CARTESIAN_POINT('Ctrl Pts',(-1.39320779458742,-3.70754604650844,29.4528009145495));
#5511=CARTESIAN_POINT('',(-0.643207913796713,-4.02897482229579,29.9528009145495));
#5512=CARTESIAN_POINT('Ctrl Pts',(-0.643207913796713,-4.02897482229579,
29.9528009145495));
#5513=CARTESIAN_POINT('Ctrl Pts',(-0.782455385492984,-4.01471787410819,
29.9528009145495));
#5514=CARTESIAN_POINT('Ctrl Pts',(-1.06563205059572,-3.98572463643481,29.9528009145495));
#5515=CARTESIAN_POINT('Ctrl Pts',(-1.28281897253563,-3.80128866153788,29.9528009145495));
#5516=CARTESIAN_POINT('Ctrl Pts',(-1.39320779458742,-3.70754604650844,29.9528009145495));
#5517=CARTESIAN_POINT('',(-0.643207913796713,-4.02897482229579,29.4528009145495));
#5518=CARTESIAN_POINT('',(-0.643207913796713,-4.02897482229579,29.9528009145495));
#5519=CARTESIAN_POINT('Ctrl Pts',(-0.643207913796713,-4.02897482229579,
29.4528009145495));
#5520=CARTESIAN_POINT('Ctrl Pts',(-0.782455385492984,-4.01471787410819,
29.4528009145495));
#5521=CARTESIAN_POINT('Ctrl Pts',(-1.06563205059572,-3.98572463643481,29.4528009145495));
#5522=CARTESIAN_POINT('Ctrl Pts',(-1.28281897253563,-3.80128866153788,29.4528009145495));
#5523=CARTESIAN_POINT('Ctrl Pts',(-1.39320779458742,-3.70754604650844,29.4528009145495));
#5524=CARTESIAN_POINT('Origin',(0.785363429625223,-4.02897482229579,29.9528009145495));
#5525=CARTESIAN_POINT('',(0.949855068239912,-4.02897482229579,29.9528009145495));
#5526=CARTESIAN_POINT('',(0.785363429625223,-4.02897482229579,29.4528009145495));
#5527=CARTESIAN_POINT('Origin',(6.69250685854692,-1.52897482229579,29.4528009145495));
#5528=CARTESIAN_POINT('Ctrl Pts',(19.1925073800876,-3.70754604650844,29.9528009145495));
#5529=CARTESIAN_POINT('Ctrl Pts',(19.1925073800876,-3.70754604650844,29.4528009145495));
#5530=CARTESIAN_POINT('Ctrl Pts',(19.0821181495486,-3.8012886598397,29.9528009145495));
#5531=CARTESIAN_POINT('Ctrl Pts',(19.0821181495486,-3.8012886598397,29.4528009145495));
#5532=CARTESIAN_POINT('Ctrl Pts',(18.8649308234203,-3.98572429214092,29.9528009145495));
#5533=CARTESIAN_POINT('Ctrl Pts',(18.8649308234203,-3.98572429214092,29.4528009145495));
#5534=CARTESIAN_POINT('Ctrl Pts',(18.5817541260617,-4.01471777878661,29.9528009145495));
#5535=CARTESIAN_POINT('Ctrl Pts',(18.5817541260617,-4.01471777878661,29.4528009145495));
#5536=CARTESIAN_POINT('Ctrl Pts',(18.4425069032504,-4.02897482229579,29.9528009145495));
#5537=CARTESIAN_POINT('Ctrl Pts',(18.4425069032504,-4.02897482229579,29.4528009145495));
#5538=CARTESIAN_POINT('',(19.1925073800876,-3.70754604650844,29.9528009145495));
#5539=CARTESIAN_POINT('',(18.4425069032504,-4.02897482229579,29.9528009145495));
#5540=CARTESIAN_POINT('Ctrl Pts',(19.1925073800876,-3.70754604650844,29.9528009145495));
#5541=CARTESIAN_POINT('Ctrl Pts',(19.0821181495486,-3.8012886598397,29.9528009145495));
#5542=CARTESIAN_POINT('Ctrl Pts',(18.8649308234203,-3.98572429214092,29.9528009145495));
#5543=CARTESIAN_POINT('Ctrl Pts',(18.5817541260617,-4.01471777878661,29.9528009145495));
#5544=CARTESIAN_POINT('Ctrl Pts',(18.4425069032504,-4.02897482229579,29.9528009145495));
#5545=CARTESIAN_POINT('',(19.1925073800876,-3.70754604650844,29.4528009145495));
#5546=CARTESIAN_POINT('',(19.1925073800876,-3.70754604650844,29.9528009145495));
#5547=CARTESIAN_POINT('',(18.4425069032504,-4.02897482229579,29.4528009145495));
#5548=CARTESIAN_POINT('Ctrl Pts',(19.1925073800876,-3.70754604650844,29.4528009145495));
#5549=CARTESIAN_POINT('Ctrl Pts',(19.0821181495486,-3.8012886598397,29.4528009145495));
#5550=CARTESIAN_POINT('Ctrl Pts',(18.8649308234203,-3.98572429214092,29.4528009145495));
#5551=CARTESIAN_POINT('Ctrl Pts',(18.5817541260617,-4.01471777878661,29.4528009145495));
#5552=CARTESIAN_POINT('Ctrl Pts',(18.4425069032504,-4.02897482229579,29.4528009145495));
#5553=CARTESIAN_POINT('',(18.4425069032504,-4.02897482229579,29.9528009145495));
#5554=CARTESIAN_POINT('Ctrl Pts',(19.5139361558749,-2.95754616571772,29.9528009145495));
#5555=CARTESIAN_POINT('Ctrl Pts',(19.5139361558749,-2.95754616571772,29.4528009145495));
#5556=CARTESIAN_POINT('Ctrl Pts',(19.4996784063617,-3.09679355624045,29.9528009145495));
#5557=CARTESIAN_POINT('Ctrl Pts',(19.4996784063617,-3.09679355624045,29.4528009145495));
#5558=CARTESIAN_POINT('Ctrl Pts',(19.4706835871252,-3.37996958718398,29.9528009145495));
#5559=CARTESIAN_POINT('Ctrl Pts',(19.4706835871252,-3.37996958718398,29.4528009145495));
#5560=CARTESIAN_POINT('Ctrl Pts',(19.2862490925077,-3.59715710069376,29.9528009145495));
#5561=CARTESIAN_POINT('Ctrl Pts',(19.2862490925077,-3.59715710069376,29.4528009145495));
#5562=CARTESIAN_POINT('Ctrl Pts',(19.1925073800876,-3.70754604650844,29.9528009145495));
#5563=CARTESIAN_POINT('Ctrl Pts',(19.1925073800876,-3.70754604650844,29.4528009145495));
#5564=CARTESIAN_POINT('',(19.5139361558749,-2.95754616571772,29.9528009145495));
#5565=CARTESIAN_POINT('Ctrl Pts',(19.5139361558749,-2.95754616571772,29.9528009145495));
#5566=CARTESIAN_POINT('Ctrl Pts',(19.4996784063617,-3.09679355624045,29.9528009145495));
#5567=CARTESIAN_POINT('Ctrl Pts',(19.4706835871252,-3.37996958718398,29.9528009145495));
#5568=CARTESIAN_POINT('Ctrl Pts',(19.2862490925077,-3.59715710069376,29.9528009145495));
#5569=CARTESIAN_POINT('Ctrl Pts',(19.1925073800876,-3.70754604650844,29.9528009145495));
#5570=CARTESIAN_POINT('',(19.5139361558749,-2.95754616571772,29.4528009145495));
#5571=CARTESIAN_POINT('',(19.5139361558749,-2.95754616571772,29.9528009145495));
#5572=CARTESIAN_POINT('Ctrl Pts',(19.5139361558749,-2.95754616571772,29.4528009145495));
#5573=CARTESIAN_POINT('Ctrl Pts',(19.4996784063617,-3.09679355624045,29.4528009145495));
#5574=CARTESIAN_POINT('Ctrl Pts',(19.4706835871252,-3.37996958718398,29.4528009145495));
#5575=CARTESIAN_POINT('Ctrl Pts',(19.2862490925077,-3.59715710069376,29.4528009145495));
#5576=CARTESIAN_POINT('Ctrl Pts',(19.1925073800876,-3.70754604650844,29.4528009145495));
#5577=CARTESIAN_POINT('Ctrl Pts',(19.4067932306125,-2.7075464041363,29.9528009145495));
#5578=CARTESIAN_POINT('Ctrl Pts',(19.4067932306125,-2.7075464041363,29.4528009145495));
#5579=CARTESIAN_POINT('Ctrl Pts',(19.4380404682611,-2.74434265099692,29.9528009145495));
#5580=CARTESIAN_POINT('Ctrl Pts',(19.4380404682611,-2.74434265099692,29.4528009145495));
#5581=CARTESIAN_POINT('Ctrl Pts',(19.4995186684594,-2.81673839542993,29.9528009145495));
#5582=CARTESIAN_POINT('Ctrl Pts',(19.4995186684594,-2.81673839542993,29.4528009145495));
#5583=CARTESIAN_POINT('Ctrl Pts',(19.5091835825326,-2.91113036273,29.9528009145495));
#5584=CARTESIAN_POINT('Ctrl Pts',(19.5091835825326,-2.91113036273,29.4528009145495));
#5585=CARTESIAN_POINT('Ctrl Pts',(19.5139361558749,-2.95754616571772,29.9528009145495));
#5586=CARTESIAN_POINT('Ctrl Pts',(19.5139361558749,-2.95754616571772,29.4528009145495));
#5587=CARTESIAN_POINT('',(19.4067932306125,-2.7075464041363,29.9528009145495));
#5588=CARTESIAN_POINT('Ctrl Pts',(19.4067932306125,-2.7075464041363,29.9528009145495));
#5589=CARTESIAN_POINT('Ctrl Pts',(19.4380404682611,-2.74434265099692,29.9528009145495));
#5590=CARTESIAN_POINT('Ctrl Pts',(19.4995186684594,-2.81673839542993,29.9528009145495));
#5591=CARTESIAN_POINT('Ctrl Pts',(19.5091835825326,-2.91113036273,29.9528009145495));
#5592=CARTESIAN_POINT('Ctrl Pts',(19.5139361558749,-2.95754616571772,29.9528009145495));
#5593=CARTESIAN_POINT('',(19.4067932306125,-2.7075464041363,29.4528009145495));
#5594=CARTESIAN_POINT('',(19.4067932306125,-2.7075464041363,29.9528009145495));
#5595=CARTESIAN_POINT('Ctrl Pts',(19.4067932306125,-2.7075464041363,29.4528009145495));
#5596=CARTESIAN_POINT('Ctrl Pts',(19.4380404682611,-2.74434265099692,29.4528009145495));
#5597=CARTESIAN_POINT('Ctrl Pts',(19.4995186684594,-2.81673839542993,29.4528009145495));
#5598=CARTESIAN_POINT('Ctrl Pts',(19.5091835825326,-2.91113036273,29.4528009145495));
#5599=CARTESIAN_POINT('Ctrl Pts',(19.5139361558749,-2.95754616571772,29.4528009145495));
#5600=CARTESIAN_POINT('Ctrl Pts',(19.1567922769382,-2.60040347887385,29.9528009145495));
#5601=CARTESIAN_POINT('Ctrl Pts',(19.1567922769382,-2.60040347887385,29.4528009145495));
#5602=CARTESIAN_POINT('Ctrl Pts',(19.2032083005473,-2.60515577824494,29.9528009145495));
#5603=CARTESIAN_POINT('Ctrl Pts',(19.2032083005473,-2.60515577824494,29.4528009145495));
#5604=CARTESIAN_POINT('Ctrl Pts',(19.2976008341073,-2.61482014720618,29.9528009145495));
#5605=CARTESIAN_POINT('Ctrl Pts',(19.2976008341073,-2.61482014720618,29.4528009145495));
#5606=CARTESIAN_POINT('Ctrl Pts',(19.3699968177948,-2.67629886549582,29.9528009145495));
#5607=CARTESIAN_POINT('Ctrl Pts',(19.3699968177948,-2.67629886549582,29.4528009145495));
#5608=CARTESIAN_POINT('Ctrl Pts',(19.4067932306125,-2.7075464041363,29.9528009145495));
#5609=CARTESIAN_POINT('Ctrl Pts',(19.4067932306125,-2.7075464041363,29.4528009145495));
#5610=CARTESIAN_POINT('',(19.1567922769382,-2.60040347887385,29.9528009145495));
#5611=CARTESIAN_POINT('Ctrl Pts',(19.1567922769382,-2.60040347887385,29.9528009145495));
#5612=CARTESIAN_POINT('Ctrl Pts',(19.2032083005473,-2.60515577824494,29.9528009145495));
#5613=CARTESIAN_POINT('Ctrl Pts',(19.2976008341073,-2.61482014720618,29.9528009145495));
#5614=CARTESIAN_POINT('Ctrl Pts',(19.3699968177948,-2.67629886549582,29.9528009145495));
#5615=CARTESIAN_POINT('Ctrl Pts',(19.4067932306125,-2.7075464041363,29.9528009145495));
#5616=CARTESIAN_POINT('',(19.1567922769382,-2.60040347887385,29.4528009145495));
#5617=CARTESIAN_POINT('',(19.1567922769382,-2.60040347887385,29.9528009145495));
#5618=CARTESIAN_POINT('Ctrl Pts',(19.1567922769382,-2.60040347887385,29.4528009145495));
#5619=CARTESIAN_POINT('Ctrl Pts',(19.2032083005473,-2.60515577824494,29.4528009145495));
#5620=CARTESIAN_POINT('Ctrl Pts',(19.2976008341073,-2.61482014720618,29.4528009145495));
#5621=CARTESIAN_POINT('Ctrl Pts',(19.3699968177948,-2.67629886549582,29.4528009145495));
#5622=CARTESIAN_POINT('Ctrl Pts',(19.4067932306125,-2.7075464041363,29.4528009145495));
#5623=CARTESIAN_POINT('Ctrl Pts',(18.9067913232638,-2.7075464041363,29.9528009145495));
#5624=CARTESIAN_POINT('Ctrl Pts',(18.9067913232638,-2.7075464041363,29.4528009145495));
#5625=CARTESIAN_POINT('Ctrl Pts',(18.9435877360815,-2.67629886549582,29.9528009145495));
#5626=CARTESIAN_POINT('Ctrl Pts',(18.9435877360815,-2.67629886549582,29.4528009145495));
#5627=CARTESIAN_POINT('Ctrl Pts',(19.015983719769,-2.61482014720618,29.9528009145495));
#5628=CARTESIAN_POINT('Ctrl Pts',(19.015983719769,-2.61482014720618,29.4528009145495));
#5629=CARTESIAN_POINT('Ctrl Pts',(19.110376253329,-2.60515577824494,29.9528009145495));
#5630=CARTESIAN_POINT('Ctrl Pts',(19.110376253329,-2.60515577824494,29.4528009145495));
#5631=CARTESIAN_POINT('Ctrl Pts',(19.1567922769382,-2.60040347887385,29.9528009145495));
#5632=CARTESIAN_POINT('Ctrl Pts',(19.1567922769382,-2.60040347887385,29.4528009145495));
#5633=CARTESIAN_POINT('',(18.9067913232638,-2.7075464041363,29.9528009145495));
#5634=CARTESIAN_POINT('Ctrl Pts',(18.9067913232638,-2.7075464041363,29.9528009145495));
#5635=CARTESIAN_POINT('Ctrl Pts',(18.9435877360815,-2.67629886549582,29.9528009145495));
#5636=CARTESIAN_POINT('Ctrl Pts',(19.015983719769,-2.61482014720618,29.9528009145495));
#5637=CARTESIAN_POINT('Ctrl Pts',(19.110376253329,-2.60515577824494,29.9528009145495));
#5638=CARTESIAN_POINT('Ctrl Pts',(19.1567922769382,-2.60040347887385,29.9528009145495));
#5639=CARTESIAN_POINT('',(18.9067913232638,-2.7075464041363,29.4528009145495));
#5640=CARTESIAN_POINT('',(18.9067913232638,-2.7075464041363,29.9528009145495));
#5641=CARTESIAN_POINT('Ctrl Pts',(18.9067913232638,-2.7075464041363,29.4528009145495));
#5642=CARTESIAN_POINT('Ctrl Pts',(18.9435877360815,-2.67629886549582,29.4528009145495));
#5643=CARTESIAN_POINT('Ctrl Pts',(19.015983719769,-2.61482014720618,29.4528009145495));
#5644=CARTESIAN_POINT('Ctrl Pts',(19.110376253329,-2.60515577824494,29.4528009145495));
#5645=CARTESIAN_POINT('Ctrl Pts',(19.1567922769382,-2.60040347887385,29.4528009145495));
#5646=CARTESIAN_POINT('Ctrl Pts',(18.7996507821872,-2.95754616571772,29.9528009145495));
#5647=CARTESIAN_POINT('Ctrl Pts',(18.7996507821872,-2.95754616571772,29.4528009145495));
#5648=CARTESIAN_POINT('Ctrl Pts',(18.8044024603175,-2.91113056475279,29.9528009145495));
#5649=CARTESIAN_POINT('Ctrl Pts',(18.8044024603175,-2.91113056475279,29.4528009145495));
#5650=CARTESIAN_POINT('Ctrl Pts',(18.8140656087533,-2.81673847219859,29.9528009145495));
#5651=CARTESIAN_POINT('Ctrl Pts',(18.8140656087533,-2.81673847219859,29.4528009145495));
#5652=CARTESIAN_POINT('Ctrl Pts',(18.8755438785478,-2.74434281091749,29.9528009145495));
#5653=CARTESIAN_POINT('Ctrl Pts',(18.8755438785478,-2.74434281091749,29.4528009145495));
#5654=CARTESIAN_POINT('Ctrl Pts',(18.9067913232638,-2.7075464041363,29.9528009145495));
#5655=CARTESIAN_POINT('Ctrl Pts',(18.9067913232638,-2.7075464041363,29.4528009145495));
#5656=CARTESIAN_POINT('',(18.7996507821872,-2.95754616571772,29.9528009145495));
#5657=CARTESIAN_POINT('Ctrl Pts',(18.7996507821872,-2.95754616571772,29.9528009145495));
#5658=CARTESIAN_POINT('Ctrl Pts',(18.8044024603175,-2.91113056475279,29.9528009145495));
#5659=CARTESIAN_POINT('Ctrl Pts',(18.8140656087533,-2.81673847219859,29.9528009145495));
#5660=CARTESIAN_POINT('Ctrl Pts',(18.8755438785478,-2.74434281091749,29.9528009145495));
#5661=CARTESIAN_POINT('Ctrl Pts',(18.9067913232638,-2.7075464041363,29.9528009145495));
#5662=CARTESIAN_POINT('',(18.7996507821872,-2.95754616571772,29.4528009145495));
#5663=CARTESIAN_POINT('',(18.7996507821872,-2.95754616571772,29.9528009145495));
#5664=CARTESIAN_POINT('Ctrl Pts',(18.7996507821872,-2.95754616571772,29.4528009145495));
#5665=CARTESIAN_POINT('Ctrl Pts',(18.8044024603175,-2.91113056475279,29.4528009145495));
#5666=CARTESIAN_POINT('Ctrl Pts',(18.8140656087533,-2.81673847219859,29.4528009145495));
#5667=CARTESIAN_POINT('Ctrl Pts',(18.8755438785478,-2.74434281091749,29.4528009145495));
#5668=CARTESIAN_POINT('Ctrl Pts',(18.9067913232638,-2.7075464041363,29.4528009145495));
#5669=CARTESIAN_POINT('Ctrl Pts',(18.6925078569247,-3.20754652334559,29.9528009145495));
#5670=CARTESIAN_POINT('Ctrl Pts',(18.6925078569247,-3.20754652334559,29.4528009145495));
#5671=CARTESIAN_POINT('Ctrl Pts',(18.7237562975313,-3.17075023626988,29.9528009145495));
#5672=CARTESIAN_POINT('Ctrl Pts',(18.7237562975313,-3.17075023626988,29.4528009145495));
#5673=CARTESIAN_POINT('Ctrl Pts',(18.7852363654593,-3.09835500037972,29.9528009145495));
#5674=CARTESIAN_POINT('Ctrl Pts',(18.7852363654593,-3.09835500037972,29.4528009145495));
#5675=CARTESIAN_POINT('Ctrl Pts',(18.7948992477903,-3.00396205849441,29.9528009145495));
#5676=CARTESIAN_POINT('Ctrl Pts',(18.7948992477903,-3.00396205849441,29.4528009145495));
#5677=CARTESIAN_POINT('Ctrl Pts',(18.7996507821872,-2.95754616571772,29.9528009145495));
#5678=CARTESIAN_POINT('Ctrl Pts',(18.7996507821872,-2.95754616571772,29.4528009145495));
#5679=CARTESIAN_POINT('',(18.6925078569247,-3.20754652334559,29.9528009145495));
#5680=CARTESIAN_POINT('Ctrl Pts',(18.6925078569247,-3.20754652334559,29.9528009145495));
#5681=CARTESIAN_POINT('Ctrl Pts',(18.7237562975313,-3.17075023626988,29.9528009145495));
#5682=CARTESIAN_POINT('Ctrl Pts',(18.7852363654593,-3.09835500037972,29.9528009145495));
#5683=CARTESIAN_POINT('Ctrl Pts',(18.7948992477903,-3.00396205849441,29.9528009145495));
#5684=CARTESIAN_POINT('Ctrl Pts',(18.7996507821872,-2.95754616571772,29.9528009145495));
#5685=CARTESIAN_POINT('',(18.6925078569247,-3.20754652334559,29.4528009145495));
#5686=CARTESIAN_POINT('',(18.6925078569247,-3.20754652334559,29.9528009145495));
#5687=CARTESIAN_POINT('Ctrl Pts',(18.6925078569247,-3.20754652334559,29.4528009145495));
#5688=CARTESIAN_POINT('Ctrl Pts',(18.7237562975313,-3.17075023626988,29.4528009145495));
#5689=CARTESIAN_POINT('Ctrl Pts',(18.7852363654593,-3.09835500037972,29.4528009145495));
#5690=CARTESIAN_POINT('Ctrl Pts',(18.7948992477903,-3.00396205849441,29.4528009145495));
#5691=CARTESIAN_POINT('Ctrl Pts',(18.7996507821872,-2.95754616571772,29.4528009145495));
#5692=CARTESIAN_POINT('Ctrl Pts',(18.4425069032504,-3.31468944860804,29.9528009145495));
#5693=CARTESIAN_POINT('Ctrl Pts',(18.4425069032504,-3.31468944860804,29.4528009145495));
#5694=CARTESIAN_POINT('Ctrl Pts',(18.4889229268596,-3.30993714923696,29.9528009145495));
#5695=CARTESIAN_POINT('Ctrl Pts',(18.4889229268596,-3.30993714923696,29.4528009145495));
#5696=CARTESIAN_POINT('Ctrl Pts',(18.5833154604196,-3.30027278027572,29.9528009145495));
#5697=CARTESIAN_POINT('Ctrl Pts',(18.5833154604196,-3.30027278027572,29.4528009145495));
#5698=CARTESIAN_POINT('Ctrl Pts',(18.655711444107,-3.23879406198608,29.9528009145495));
#5699=CARTESIAN_POINT('Ctrl Pts',(18.655711444107,-3.23879406198608,29.4528009145495));
#5700=CARTESIAN_POINT('Ctrl Pts',(18.6925078569247,-3.20754652334559,29.9528009145495));
#5701=CARTESIAN_POINT('Ctrl Pts',(18.6925078569247,-3.20754652334559,29.4528009145495));
#5702=CARTESIAN_POINT('',(18.4425069032504,-3.31468944860804,29.9528009145495));
#5703=CARTESIAN_POINT('Ctrl Pts',(18.4425069032504,-3.31468944860804,29.9528009145495));
#5704=CARTESIAN_POINT('Ctrl Pts',(18.4889229268596,-3.30993714923696,29.9528009145495));
#5705=CARTESIAN_POINT('Ctrl Pts',(18.5833154604196,-3.30027278027572,29.9528009145495));
#5706=CARTESIAN_POINT('Ctrl Pts',(18.655711444107,-3.23879406198608,29.9528009145495));
#5707=CARTESIAN_POINT('Ctrl Pts',(18.6925078569247,-3.20754652334559,29.9528009145495));
#5708=CARTESIAN_POINT('',(18.4425069032504,-3.31468944860804,29.4528009145495));
#5709=CARTESIAN_POINT('',(18.4425069032504,-3.31468944860804,29.9528009145495));
#5710=CARTESIAN_POINT('Ctrl Pts',(18.4425069032504,-3.31468944860804,29.4528009145495));
#5711=CARTESIAN_POINT('Ctrl Pts',(18.4889229268596,-3.30993714923696,29.4528009145495));
#5712=CARTESIAN_POINT('Ctrl Pts',(18.5833154604196,-3.30027278027572,29.4528009145495));
#5713=CARTESIAN_POINT('Ctrl Pts',(18.655711444107,-3.23879406198608,29.4528009145495));
#5714=CARTESIAN_POINT('Ctrl Pts',(18.6925078569247,-3.20754652334559,29.4528009145495));
#5715=CARTESIAN_POINT('Origin',(17.0139361558749,-3.31468944860804,29.9528009145495));
#5716=CARTESIAN_POINT('',(17.0139361558749,-3.31468944860804,29.9528009145495));
#5717=CARTESIAN_POINT('',(9.06414143136476,-3.31468944860805,29.9528009145495));
#5718=CARTESIAN_POINT('',(17.0139361558749,-3.31468944860804,29.4528009145495));
#5719=CARTESIAN_POINT('',(17.0139361558749,-3.31468944860804,29.9528009145495));
#5720=CARTESIAN_POINT('',(17.0139361558749,-3.31468944860804,29.4528009145495));
#5721=CARTESIAN_POINT('Ctrl Pts',(16.7639352022006,-3.20754652334559,29.9528009145495));
#5722=CARTESIAN_POINT('Ctrl Pts',(16.7639352022006,-3.20754652334559,29.4528009145495));
#5723=CARTESIAN_POINT('Ctrl Pts',(16.8007316150183,-3.23879406198608,29.9528009145495));
#5724=CARTESIAN_POINT('Ctrl Pts',(16.8007316150183,-3.23879406198608,29.4528009145495));
#5725=CARTESIAN_POINT('Ctrl Pts',(16.8731275987057,-3.30027278027572,29.9528009145495));
#5726=CARTESIAN_POINT('Ctrl Pts',(16.8731275987057,-3.30027278027572,29.4528009145495));
#5727=CARTESIAN_POINT('Ctrl Pts',(16.9675201322658,-3.30993714923696,29.9528009145495));
#5728=CARTESIAN_POINT('Ctrl Pts',(16.9675201322658,-3.30993714923696,29.4528009145495));
#5729=CARTESIAN_POINT('Ctrl Pts',(17.0139361558749,-3.31468944860804,29.9528009145495));
#5730=CARTESIAN_POINT('Ctrl Pts',(17.0139361558749,-3.31468944860804,29.4528009145495));
#5731=CARTESIAN_POINT('',(16.7639352022006,-3.20754652334559,29.9528009145495));
#5732=CARTESIAN_POINT('Ctrl Pts',(16.7639352022006,-3.20754652334559,29.9528009145495));
#5733=CARTESIAN_POINT('Ctrl Pts',(16.8007316150183,-3.23879406198608,29.9528009145495));
#5734=CARTESIAN_POINT('Ctrl Pts',(16.8731275987057,-3.30027278027572,29.9528009145495));
#5735=CARTESIAN_POINT('Ctrl Pts',(16.9675201322658,-3.30993714923696,29.9528009145495));
#5736=CARTESIAN_POINT('Ctrl Pts',(17.0139361558749,-3.31468944860804,29.9528009145495));
#5737=CARTESIAN_POINT('',(16.7639352022006,-3.20754652334559,29.4528009145495));
#5738=CARTESIAN_POINT('',(16.7639352022006,-3.20754652334559,29.9528009145495));
#5739=CARTESIAN_POINT('Ctrl Pts',(16.7639352022006,-3.20754652334559,29.4528009145495));
#5740=CARTESIAN_POINT('Ctrl Pts',(16.8007316150183,-3.23879406198608,29.4528009145495));
#5741=CARTESIAN_POINT('Ctrl Pts',(16.8731275987057,-3.30027278027572,29.4528009145495));
#5742=CARTESIAN_POINT('Ctrl Pts',(16.9675201322658,-3.30993714923696,29.4528009145495));
#5743=CARTESIAN_POINT('Ctrl Pts',(17.0139361558749,-3.31468944860804,29.4528009145495));
#5744=CARTESIAN_POINT('Ctrl Pts',(16.6567922769382,-2.95754616571772,29.9528009145495));
#5745=CARTESIAN_POINT('Ctrl Pts',(16.6567922769382,-2.95754616571772,29.4528009145495));
#5746=CARTESIAN_POINT('Ctrl Pts',(16.6615448797668,-3.00396195026507,29.9528009145495));
#5747=CARTESIAN_POINT('Ctrl Pts',(16.6615448797668,-3.00396195026507,29.4528009145495));
#5748=CARTESIAN_POINT('Ctrl Pts',(16.6712098708566,-3.09835404660866,29.9528009145495));
#5749=CARTESIAN_POINT('Ctrl Pts',(16.6712098708566,-3.09835404660866,29.4528009145495));
#5750=CARTESIAN_POINT('Ctrl Pts',(16.7326879650776,-3.17075007125216,29.9528009145495));
#5751=CARTESIAN_POINT('Ctrl Pts',(16.7326879650776,-3.17075007125216,29.4528009145495));
#5752=CARTESIAN_POINT('Ctrl Pts',(16.7639352022006,-3.20754652334559,29.9528009145495));
#5753=CARTESIAN_POINT('Ctrl Pts',(16.7639352022006,-3.20754652334559,29.4528009145495));
#5754=CARTESIAN_POINT('',(16.6567922769382,-2.95754616571772,29.9528009145495));
#5755=CARTESIAN_POINT('Ctrl Pts',(16.6567922769382,-2.95754616571772,29.9528009145495));
#5756=CARTESIAN_POINT('Ctrl Pts',(16.6615448797668,-3.00396195026507,29.9528009145495));
#5757=CARTESIAN_POINT('Ctrl Pts',(16.6712098708566,-3.09835404660866,29.9528009145495));
#5758=CARTESIAN_POINT('Ctrl Pts',(16.7326879650776,-3.17075007125216,29.9528009145495));
#5759=CARTESIAN_POINT('Ctrl Pts',(16.7639352022006,-3.20754652334559,29.9528009145495));
#5760=CARTESIAN_POINT('',(16.6567922769382,-2.95754616571772,29.4528009145495));
#5761=CARTESIAN_POINT('',(16.6567922769382,-2.95754616571772,29.9528009145495));
#5762=CARTESIAN_POINT('Ctrl Pts',(16.6567922769382,-2.95754616571772,29.4528009145495));
#5763=CARTESIAN_POINT('Ctrl Pts',(16.6615448797668,-3.00396195026507,29.4528009145495));
#5764=CARTESIAN_POINT('Ctrl Pts',(16.6712098708566,-3.09835404660866,29.4528009145495));
#5765=CARTESIAN_POINT('Ctrl Pts',(16.7326879650776,-3.17075007125216,29.4528009145495));
#5766=CARTESIAN_POINT('Ctrl Pts',(16.7639352022006,-3.20754652334559,29.4528009145495));
#5767=CARTESIAN_POINT('Origin',(16.6567922769382,-1.52897482229579,29.9528009145495));
#5768=CARTESIAN_POINT('',(16.6567922769382,-1.52897482229579,29.9528009145495));
#5769=CARTESIAN_POINT('',(16.6567922769382,27.2855125888521,29.9528009145495));
#5770=CARTESIAN_POINT('',(16.6567922769382,-1.52897482229579,29.4528009145495));
#5771=CARTESIAN_POINT('',(16.6567922769382,-1.52897482229579,29.9528009145495));
#5772=CARTESIAN_POINT('',(16.6567922769382,-1.52897482229579,29.4528009145495));
#5773=CARTESIAN_POINT('Ctrl Pts',(16.7639352022006,-1.27897476269114,29.9528009145495));
#5774=CARTESIAN_POINT('Ctrl Pts',(16.7639352022006,-1.27897476269114,29.4528009145495));
#5775=CARTESIAN_POINT('Ctrl Pts',(16.7326867613318,-1.31577094715039,29.9528009145495));
#5776=CARTESIAN_POINT('Ctrl Pts',(16.7326867613318,-1.31577094715039,29.4528009145495));
#5777=CARTESIAN_POINT('Ctrl Pts',(16.6712066404161,-1.38816604293432,29.9528009145495));
#5778=CARTESIAN_POINT('Ctrl Pts',(16.6712066404161,-1.38816604293432,29.4528009145495));
#5779=CARTESIAN_POINT('Ctrl Pts',(16.6615437965918,-1.48255892029871,29.9528009145495));
#5780=CARTESIAN_POINT('Ctrl Pts',(16.6615437965918,-1.48255892029871,29.4528009145495));
#5781=CARTESIAN_POINT('Ctrl Pts',(16.6567922769382,-1.52897482229579,29.9528009145495));
#5782=CARTESIAN_POINT('Ctrl Pts',(16.6567922769382,-1.52897482229579,29.4528009145495));
#5783=CARTESIAN_POINT('',(16.7639352022006,-1.27897476269114,29.9528009145495));
#5784=CARTESIAN_POINT('Ctrl Pts',(16.7639352022006,-1.27897476269114,29.9528009145495));
#5785=CARTESIAN_POINT('Ctrl Pts',(16.7326867613318,-1.31577094715039,29.9528009145495));
#5786=CARTESIAN_POINT('Ctrl Pts',(16.6712066404161,-1.38816604293432,29.9528009145495));
#5787=CARTESIAN_POINT('Ctrl Pts',(16.6615437965918,-1.48255892029871,29.9528009145495));
#5788=CARTESIAN_POINT('Ctrl Pts',(16.6567922769382,-1.52897482229579,29.9528009145495));
#5789=CARTESIAN_POINT('',(16.7639352022006,-1.27897476269114,29.4528009145495));
#5790=CARTESIAN_POINT('',(16.7639352022006,-1.27897476269114,29.9528009145495));
#5791=CARTESIAN_POINT('Ctrl Pts',(16.7639352022006,-1.27897476269114,29.4528009145495));
#5792=CARTESIAN_POINT('Ctrl Pts',(16.7326867613318,-1.31577094715039,29.4528009145495));
#5793=CARTESIAN_POINT('Ctrl Pts',(16.6712066404161,-1.38816604293432,29.4528009145495));
#5794=CARTESIAN_POINT('Ctrl Pts',(16.6615437965918,-1.48255892029871,29.4528009145495));
#5795=CARTESIAN_POINT('Ctrl Pts',(16.6567922769382,-1.52897482229579,29.4528009145495));
#5796=CARTESIAN_POINT('Ctrl Pts',(17.0139361558749,-1.17183213545192,29.9528009145495));
#5797=CARTESIAN_POINT('Ctrl Pts',(17.0139361558749,-1.17183213545192,29.4528009145495));
#5798=CARTESIAN_POINT('Ctrl Pts',(16.9675201422419,-1.17658444824647,29.9528009145495));
#5799=CARTESIAN_POINT('Ctrl Pts',(16.9675201422419,-1.17658444824647,29.4528009145495));
#5800=CARTESIAN_POINT('Ctrl Pts',(16.8731276866193,-1.18624883860346,29.9528009145495));
#5801=CARTESIAN_POINT('Ctrl Pts',(16.8731276866193,-1.18624883860346,29.4528009145495));
#5802=CARTESIAN_POINT('Ctrl Pts',(16.8007316302286,-1.24772734845575,29.9528009145495));
#5803=CARTESIAN_POINT('Ctrl Pts',(16.8007316302286,-1.24772734845575,29.4528009145495));
#5804=CARTESIAN_POINT('Ctrl Pts',(16.7639352022006,-1.27897476269114,29.9528009145495));
#5805=CARTESIAN_POINT('Ctrl Pts',(16.7639352022006,-1.27897476269114,29.4528009145495));
#5806=CARTESIAN_POINT('',(17.0139361558749,-1.17183213545192,29.9528009145495));
#5807=CARTESIAN_POINT('Ctrl Pts',(17.0139361558749,-1.17183213545192,29.9528009145495));
#5808=CARTESIAN_POINT('Ctrl Pts',(16.9675201422419,-1.17658444824647,29.9528009145495));
#5809=CARTESIAN_POINT('Ctrl Pts',(16.8731276866193,-1.18624883860346,29.9528009145495));
#5810=CARTESIAN_POINT('Ctrl Pts',(16.8007316302286,-1.24772734845575,29.9528009145495));
#5811=CARTESIAN_POINT('Ctrl Pts',(16.7639352022006,-1.27897476269114,29.9528009145495));
#5812=CARTESIAN_POINT('',(17.0139361558749,-1.17183213545192,29.4528009145495));
#5813=CARTESIAN_POINT('',(17.0139361558749,-1.17183213545192,29.9528009145495));
#5814=CARTESIAN_POINT('Ctrl Pts',(17.0139361558749,-1.17183213545192,29.4528009145495));
#5815=CARTESIAN_POINT('Ctrl Pts',(16.9675201422419,-1.17658444824647,29.4528009145495));
#5816=CARTESIAN_POINT('Ctrl Pts',(16.8731276866193,-1.18624883860346,29.4528009145495));
#5817=CARTESIAN_POINT('Ctrl Pts',(16.8007316302286,-1.24772734845575,29.4528009145495));
#5818=CARTESIAN_POINT('Ctrl Pts',(16.7639352022006,-1.27897476269114,29.4528009145495));
#5819=CARTESIAN_POINT('Origin',(18.4425069032504,-1.17183213545192,29.9528009145495));
#5820=CARTESIAN_POINT('',(18.4425069032504,-1.17183213545192,29.9528009145495));
#5821=CARTESIAN_POINT('',(9.7784268050525,-1.17183213545192,29.9528009145495));
#5822=CARTESIAN_POINT('',(18.4425069032504,-1.17183213545192,29.4528009145495));
#5823=CARTESIAN_POINT('',(18.4425069032504,-1.17183213545192,29.9528009145495));
#5824=CARTESIAN_POINT('',(18.4425069032504,-1.17183213545192,29.4528009145495));
#5825=CARTESIAN_POINT('Ctrl Pts',(18.6925078569247,-1.27897476269114,29.9528009145495));
#5826=CARTESIAN_POINT('Ctrl Pts',(18.6925078569247,-1.27897476269114,29.4528009145495));
#5827=CARTESIAN_POINT('Ctrl Pts',(18.6557114288967,-1.24772734845575,29.9528009145495));
#5828=CARTESIAN_POINT('Ctrl Pts',(18.6557114288967,-1.24772734845575,29.4528009145495));
#5829=CARTESIAN_POINT('Ctrl Pts',(18.583315372506,-1.18624883860346,29.9528009145495));
#5830=CARTESIAN_POINT('Ctrl Pts',(18.583315372506,-1.18624883860346,29.4528009145495));
#5831=CARTESIAN_POINT('Ctrl Pts',(18.4889229168834,-1.17658444824647,29.9528009145495));
#5832=CARTESIAN_POINT('Ctrl Pts',(18.4889229168834,-1.17658444824647,29.4528009145495));
#5833=CARTESIAN_POINT('Ctrl Pts',(18.4425069032504,-1.17183213545192,29.9528009145495));
#5834=CARTESIAN_POINT('Ctrl Pts',(18.4425069032504,-1.17183213545192,29.4528009145495));
#5835=CARTESIAN_POINT('',(18.6925078569247,-1.27897476269114,29.9528009145495));
#5836=CARTESIAN_POINT('Ctrl Pts',(18.6925078569247,-1.27897476269114,29.9528009145495));
#5837=CARTESIAN_POINT('Ctrl Pts',(18.6557114288967,-1.24772734845575,29.9528009145495));
#5838=CARTESIAN_POINT('Ctrl Pts',(18.583315372506,-1.18624883860346,29.9528009145495));
#5839=CARTESIAN_POINT('Ctrl Pts',(18.4889229168834,-1.17658444824647,29.9528009145495));
#5840=CARTESIAN_POINT('Ctrl Pts',(18.4425069032504,-1.17183213545192,29.9528009145495));
#5841=CARTESIAN_POINT('',(18.6925078569247,-1.27897476269114,29.4528009145495));
#5842=CARTESIAN_POINT('',(18.6925078569247,-1.27897476269114,29.9528009145495));
#5843=CARTESIAN_POINT('Ctrl Pts',(18.6925078569247,-1.27897476269114,29.4528009145495));
#5844=CARTESIAN_POINT('Ctrl Pts',(18.6557114288967,-1.24772734845575,29.4528009145495));
#5845=CARTESIAN_POINT('Ctrl Pts',(18.583315372506,-1.18624883860346,29.4528009145495));
#5846=CARTESIAN_POINT('Ctrl Pts',(18.4889229168834,-1.17658444824647,29.4528009145495));
#5847=CARTESIAN_POINT('Ctrl Pts',(18.4425069032504,-1.17183213545192,29.4528009145495));
#5848=CARTESIAN_POINT('Ctrl Pts',(18.7996507821872,-1.52897482229579,29.9528009145495));
#5849=CARTESIAN_POINT('Ctrl Pts',(18.7996507821872,-1.52897482229579,29.4528009145495));
#5850=CARTESIAN_POINT('Ctrl Pts',(18.7948981611842,-1.4825591437504,29.9528009145495));
#5851=CARTESIAN_POINT('Ctrl Pts',(18.7948981611842,-1.4825591437504,29.4528009145495));
#5852=CARTESIAN_POINT('Ctrl Pts',(18.7852331226238,-1.38816716032212,29.9528009145495));
#5853=CARTESIAN_POINT('Ctrl Pts',(18.7852331226238,-1.38816716032212,29.4528009145495));
#5854=CARTESIAN_POINT('Ctrl Pts',(18.7237550937237,-1.31577121379539,29.9528009145495));
#5855=CARTESIAN_POINT('Ctrl Pts',(18.7237550937237,-1.31577121379539,29.4528009145495));
#5856=CARTESIAN_POINT('Ctrl Pts',(18.6925078569247,-1.27897476269114,29.9528009145495));
#5857=CARTESIAN_POINT('Ctrl Pts',(18.6925078569247,-1.27897476269114,29.4528009145495));
#5858=CARTESIAN_POINT('',(18.7996507821872,-1.52897482229579,29.9528009145495));
#5859=CARTESIAN_POINT('Ctrl Pts',(18.7996507821872,-1.52897482229579,29.9528009145495));
#5860=CARTESIAN_POINT('Ctrl Pts',(18.7948981611842,-1.4825591437504,29.9528009145495));
#5861=CARTESIAN_POINT('Ctrl Pts',(18.7852331226238,-1.38816716032212,29.9528009145495));
#5862=CARTESIAN_POINT('Ctrl Pts',(18.7237550937237,-1.31577121379539,29.9528009145495));
#5863=CARTESIAN_POINT('Ctrl Pts',(18.6925078569247,-1.27897476269114,29.9528009145495));
#5864=CARTESIAN_POINT('',(18.7996507821872,-1.52897482229579,29.4528009145495));
#5865=CARTESIAN_POINT('',(18.7996507821872,-1.52897482229579,29.9528009145495));
#5866=CARTESIAN_POINT('Ctrl Pts',(18.7996507821872,-1.52897482229579,29.4528009145495));
#5867=CARTESIAN_POINT('Ctrl Pts',(18.7948981611842,-1.4825591437504,29.4528009145495));
#5868=CARTESIAN_POINT('Ctrl Pts',(18.7852331226238,-1.38816716032212,29.4528009145495));
#5869=CARTESIAN_POINT('Ctrl Pts',(18.7237550937237,-1.31577121379539,29.4528009145495));
#5870=CARTESIAN_POINT('Ctrl Pts',(18.6925078569247,-1.27897476269114,29.4528009145495));
#5871=CARTESIAN_POINT('Ctrl Pts',(18.9067913232638,-1.77897488190043,29.9528009145495));
#5872=CARTESIAN_POINT('Ctrl Pts',(18.9067913232638,-1.77897488190043,29.4528009145495));
#5873=CARTESIAN_POINT('Ctrl Pts',(18.8755438776388,-1.74217857575675,29.9528009145495));
#5874=CARTESIAN_POINT('Ctrl Pts',(18.8755438776388,-1.74217857575675,29.4528009145495));
#5875=CARTESIAN_POINT('Ctrl Pts',(18.8140654242159,-1.66978289834581,29.9528009145495));
#5876=CARTESIAN_POINT('Ctrl Pts',(18.8140654242159,-1.66978289834581,29.4528009145495));
#5877=CARTESIAN_POINT('Ctrl Pts',(18.8044024092251,-1.57539064448472,29.9528009145495));
#5878=CARTESIAN_POINT('Ctrl Pts',(18.8044024092251,-1.57539064448472,29.4528009145495));
#5879=CARTESIAN_POINT('Ctrl Pts',(18.7996507821872,-1.52897482229579,29.9528009145495));
#5880=CARTESIAN_POINT('Ctrl Pts',(18.7996507821872,-1.52897482229579,29.4528009145495));
#5881=CARTESIAN_POINT('',(18.9067913232638,-1.77897488190043,29.9528009145495));
#5882=CARTESIAN_POINT('Ctrl Pts',(18.9067913232638,-1.77897488190043,29.9528009145495));
#5883=CARTESIAN_POINT('Ctrl Pts',(18.8755438776388,-1.74217857575675,29.9528009145495));
#5884=CARTESIAN_POINT('Ctrl Pts',(18.8140654242159,-1.66978289834581,29.9528009145495));
#5885=CARTESIAN_POINT('Ctrl Pts',(18.8044024092251,-1.57539064448472,29.9528009145495));
#5886=CARTESIAN_POINT('Ctrl Pts',(18.7996507821872,-1.52897482229579,29.9528009145495));
#5887=CARTESIAN_POINT('',(18.9067913232638,-1.77897488190043,29.4528009145495));
#5888=CARTESIAN_POINT('',(18.9067913232638,-1.77897488190043,29.9528009145495));
#5889=CARTESIAN_POINT('Ctrl Pts',(18.9067913232638,-1.77897488190043,29.4528009145495));
#5890=CARTESIAN_POINT('Ctrl Pts',(18.8755438776388,-1.74217857575675,29.4528009145495));
#5891=CARTESIAN_POINT('Ctrl Pts',(18.8140654242159,-1.66978289834581,29.4528009145495));
#5892=CARTESIAN_POINT('Ctrl Pts',(18.8044024092251,-1.57539064448472,29.4528009145495));
#5893=CARTESIAN_POINT('Ctrl Pts',(18.7996507821872,-1.52897482229579,29.4528009145495));
#5894=CARTESIAN_POINT('Ctrl Pts',(19.1567922769382,-1.88611750913966,29.9528009145495));
#5895=CARTESIAN_POINT('Ctrl Pts',(19.1567922769382,-1.88611750913966,29.4528009145495));
#5896=CARTESIAN_POINT('Ctrl Pts',(19.1103762633051,-1.88136519634511,29.9528009145495));
#5897=CARTESIAN_POINT('Ctrl Pts',(19.1103762633051,-1.88136519634511,29.4528009145495));
#5898=CARTESIAN_POINT('Ctrl Pts',(19.0159838076825,-1.87170080598812,29.9528009145495));
#5899=CARTESIAN_POINT('Ctrl Pts',(19.0159838076825,-1.87170080598812,29.4528009145495));
#5900=CARTESIAN_POINT('Ctrl Pts',(18.9435877512918,-1.81022229613583,29.9528009145495));
#5901=CARTESIAN_POINT('Ctrl Pts',(18.9435877512918,-1.81022229613583,29.4528009145495));
#5902=CARTESIAN_POINT('Ctrl Pts',(18.9067913232638,-1.77897488190043,29.9528009145495));
#5903=CARTESIAN_POINT('Ctrl Pts',(18.9067913232638,-1.77897488190043,29.4528009145495));
#5904=CARTESIAN_POINT('',(19.1567922769382,-1.88611750913966,29.9528009145495));
#5905=CARTESIAN_POINT('Ctrl Pts',(19.1567922769382,-1.88611750913966,29.9528009145495));
#5906=CARTESIAN_POINT('Ctrl Pts',(19.1103762633051,-1.88136519634511,29.9528009145495));
#5907=CARTESIAN_POINT('Ctrl Pts',(19.0159838076825,-1.87170080598812,29.9528009145495));
#5908=CARTESIAN_POINT('Ctrl Pts',(18.9435877512918,-1.81022229613583,29.9528009145495));
#5909=CARTESIAN_POINT('Ctrl Pts',(18.9067913232638,-1.77897488190043,29.9528009145495));
#5910=CARTESIAN_POINT('',(19.1567922769382,-1.88611750913966,29.4528009145495));
#5911=CARTESIAN_POINT('',(19.1567922769382,-1.88611750913966,29.9528009145495));
#5912=CARTESIAN_POINT('Ctrl Pts',(19.1567922769382,-1.88611750913966,29.4528009145495));
#5913=CARTESIAN_POINT('Ctrl Pts',(19.1103762633051,-1.88136519634511,29.4528009145495));
#5914=CARTESIAN_POINT('Ctrl Pts',(19.0159838076825,-1.87170080598812,29.4528009145495));
#5915=CARTESIAN_POINT('Ctrl Pts',(18.9435877512918,-1.81022229613583,29.4528009145495));
#5916=CARTESIAN_POINT('Ctrl Pts',(18.9067913232638,-1.77897488190043,29.4528009145495));
#5917=CARTESIAN_POINT('Ctrl Pts',(19.4067932306125,-1.77897488190043,29.9528009145495));
#5918=CARTESIAN_POINT('Ctrl Pts',(19.4067932306125,-1.77897488190043,29.4528009145495));
#5919=CARTESIAN_POINT('Ctrl Pts',(19.3699968025845,-1.81022229613583,29.9528009145495));
#5920=CARTESIAN_POINT('Ctrl Pts',(19.3699968025845,-1.81022229613583,29.4528009145495));
#5921=CARTESIAN_POINT('Ctrl Pts',(19.2976007461938,-1.87170080598812,29.9528009145495));
#5922=CARTESIAN_POINT('Ctrl Pts',(19.2976007461938,-1.87170080598812,29.4528009145495));
#5923=CARTESIAN_POINT('Ctrl Pts',(19.2032082905712,-1.88136519634511,29.9528009145495));
#5924=CARTESIAN_POINT('Ctrl Pts',(19.2032082905712,-1.88136519634511,29.4528009145495));
#5925=CARTESIAN_POINT('Ctrl Pts',(19.1567922769382,-1.88611750913966,29.9528009145495));
#5926=CARTESIAN_POINT('Ctrl Pts',(19.1567922769382,-1.88611750913966,29.4528009145495));
#5927=CARTESIAN_POINT('',(19.4067932306125,-1.77897488190043,29.9528009145495));
#5928=CARTESIAN_POINT('Ctrl Pts',(19.4067932306125,-1.77897488190043,29.9528009145495));
#5929=CARTESIAN_POINT('Ctrl Pts',(19.3699968025845,-1.81022229613583,29.9528009145495));
#5930=CARTESIAN_POINT('Ctrl Pts',(19.2976007461938,-1.87170080598812,29.9528009145495));
#5931=CARTESIAN_POINT('Ctrl Pts',(19.2032082905712,-1.88136519634511,29.9528009145495));
#5932=CARTESIAN_POINT('Ctrl Pts',(19.1567922769382,-1.88611750913966,29.9528009145495));
#5933=CARTESIAN_POINT('',(19.4067932306125,-1.77897488190043,29.4528009145495));
#5934=CARTESIAN_POINT('',(19.4067932306125,-1.77897488190043,29.9528009145495));
#5935=CARTESIAN_POINT('Ctrl Pts',(19.4067932306125,-1.77897488190043,29.4528009145495));
#5936=CARTESIAN_POINT('Ctrl Pts',(19.3699968025845,-1.81022229613583,29.4528009145495));
#5937=CARTESIAN_POINT('Ctrl Pts',(19.2976007461938,-1.87170080598812,29.4528009145495));
#5938=CARTESIAN_POINT('Ctrl Pts',(19.2032082905712,-1.88136519634511,29.4528009145495));
#5939=CARTESIAN_POINT('Ctrl Pts',(19.1567922769382,-1.88611750913966,29.4528009145495));
#5940=CARTESIAN_POINT('Ctrl Pts',(19.5139361558749,-1.52897482229579,29.9528009145495));
#5941=CARTESIAN_POINT('Ctrl Pts',(19.5139361558749,-1.52897482229579,29.4528009145495));
#5942=CARTESIAN_POINT('Ctrl Pts',(19.509183534872,-1.57539050084118,29.9528009145495));
#5943=CARTESIAN_POINT('Ctrl Pts',(19.509183534872,-1.57539050084118,29.4528009145495));
#5944=CARTESIAN_POINT('Ctrl Pts',(19.4995184963116,-1.66978248426946,29.9528009145495));
#5945=CARTESIAN_POINT('Ctrl Pts',(19.4995184963116,-1.66978248426946,29.4528009145495));
#5946=CARTESIAN_POINT('Ctrl Pts',(19.4380404674115,-1.74217843079619,29.9528009145495));
#5947=CARTESIAN_POINT('Ctrl Pts',(19.4380404674115,-1.74217843079619,29.4528009145495));
#5948=CARTESIAN_POINT('Ctrl Pts',(19.4067932306125,-1.77897488190043,29.9528009145495));
#5949=CARTESIAN_POINT('Ctrl Pts',(19.4067932306125,-1.77897488190043,29.4528009145495));
#5950=CARTESIAN_POINT('',(19.5139361558749,-1.52897482229579,29.9528009145495));
#5951=CARTESIAN_POINT('Ctrl Pts',(19.5139361558749,-1.52897482229579,29.9528009145495));
#5952=CARTESIAN_POINT('Ctrl Pts',(19.509183534872,-1.57539050084118,29.9528009145495));
#5953=CARTESIAN_POINT('Ctrl Pts',(19.4995184963116,-1.66978248426946,29.9528009145495));
#5954=CARTESIAN_POINT('Ctrl Pts',(19.4380404674115,-1.74217843079619,29.9528009145495));
#5955=CARTESIAN_POINT('Ctrl Pts',(19.4067932306125,-1.77897488190043,29.9528009145495));
#5956=CARTESIAN_POINT('',(19.5139361558749,-1.52897482229579,29.4528009145495));
#5957=CARTESIAN_POINT('',(19.5139361558749,-1.52897482229579,29.9528009145495));
#5958=CARTESIAN_POINT('Ctrl Pts',(19.5139361558749,-1.52897482229579,29.4528009145495));
#5959=CARTESIAN_POINT('Ctrl Pts',(19.509183534872,-1.57539050084118,29.4528009145495));
#5960=CARTESIAN_POINT('Ctrl Pts',(19.4995184963116,-1.66978248426946,29.4528009145495));
#5961=CARTESIAN_POINT('Ctrl Pts',(19.4380404674115,-1.74217843079619,29.4528009145495));
#5962=CARTESIAN_POINT('Ctrl Pts',(19.4067932306125,-1.77897488190043,29.4528009145495));
#5963=CARTESIAN_POINT('Ctrl Pts',(19.1925073800876,-0.778974941505078,29.9528009145495));
#5964=CARTESIAN_POINT('Ctrl Pts',(19.1925073800876,-0.778974941505078,29.4528009145495));
#5965=CARTESIAN_POINT('Ctrl Pts',(19.2862502954009,-0.889363823929632,29.9528009145495));
#5966=CARTESIAN_POINT('Ctrl Pts',(19.2862502954009,-0.889363823929632,29.4528009145495));
#5967=CARTESIAN_POINT('Ctrl Pts',(19.4706866454147,-1.10655061066914,29.9528009145495));
#5968=CARTESIAN_POINT('Ctrl Pts',(19.4706866454147,-1.10655061066914,29.4528009145495));
#5969=CARTESIAN_POINT('Ctrl Pts',(19.4996794418778,-1.3897274387642,29.9528009145495));
#5970=CARTESIAN_POINT('Ctrl Pts',(19.4996794418778,-1.3897274387642,29.4528009145495));
#5971=CARTESIAN_POINT('Ctrl Pts',(19.5139361558749,-1.52897482229579,29.9528009145495));
#5972=CARTESIAN_POINT('Ctrl Pts',(19.5139361558749,-1.52897482229579,29.4528009145495));
#5973=CARTESIAN_POINT('',(19.1925073800876,-0.778974941505078,29.9528009145495));
#5974=CARTESIAN_POINT('Ctrl Pts',(19.1925073800876,-0.778974941505078,29.9528009145495));
#5975=CARTESIAN_POINT('Ctrl Pts',(19.2862502954009,-0.889363823929632,29.9528009145495));
#5976=CARTESIAN_POINT('Ctrl Pts',(19.4706866454147,-1.10655061066914,29.9528009145495));
#5977=CARTESIAN_POINT('Ctrl Pts',(19.4996794418778,-1.3897274387642,29.9528009145495));
#5978=CARTESIAN_POINT('Ctrl Pts',(19.5139361558749,-1.52897482229579,29.9528009145495));
#5979=CARTESIAN_POINT('',(19.1925073800876,-0.778974941505078,29.4528009145495));
#5980=CARTESIAN_POINT('',(19.1925073800876,-0.778974941505078,29.9528009145495));
#5981=CARTESIAN_POINT('Ctrl Pts',(19.1925073800876,-0.778974941505078,29.4528009145495));
#5982=CARTESIAN_POINT('Ctrl Pts',(19.2862502954009,-0.889363823929632,29.4528009145495));
#5983=CARTESIAN_POINT('Ctrl Pts',(19.4706866454147,-1.10655061066914,29.4528009145495));
#5984=CARTESIAN_POINT('Ctrl Pts',(19.4996794418778,-1.3897274387642,29.4528009145495));
#5985=CARTESIAN_POINT('Ctrl Pts',(19.5139361558749,-1.52897482229579,29.4528009145495));
#5986=CARTESIAN_POINT('Ctrl Pts',(18.4425069032504,-0.457546165717725,29.9528009145495));
#5987=CARTESIAN_POINT('Ctrl Pts',(18.4425069032504,-0.457546165717725,29.4528009145495));
#5988=CARTESIAN_POINT('Ctrl Pts',(18.5817541260617,-0.471803209226908,29.9528009145495));
#5989=CARTESIAN_POINT('Ctrl Pts',(18.5817541260617,-0.471803209226908,29.4528009145495));
#5990=CARTESIAN_POINT('Ctrl Pts',(18.8649308234203,-0.500796695872592,29.9528009145495));
#5991=CARTESIAN_POINT('Ctrl Pts',(18.8649308234203,-0.500796695872592,29.4528009145495));
#5992=CARTESIAN_POINT('Ctrl Pts',(19.0821181495486,-0.685232328173812,29.9528009145495));
#5993=CARTESIAN_POINT('Ctrl Pts',(19.0821181495486,-0.685232328173812,29.4528009145495));
#5994=CARTESIAN_POINT('Ctrl Pts',(19.1925073800876,-0.778974941505078,29.9528009145495));
#5995=CARTESIAN_POINT('Ctrl Pts',(19.1925073800876,-0.778974941505078,29.4528009145495));
#5996=CARTESIAN_POINT('',(18.4425069032504,-0.457546165717725,29.9528009145495));
#5997=CARTESIAN_POINT('Ctrl Pts',(18.4425069032504,-0.457546165717725,29.9528009145495));
#5998=CARTESIAN_POINT('Ctrl Pts',(18.5817541260617,-0.471803209226908,29.9528009145495));
#5999=CARTESIAN_POINT('Ctrl Pts',(18.8649308234203,-0.500796695872592,29.9528009145495));
#6000=CARTESIAN_POINT('Ctrl Pts',(19.0821181495486,-0.685232328173812,29.9528009145495));
#6001=CARTESIAN_POINT('Ctrl Pts',(19.1925073800876,-0.778974941505078,29.9528009145495));
#6002=CARTESIAN_POINT('',(18.4425069032504,-0.457546165717725,29.4528009145495));
#6003=CARTESIAN_POINT('',(18.4425069032504,-0.457546165717725,29.9528009145495));
#6004=CARTESIAN_POINT('Ctrl Pts',(18.4425069032504,-0.457546165717725,29.4528009145495));
#6005=CARTESIAN_POINT('Ctrl Pts',(18.5817541260617,-0.471803209226908,29.4528009145495));
#6006=CARTESIAN_POINT('Ctrl Pts',(18.8649308234203,-0.500796695872592,29.4528009145495));
#6007=CARTESIAN_POINT('Ctrl Pts',(19.0821181495486,-0.685232328173812,29.4528009145495));
#6008=CARTESIAN_POINT('Ctrl Pts',(19.1925073800876,-0.778974941505078,29.4528009145495));
#6009=CARTESIAN_POINT('Origin',(17.0139361558749,-0.457546165717725,29.9528009145495));
#6010=CARTESIAN_POINT('',(17.0139361558749,-0.457546165717725,29.9528009145495));
#6011=CARTESIAN_POINT('',(9.06414143136476,-0.457546165717728,29.9528009145495));
#6012=CARTESIAN_POINT('',(17.0139361558749,-0.457546165717725,29.4528009145495));
#6013=CARTESIAN_POINT('',(17.0139361558749,-0.457546165717725,29.9528009145495));
#6014=CARTESIAN_POINT('',(17.0139361558749,-0.457546165717725,29.4528009145495));
#6015=CARTESIAN_POINT('Ctrl Pts',(16.2639356790378,-0.778974941505078,29.9528009145495));
#6016=CARTESIAN_POINT('Ctrl Pts',(16.2639356790378,-0.778974941505078,29.4528009145495));
#6017=CARTESIAN_POINT('Ctrl Pts',(16.3743249095767,-0.685232328173812,29.9528009145495));
#6018=CARTESIAN_POINT('Ctrl Pts',(16.3743249095767,-0.685232328173812,29.4528009145495));
#6019=CARTESIAN_POINT('Ctrl Pts',(16.591512235705,-0.500796695872592,29.9528009145495));
#6020=CARTESIAN_POINT('Ctrl Pts',(16.591512235705,-0.500796695872592,29.4528009145495));
#6021=CARTESIAN_POINT('Ctrl Pts',(16.8746889330636,-0.471803209226908,29.9528009145495));
#6022=CARTESIAN_POINT('Ctrl Pts',(16.8746889330636,-0.471803209226908,29.4528009145495));
#6023=CARTESIAN_POINT('Ctrl Pts',(17.0139361558749,-0.457546165717725,29.9528009145495));
#6024=CARTESIAN_POINT('Ctrl Pts',(17.0139361558749,-0.457546165717725,29.4528009145495));
#6025=CARTESIAN_POINT('',(16.2639356790378,-0.778974941505078,29.9528009145495));
#6026=CARTESIAN_POINT('Ctrl Pts',(16.2639356790378,-0.778974941505078,29.9528009145495));
#6027=CARTESIAN_POINT('Ctrl Pts',(16.3743249095767,-0.685232328173812,29.9528009145495));
#6028=CARTESIAN_POINT('Ctrl Pts',(16.591512235705,-0.500796695872592,29.9528009145495));
#6029=CARTESIAN_POINT('Ctrl Pts',(16.8746889330636,-0.471803209226908,29.9528009145495));
#6030=CARTESIAN_POINT('Ctrl Pts',(17.0139361558749,-0.457546165717725,29.9528009145495));
#6031=CARTESIAN_POINT('',(16.2639356790378,-0.778974941505078,29.4528009145495));
#6032=CARTESIAN_POINT('',(16.2639356790378,-0.778974941505078,29.9528009145495));
#6033=CARTESIAN_POINT('Ctrl Pts',(16.2639356790378,-0.778974941505078,29.4528009145495));
#6034=CARTESIAN_POINT('Ctrl Pts',(16.3743249095767,-0.685232328173812,29.4528009145495));
#6035=CARTESIAN_POINT('Ctrl Pts',(16.591512235705,-0.500796695872592,29.4528009145495));
#6036=CARTESIAN_POINT('Ctrl Pts',(16.8746889330636,-0.471803209226908,29.4528009145495));
#6037=CARTESIAN_POINT('Ctrl Pts',(17.0139361558749,-0.457546165717725,29.4528009145495));
#6038=CARTESIAN_POINT('Ctrl Pts',(15.9425069032504,-1.52897482229579,29.9528009145495));
#6039=CARTESIAN_POINT('Ctrl Pts',(15.9425069032504,-1.52897482229579,29.4528009145495));
#6040=CARTESIAN_POINT('Ctrl Pts',(15.9567646527637,-1.38972743177307,29.9528009145495));
#6041=CARTESIAN_POINT('Ctrl Pts',(15.9567646527637,-1.38972743177307,29.4528009145495));
#6042=CARTESIAN_POINT('Ctrl Pts',(15.9857594720001,-1.10655140082953,29.9528009145495));
#6043=CARTESIAN_POINT('Ctrl Pts',(15.9857594720001,-1.10655140082953,29.4528009145495));
#6044=CARTESIAN_POINT('Ctrl Pts',(16.1701939666176,-0.88936388731975,29.9528009145495));
#6045=CARTESIAN_POINT('Ctrl Pts',(16.1701939666176,-0.88936388731975,29.4528009145495));
#6046=CARTESIAN_POINT('Ctrl Pts',(16.2639356790378,-0.778974941505078,29.9528009145495));
#6047=CARTESIAN_POINT('Ctrl Pts',(16.2639356790378,-0.778974941505078,29.4528009145495));
#6048=CARTESIAN_POINT('',(15.9425069032504,-1.52897482229579,29.9528009145495));
#6049=CARTESIAN_POINT('Ctrl Pts',(15.9425069032504,-1.52897482229579,29.9528009145495));
#6050=CARTESIAN_POINT('Ctrl Pts',(15.9567646527637,-1.38972743177307,29.9528009145495));
#6051=CARTESIAN_POINT('Ctrl Pts',(15.9857594720001,-1.10655140082953,29.9528009145495));
#6052=CARTESIAN_POINT('Ctrl Pts',(16.1701939666176,-0.88936388731975,29.9528009145495));
#6053=CARTESIAN_POINT('Ctrl Pts',(16.2639356790378,-0.778974941505078,29.9528009145495));
#6054=CARTESIAN_POINT('',(15.9425069032504,-1.52897482229579,29.4528009145495));
#6055=CARTESIAN_POINT('',(15.9425069032504,-1.52897482229579,29.9528009145495));
#6056=CARTESIAN_POINT('Ctrl Pts',(15.9425069032504,-1.52897482229579,29.4528009145495));
#6057=CARTESIAN_POINT('Ctrl Pts',(15.9567646527637,-1.38972743177307,29.4528009145495));
#6058=CARTESIAN_POINT('Ctrl Pts',(15.9857594720001,-1.10655140082953,29.4528009145495));
#6059=CARTESIAN_POINT('Ctrl Pts',(16.1701939666176,-0.88936388731975,29.4528009145495));
#6060=CARTESIAN_POINT('Ctrl Pts',(16.2639356790378,-0.778974941505078,29.4528009145495));
#6061=CARTESIAN_POINT('Origin',(15.9425069032504,-2.95754616571772,29.9528009145495));
#6062=CARTESIAN_POINT('',(15.9425069032504,-2.95754616571772,29.9528009145495));
#6063=CARTESIAN_POINT('',(15.9425069032504,26.5712269171411,29.9528009145495));
#6064=CARTESIAN_POINT('',(15.9425069032504,-2.95754616571772,29.4528009145495));
#6065=CARTESIAN_POINT('',(15.9425069032504,-2.95754616571772,29.9528009145495));
#6066=CARTESIAN_POINT('',(15.9425069032504,-2.95754616571772,29.4528009145495));
#6067=CARTESIAN_POINT('Ctrl Pts',(16.2639356790378,-3.70754604650844,29.9528009145495));
#6068=CARTESIAN_POINT('Ctrl Pts',(16.2639356790378,-3.70754604650844,29.4528009145495));
#6069=CARTESIAN_POINT('Ctrl Pts',(16.1701927631381,-3.59715726571101,29.9528009145495));
#6070=CARTESIAN_POINT('Ctrl Pts',(16.1701927631381,-3.59715726571101,29.4528009145495));
#6071=CARTESIAN_POINT('Ctrl Pts',(15.9857562948147,-3.37997054096049,29.9528009145495));
#6072=CARTESIAN_POINT('Ctrl Pts',(15.9857562948147,-3.37997054096049,29.4528009145495));
#6073=CARTESIAN_POINT('Ctrl Pts',(15.9567635843297,-3.09679366447165,29.9528009145495));
#6074=CARTESIAN_POINT('Ctrl Pts',(15.9567635843297,-3.09679366447165,29.4528009145495));
#6075=CARTESIAN_POINT('Ctrl Pts',(15.9425069032504,-2.95754616571772,29.9528009145495));
#6076=CARTESIAN_POINT('Ctrl Pts',(15.9425069032504,-2.95754616571772,29.4528009145495));
#6077=CARTESIAN_POINT('',(16.2639356790378,-3.70754604650844,29.9528009145495));
#6078=CARTESIAN_POINT('Ctrl Pts',(16.2639356790378,-3.70754604650844,29.9528009145495));
#6079=CARTESIAN_POINT('Ctrl Pts',(16.1701927631381,-3.59715726571101,29.9528009145495));
#6080=CARTESIAN_POINT('Ctrl Pts',(15.9857562948147,-3.37997054096049,29.9528009145495));
#6081=CARTESIAN_POINT('Ctrl Pts',(15.9567635843297,-3.09679366447165,29.9528009145495));
#6082=CARTESIAN_POINT('Ctrl Pts',(15.9425069032504,-2.95754616571772,29.9528009145495));
#6083=CARTESIAN_POINT('',(16.2639356790378,-3.70754604650844,29.4528009145495));
#6084=CARTESIAN_POINT('',(16.2639356790378,-3.70754604650844,29.9528009145495));
#6085=CARTESIAN_POINT('Ctrl Pts',(16.2639356790378,-3.70754604650844,29.4528009145495));
#6086=CARTESIAN_POINT('Ctrl Pts',(16.1701927631381,-3.59715726571101,29.4528009145495));
#6087=CARTESIAN_POINT('Ctrl Pts',(15.9857562948147,-3.37997054096049,29.4528009145495));
#6088=CARTESIAN_POINT('Ctrl Pts',(15.9567635843297,-3.09679366447165,29.4528009145495));
#6089=CARTESIAN_POINT('Ctrl Pts',(15.9425069032504,-2.95754616571772,29.4528009145495));
#6090=CARTESIAN_POINT('Ctrl Pts',(17.0139361558749,-4.02897482229579,29.9528009145495));
#6091=CARTESIAN_POINT('Ctrl Pts',(17.0139361558749,-4.02897482229579,29.4528009145495));
#6092=CARTESIAN_POINT('Ctrl Pts',(16.8746889330636,-4.01471777878661,29.9528009145495));
#6093=CARTESIAN_POINT('Ctrl Pts',(16.8746889330636,-4.01471777878661,29.4528009145495));
#6094=CARTESIAN_POINT('Ctrl Pts',(16.591512235705,-3.98572429214092,29.9528009145495));
#6095=CARTESIAN_POINT('Ctrl Pts',(16.591512235705,-3.98572429214092,29.4528009145495));
#6096=CARTESIAN_POINT('Ctrl Pts',(16.3743249095767,-3.8012886598397,29.9528009145495));
#6097=CARTESIAN_POINT('Ctrl Pts',(16.3743249095767,-3.8012886598397,29.4528009145495));
#6098=CARTESIAN_POINT('Ctrl Pts',(16.2639356790378,-3.70754604650844,29.9528009145495));
#6099=CARTESIAN_POINT('Ctrl Pts',(16.2639356790378,-3.70754604650844,29.4528009145495));
#6100=CARTESIAN_POINT('',(17.0139361558749,-4.02897482229579,29.9528009145495));
#6101=CARTESIAN_POINT('Ctrl Pts',(17.0139361558749,-4.02897482229579,29.9528009145495));
#6102=CARTESIAN_POINT('Ctrl Pts',(16.8746889330636,-4.01471777878661,29.9528009145495));
#6103=CARTESIAN_POINT('Ctrl Pts',(16.591512235705,-3.98572429214092,29.9528009145495));
#6104=CARTESIAN_POINT('Ctrl Pts',(16.3743249095767,-3.8012886598397,29.9528009145495));
#6105=CARTESIAN_POINT('Ctrl Pts',(16.2639356790378,-3.70754604650844,29.9528009145495));
#6106=CARTESIAN_POINT('',(17.0139361558749,-4.02897482229579,29.4528009145495));
#6107=CARTESIAN_POINT('',(17.0139361558749,-4.02897482229579,29.9528009145495));
#6108=CARTESIAN_POINT('Ctrl Pts',(17.0139361558749,-4.02897482229579,29.4528009145495));
#6109=CARTESIAN_POINT('Ctrl Pts',(16.8746889330636,-4.01471777878661,29.4528009145495));
#6110=CARTESIAN_POINT('Ctrl Pts',(16.591512235705,-3.98572429214092,29.4528009145495));
#6111=CARTESIAN_POINT('Ctrl Pts',(16.3743249095767,-3.8012886598397,29.4528009145495));
#6112=CARTESIAN_POINT('Ctrl Pts',(16.2639356790378,-3.70754604650844,29.4528009145495));
#6113=CARTESIAN_POINT('Origin',(18.4425069032504,-4.02897482229579,29.9528009145495));
#6114=CARTESIAN_POINT('',(9.7784268050525,-4.02897482229579,29.9528009145495));
#6115=CARTESIAN_POINT('',(18.4425069032504,-4.02897482229579,29.4528009145495));
#6116=CARTESIAN_POINT('Origin',(6.69250685854692,-1.52897482229579,29.4528009145495));
#6117=CARTESIAN_POINT('Origin',(12.5996483503177,-3.31468944860804,29.9528009145495));
#6118=CARTESIAN_POINT('',(12.5996483503177,-3.31468944860804,29.9528009145495));
#6119=CARTESIAN_POINT('',(12.9567910371615,-3.31468944860804,29.9528009145495));
#6120=CARTESIAN_POINT('',(6.85699752858613,-3.31468944860805,29.9528009145495));
#6121=CARTESIAN_POINT('',(12.5996483503177,-3.31468944860804,29.4528009145495));
#6122=CARTESIAN_POINT('',(12.5996483503177,-3.31468944860804,29.9528009145495));
#6123=CARTESIAN_POINT('',(12.9567910371615,-3.31468944860804,29.4528009145495));
#6124=CARTESIAN_POINT('',(12.5996483503177,-3.31468944860804,29.4528009145495));
#6125=CARTESIAN_POINT('',(12.9567910371615,-3.31468944860804,29.9528009145495));
#6126=CARTESIAN_POINT('Ctrl Pts',(12.3496485887362,-3.42183177782405,29.9528009145495));
#6127=CARTESIAN_POINT('Ctrl Pts',(12.3496485887362,-3.42183177782405,29.4528009145495));
#6128=CARTESIAN_POINT('Ctrl Pts',(12.3864450280175,-3.39058448928899,29.9528009145495));
#6129=CARTESIAN_POINT('Ctrl Pts',(12.3864450280175,-3.39058448928899,29.4528009145495));
#6130=CARTESIAN_POINT('Ctrl Pts',(12.4588408446437,-3.32910644915703,29.9528009145495));
#6131=CARTESIAN_POINT('Ctrl Pts',(12.4588408446437,-3.32910644915703,29.4528009145495));
#6132=CARTESIAN_POINT('Ctrl Pts',(12.5532327706686,-3.31944184752371,29.9528009145495));
#6133=CARTESIAN_POINT('Ctrl Pts',(12.5532327706686,-3.31944184752371,29.4528009145495));
#6134=CARTESIAN_POINT('Ctrl Pts',(12.5996483503177,-3.31468944860804,29.9528009145495));
#6135=CARTESIAN_POINT('Ctrl Pts',(12.5996483503177,-3.31468944860804,29.4528009145495));
#6136=CARTESIAN_POINT('',(12.3496485887362,-3.42183177782405,29.9528009145495));
#6137=CARTESIAN_POINT('Ctrl Pts',(12.3496485887362,-3.42183177782405,29.9528009145495));
#6138=CARTESIAN_POINT('Ctrl Pts',(12.3864450280175,-3.39058448928899,29.9528009145495));
#6139=CARTESIAN_POINT('Ctrl Pts',(12.4588408446437,-3.32910644915703,29.9528009145495));
#6140=CARTESIAN_POINT('Ctrl Pts',(12.5532327706686,-3.31944184752371,29.9528009145495));
#6141=CARTESIAN_POINT('Ctrl Pts',(12.5996483503177,-3.31468944860804,29.9528009145495));
#6142=CARTESIAN_POINT('',(12.3496485887362,-3.42183177782405,29.4528009145495));
#6143=CARTESIAN_POINT('',(12.3496485887362,-3.42183177782405,29.9528009145495));
#6144=CARTESIAN_POINT('Ctrl Pts',(12.3496485887362,-3.42183177782405,29.4528009145495));
#6145=CARTESIAN_POINT('Ctrl Pts',(12.3864450280175,-3.39058448928899,29.4528009145495));
#6146=CARTESIAN_POINT('Ctrl Pts',(12.4588408446437,-3.32910644915703,29.4528009145495));
#6147=CARTESIAN_POINT('Ctrl Pts',(12.5532327706686,-3.31944184752371,29.4528009145495));
#6148=CARTESIAN_POINT('Ctrl Pts',(12.5996483503177,-3.31468944860804,29.4528009145495));
#6149=CARTESIAN_POINT('Ctrl Pts',(12.2425056634738,-3.67183213545192,29.9528009145495));
#6150=CARTESIAN_POINT('Ctrl Pts',(12.2425056634738,-3.67183213545192,29.4528009145495));
#6151=CARTESIAN_POINT('Ctrl Pts',(12.2472582663024,-3.62541635090458,29.9528009145495));
#6152=CARTESIAN_POINT('Ctrl Pts',(12.2472582663024,-3.62541635090458,29.4528009145495));
#6153=CARTESIAN_POINT('Ctrl Pts',(12.2569232573923,-3.53102425456099,29.9528009145495));
#6154=CARTESIAN_POINT('Ctrl Pts',(12.2569232573923,-3.53102425456099,29.4528009145495));
#6155=CARTESIAN_POINT('Ctrl Pts',(12.3184013516133,-3.45862822991748,29.9528009145495));
#6156=CARTESIAN_POINT('Ctrl Pts',(12.3184013516133,-3.45862822991748,29.4528009145495));
#6157=CARTESIAN_POINT('Ctrl Pts',(12.3496485887362,-3.42183177782405,29.9528009145495));
#6158=CARTESIAN_POINT('Ctrl Pts',(12.3496485887362,-3.42183177782405,29.4528009145495));
#6159=CARTESIAN_POINT('',(12.2425056634738,-3.67183213545192,29.9528009145495));
#6160=CARTESIAN_POINT('Ctrl Pts',(12.2425056634738,-3.67183213545192,29.9528009145495));
#6161=CARTESIAN_POINT('Ctrl Pts',(12.2472582663024,-3.62541635090458,29.9528009145495));
#6162=CARTESIAN_POINT('Ctrl Pts',(12.2569232573923,-3.53102425456099,29.9528009145495));
#6163=CARTESIAN_POINT('Ctrl Pts',(12.3184013516133,-3.45862822991748,29.9528009145495));
#6164=CARTESIAN_POINT('Ctrl Pts',(12.3496485887362,-3.42183177782405,29.9528009145495));
#6165=CARTESIAN_POINT('',(12.2425056634738,-3.67183213545192,29.4528009145495));
#6166=CARTESIAN_POINT('',(12.2425056634738,-3.67183213545192,29.9528009145495));
#6167=CARTESIAN_POINT('Ctrl Pts',(12.2425056634738,-3.67183213545192,29.4528009145495));
#6168=CARTESIAN_POINT('Ctrl Pts',(12.2472582663024,-3.62541635090458,29.4528009145495));
#6169=CARTESIAN_POINT('Ctrl Pts',(12.2569232573923,-3.53102425456099,29.4528009145495));
#6170=CARTESIAN_POINT('Ctrl Pts',(12.3184013516133,-3.45862822991748,29.4528009145495));
#6171=CARTESIAN_POINT('Ctrl Pts',(12.3496485887362,-3.42183177782405,29.4528009145495));
#6172=CARTESIAN_POINT('Ctrl Pts',(12.3496485887362,-3.92183189703334,29.9528009145495));
#6173=CARTESIAN_POINT('Ctrl Pts',(12.3496485887362,-3.92183189703334,29.4528009145495));
#6174=CARTESIAN_POINT('Ctrl Pts',(12.3184013522613,-3.88503544691827,29.9528009145495));
#6175=CARTESIAN_POINT('Ctrl Pts',(12.3184013522613,-3.88503544691827,29.4528009145495));
#6176=CARTESIAN_POINT('Ctrl Pts',(12.256923388682,-3.8126395785083,29.9528009145495));
#6177=CARTESIAN_POINT('Ctrl Pts',(12.256923388682,-3.8126395785083,29.4528009145495));
#6178=CARTESIAN_POINT('Ctrl Pts',(12.247258302651,-3.71824770799536,29.9528009145495));
#6179=CARTESIAN_POINT('Ctrl Pts',(12.247258302651,-3.71824770799536,29.4528009145495));
#6180=CARTESIAN_POINT('Ctrl Pts',(12.2425056634738,-3.67183213545192,29.9528009145495));
#6181=CARTESIAN_POINT('Ctrl Pts',(12.2425056634738,-3.67183213545192,29.4528009145495));
#6182=CARTESIAN_POINT('',(12.3496485887362,-3.92183189703334,29.9528009145495));
#6183=CARTESIAN_POINT('Ctrl Pts',(12.3496485887362,-3.92183189703334,29.9528009145495));
#6184=CARTESIAN_POINT('Ctrl Pts',(12.3184013522613,-3.88503544691827,29.9528009145495));
#6185=CARTESIAN_POINT('Ctrl Pts',(12.256923388682,-3.8126395785083,29.9528009145495));
#6186=CARTESIAN_POINT('Ctrl Pts',(12.247258302651,-3.71824770799536,29.9528009145495));
#6187=CARTESIAN_POINT('Ctrl Pts',(12.2425056634738,-3.67183213545192,29.9528009145495));
#6188=CARTESIAN_POINT('',(12.3496485887362,-3.92183189703334,29.4528009145495));
#6189=CARTESIAN_POINT('',(12.3496485887362,-3.92183189703334,29.9528009145495));
#6190=CARTESIAN_POINT('Ctrl Pts',(12.3496485887362,-3.92183189703334,29.4528009145495));
#6191=CARTESIAN_POINT('Ctrl Pts',(12.3184013522613,-3.88503544691827,29.4528009145495));
#6192=CARTESIAN_POINT('Ctrl Pts',(12.256923388682,-3.8126395785083,29.4528009145495));
#6193=CARTESIAN_POINT('Ctrl Pts',(12.247258302651,-3.71824770799536,29.4528009145495));
#6194=CARTESIAN_POINT('Ctrl Pts',(12.2425056634738,-3.67183213545192,29.4528009145495));
#6195=CARTESIAN_POINT('Ctrl Pts',(12.5996483503177,-4.02897482229579,29.9528009145495));
#6196=CARTESIAN_POINT('Ctrl Pts',(12.5996483503177,-4.02897482229579,29.4528009145495));
#6197=CARTESIAN_POINT('Ctrl Pts',(12.5532327507166,-4.0242224502268,29.9528009145495));
#6198=CARTESIAN_POINT('Ctrl Pts',(12.5532327507166,-4.0242224502268,29.4528009145495));
#6199=CARTESIAN_POINT('Ctrl Pts',(12.4588406688174,-4.01455789138436,29.9528009145495));
#6200=CARTESIAN_POINT('Ctrl Pts',(12.4588406688174,-4.01455789138436,29.4528009145495));
#6201=CARTESIAN_POINT('Ctrl Pts',(12.3864449975969,-3.95307943437867,29.9528009145495));
#6202=CARTESIAN_POINT('Ctrl Pts',(12.3864449975969,-3.95307943437867,29.4528009145495));
#6203=CARTESIAN_POINT('Ctrl Pts',(12.3496485887362,-3.92183189703334,29.9528009145495));
#6204=CARTESIAN_POINT('Ctrl Pts',(12.3496485887362,-3.92183189703334,29.4528009145495));
#6205=CARTESIAN_POINT('',(12.5996483503177,-4.02897482229579,29.9528009145495));
#6206=CARTESIAN_POINT('Ctrl Pts',(12.5996483503177,-4.02897482229579,29.9528009145495));
#6207=CARTESIAN_POINT('Ctrl Pts',(12.5532327507166,-4.0242224502268,29.9528009145495));
#6208=CARTESIAN_POINT('Ctrl Pts',(12.4588406688174,-4.01455789138436,29.9528009145495));
#6209=CARTESIAN_POINT('Ctrl Pts',(12.3864449975969,-3.95307943437867,29.9528009145495));
#6210=CARTESIAN_POINT('Ctrl Pts',(12.3496485887362,-3.92183189703334,29.9528009145495));
#6211=CARTESIAN_POINT('',(12.5996483503177,-4.02897482229579,29.4528009145495));
#6212=CARTESIAN_POINT('',(12.5996483503177,-4.02897482229579,29.9528009145495));
#6213=CARTESIAN_POINT('Ctrl Pts',(12.5996483503177,-4.02897482229579,29.4528009145495));
#6214=CARTESIAN_POINT('Ctrl Pts',(12.5532327507166,-4.0242224502268,29.4528009145495));
#6215=CARTESIAN_POINT('Ctrl Pts',(12.4588406688174,-4.01455789138436,29.4528009145495));
#6216=CARTESIAN_POINT('Ctrl Pts',(12.3864449975969,-3.95307943437867,29.4528009145495));
#6217=CARTESIAN_POINT('Ctrl Pts',(12.3496485887362,-3.92183189703334,29.4528009145495));
#6218=CARTESIAN_POINT('Origin',(14.0282202897861,-4.02897482229579,29.9528009145495));
#6219=CARTESIAN_POINT('',(14.0282202897861,-4.02897482229579,29.9528009145495));
#6220=CARTESIAN_POINT('',(7.57128349832033,-4.02897482229579,29.9528009145495));
#6221=CARTESIAN_POINT('',(14.0282202897861,-4.02897482229579,29.4528009145495));
#6222=CARTESIAN_POINT('',(14.0282202897861,-4.02897482229579,29.9528009145495));
#6223=CARTESIAN_POINT('',(14.0282202897861,-4.02897482229579,29.4528009145495));
#6224=CARTESIAN_POINT('Ctrl Pts',(14.2782188592746,-3.92183189703334,29.9528009145495));
#6225=CARTESIAN_POINT('Ctrl Pts',(14.2782188592746,-3.92183189703334,29.4528009145495));
#6226=CARTESIAN_POINT('Ctrl Pts',(14.2414232673883,-3.95307943777436,29.9528009145495));
#6227=CARTESIAN_POINT('Ctrl Pts',(14.2414232673883,-3.95307943777436,29.4528009145495));
#6228=CARTESIAN_POINT('Ctrl Pts',(14.1690284045507,-4.01455857997567,29.9528009145495));
#6229=CARTESIAN_POINT('Ctrl Pts',(14.1690284045507,-4.01455857997567,29.4528009145495));
#6230=CARTESIAN_POINT('Ctrl Pts',(14.074636387159,-4.02422264087215,29.9528009145495));
#6231=CARTESIAN_POINT('Ctrl Pts',(14.074636387159,-4.02422264087215,29.4528009145495));
#6232=CARTESIAN_POINT('Ctrl Pts',(14.0282202897861,-4.02897482229579,29.9528009145495));
#6233=CARTESIAN_POINT('Ctrl Pts',(14.0282202897861,-4.02897482229579,29.4528009145495));
#6234=CARTESIAN_POINT('',(14.2782188592746,-3.92183189703334,29.9528009145495));
#6235=CARTESIAN_POINT('Ctrl Pts',(14.2782188592746,-3.92183189703334,29.9528009145495));
#6236=CARTESIAN_POINT('Ctrl Pts',(14.2414232673883,-3.95307943777436,29.9528009145495));
#6237=CARTESIAN_POINT('Ctrl Pts',(14.1690284045507,-4.01455857997567,29.9528009145495));
#6238=CARTESIAN_POINT('Ctrl Pts',(14.074636387159,-4.02422264087215,29.9528009145495));
#6239=CARTESIAN_POINT('Ctrl Pts',(14.0282202897861,-4.02897482229579,29.9528009145495));
#6240=CARTESIAN_POINT('',(14.2782188592746,-3.92183189703334,29.4528009145495));
#6241=CARTESIAN_POINT('',(14.2782188592746,-3.92183189703334,29.9528009145495));
#6242=CARTESIAN_POINT('Ctrl Pts',(14.2782188592746,-3.92183189703334,29.4528009145495));
#6243=CARTESIAN_POINT('Ctrl Pts',(14.2414232673883,-3.95307943777436,29.4528009145495));
#6244=CARTESIAN_POINT('Ctrl Pts',(14.1690284045507,-4.01455857997567,29.4528009145495));
#6245=CARTESIAN_POINT('Ctrl Pts',(14.074636387159,-4.02422264087215,29.4528009145495));
#6246=CARTESIAN_POINT('Ctrl Pts',(14.0282202897861,-4.02897482229579,29.4528009145495));
#6247=CARTESIAN_POINT('Ctrl Pts',(14.385361784537,-3.67183213545192,29.9528009145495));
#6248=CARTESIAN_POINT('Ctrl Pts',(14.385361784537,-3.67183213545192,29.4528009145495));
#6249=CARTESIAN_POINT('Ctrl Pts',(14.3806091453598,-3.71824770799536,29.9528009145495));
#6250=CARTESIAN_POINT('Ctrl Pts',(14.3806091453598,-3.71824770799536,29.4528009145495));
#6251=CARTESIAN_POINT('Ctrl Pts',(14.3709440593288,-3.8126395785083,29.9528009145495));
#6252=CARTESIAN_POINT('Ctrl Pts',(14.3709440593288,-3.8126395785083,29.4528009145495));
#6253=CARTESIAN_POINT('Ctrl Pts',(14.3094660957496,-3.88503544691827,29.9528009145495));
#6254=CARTESIAN_POINT('Ctrl Pts',(14.3094660957496,-3.88503544691827,29.4528009145495));
#6255=CARTESIAN_POINT('Ctrl Pts',(14.2782188592746,-3.92183189703334,29.9528009145495));
#6256=CARTESIAN_POINT('Ctrl Pts',(14.2782188592746,-3.92183189703334,29.4528009145495));
#6257=CARTESIAN_POINT('',(14.385361784537,-3.67183213545192,29.9528009145495));
#6258=CARTESIAN_POINT('Ctrl Pts',(14.385361784537,-3.67183213545192,29.9528009145495));
#6259=CARTESIAN_POINT('Ctrl Pts',(14.3806091453598,-3.71824770799536,29.9528009145495));
#6260=CARTESIAN_POINT('Ctrl Pts',(14.3709440593288,-3.8126395785083,29.9528009145495));
#6261=CARTESIAN_POINT('Ctrl Pts',(14.3094660957496,-3.88503544691827,29.9528009145495));
#6262=CARTESIAN_POINT('Ctrl Pts',(14.2782188592746,-3.92183189703334,29.9528009145495));
#6263=CARTESIAN_POINT('',(14.385361784537,-3.67183213545192,29.4528009145495));
#6264=CARTESIAN_POINT('',(14.385361784537,-3.67183213545192,29.9528009145495));
#6265=CARTESIAN_POINT('Ctrl Pts',(14.385361784537,-3.67183213545192,29.4528009145495));
#6266=CARTESIAN_POINT('Ctrl Pts',(14.3806091453598,-3.71824770799536,29.4528009145495));
#6267=CARTESIAN_POINT('Ctrl Pts',(14.3709440593288,-3.8126395785083,29.4528009145495));
#6268=CARTESIAN_POINT('Ctrl Pts',(14.3094660957496,-3.88503544691827,29.4528009145495));
#6269=CARTESIAN_POINT('Ctrl Pts',(14.2782188592746,-3.92183189703334,29.4528009145495));
#6270=CARTESIAN_POINT('Ctrl Pts',(14.2782188592746,-3.42183177782405,29.9528009145495));
#6271=CARTESIAN_POINT('Ctrl Pts',(14.2782188592746,-3.42183177782405,29.4528009145495));
#6272=CARTESIAN_POINT('Ctrl Pts',(14.309466097571,-3.45862802666308,29.9528009145495));
#6273=CARTESIAN_POINT('Ctrl Pts',(14.309466097571,-3.45862802666308,29.4528009145495));
#6274=CARTESIAN_POINT('Ctrl Pts',(14.3709444284112,-3.53102392732944,29.9528009145495));
#6275=CARTESIAN_POINT('Ctrl Pts',(14.3709444284112,-3.53102392732944,29.4528009145495));
#6276=CARTESIAN_POINT('Ctrl Pts',(14.3806092475436,-3.62541612046015,29.9528009145495));
#6277=CARTESIAN_POINT('Ctrl Pts',(14.3806092475436,-3.62541612046015,29.4528009145495));
#6278=CARTESIAN_POINT('Ctrl Pts',(14.385361784537,-3.67183213545192,29.9528009145495));
#6279=CARTESIAN_POINT('Ctrl Pts',(14.385361784537,-3.67183213545192,29.4528009145495));
#6280=CARTESIAN_POINT('',(14.2782188592746,-3.42183177782405,29.9528009145495));
#6281=CARTESIAN_POINT('Ctrl Pts',(14.2782188592746,-3.42183177782405,29.9528009145495));
#6282=CARTESIAN_POINT('Ctrl Pts',(14.309466097571,-3.45862802666308,29.9528009145495));
#6283=CARTESIAN_POINT('Ctrl Pts',(14.3709444284112,-3.53102392732944,29.9528009145495));
#6284=CARTESIAN_POINT('Ctrl Pts',(14.3806092475436,-3.62541612046015,29.9528009145495));
#6285=CARTESIAN_POINT('Ctrl Pts',(14.385361784537,-3.67183213545192,29.9528009145495));
#6286=CARTESIAN_POINT('',(14.2782188592746,-3.42183177782405,29.4528009145495));
#6287=CARTESIAN_POINT('',(14.2782188592746,-3.42183177782405,29.9528009145495));
#6288=CARTESIAN_POINT('Ctrl Pts',(14.2782188592746,-3.42183177782405,29.4528009145495));
#6289=CARTESIAN_POINT('Ctrl Pts',(14.309466097571,-3.45862802666308,29.4528009145495));
#6290=CARTESIAN_POINT('Ctrl Pts',(14.3709444284112,-3.53102392732944,29.4528009145495));
#6291=CARTESIAN_POINT('Ctrl Pts',(14.3806092475436,-3.62541612046015,29.4528009145495));
#6292=CARTESIAN_POINT('Ctrl Pts',(14.385361784537,-3.67183213545192,29.4528009145495));
#6293=CARTESIAN_POINT('Ctrl Pts',(14.0282202897861,-3.31468944860804,29.9528009145495));
#6294=CARTESIAN_POINT('Ctrl Pts',(14.0282202897861,-3.31468944860804,29.4528009145495));
#6295=CARTESIAN_POINT('Ctrl Pts',(14.0746363672062,-3.31944165687869,29.9528009145495));
#6296=CARTESIAN_POINT('Ctrl Pts',(14.0746363672062,-3.31944165687869,29.4528009145495));
#6297=CARTESIAN_POINT('Ctrl Pts',(14.1690282287207,-3.32910576056654,29.9528009145495));
#6298=CARTESIAN_POINT('Ctrl Pts',(14.1690282287207,-3.32910576056654,29.4528009145495));
#6299=CARTESIAN_POINT('Ctrl Pts',(14.2414232369674,-3.39058448589299,29.9528009145495));
#6300=CARTESIAN_POINT('Ctrl Pts',(14.2414232369674,-3.39058448589299,29.4528009145495));
#6301=CARTESIAN_POINT('Ctrl Pts',(14.2782188592746,-3.42183177782405,29.9528009145495));
#6302=CARTESIAN_POINT('Ctrl Pts',(14.2782188592746,-3.42183177782405,29.4528009145495));
#6303=CARTESIAN_POINT('',(14.0282202897861,-3.31468944860804,29.9528009145495));
#6304=CARTESIAN_POINT('Ctrl Pts',(14.0282202897861,-3.31468944860804,29.9528009145495));
#6305=CARTESIAN_POINT('Ctrl Pts',(14.0746363672062,-3.31944165687869,29.9528009145495));
#6306=CARTESIAN_POINT('Ctrl Pts',(14.1690282287207,-3.32910576056654,29.9528009145495));
#6307=CARTESIAN_POINT('Ctrl Pts',(14.2414232369674,-3.39058448589299,29.9528009145495));
#6308=CARTESIAN_POINT('Ctrl Pts',(14.2782188592746,-3.42183177782405,29.9528009145495));
#6309=CARTESIAN_POINT('',(14.0282202897861,-3.31468944860804,29.4528009145495));
#6310=CARTESIAN_POINT('',(14.0282202897861,-3.31468944860804,29.9528009145495));
#6311=CARTESIAN_POINT('Ctrl Pts',(14.0282202897861,-3.31468944860804,29.4528009145495));
#6312=CARTESIAN_POINT('Ctrl Pts',(14.0746363672062,-3.31944165687869,29.4528009145495));
#6313=CARTESIAN_POINT('Ctrl Pts',(14.1690282287207,-3.32910576056654,29.4528009145495));
#6314=CARTESIAN_POINT('Ctrl Pts',(14.2414232369674,-3.39058448589299,29.4528009145495));
#6315=CARTESIAN_POINT('Ctrl Pts',(14.2782188592746,-3.42183177782405,29.4528009145495));
#6316=CARTESIAN_POINT('Origin',(13.6710764108493,-3.31468944860804,29.9528009145495));
#6317=CARTESIAN_POINT('',(13.6710764108493,-3.31468944860804,29.9528009145495));
#6318=CARTESIAN_POINT('',(7.39271155885194,-3.31468944860805,29.9528009145495));
#6319=CARTESIAN_POINT('',(13.6710764108493,-3.31468944860804,29.4528009145495));
#6320=CARTESIAN_POINT('',(13.6710764108493,-3.31468944860804,29.9528009145495));
#6321=CARTESIAN_POINT('',(13.6710764108493,-3.31468944860804,29.4528009145495));
#6322=CARTESIAN_POINT('Origin',(13.6710764108493,-0.814689150584821,29.9528009145495));
#6323=CARTESIAN_POINT('',(13.6710764108493,-0.814689150584821,29.9528009145495));
#6324=CARTESIAN_POINT('',(13.6710764108493,27.6426554247076,29.9528009145495));
#6325=CARTESIAN_POINT('',(13.6710764108493,-0.814689150584821,29.4528009145495));
#6326=CARTESIAN_POINT('',(13.6710764108493,-0.814689150584821,29.9528009145495));
#6327=CARTESIAN_POINT('',(13.6710764108493,-0.814689150584821,29.4528009145495));
#6328=CARTESIAN_POINT('Ctrl Pts',(13.5639334855868,-0.564689090980176,29.9528009145495));
#6329=CARTESIAN_POINT('Ctrl Pts',(13.5639334855868,-0.564689090980176,29.4528009145495));
#6330=CARTESIAN_POINT('Ctrl Pts',(13.5951819264556,-0.601485275439423,29.9528009145495));
#6331=CARTESIAN_POINT('Ctrl Pts',(13.5951819264556,-0.601485275439423,29.4528009145495));
#6332=CARTESIAN_POINT('Ctrl Pts',(13.6566620473713,-0.673880371223348,29.9528009145495));
#6333=CARTESIAN_POINT('Ctrl Pts',(13.6566620473713,-0.673880371223348,29.4528009145495));
#6334=CARTESIAN_POINT('Ctrl Pts',(13.6663248911956,-0.768273248587737,29.9528009145495));
#6335=CARTESIAN_POINT('Ctrl Pts',(13.6663248911956,-0.768273248587737,29.4528009145495));
#6336=CARTESIAN_POINT('Ctrl Pts',(13.6710764108493,-0.814689150584821,29.9528009145495));
#6337=CARTESIAN_POINT('Ctrl Pts',(13.6710764108493,-0.814689150584821,29.4528009145495));
#6338=CARTESIAN_POINT('',(13.5639334855868,-0.564689090980176,29.9528009145495));
#6339=CARTESIAN_POINT('Ctrl Pts',(13.5639334855868,-0.564689090980176,29.9528009145495));
#6340=CARTESIAN_POINT('Ctrl Pts',(13.5951819264556,-0.601485275439423,29.9528009145495));
#6341=CARTESIAN_POINT('Ctrl Pts',(13.6566620473713,-0.673880371223348,29.9528009145495));
#6342=CARTESIAN_POINT('Ctrl Pts',(13.6663248911956,-0.768273248587737,29.9528009145495));
#6343=CARTESIAN_POINT('Ctrl Pts',(13.6710764108493,-0.814689150584821,29.9528009145495));
#6344=CARTESIAN_POINT('',(13.5639334855868,-0.564689090980176,29.4528009145495));
#6345=CARTESIAN_POINT('',(13.5639334855868,-0.564689090980176,29.9528009145495));
#6346=CARTESIAN_POINT('Ctrl Pts',(13.5639334855868,-0.564689090980176,29.4528009145495));
#6347=CARTESIAN_POINT('Ctrl Pts',(13.5951819264556,-0.601485275439423,29.4528009145495));
#6348=CARTESIAN_POINT('Ctrl Pts',(13.6566620473713,-0.673880371223348,29.4528009145495));
#6349=CARTESIAN_POINT('Ctrl Pts',(13.6663248911956,-0.768273248587737,29.4528009145495));
#6350=CARTESIAN_POINT('Ctrl Pts',(13.6710764108493,-0.814689150584821,29.4528009145495));
#6351=CARTESIAN_POINT('Ctrl Pts',(13.3139337240054,-0.457546165717725,29.9528009145495));
#6352=CARTESIAN_POINT('Ctrl Pts',(13.3139337240054,-0.457546165717725,29.4528009145495));
#6353=CARTESIAN_POINT('Ctrl Pts',(13.3603493236065,-0.462298537786716,29.9528009145495));
#6354=CARTESIAN_POINT('Ctrl Pts',(13.3603493236065,-0.462298537786716,29.4528009145495));
#6355=CARTESIAN_POINT('Ctrl Pts',(13.4547414055057,-0.471963096629152,29.9528009145495));
#6356=CARTESIAN_POINT('Ctrl Pts',(13.4547414055057,-0.471963096629152,29.4528009145495));
#6357=CARTESIAN_POINT('Ctrl Pts',(13.5271370767262,-0.533441553634845,29.9528009145495));
#6358=CARTESIAN_POINT('Ctrl Pts',(13.5271370767262,-0.533441553634845,29.4528009145495));
#6359=CARTESIAN_POINT('Ctrl Pts',(13.5639334855868,-0.564689090980176,29.9528009145495));
#6360=CARTESIAN_POINT('Ctrl Pts',(13.5639334855868,-0.564689090980176,29.4528009145495));
#6361=CARTESIAN_POINT('',(13.3139337240054,-0.457546165717725,29.9528009145495));
#6362=CARTESIAN_POINT('Ctrl Pts',(13.3139337240054,-0.457546165717725,29.9528009145495));
#6363=CARTESIAN_POINT('Ctrl Pts',(13.3603493236065,-0.462298537786716,29.9528009145495));
#6364=CARTESIAN_POINT('Ctrl Pts',(13.4547414055057,-0.471963096629152,29.9528009145495));
#6365=CARTESIAN_POINT('Ctrl Pts',(13.5271370767262,-0.533441553634845,29.9528009145495));
#6366=CARTESIAN_POINT('Ctrl Pts',(13.5639334855868,-0.564689090980176,29.9528009145495));
#6367=CARTESIAN_POINT('',(13.3139337240054,-0.457546165717725,29.4528009145495));
#6368=CARTESIAN_POINT('',(13.3139337240054,-0.457546165717725,29.9528009145495));
#6369=CARTESIAN_POINT('Ctrl Pts',(13.3139337240054,-0.457546165717725,29.4528009145495));
#6370=CARTESIAN_POINT('Ctrl Pts',(13.3603493236065,-0.462298537786716,29.4528009145495));
#6371=CARTESIAN_POINT('Ctrl Pts',(13.4547414055057,-0.471963096629152,29.4528009145495));
#6372=CARTESIAN_POINT('Ctrl Pts',(13.5271370767262,-0.533441553634845,29.4528009145495));
#6373=CARTESIAN_POINT('Ctrl Pts',(13.5639334855868,-0.564689090980176,29.4528009145495));
#6374=CARTESIAN_POINT('Origin',(12.5996483503177,-0.457546165717725,29.9528009145495));
#6375=CARTESIAN_POINT('',(12.5996483503177,-0.457546165717725,29.9528009145495));
#6376=CARTESIAN_POINT('',(6.85699752858613,-0.457546165717728,29.9528009145495));
#6377=CARTESIAN_POINT('',(12.5996483503177,-0.457546165717725,29.4528009145495));
#6378=CARTESIAN_POINT('',(12.5996483503177,-0.457546165717725,29.9528009145495));
#6379=CARTESIAN_POINT('',(12.5996483503177,-0.457546165717725,29.4528009145495));
#6380=CARTESIAN_POINT('Ctrl Pts',(12.3496485887362,-0.564689090980176,29.9528009145495));
#6381=CARTESIAN_POINT('Ctrl Pts',(12.3496485887362,-0.564689090980176,29.4528009145495));
#6382=CARTESIAN_POINT('Ctrl Pts',(12.3864449975969,-0.533441553634844,29.9528009145495));
#6383=CARTESIAN_POINT('Ctrl Pts',(12.3864449975969,-0.533441553634844,29.4528009145495));
#6384=CARTESIAN_POINT('Ctrl Pts',(12.4588406688174,-0.471963096629151,29.9528009145495));
#6385=CARTESIAN_POINT('Ctrl Pts',(12.4588406688174,-0.471963096629151,29.4528009145495));
#6386=CARTESIAN_POINT('Ctrl Pts',(12.5532327507166,-0.462298537786716,29.9528009145495));
#6387=CARTESIAN_POINT('Ctrl Pts',(12.5532327507166,-0.462298537786716,29.4528009145495));
#6388=CARTESIAN_POINT('Ctrl Pts',(12.5996483503177,-0.457546165717725,29.9528009145495));
#6389=CARTESIAN_POINT('Ctrl Pts',(12.5996483503177,-0.457546165717725,29.4528009145495));
#6390=CARTESIAN_POINT('',(12.3496485887362,-0.564689090980176,29.9528009145495));
#6391=CARTESIAN_POINT('Ctrl Pts',(12.3496485887362,-0.564689090980176,29.9528009145495));
#6392=CARTESIAN_POINT('Ctrl Pts',(12.3864449975969,-0.533441553634844,29.9528009145495));
#6393=CARTESIAN_POINT('Ctrl Pts',(12.4588406688174,-0.471963096629151,29.9528009145495));
#6394=CARTESIAN_POINT('Ctrl Pts',(12.5532327507166,-0.462298537786716,29.9528009145495));
#6395=CARTESIAN_POINT('Ctrl Pts',(12.5996483503177,-0.457546165717725,29.9528009145495));
#6396=CARTESIAN_POINT('',(12.3496485887362,-0.564689090980176,29.4528009145495));
#6397=CARTESIAN_POINT('',(12.3496485887362,-0.564689090980176,29.9528009145495));
#6398=CARTESIAN_POINT('Ctrl Pts',(12.3496485887362,-0.564689090980176,29.4528009145495));
#6399=CARTESIAN_POINT('Ctrl Pts',(12.3864449975969,-0.533441553634844,29.4528009145495));
#6400=CARTESIAN_POINT('Ctrl Pts',(12.4588406688174,-0.471963096629151,29.4528009145495));
#6401=CARTESIAN_POINT('Ctrl Pts',(12.5532327507166,-0.462298537786716,29.4528009145495));
#6402=CARTESIAN_POINT('Ctrl Pts',(12.5996483503177,-0.457546165717725,29.4528009145495));
#6403=CARTESIAN_POINT('Ctrl Pts',(12.2425056634738,-0.814689150584821,29.9528009145495));
#6404=CARTESIAN_POINT('Ctrl Pts',(12.2425056634738,-0.814689150584821,29.4528009145495));
#6405=CARTESIAN_POINT('Ctrl Pts',(12.2472582844767,-0.768273472039432,29.9528009145495));
#6406=CARTESIAN_POINT('Ctrl Pts',(12.2472582844767,-0.768273472039432,29.4528009145495));
#6407=CARTESIAN_POINT('Ctrl Pts',(12.2569233230371,-0.673881488611154,29.9528009145495));
#6408=CARTESIAN_POINT('Ctrl Pts',(12.2569233230371,-0.673881488611154,29.4528009145495));
#6409=CARTESIAN_POINT('Ctrl Pts',(12.3184013519372,-0.601485542084425,29.9528009145495));
#6410=CARTESIAN_POINT('Ctrl Pts',(12.3184013519372,-0.601485542084425,29.4528009145495));
#6411=CARTESIAN_POINT('Ctrl Pts',(12.3496485887362,-0.564689090980176,29.9528009145495));
#6412=CARTESIAN_POINT('Ctrl Pts',(12.3496485887362,-0.564689090980176,29.4528009145495));
#6413=CARTESIAN_POINT('',(12.2425056634738,-0.814689150584821,29.9528009145495));
#6414=CARTESIAN_POINT('Ctrl Pts',(12.2425056634738,-0.814689150584821,29.9528009145495));
#6415=CARTESIAN_POINT('Ctrl Pts',(12.2472582844767,-0.768273472039432,29.9528009145495));
#6416=CARTESIAN_POINT('Ctrl Pts',(12.2569233230371,-0.673881488611154,29.9528009145495));
#6417=CARTESIAN_POINT('Ctrl Pts',(12.3184013519372,-0.601485542084425,29.9528009145495));
#6418=CARTESIAN_POINT('Ctrl Pts',(12.3496485887362,-0.564689090980176,29.9528009145495));
#6419=CARTESIAN_POINT('',(12.2425056634738,-0.814689150584821,29.4528009145495));
#6420=CARTESIAN_POINT('',(12.2425056634738,-0.814689150584821,29.9528009145495));
#6421=CARTESIAN_POINT('Ctrl Pts',(12.2425056634738,-0.814689150584821,29.4528009145495));
#6422=CARTESIAN_POINT('Ctrl Pts',(12.2472582844767,-0.768273472039432,29.4528009145495));
#6423=CARTESIAN_POINT('Ctrl Pts',(12.2569233230371,-0.673881488611154,29.4528009145495));
#6424=CARTESIAN_POINT('Ctrl Pts',(12.3184013519372,-0.601485542084425,29.4528009145495));
#6425=CARTESIAN_POINT('Ctrl Pts',(12.3496485887362,-0.564689090980176,29.4528009145495));
#6426=CARTESIAN_POINT('Ctrl Pts',(12.3496485887362,-1.06468921018947,29.9528009145495));
#6427=CARTESIAN_POINT('Ctrl Pts',(12.3496485887362,-1.06468921018947,29.4528009145495));
#6428=CARTESIAN_POINT('Ctrl Pts',(12.3184013513505,-1.02789286071244,29.9528009145495));
#6429=CARTESIAN_POINT('Ctrl Pts',(12.3184013513505,-1.02789286071244,29.4528009145495));
#6430=CARTESIAN_POINT('Ctrl Pts',(12.2569232041409,-0.955496976174085,29.9528009145495));
#6431=CARTESIAN_POINT('Ctrl Pts',(12.2569232041409,-0.955496976174085,29.4528009145495));
#6432=CARTESIAN_POINT('Ctrl Pts',(12.2472582515593,-0.861104944352328,29.9528009145495));
#6433=CARTESIAN_POINT('Ctrl Pts',(12.2472582515593,-0.861104944352328,29.4528009145495));
#6434=CARTESIAN_POINT('Ctrl Pts',(12.2425056634738,-0.814689150584821,29.9528009145495));
#6435=CARTESIAN_POINT('Ctrl Pts',(12.2425056634738,-0.814689150584821,29.4528009145495));
#6436=CARTESIAN_POINT('',(12.3496485887362,-1.06468921018947,29.9528009145495));
#6437=CARTESIAN_POINT('Ctrl Pts',(12.3496485887362,-1.06468921018947,29.9528009145495));
#6438=CARTESIAN_POINT('Ctrl Pts',(12.3184013513505,-1.02789286071244,29.9528009145495));
#6439=CARTESIAN_POINT('Ctrl Pts',(12.2569232041409,-0.955496976174085,29.9528009145495));
#6440=CARTESIAN_POINT('Ctrl Pts',(12.2472582515593,-0.861104944352328,29.9528009145495));
#6441=CARTESIAN_POINT('Ctrl Pts',(12.2425056634738,-0.814689150584821,29.9528009145495));
#6442=CARTESIAN_POINT('',(12.3496485887362,-1.06468921018947,29.4528009145495));
#6443=CARTESIAN_POINT('',(12.3496485887362,-1.06468921018947,29.9528009145495));
#6444=CARTESIAN_POINT('Ctrl Pts',(12.3496485887362,-1.06468921018947,29.4528009145495));
#6445=CARTESIAN_POINT('Ctrl Pts',(12.3184013513505,-1.02789286071244,29.4528009145495));
#6446=CARTESIAN_POINT('Ctrl Pts',(12.2569232041409,-0.955496976174085,29.4528009145495));
#6447=CARTESIAN_POINT('Ctrl Pts',(12.2472582515593,-0.861104944352328,29.4528009145495));
#6448=CARTESIAN_POINT('Ctrl Pts',(12.2425056634738,-0.814689150584821,29.4528009145495));
#6449=CARTESIAN_POINT('Ctrl Pts',(12.5996483503177,-1.17183213545192,29.9528009145495));
#6450=CARTESIAN_POINT('Ctrl Pts',(12.5996483503177,-1.17183213545192,29.4528009145495));
#6451=CARTESIAN_POINT('Ctrl Pts',(12.5532327507166,-1.16707976338293,29.9528009145495));
#6452=CARTESIAN_POINT('Ctrl Pts',(12.5532327507166,-1.16707976338293,29.4528009145495));
#6453=CARTESIAN_POINT('Ctrl Pts',(12.4588406688174,-1.15741520454049,29.9528009145495));
#6454=CARTESIAN_POINT('Ctrl Pts',(12.4588406688174,-1.15741520454049,29.4528009145495));
#6455=CARTESIAN_POINT('Ctrl Pts',(12.3864449975969,-1.0959367475348,29.9528009145495));
#6456=CARTESIAN_POINT('Ctrl Pts',(12.3864449975969,-1.0959367475348,29.4528009145495));
#6457=CARTESIAN_POINT('Ctrl Pts',(12.3496485887362,-1.06468921018947,29.9528009145495));
#6458=CARTESIAN_POINT('Ctrl Pts',(12.3496485887362,-1.06468921018947,29.4528009145495));
#6459=CARTESIAN_POINT('',(12.5996483503177,-1.17183213545192,29.9528009145495));
#6460=CARTESIAN_POINT('Ctrl Pts',(12.5996483503177,-1.17183213545192,29.9528009145495));
#6461=CARTESIAN_POINT('Ctrl Pts',(12.5532327507166,-1.16707976338293,29.9528009145495));
#6462=CARTESIAN_POINT('Ctrl Pts',(12.4588406688174,-1.15741520454049,29.9528009145495));
#6463=CARTESIAN_POINT('Ctrl Pts',(12.3864449975969,-1.0959367475348,29.9528009145495));
#6464=CARTESIAN_POINT('Ctrl Pts',(12.3496485887362,-1.06468921018947,29.9528009145495));
#6465=CARTESIAN_POINT('',(12.5996483503177,-1.17183213545192,29.4528009145495));
#6466=CARTESIAN_POINT('',(12.5996483503177,-1.17183213545192,29.9528009145495));
#6467=CARTESIAN_POINT('Ctrl Pts',(12.5996483503177,-1.17183213545192,29.4528009145495));
#6468=CARTESIAN_POINT('Ctrl Pts',(12.5532327507166,-1.16707976338293,29.4528009145495));
#6469=CARTESIAN_POINT('Ctrl Pts',(12.4588406688174,-1.15741520454049,29.4528009145495));
#6470=CARTESIAN_POINT('Ctrl Pts',(12.3864449975969,-1.0959367475348,29.4528009145495));
#6471=CARTESIAN_POINT('Ctrl Pts',(12.3496485887362,-1.06468921018947,29.4528009145495));
#6472=CARTESIAN_POINT('Origin',(12.9567910371615,-1.17183213545192,29.9528009145495));
#6473=CARTESIAN_POINT('',(12.9567910371615,-1.17183213545192,29.9528009145495));
#6474=CARTESIAN_POINT('',(7.03556887200807,-1.17183213545192,29.9528009145495));
#6475=CARTESIAN_POINT('',(12.9567910371615,-1.17183213545192,29.4528009145495));
#6476=CARTESIAN_POINT('',(12.9567910371615,-1.17183213545192,29.9528009145495));
#6477=CARTESIAN_POINT('',(12.9567910371615,-1.17183213545192,29.4528009145495));
#6478=CARTESIAN_POINT('Origin',(12.9567910371615,-3.31468944860804,29.9528009145495));
#6479=CARTESIAN_POINT('',(12.9567910371615,26.392655275696,29.9528009145495));
#6480=CARTESIAN_POINT('',(12.9567910371615,-3.31468944860804,29.4528009145495));
#6481=CARTESIAN_POINT('Origin',(6.69250685854692,-1.52897482229579,29.4528009145495));
#6482=CARTESIAN_POINT('Origin',(-14.8367616842201,0.535464925540853,29.9528009145495));
#6483=CARTESIAN_POINT('',(-14.8367616842201,0.535464925540853,29.9528009145495));
#6484=CARTESIAN_POINT('',(-14.1990543486789,-0.531235701892764,29.9528009145495));
#6485=CARTESIAN_POINT('',(-24.9727620189581,17.4900729630296,29.9528009145495));
#6486=CARTESIAN_POINT('',(-14.8367616842201,0.535464925540853,29.4528009145495));
#6487=CARTESIAN_POINT('',(-14.8367616842201,0.535464925540853,29.9528009145495));
#6488=CARTESIAN_POINT('',(-14.1990543486789,-0.531235701892764,29.4528009145495));
#6489=CARTESIAN_POINT('',(-14.8367616842201,0.535464925540853,29.4528009145495));
#6490=CARTESIAN_POINT('',(-14.1990543486789,-0.531235701892764,29.9528009145495));
#6491=CARTESIAN_POINT('Origin',(-16.9908203510021,-0.752313330784209,29.9528009145495));
#6492=CARTESIAN_POINT('',(-16.9908203510021,-0.752313330784209,29.9528009145495));
#6493=CARTESIAN_POINT('',(2.1977927053089,10.7193698893705,29.9528009145495));
#6494=CARTESIAN_POINT('',(-16.9908203510021,-0.752313330784209,29.4528009145495));
#6495=CARTESIAN_POINT('',(-16.9908203510021,-0.752313330784209,29.9528009145495));
#6496=CARTESIAN_POINT('',(-16.9908203510021,-0.752313330784209,29.4528009145495));
#6497=CARTESIAN_POINT('Origin',(-16.353107437371,-1.81900824794564,29.9528009145495));
#6498=CARTESIAN_POINT('',(-16.353107437371,-1.81900824794564,29.9528009145495));
#6499=CARTESIAN_POINT('',(-26.8080013462164,15.6687702706459,29.9528009145495));
#6500=CARTESIAN_POINT('',(-16.353107437371,-1.81900824794564,29.4528009145495));
#6501=CARTESIAN_POINT('',(-16.353107437371,-1.81900824794564,29.9528009145495));
#6502=CARTESIAN_POINT('',(-16.353107437371,-1.81900824794564,29.4528009145495));
#6503=CARTESIAN_POINT('Origin',(-14.1990543486789,-0.531235701892764,29.9528009145495));
#6504=CARTESIAN_POINT('',(3.91252650471165,10.2965367012354,29.9528009145495));
#6505=CARTESIAN_POINT('',(-14.1990543486789,-0.531235701892764,29.4528009145495));
#6506=CARTESIAN_POINT('Origin',(-15.5949373498405,-0.641771661202395,29.4528009145495));
#6507=CARTESIAN_POINT('Origin',(-11.5830371737465,-4.07075468231602,29.9528009145495));
#6508=CARTESIAN_POINT('',(-11.5830371737465,-4.07075468231602,29.9528009145495));
#6509=CARTESIAN_POINT('',(-11.6947512468041,-2.83302865360831,29.9528009145495));
#6510=CARTESIAN_POINT('',(-14.2252250376979,25.2031282085287,29.9528009145495));
#6511=CARTESIAN_POINT('',(-11.5830371737465,-4.07075468231602,29.4528009145495));
#6512=CARTESIAN_POINT('',(-11.5830371737465,-4.07075468231602,29.9528009145495));
#6513=CARTESIAN_POINT('',(-11.6947512468041,-2.83302865360831,29.4528009145495));
#6514=CARTESIAN_POINT('',(-11.5830371737465,-4.07075468231602,29.4528009145495));
#6515=CARTESIAN_POINT('',(-11.6947512468041,-2.83302865360831,29.9528009145495));
#6516=CARTESIAN_POINT('Origin',(-9.08352372128399,-3.84510883567809,29.9528009145495));
#6517=CARTESIAN_POINT('',(-9.08352372128399,-3.84510883567809,29.9528009145495));
#6518=CARTESIAN_POINT('',(-1.34188130971247,-3.14622503707077,29.9528009145495));
#6519=CARTESIAN_POINT('',(-9.08352372128399,-3.84510883567809,29.4528009145495));
#6520=CARTESIAN_POINT('',(-9.08352372128399,-3.84510883567809,29.9528009145495));
#6521=CARTESIAN_POINT('',(-9.08352372128399,-3.84510883567809,29.4528009145495));
#6522=CARTESIAN_POINT('Origin',(-9.19529362811408,-2.60738280697038,29.9528009145495));
#6523=CARTESIAN_POINT('',(-9.19529362811408,-2.60738280697038,29.9528009145495));
#6524=CARTESIAN_POINT('',(-11.7828730630168,26.0471496048407,29.9528009145495));
#6525=CARTESIAN_POINT('',(-9.19529362811408,-2.60738280697038,29.4528009145495));
#6526=CARTESIAN_POINT('',(-9.19529362811408,-2.60738280697038,29.9528009145495));
#6527=CARTESIAN_POINT('',(-9.19529362811408,-2.60738280697038,29.4528009145495));
#6528=CARTESIAN_POINT('Origin',(-11.6947512468041,-2.83302865360831,29.9528009145495));
#6529=CARTESIAN_POINT('',(-2.70330770616092,-2.02129979089254,29.9528009145495));
#6530=CARTESIAN_POINT('',(-11.6947512468041,-2.83302865360831,29.4528009145495));
#6531=CARTESIAN_POINT('Origin',(-10.3891374840441,-3.3390687446432,29.4528009145495));
#6532=CARTESIAN_POINT('Origin',(-10.3221367456041,0.272190923115061,29.9528009145495));
#6533=CARTESIAN_POINT('',(-10.3221367456041,0.272190923115061,29.9528009145495));
#6534=CARTESIAN_POINT('',(-11.5039778208968,-0.11216644007145,29.9528009145495));
#6535=CARTESIAN_POINT('',(3.05895675601157,4.62397892774127,29.9528009145495));
#6536=CARTESIAN_POINT('',(-10.3221367456041,0.272190923115061,29.4528009145495));
#6537=CARTESIAN_POINT('',(-10.3221367456041,0.272190923115061,29.9528009145495));
#6538=CARTESIAN_POINT('',(-11.5039778208968,-0.11216644007145,29.4528009145495));
#6539=CARTESIAN_POINT('',(-10.3221367456041,0.272190923115061,29.4528009145495));
#6540=CARTESIAN_POINT('',(-11.5039778208968,-0.11216644007145,29.9528009145495));
#6541=CARTESIAN_POINT('Origin',(-11.0983141632458,2.65879793952792,29.9528009145495));
#6542=CARTESIAN_POINT('',(-11.0983141632458,2.65879793952792,29.9528009145495));
#6543=CARTESIAN_POINT('',(-18.3731288081179,25.0275544634015,29.9528009145495));
#6544=CARTESIAN_POINT('',(-11.0983141632458,2.65879793952792,29.4528009145495));
#6545=CARTESIAN_POINT('',(-11.0983141632458,2.65879793952792,29.9528009145495));
#6546=CARTESIAN_POINT('',(-11.0983141632458,2.65879793952792,29.4528009145495));
#6547=CARTESIAN_POINT('Origin',(-12.2801552385385,2.27443489250567,29.9528009145495));
#6548=CARTESIAN_POINT('',(-12.2801552385385,2.27443489250567,29.9528009145495));
#6549=CARTESIAN_POINT('',(1.69194036546836,6.81849530123052,29.9528009145495));
#6550=CARTESIAN_POINT('',(-12.2801552385385,2.27443489250567,29.4528009145495));
#6551=CARTESIAN_POINT('',(-12.2801552385385,2.27443489250567,29.9528009145495));
#6552=CARTESIAN_POINT('',(-12.2801552385385,2.27443489250567,29.4528009145495));
#6553=CARTESIAN_POINT('Origin',(-11.5039778208968,-0.11216644007145,29.9528009145495));
#6554=CARTESIAN_POINT('',(-19.1668939797668,23.449876851208,29.9528009145495));
#6555=CARTESIAN_POINT('',(-11.5039778208968,-0.11216644007145,29.4528009145495));
#6556=CARTESIAN_POINT('Origin',(-11.3011459920713,1.27331574972823,29.4528009145495));
#6557=CARTESIAN_POINT('Origin',(-15.5366851845864,-1.87579669331499,29.9528009145495));
#6558=CARTESIAN_POINT('',(-15.5366851845864,-1.87579669331499,29.9528009145495));
#6559=CARTESIAN_POINT('',(-14.3051023512899,-2.04229257979851,29.9528009145495));
#6560=CARTESIAN_POINT('',(-11.2090917707548,-2.46083773342721,29.9528009145495));
#6561=CARTESIAN_POINT('',(-15.5366851845864,-1.87579669331499,29.4528009145495));
#6562=CARTESIAN_POINT('',(-15.5366851845864,-1.87579669331499,29.9528009145495));
#6563=CARTESIAN_POINT('',(-14.3051023512899,-2.04229257979851,29.4528009145495));
#6564=CARTESIAN_POINT('',(-15.5366851845864,-1.87579669331499,29.4528009145495));
#6565=CARTESIAN_POINT('',(-14.3051023512899,-2.04229257979851,29.9528009145495));
#6566=CARTESIAN_POINT('Origin',(-15.8728975510647,-4.36281903112274,29.9528009145495));
#6567=CARTESIAN_POINT('',(-15.8728975510647,-4.36281903112274,29.9528009145495));
#6568=CARTESIAN_POINT('',(-11.7069230799539,26.4536309314867,29.9528009145495));
#6569=CARTESIAN_POINT('',(-15.8728975510647,-4.36281903112274,29.4528009145495));
#6570=CARTESIAN_POINT('',(-15.8728975510647,-4.36281903112274,29.9528009145495));
#6571=CARTESIAN_POINT('',(-15.8728975510647,-4.36281903112274,29.4528009145495));
#6572=CARTESIAN_POINT('Origin',(-14.6413147177682,-4.52936440663185,29.9528009145495));
#6573=CARTESIAN_POINT('',(-14.6413147177682,-4.52936440663185,29.9528009145495));
#6574=CARTESIAN_POINT('',(-10.930754118517,-5.03113878318556,29.9528009145495));
#6575=CARTESIAN_POINT('',(-14.6413147177682,-4.52936440663185,29.4528009145495));
#6576=CARTESIAN_POINT('',(-14.6413147177682,-4.52936440663185,29.9528009145495));
#6577=CARTESIAN_POINT('',(-14.6413147177682,-4.52936440663185,29.4528009145495));
#6578=CARTESIAN_POINT('Origin',(-14.3051023512899,-2.04229257979851,29.9528009145495));
#6579=CARTESIAN_POINT('',(-10.3073133632011,27.5306480768674,29.9528009145495));
#6580=CARTESIAN_POINT('',(-14.3051023512899,-2.04229257979851,29.4528009145495));
#6581=CARTESIAN_POINT('Origin',(-15.0889999511773,-3.20258054997342,29.4528009145495));
#6582=CARTESIAN_POINT('Origin',(-9.90688152261801,-2.20326599860629,29.9528009145495));
#6583=CARTESIAN_POINT('',(-9.90688152261801,-2.20326599860629,29.9528009145495));
#6584=CARTESIAN_POINT('',(-10.9442429830664,-1.51889368431013,29.9528009145495));
#6585=CARTESIAN_POINT('',(-19.4672751694685,4.10395571256959,29.9528009145495));
#6586=CARTESIAN_POINT('',(-9.90688152261801,-2.20326599860629,29.4528009145495));
#6587=CARTESIAN_POINT('',(-9.90688152261801,-2.20326599860629,29.9528009145495));
#6588=CARTESIAN_POINT('',(-10.9442429830664,-1.51889368431013,29.4528009145495));
#6589=CARTESIAN_POINT('',(-9.90688152261801,-2.20326599860629,29.4528009145495));
#6590=CARTESIAN_POINT('',(-10.9442429830664,-1.51889368431013,29.9528009145495));
#6591=CARTESIAN_POINT('Origin',(-8.52489836818964,-0.108413099314656,29.9528009145495));
#6592=CARTESIAN_POINT('',(-8.52489836818964,-0.108413099314656,29.9528009145495));
#6593=CARTESIAN_POINT('',(5.85488841880924,21.6889134060146,29.9528009145495));
#6594=CARTESIAN_POINT('',(-8.52489836818964,-0.108413099314656,29.4528009145495));
#6595=CARTESIAN_POINT('',(-8.52489836818964,-0.108413099314656,29.9528009145495));
#6596=CARTESIAN_POINT('',(-8.52489836818964,-0.108413099314656,29.4528009145495));
#6597=CARTESIAN_POINT('Origin',(-9.56225940565493,0.57595921498151,29.9528009145495));
#6598=CARTESIAN_POINT('',(-9.56225940565493,0.57595921498151,29.9528009145495));
#6599=CARTESIAN_POINT('',(-18.6039609079214,6.54098967091691,29.9528009145495));
#6600=CARTESIAN_POINT('',(-9.56225940565493,0.57595921498151,29.4528009145495));
#6601=CARTESIAN_POINT('',(-9.56225940565493,0.57595921498151,29.9528009145495));
#6602=CARTESIAN_POINT('',(-9.56225940565493,0.57595921498151,29.4528009145495));
#6603=CARTESIAN_POINT('Origin',(-10.9442429830664,-1.51889368431013,29.9528009145495));
#6604=CARTESIAN_POINT('',(4.12653300947638,21.325848683531,29.9528009145495));
#6605=CARTESIAN_POINT('',(-10.9442429830664,-1.51889368431013,29.4528009145495));
#6606=CARTESIAN_POINT('Origin',(-9.73457067562804,-0.813653391812391,29.4528009145495));
#6607=CARTESIAN_POINT('Origin',(-12.5162352328958,1.48989694904039,29.9528009145495));
#6608=CARTESIAN_POINT('',(-12.5162352328958,1.48989694904039,29.9528009145495));
#6609=CARTESIAN_POINT('',(-12.9526074653982,0.326229555190902,29.9528009145495));
#6610=CARTESIAN_POINT('',(-2.69904802439606,27.6692452277741,29.9528009145495));
#6611=CARTESIAN_POINT('',(-12.5162352328958,1.48989694904039,29.4528009145495));
#6612=CARTESIAN_POINT('',(-12.5162352328958,1.48989694904039,29.9528009145495));
#6613=CARTESIAN_POINT('',(-12.9526074653982,0.326229555190902,29.4528009145495));
#6614=CARTESIAN_POINT('',(-12.5162352328958,1.48989694904039,29.4528009145495));
#6615=CARTESIAN_POINT('',(-12.9526074653982,0.326229555190902,29.9528009145495));
#6616=CARTESIAN_POINT('Origin',(-14.8660900651356,2.37108563765452,29.9528009145495));
#6617=CARTESIAN_POINT('',(-14.8660900651356,2.37108563765452,29.9528009145495));
#6618=CARTESIAN_POINT('',(-16.6930520242878,3.05619102835594,29.9528009145495));
#6619=CARTESIAN_POINT('',(-14.8660900651356,2.37108563765452,29.4528009145495));
#6620=CARTESIAN_POINT('',(-14.8660900651356,2.37108563765452,29.9528009145495));
#6621=CARTESIAN_POINT('',(-14.8660900651356,2.37108563765452,29.4528009145495));
#6622=CARTESIAN_POINT('Origin',(-15.3024625091295,1.20742924136627,29.9528009145495));
#6623=CARTESIAN_POINT('',(-15.3024625091295,1.20742924136627,29.9528009145495));
#6624=CARTESIAN_POINT('',(-5.26700568228604,27.9685680047338,29.9528009145495));
#6625=CARTESIAN_POINT('',(-15.3024625091295,1.20742924136627,29.4528009145495));
#6626=CARTESIAN_POINT('',(-15.3024625091295,1.20742924136627,29.9528009145495));
#6627=CARTESIAN_POINT('',(-15.3024625091295,1.20742924136627,29.4528009145495));
#6628=CARTESIAN_POINT('Origin',(-12.9526074653982,0.326229555190902,29.9528009145495));
#6629=CARTESIAN_POINT('',(-15.9546011076057,1.45198233831287,29.9528009145495));
#6630=CARTESIAN_POINT('',(-12.9526074653982,0.326229555190902,29.4528009145495));
#6631=CARTESIAN_POINT('Origin',(-13.9093488710127,1.34865759642271,29.4528009145495));
#6632=CARTESIAN_POINT('Origin',(-14.0885986504171,-3.92466688563176,29.9528009145495));
#6633=CARTESIAN_POINT('',(-14.0885986504171,-3.92466688563176,29.9528009145495));
#6634=CARTESIAN_POINT('',(-13.1905502774366,-3.06560465576089,29.9528009145495));
#6635=CARTESIAN_POINT('',(4.87211263840617,14.2129205871401,29.9528009145495));
#6636=CARTESIAN_POINT('',(-14.0885986504171,-3.92466688563176,29.4528009145495));
#6637=CARTESIAN_POINT('',(-14.0885986504171,-3.92466688563176,29.9528009145495));
#6638=CARTESIAN_POINT('',(-13.1905502774366,-3.06560465576089,29.4528009145495));
#6639=CARTESIAN_POINT('',(-14.0885986504171,-3.92466688563176,29.4528009145495));
#6640=CARTESIAN_POINT('',(-13.1905502774366,-3.06560465576089,29.9528009145495));
#6641=CARTESIAN_POINT('Origin',(-12.3537923707129,-5.73814950696624,29.9528009145495));
#6642=CARTESIAN_POINT('',(-12.3537923707129,-5.73814950696624,29.9528009145495));
#6643=CARTESIAN_POINT('',(-24.5803426839437,7.04289513837389,29.9528009145495));
#6644=CARTESIAN_POINT('',(-12.3537923707129,-5.73814950696624,29.4528009145495));
#6645=CARTESIAN_POINT('',(-12.3537923707129,-5.73814950696624,29.9528009145495));
#6646=CARTESIAN_POINT('',(-12.3537923707129,-5.73814950696624,29.4528009145495));
#6647=CARTESIAN_POINT('Origin',(-11.4557437862409,-4.8790877000785,29.9528009145495));
#6648=CARTESIAN_POINT('',(-11.4557437862409,-4.8790877000785,29.9528009145495));
#6649=CARTESIAN_POINT('',(7.05593192013717,12.8289448672127,29.9528009145495));
#6650=CARTESIAN_POINT('',(-11.4557437862409,-4.8790877000785,29.4528009145495));
#6651=CARTESIAN_POINT('',(-11.4557437862409,-4.8790877000785,29.9528009145495));
#6652=CARTESIAN_POINT('',(-11.4557437862409,-4.8790877000785,29.4528009145495));
#6653=CARTESIAN_POINT('Origin',(-13.1905502774366,-3.06560465576089,29.9528009145495));
#6654=CARTESIAN_POINT('',(-24.5497040460242,8.80870689522439,29.9528009145495));
#6655=CARTESIAN_POINT('',(-13.1905502774366,-3.06560465576089,29.4528009145495));
#6656=CARTESIAN_POINT('Origin',(-12.772171218329,-4.40187708136357,29.4528009145495));
#6657=CARTESIAN_POINT('Ctrl Pts',(13.6710764108493,0.613882192837115,29.9528009145495));
#6658=CARTESIAN_POINT('Ctrl Pts',(13.6710764108493,0.613882192837115,29.4528009145495));
#6659=CARTESIAN_POINT('Ctrl Pts',(13.6663238063051,0.567466456680682,29.9528009145495));
#6660=CARTESIAN_POINT('Ctrl Pts',(13.6663238063051,0.567466456680682,29.4528009145495));
#6661=CARTESIAN_POINT('Ctrl Pts',(13.6566588107341,0.473074449055685,29.9528009145495));
#6662=CARTESIAN_POINT('Ctrl Pts',(13.6566588107341,0.473074449055685,29.4528009145495));
#6663=CARTESIAN_POINT('Ctrl Pts',(13.5951807226792,0.400678533523107,29.9528009145495));
#6664=CARTESIAN_POINT('Ctrl Pts',(13.5951807226792,0.400678533523107,29.4528009145495));
#6665=CARTESIAN_POINT('Ctrl Pts',(13.5639334855868,0.36388213323247,29.9528009145495));
#6666=CARTESIAN_POINT('Ctrl Pts',(13.5639334855868,0.36388213323247,29.4528009145495));
#6667=CARTESIAN_POINT('',(13.6710764108493,0.613882192837115,29.9528009145495));
#6668=CARTESIAN_POINT('',(13.5639334855868,0.36388213323247,29.9528009145495));
#6669=CARTESIAN_POINT('Ctrl Pts',(13.6710764108493,0.613882192837115,29.9528009145495));
#6670=CARTESIAN_POINT('Ctrl Pts',(13.6663238063051,0.567466456680682,29.9528009145495));
#6671=CARTESIAN_POINT('Ctrl Pts',(13.6566588107341,0.473074449055685,29.9528009145495));
#6672=CARTESIAN_POINT('Ctrl Pts',(13.5951807226792,0.400678533523107,29.9528009145495));
#6673=CARTESIAN_POINT('Ctrl Pts',(13.5639334855868,0.36388213323247,29.9528009145495));
#6674=CARTESIAN_POINT('',(13.6710764108493,0.613882192837115,29.4528009145495));
#6675=CARTESIAN_POINT('',(13.6710764108493,0.613882192837115,29.9528009145495));
#6676=CARTESIAN_POINT('',(13.5639334855868,0.36388213323247,29.4528009145495));
#6677=CARTESIAN_POINT('Ctrl Pts',(13.6710764108493,0.613882192837115,29.4528009145495));
#6678=CARTESIAN_POINT('Ctrl Pts',(13.6663238063051,0.567466456680682,29.4528009145495));
#6679=CARTESIAN_POINT('Ctrl Pts',(13.6566588107341,0.473074449055685,29.4528009145495));
#6680=CARTESIAN_POINT('Ctrl Pts',(13.5951807226792,0.400678533523107,29.4528009145495));
#6681=CARTESIAN_POINT('Ctrl Pts',(13.5639334855868,0.36388213323247,29.4528009145495));
#6682=CARTESIAN_POINT('',(13.5639334855868,0.36388213323247,29.9528009145495));
#6683=CARTESIAN_POINT('Ctrl Pts',(13.5639334855868,0.86388225244176,29.9528009145495));
#6684=CARTESIAN_POINT('Ctrl Pts',(13.5639334855868,0.86388225244176,29.4528009145495));
#6685=CARTESIAN_POINT('Ctrl Pts',(13.5951819264556,0.827086067982513,29.9528009145495));
#6686=CARTESIAN_POINT('Ctrl Pts',(13.5951819264556,0.827086067982513,29.4528009145495));
#6687=CARTESIAN_POINT('Ctrl Pts',(13.6566620473713,0.754690972198588,29.9528009145495));
#6688=CARTESIAN_POINT('Ctrl Pts',(13.6566620473713,0.754690972198588,29.4528009145495));
#6689=CARTESIAN_POINT('Ctrl Pts',(13.6663248911956,0.660298094834197,29.9528009145495));
#6690=CARTESIAN_POINT('Ctrl Pts',(13.6663248911956,0.660298094834197,29.4528009145495));
#6691=CARTESIAN_POINT('Ctrl Pts',(13.6710764108493,0.613882192837115,29.9528009145495));
#6692=CARTESIAN_POINT('Ctrl Pts',(13.6710764108493,0.613882192837115,29.4528009145495));
#6693=CARTESIAN_POINT('',(13.5639334855868,0.86388225244176,29.9528009145495));
#6694=CARTESIAN_POINT('Ctrl Pts',(13.5639334855868,0.86388225244176,29.9528009145495));
#6695=CARTESIAN_POINT('Ctrl Pts',(13.5951819264556,0.827086067982513,29.9528009145495));
#6696=CARTESIAN_POINT('Ctrl Pts',(13.6566620473713,0.754690972198588,29.9528009145495));
#6697=CARTESIAN_POINT('Ctrl Pts',(13.6663248911956,0.660298094834197,29.9528009145495));
#6698=CARTESIAN_POINT('Ctrl Pts',(13.6710764108493,0.613882192837115,29.9528009145495));
#6699=CARTESIAN_POINT('',(13.5639334855868,0.86388225244176,29.4528009145495));
#6700=CARTESIAN_POINT('',(13.5639334855868,0.86388225244176,29.9528009145495));
#6701=CARTESIAN_POINT('Ctrl Pts',(13.5639334855868,0.86388225244176,29.4528009145495));
#6702=CARTESIAN_POINT('Ctrl Pts',(13.5951819264556,0.827086067982513,29.4528009145495));
#6703=CARTESIAN_POINT('Ctrl Pts',(13.6566620473713,0.754690972198588,29.4528009145495));
#6704=CARTESIAN_POINT('Ctrl Pts',(13.6663248911956,0.660298094834197,29.4528009145495));
#6705=CARTESIAN_POINT('Ctrl Pts',(13.6710764108493,0.613882192837115,29.4528009145495));
#6706=CARTESIAN_POINT('Ctrl Pts',(13.3139337240054,0.971025177704211,29.9528009145495));
#6707=CARTESIAN_POINT('Ctrl Pts',(13.3139337240054,0.971025177704211,29.4528009145495));
#6708=CARTESIAN_POINT('Ctrl Pts',(13.3603493236065,0.96627280563522,29.9528009145495));
#6709=CARTESIAN_POINT('Ctrl Pts',(13.3603493236065,0.96627280563522,29.4528009145495));
#6710=CARTESIAN_POINT('Ctrl Pts',(13.4547414055057,0.956608246792784,29.9528009145495));
#6711=CARTESIAN_POINT('Ctrl Pts',(13.4547414055057,0.956608246792784,29.4528009145495));
#6712=CARTESIAN_POINT('Ctrl Pts',(13.5271370767262,0.895129789787092,29.9528009145495));
#6713=CARTESIAN_POINT('Ctrl Pts',(13.5271370767262,0.895129789787092,29.4528009145495));
#6714=CARTESIAN_POINT('Ctrl Pts',(13.5639334855868,0.86388225244176,29.9528009145495));
#6715=CARTESIAN_POINT('Ctrl Pts',(13.5639334855868,0.86388225244176,29.4528009145495));
#6716=CARTESIAN_POINT('',(13.3139337240054,0.971025177704211,29.9528009145495));
#6717=CARTESIAN_POINT('Ctrl Pts',(13.3139337240054,0.971025177704211,29.9528009145495));
#6718=CARTESIAN_POINT('Ctrl Pts',(13.3603493236065,0.96627280563522,29.9528009145495));
#6719=CARTESIAN_POINT('Ctrl Pts',(13.4547414055057,0.956608246792784,29.9528009145495));
#6720=CARTESIAN_POINT('Ctrl Pts',(13.5271370767262,0.895129789787092,29.9528009145495));
#6721=CARTESIAN_POINT('Ctrl Pts',(13.5639334855868,0.86388225244176,29.9528009145495));
#6722=CARTESIAN_POINT('',(13.3139337240054,0.971025177704211,29.4528009145495));
#6723=CARTESIAN_POINT('',(13.3139337240054,0.971025177704211,29.9528009145495));
#6724=CARTESIAN_POINT('Ctrl Pts',(13.3139337240054,0.971025177704211,29.4528009145495));
#6725=CARTESIAN_POINT('Ctrl Pts',(13.3603493236065,0.96627280563522,29.4528009145495));
#6726=CARTESIAN_POINT('Ctrl Pts',(13.4547414055057,0.956608246792784,29.4528009145495));
#6727=CARTESIAN_POINT('Ctrl Pts',(13.5271370767262,0.895129789787092,29.4528009145495));
#6728=CARTESIAN_POINT('Ctrl Pts',(13.5639334855868,0.86388225244176,29.4528009145495));
#6729=CARTESIAN_POINT('Ctrl Pts',(13.063933962424,0.86388225244176,29.9528009145495));
#6730=CARTESIAN_POINT('Ctrl Pts',(13.063933962424,0.86388225244176,29.4528009145495));
#6731=CARTESIAN_POINT('Ctrl Pts',(13.1007303712846,0.895129789787092,29.9528009145495));
#6732=CARTESIAN_POINT('Ctrl Pts',(13.1007303712846,0.895129789787092,29.4528009145495));
#6733=CARTESIAN_POINT('Ctrl Pts',(13.1731260425051,0.956608246792784,29.9528009145495));
#6734=CARTESIAN_POINT('Ctrl Pts',(13.1731260425051,0.956608246792784,29.4528009145495));
#6735=CARTESIAN_POINT('Ctrl Pts',(13.2675181244043,0.96627280563522,29.9528009145495));
#6736=CARTESIAN_POINT('Ctrl Pts',(13.2675181244043,0.96627280563522,29.4528009145495));
#6737=CARTESIAN_POINT('Ctrl Pts',(13.3139337240054,0.971025177704211,29.9528009145495));
#6738=CARTESIAN_POINT('Ctrl Pts',(13.3139337240054,0.971025177704211,29.4528009145495));
#6739=CARTESIAN_POINT('',(13.063933962424,0.86388225244176,29.9528009145495));
#6740=CARTESIAN_POINT('Ctrl Pts',(13.063933962424,0.86388225244176,29.9528009145495));
#6741=CARTESIAN_POINT('Ctrl Pts',(13.1007303712846,0.895129789787092,29.9528009145495));
#6742=CARTESIAN_POINT('Ctrl Pts',(13.1731260425051,0.956608246792784,29.9528009145495));
#6743=CARTESIAN_POINT('Ctrl Pts',(13.2675181244043,0.96627280563522,29.9528009145495));
#6744=CARTESIAN_POINT('Ctrl Pts',(13.3139337240054,0.971025177704211,29.9528009145495));
#6745=CARTESIAN_POINT('',(13.063933962424,0.86388225244176,29.4528009145495));
#6746=CARTESIAN_POINT('',(13.063933962424,0.86388225244176,29.9528009145495));
#6747=CARTESIAN_POINT('Ctrl Pts',(13.063933962424,0.86388225244176,29.4528009145495));
#6748=CARTESIAN_POINT('Ctrl Pts',(13.1007303712846,0.895129789787092,29.4528009145495));
#6749=CARTESIAN_POINT('Ctrl Pts',(13.1731260425051,0.956608246792784,29.4528009145495));
#6750=CARTESIAN_POINT('Ctrl Pts',(13.2675181244043,0.96627280563522,29.4528009145495));
#6751=CARTESIAN_POINT('Ctrl Pts',(13.3139337240054,0.971025177704211,29.4528009145495));
#6752=CARTESIAN_POINT('Ctrl Pts',(12.9567910371615,0.613882192837115,29.9528009145495));
#6753=CARTESIAN_POINT('Ctrl Pts',(12.9567910371615,0.613882192837115,29.4528009145495));
#6754=CARTESIAN_POINT('Ctrl Pts',(12.961543625247,0.660297986604622,29.9528009145495));
#6755=CARTESIAN_POINT('Ctrl Pts',(12.961543625247,0.660297986604622,29.4528009145495));
#6756=CARTESIAN_POINT('Ctrl Pts',(12.9712085778286,0.754690018426379,29.9528009145495));
#6757=CARTESIAN_POINT('Ctrl Pts',(12.9712085778286,0.754690018426379,29.4528009145495));
#6758=CARTESIAN_POINT('Ctrl Pts',(13.0326867250382,0.827085902964733,29.9528009145495));
#6759=CARTESIAN_POINT('Ctrl Pts',(13.0326867250382,0.827085902964733,29.4528009145495));
#6760=CARTESIAN_POINT('Ctrl Pts',(13.063933962424,0.86388225244176,29.9528009145495));
#6761=CARTESIAN_POINT('Ctrl Pts',(13.063933962424,0.86388225244176,29.4528009145495));
#6762=CARTESIAN_POINT('',(12.9567910371615,0.613882192837115,29.9528009145495));
#6763=CARTESIAN_POINT('Ctrl Pts',(12.9567910371615,0.613882192837115,29.9528009145495));
#6764=CARTESIAN_POINT('Ctrl Pts',(12.961543625247,0.660297986604622,29.9528009145495));
#6765=CARTESIAN_POINT('Ctrl Pts',(12.9712085778286,0.754690018426379,29.9528009145495));
#6766=CARTESIAN_POINT('Ctrl Pts',(13.0326867250382,0.827085902964733,29.9528009145495));
#6767=CARTESIAN_POINT('Ctrl Pts',(13.063933962424,0.86388225244176,29.9528009145495));
#6768=CARTESIAN_POINT('',(12.9567910371615,0.613882192837115,29.4528009145495));
#6769=CARTESIAN_POINT('',(12.9567910371615,0.613882192837115,29.9528009145495));
#6770=CARTESIAN_POINT('Ctrl Pts',(12.9567910371615,0.613882192837115,29.4528009145495));
#6771=CARTESIAN_POINT('Ctrl Pts',(12.961543625247,0.660297986604622,29.4528009145495));
#6772=CARTESIAN_POINT('Ctrl Pts',(12.9712085778286,0.754690018426379,29.4528009145495));
#6773=CARTESIAN_POINT('Ctrl Pts',(13.0326867250382,0.827085902964733,29.4528009145495));
#6774=CARTESIAN_POINT('Ctrl Pts',(13.063933962424,0.86388225244176,29.4528009145495));
#6775=CARTESIAN_POINT('Ctrl Pts',(13.063933962424,0.36388213323247,29.9528009145495));
#6776=CARTESIAN_POINT('Ctrl Pts',(13.063933962424,0.36388213323247,29.4528009145495));
#6777=CARTESIAN_POINT('Ctrl Pts',(13.0326867250382,0.400678482709497,29.9528009145495));
#6778=CARTESIAN_POINT('Ctrl Pts',(13.0326867250382,0.400678482709497,29.4528009145495));
#6779=CARTESIAN_POINT('Ctrl Pts',(12.9712085778286,0.47307436724785,29.9528009145495));
#6780=CARTESIAN_POINT('Ctrl Pts',(12.9712085778286,0.47307436724785,29.4528009145495));
#6781=CARTESIAN_POINT('Ctrl Pts',(12.961543625247,0.567466399069608,29.9528009145495));
#6782=CARTESIAN_POINT('Ctrl Pts',(12.961543625247,0.567466399069608,29.4528009145495));
#6783=CARTESIAN_POINT('Ctrl Pts',(12.9567910371615,0.613882192837115,29.9528009145495));
#6784=CARTESIAN_POINT('Ctrl Pts',(12.9567910371615,0.613882192837115,29.4528009145495));
#6785=CARTESIAN_POINT('',(13.063933962424,0.36388213323247,29.9528009145495));
#6786=CARTESIAN_POINT('Ctrl Pts',(13.063933962424,0.36388213323247,29.9528009145495));
#6787=CARTESIAN_POINT('Ctrl Pts',(13.0326867250382,0.400678482709497,29.9528009145495));
#6788=CARTESIAN_POINT('Ctrl Pts',(12.9712085778286,0.47307436724785,29.9528009145495));
#6789=CARTESIAN_POINT('Ctrl Pts',(12.961543625247,0.567466399069608,29.9528009145495));
#6790=CARTESIAN_POINT('Ctrl Pts',(12.9567910371615,0.613882192837115,29.9528009145495));
#6791=CARTESIAN_POINT('',(13.063933962424,0.36388213323247,29.4528009145495));
#6792=CARTESIAN_POINT('',(13.063933962424,0.36388213323247,29.9528009145495));
#6793=CARTESIAN_POINT('Ctrl Pts',(13.063933962424,0.36388213323247,29.4528009145495));
#6794=CARTESIAN_POINT('Ctrl Pts',(13.0326867250382,0.400678482709497,29.4528009145495));
#6795=CARTESIAN_POINT('Ctrl Pts',(12.9712085778286,0.47307436724785,29.4528009145495));
#6796=CARTESIAN_POINT('Ctrl Pts',(12.961543625247,0.567466399069608,29.4528009145495));
#6797=CARTESIAN_POINT('Ctrl Pts',(12.9567910371615,0.613882192837115,29.4528009145495));
#6798=CARTESIAN_POINT('Ctrl Pts',(13.3139337240054,0.256739505993243,29.9528009145495));
#6799=CARTESIAN_POINT('Ctrl Pts',(13.3139337240054,0.256739505993243,29.4528009145495));
#6800=CARTESIAN_POINT('Ctrl Pts',(13.267518127616,0.261491824708481,29.9528009145495));
#6801=CARTESIAN_POINT('Ctrl Pts',(13.267518127616,0.261491824708481,29.4528009145495));
#6802=CARTESIAN_POINT('Ctrl Pts',(13.1731260708075,0.271156273148972,29.9528009145495));
#6803=CARTESIAN_POINT('Ctrl Pts',(13.1731260708075,0.271156273148972,29.4528009145495));
#6804=CARTESIAN_POINT('Ctrl Pts',(13.1007303761814,0.332634645074643,29.9528009145495));
#6805=CARTESIAN_POINT('Ctrl Pts',(13.1007303761814,0.332634645074643,29.4528009145495));
#6806=CARTESIAN_POINT('Ctrl Pts',(13.063933962424,0.36388213323247,29.9528009145495));
#6807=CARTESIAN_POINT('Ctrl Pts',(13.063933962424,0.36388213323247,29.4528009145495));
#6808=CARTESIAN_POINT('',(13.3139337240054,0.256739505993243,29.9528009145495));
#6809=CARTESIAN_POINT('Ctrl Pts',(13.3139337240054,0.256739505993243,29.9528009145495));
#6810=CARTESIAN_POINT('Ctrl Pts',(13.267518127616,0.261491824708481,29.9528009145495));
#6811=CARTESIAN_POINT('Ctrl Pts',(13.1731260708075,0.271156273148972,29.9528009145495));
#6812=CARTESIAN_POINT('Ctrl Pts',(13.1007303761814,0.332634645074643,29.9528009145495));
#6813=CARTESIAN_POINT('Ctrl Pts',(13.063933962424,0.36388213323247,29.9528009145495));
#6814=CARTESIAN_POINT('',(13.3139337240054,0.256739505993243,29.4528009145495));
#6815=CARTESIAN_POINT('',(13.3139337240054,0.256739505993243,29.9528009145495));
#6816=CARTESIAN_POINT('Ctrl Pts',(13.3139337240054,0.256739505993243,29.4528009145495));
#6817=CARTESIAN_POINT('Ctrl Pts',(13.267518127616,0.261491824708481,29.4528009145495));
#6818=CARTESIAN_POINT('Ctrl Pts',(13.1731260708075,0.271156273148972,29.4528009145495));
#6819=CARTESIAN_POINT('Ctrl Pts',(13.1007303761814,0.332634645074643,29.4528009145495));
#6820=CARTESIAN_POINT('Ctrl Pts',(13.063933962424,0.36388213323247,29.4528009145495));
#6821=CARTESIAN_POINT('Ctrl Pts',(13.5639334855868,0.36388213323247,29.9528009145495));
#6822=CARTESIAN_POINT('Ctrl Pts',(13.5639334855868,0.36388213323247,29.4528009145495));
#6823=CARTESIAN_POINT('Ctrl Pts',(13.5271374680244,0.332634717946648,29.9528009145495));
#6824=CARTESIAN_POINT('Ctrl Pts',(13.5271374680244,0.332634717946648,29.4528009145495));
#6825=CARTESIAN_POINT('Ctrl Pts',(13.4547419720564,0.271155996139397,29.9528009145495));
#6826=CARTESIAN_POINT('Ctrl Pts',(13.4547419720564,0.271155996139397,29.4528009145495));
#6827=CARTESIAN_POINT('Ctrl Pts',(13.3603497745197,0.261491759814489,29.9528009145495));
#6828=CARTESIAN_POINT('Ctrl Pts',(13.3603497745197,0.261491759814489,29.4528009145495));
#6829=CARTESIAN_POINT('Ctrl Pts',(13.3139337240054,0.256739505993243,29.9528009145495));
#6830=CARTESIAN_POINT('Ctrl Pts',(13.3139337240054,0.256739505993243,29.4528009145495));
#6831=CARTESIAN_POINT('Ctrl Pts',(13.5639334855868,0.36388213323247,29.9528009145495));
#6832=CARTESIAN_POINT('Ctrl Pts',(13.5271374680244,0.332634717946648,29.9528009145495));
#6833=CARTESIAN_POINT('Ctrl Pts',(13.4547419720564,0.271155996139397,29.9528009145495));
#6834=CARTESIAN_POINT('Ctrl Pts',(13.3603497745197,0.261491759814489,29.9528009145495));
#6835=CARTESIAN_POINT('Ctrl Pts',(13.3139337240054,0.256739505993243,29.9528009145495));
#6836=CARTESIAN_POINT('Ctrl Pts',(13.5639334855868,0.36388213323247,29.4528009145495));
#6837=CARTESIAN_POINT('Ctrl Pts',(13.5271374680244,0.332634717946648,29.4528009145495));
#6838=CARTESIAN_POINT('Ctrl Pts',(13.4547419720564,0.271155996139397,29.4528009145495));
#6839=CARTESIAN_POINT('Ctrl Pts',(13.3603497745197,0.261491759814489,29.4528009145495));
#6840=CARTESIAN_POINT('Ctrl Pts',(13.3139337240054,0.256739505993243,29.4528009145495));
#6841=CARTESIAN_POINT('Origin',(6.69250685854692,-1.52897482229579,29.4528009145495));
#6842=CARTESIAN_POINT('Origin',(9.97107755525846,-3.31468944860804,29.9528009145495));
#6843=CARTESIAN_POINT('',(9.97107755525846,-3.31468944860804,29.9528009145495));
#6844=CARTESIAN_POINT('',(9.97107755525846,-1.17183213545192,29.9528009145495));
#6845=CARTESIAN_POINT('',(9.97107755525846,26.392655275696,29.9528009145495));
#6846=CARTESIAN_POINT('',(9.97107755525846,-3.31468944860804,29.4528009145495));
#6847=CARTESIAN_POINT('',(9.97107755525846,-3.31468944860804,29.9528009145495));
#6848=CARTESIAN_POINT('',(9.97107755525846,-1.17183213545192,29.4528009145495));
#6849=CARTESIAN_POINT('',(9.97107755525846,-3.31468944860804,29.4528009145495));
#6850=CARTESIAN_POINT('',(9.97107755525846,-1.17183213545192,29.9528009145495));
#6851=CARTESIAN_POINT('Origin',(8.18536292894621,-3.31468944860804,29.9528009145495));
#6852=CARTESIAN_POINT('',(8.18536292894621,-3.31468944860804,29.9528009145495));
#6853=CARTESIAN_POINT('',(4.6498548179004,-3.31468944860805,29.9528009145495));
#6854=CARTESIAN_POINT('',(8.18536292894621,-3.31468944860804,29.4528009145495));
#6855=CARTESIAN_POINT('',(8.18536292894621,-3.31468944860804,29.9528009145495));
#6856=CARTESIAN_POINT('',(8.18536292894621,-3.31468944860804,29.4528009145495));
#6857=CARTESIAN_POINT('Ctrl Pts',(7.93536316736479,-3.20754652334559,29.9528009145495));
#6858=CARTESIAN_POINT('Ctrl Pts',(7.93536316736479,-3.20754652334559,29.4528009145495));
#6859=CARTESIAN_POINT('Ctrl Pts',(7.97215916971683,-3.23879406303646,29.9528009145495));
#6860=CARTESIAN_POINT('Ctrl Pts',(7.97215916971683,-3.23879406303646,29.4528009145495));
#6861=CARTESIAN_POINT('Ctrl Pts',(8.04455459298089,-3.30027299328103,29.9528009145495));
#6862=CARTESIAN_POINT('Ctrl Pts',(8.04455459298089,-3.30027299328103,29.4528009145495));
#6863=CARTESIAN_POINT('Ctrl Pts',(8.1389468684556,-3.30993720821027,29.9528009145495));
#6864=CARTESIAN_POINT('Ctrl Pts',(8.1389468684556,-3.30993720821027,29.4528009145495));
#6865=CARTESIAN_POINT('Ctrl Pts',(8.18536292894621,-3.31468944860804,29.9528009145495));
#6866=CARTESIAN_POINT('Ctrl Pts',(8.18536292894621,-3.31468944860804,29.4528009145495));
#6867=CARTESIAN_POINT('',(7.93536316736479,-3.20754652334559,29.9528009145495));
#6868=CARTESIAN_POINT('Ctrl Pts',(7.93536316736479,-3.20754652334559,29.9528009145495));
#6869=CARTESIAN_POINT('Ctrl Pts',(7.97215916971683,-3.23879406303646,29.9528009145495));
#6870=CARTESIAN_POINT('Ctrl Pts',(8.04455459298089,-3.30027299328103,29.9528009145495));
#6871=CARTESIAN_POINT('Ctrl Pts',(8.1389468684556,-3.30993720821027,29.9528009145495));
#6872=CARTESIAN_POINT('Ctrl Pts',(8.18536292894621,-3.31468944860804,29.9528009145495));
#6873=CARTESIAN_POINT('',(7.93536316736479,-3.20754652334559,29.4528009145495));
#6874=CARTESIAN_POINT('',(7.93536316736479,-3.20754652334559,29.9528009145495));
#6875=CARTESIAN_POINT('Ctrl Pts',(7.93536316736479,-3.20754652334559,29.4528009145495));
#6876=CARTESIAN_POINT('Ctrl Pts',(7.97215916971683,-3.23879406303646,29.4528009145495));
#6877=CARTESIAN_POINT('Ctrl Pts',(8.04455459298089,-3.30027299328103,29.4528009145495));
#6878=CARTESIAN_POINT('Ctrl Pts',(8.1389468684556,-3.30993720821027,29.4528009145495));
#6879=CARTESIAN_POINT('Ctrl Pts',(8.18536292894621,-3.31468944860804,29.4528009145495));
#6880=CARTESIAN_POINT('Ctrl Pts',(7.82822024210233,-2.95754616571772,29.9528009145495));
#6881=CARTESIAN_POINT('Ctrl Pts',(7.82822024210233,-2.95754616571772,29.4528009145495));
#6882=CARTESIAN_POINT('Ctrl Pts',(7.83297284493094,-3.00396195026507,29.9528009145495));
#6883=CARTESIAN_POINT('Ctrl Pts',(7.83297284493094,-3.00396195026507,29.4528009145495));
#6884=CARTESIAN_POINT('Ctrl Pts',(7.84263783602083,-3.09835404660866,29.9528009145495));
#6885=CARTESIAN_POINT('Ctrl Pts',(7.84263783602083,-3.09835404660866,29.4528009145495));
#6886=CARTESIAN_POINT('Ctrl Pts',(7.9041159302418,-3.17075007125216,29.9528009145495));
#6887=CARTESIAN_POINT('Ctrl Pts',(7.9041159302418,-3.17075007125216,29.4528009145495));
#6888=CARTESIAN_POINT('Ctrl Pts',(7.93536316736479,-3.20754652334559,29.9528009145495));
#6889=CARTESIAN_POINT('Ctrl Pts',(7.93536316736479,-3.20754652334559,29.4528009145495));
#6890=CARTESIAN_POINT('',(7.82822024210233,-2.95754616571772,29.9528009145495));
#6891=CARTESIAN_POINT('Ctrl Pts',(7.82822024210233,-2.95754616571772,29.9528009145495));
#6892=CARTESIAN_POINT('Ctrl Pts',(7.83297284493094,-3.00396195026507,29.9528009145495));
#6893=CARTESIAN_POINT('Ctrl Pts',(7.84263783602083,-3.09835404660866,29.9528009145495));
#6894=CARTESIAN_POINT('Ctrl Pts',(7.9041159302418,-3.17075007125216,29.9528009145495));
#6895=CARTESIAN_POINT('Ctrl Pts',(7.93536316736479,-3.20754652334559,29.9528009145495));
#6896=CARTESIAN_POINT('',(7.82822024210233,-2.95754616571772,29.4528009145495));
#6897=CARTESIAN_POINT('',(7.82822024210233,-2.95754616571772,29.9528009145495));
#6898=CARTESIAN_POINT('Ctrl Pts',(7.82822024210233,-2.95754616571772,29.4528009145495));
#6899=CARTESIAN_POINT('Ctrl Pts',(7.83297284493094,-3.00396195026507,29.4528009145495));
#6900=CARTESIAN_POINT('Ctrl Pts',(7.84263783602083,-3.09835404660866,29.4528009145495));
#6901=CARTESIAN_POINT('Ctrl Pts',(7.9041159302418,-3.17075007125216,29.4528009145495));
#6902=CARTESIAN_POINT('Ctrl Pts',(7.93536316736479,-3.20754652334559,29.4528009145495));
#6903=CARTESIAN_POINT('Origin',(7.82822024210233,-1.52897482229579,29.9528009145495));
#6904=CARTESIAN_POINT('',(7.82822024210233,-1.52897482229579,29.9528009145495));
#6905=CARTESIAN_POINT('',(7.82822024210233,27.2855125888521,29.9528009145495));
#6906=CARTESIAN_POINT('',(7.82822024210233,-1.52897482229579,29.4528009145495));
#6907=CARTESIAN_POINT('',(7.82822024210233,-1.52897482229579,29.9528009145495));
#6908=CARTESIAN_POINT('',(7.82822024210233,-1.52897482229579,29.4528009145495));
#6909=CARTESIAN_POINT('Ctrl Pts',(7.93536316736479,-1.27897476269114,29.9528009145495));
#6910=CARTESIAN_POINT('Ctrl Pts',(7.93536316736479,-1.27897476269114,29.4528009145495));
#6911=CARTESIAN_POINT('Ctrl Pts',(7.90411532823875,-1.31577102965949,29.9528009145495));
#6912=CARTESIAN_POINT('Ctrl Pts',(7.90411532823875,-1.31577102965949,29.4528009145495));
#6913=CARTESIAN_POINT('Ctrl Pts',(7.84263619417607,-1.38816651981895,29.9528009145495));
#6914=CARTESIAN_POINT('Ctrl Pts',(7.84263619417607,-1.38816651981895,29.4528009145495));
#6915=CARTESIAN_POINT('Ctrl Pts',(7.83297229597111,-1.48255897441291,29.9528009145495));
#6916=CARTESIAN_POINT('Ctrl Pts',(7.83297229597111,-1.48255897441291,29.4528009145495));
#6917=CARTESIAN_POINT('Ctrl Pts',(7.82822024210233,-1.52897482229579,29.9528009145495));
#6918=CARTESIAN_POINT('Ctrl Pts',(7.82822024210233,-1.52897482229579,29.4528009145495));
#6919=CARTESIAN_POINT('',(7.93536316736479,-1.27897476269114,29.9528009145495));
#6920=CARTESIAN_POINT('Ctrl Pts',(7.93536316736479,-1.27897476269114,29.9528009145495));
#6921=CARTESIAN_POINT('Ctrl Pts',(7.90411532823875,-1.31577102965949,29.9528009145495));
#6922=CARTESIAN_POINT('Ctrl Pts',(7.84263619417607,-1.38816651981895,29.9528009145495));
#6923=CARTESIAN_POINT('Ctrl Pts',(7.83297229597111,-1.48255897441291,29.9528009145495));
#6924=CARTESIAN_POINT('Ctrl Pts',(7.82822024210233,-1.52897482229579,29.9528009145495));
#6925=CARTESIAN_POINT('',(7.93536316736479,-1.27897476269114,29.4528009145495));
#6926=CARTESIAN_POINT('',(7.93536316736479,-1.27897476269114,29.9528009145495));
#6927=CARTESIAN_POINT('Ctrl Pts',(7.93536316736479,-1.27897476269114,29.4528009145495));
#6928=CARTESIAN_POINT('Ctrl Pts',(7.90411532823875,-1.31577102965949,29.4528009145495));
#6929=CARTESIAN_POINT('Ctrl Pts',(7.84263619417607,-1.38816651981895,29.4528009145495));
#6930=CARTESIAN_POINT('Ctrl Pts',(7.83297229597111,-1.48255897441291,29.4528009145495));
#6931=CARTESIAN_POINT('Ctrl Pts',(7.82822024210233,-1.52897482229579,29.4528009145495));
#6932=CARTESIAN_POINT('Ctrl Pts',(8.18536292894621,-1.17183213545192,29.9528009145495));
#6933=CARTESIAN_POINT('Ctrl Pts',(8.18536292894621,-1.17183213545192,29.4528009145495));
#6934=CARTESIAN_POINT('Ctrl Pts',(8.13894733932113,-1.1765845209442,29.9528009145495));
#6935=CARTESIAN_POINT('Ctrl Pts',(8.13894733932113,-1.1765845209442,29.4528009145495));
#6936=CARTESIAN_POINT('Ctrl Pts',(8.04455533535912,-1.18624910118201,29.9528009145495));
#6937=CARTESIAN_POINT('Ctrl Pts',(8.04455533535912,-1.18624910118201,29.4528009145495));
#6938=CARTESIAN_POINT('Ctrl Pts',(7.97215959143577,-1.24772734975096,29.9528009145495));
#6939=CARTESIAN_POINT('Ctrl Pts',(7.97215959143577,-1.24772734975096,29.4528009145495));
#6940=CARTESIAN_POINT('Ctrl Pts',(7.93536316736479,-1.27897476269114,29.9528009145495));
#6941=CARTESIAN_POINT('Ctrl Pts',(7.93536316736479,-1.27897476269114,29.4528009145495));
#6942=CARTESIAN_POINT('',(8.18536292894621,-1.17183213545192,29.9528009145495));
#6943=CARTESIAN_POINT('Ctrl Pts',(8.18536292894621,-1.17183213545192,29.9528009145495));
#6944=CARTESIAN_POINT('Ctrl Pts',(8.13894733932113,-1.1765845209442,29.9528009145495));
#6945=CARTESIAN_POINT('Ctrl Pts',(8.04455533535912,-1.18624910118201,29.9528009145495));
#6946=CARTESIAN_POINT('Ctrl Pts',(7.97215959143577,-1.24772734975096,29.9528009145495));
#6947=CARTESIAN_POINT('Ctrl Pts',(7.93536316736479,-1.27897476269114,29.9528009145495));
#6948=CARTESIAN_POINT('',(8.18536292894621,-1.17183213545192,29.4528009145495));
#6949=CARTESIAN_POINT('',(8.18536292894621,-1.17183213545192,29.9528009145495));
#6950=CARTESIAN_POINT('Ctrl Pts',(8.18536292894621,-1.17183213545192,29.4528009145495));
#6951=CARTESIAN_POINT('Ctrl Pts',(8.13894733932113,-1.1765845209442,29.4528009145495));
#6952=CARTESIAN_POINT('Ctrl Pts',(8.04455533535912,-1.18624910118201,29.4528009145495));
#6953=CARTESIAN_POINT('Ctrl Pts',(7.97215959143577,-1.24772734975096,29.4528009145495));
#6954=CARTESIAN_POINT('Ctrl Pts',(7.93536316736479,-1.27897476269114,29.4528009145495));
#6955=CARTESIAN_POINT('Origin',(9.97107755525846,-1.17183213545192,29.9528009145495));
#6956=CARTESIAN_POINT('',(5.54271213105653,-1.17183213545192,29.9528009145495));
#6957=CARTESIAN_POINT('',(9.97107755525846,-1.17183213545192,29.4528009145495));
#6958=CARTESIAN_POINT('Ctrl Pts',(10.6853629289462,-3.67183213545192,29.9528009145495));
#6959=CARTESIAN_POINT('Ctrl Pts',(10.6853629289462,-3.67183213545192,29.4528009145495));
#6960=CARTESIAN_POINT('Ctrl Pts',(10.680610289769,-3.71824770799536,29.9528009145495));
#6961=CARTESIAN_POINT('Ctrl Pts',(10.680610289769,-3.71824770799536,29.4528009145495));
#6962=CARTESIAN_POINT('Ctrl Pts',(10.670945203738,-3.8126395785083,29.9528009145495));
#6963=CARTESIAN_POINT('Ctrl Pts',(10.670945203738,-3.8126395785083,29.4528009145495));
#6964=CARTESIAN_POINT('Ctrl Pts',(10.6094672401588,-3.88503544691827,29.9528009145495));
#6965=CARTESIAN_POINT('Ctrl Pts',(10.6094672401588,-3.88503544691827,29.4528009145495));
#6966=CARTESIAN_POINT('Ctrl Pts',(10.5782200036838,-3.92183189703334,29.9528009145495));
#6967=CARTESIAN_POINT('Ctrl Pts',(10.5782200036838,-3.92183189703334,29.4528009145495));
#6968=CARTESIAN_POINT('',(10.6853629289462,-3.67183213545192,29.9528009145495));
#6969=CARTESIAN_POINT('',(10.5782200036838,-3.92183189703334,29.9528009145495));
#6970=CARTESIAN_POINT('Ctrl Pts',(10.6853629289462,-3.67183213545192,29.9528009145495));
#6971=CARTESIAN_POINT('Ctrl Pts',(10.680610289769,-3.71824770799536,29.9528009145495));
#6972=CARTESIAN_POINT('Ctrl Pts',(10.670945203738,-3.8126395785083,29.9528009145495));
#6973=CARTESIAN_POINT('Ctrl Pts',(10.6094672401588,-3.88503544691827,29.9528009145495));
#6974=CARTESIAN_POINT('Ctrl Pts',(10.5782200036838,-3.92183189703334,29.9528009145495));
#6975=CARTESIAN_POINT('',(10.6853629289462,-3.67183213545192,29.4528009145495));
#6976=CARTESIAN_POINT('',(10.6853629289462,-3.67183213545192,29.9528009145495));
#6977=CARTESIAN_POINT('',(10.5782200036838,-3.92183189703334,29.4528009145495));
#6978=CARTESIAN_POINT('Ctrl Pts',(10.6853629289462,-3.67183213545192,29.4528009145495));
#6979=CARTESIAN_POINT('Ctrl Pts',(10.680610289769,-3.71824770799536,29.4528009145495));
#6980=CARTESIAN_POINT('Ctrl Pts',(10.670945203738,-3.8126395785083,29.4528009145495));
#6981=CARTESIAN_POINT('Ctrl Pts',(10.6094672401588,-3.88503544691827,29.4528009145495));
#6982=CARTESIAN_POINT('Ctrl Pts',(10.5782200036838,-3.92183189703334,29.4528009145495));
#6983=CARTESIAN_POINT('',(10.5782200036838,-3.92183189703334,29.9528009145495));
#6984=CARTESIAN_POINT('Origin',(10.6853629289462,0.613882192837115,29.9528009145495));
#6985=CARTESIAN_POINT('',(10.6853629289462,0.613882192837115,29.9528009145495));
#6986=CARTESIAN_POINT('',(10.6853629289462,28.3569410964186,29.9528009145495));
#6987=CARTESIAN_POINT('',(10.6853629289462,0.613882192837115,29.4528009145495));
#6988=CARTESIAN_POINT('',(10.6853629289462,0.613882192837115,29.9528009145495));
#6989=CARTESIAN_POINT('',(10.6853629289462,0.613882192837115,29.4528009145495));
#6990=CARTESIAN_POINT('Ctrl Pts',(10.5782200036838,0.86388225244176,29.9528009145495));
#6991=CARTESIAN_POINT('Ctrl Pts',(10.5782200036838,0.86388225244176,29.4528009145495));
#6992=CARTESIAN_POINT('Ctrl Pts',(10.6094672410696,0.827085902964733,29.9528009145495));
#6993=CARTESIAN_POINT('Ctrl Pts',(10.6094672410696,0.827085902964733,29.4528009145495));
#6994=CARTESIAN_POINT('Ctrl Pts',(10.6709453882791,0.75469001842638,29.9528009145495));
#6995=CARTESIAN_POINT('Ctrl Pts',(10.6709453882791,0.75469001842638,29.4528009145495));
#6996=CARTESIAN_POINT('Ctrl Pts',(10.6806103408607,0.660297986604622,29.9528009145495));
#6997=CARTESIAN_POINT('Ctrl Pts',(10.6806103408607,0.660297986604622,29.4528009145495));
#6998=CARTESIAN_POINT('Ctrl Pts',(10.6853629289462,0.613882192837115,29.9528009145495));
#6999=CARTESIAN_POINT('Ctrl Pts',(10.6853629289462,0.613882192837115,29.4528009145495));
#7000=CARTESIAN_POINT('',(10.5782200036838,0.86388225244176,29.9528009145495));
#7001=CARTESIAN_POINT('Ctrl Pts',(10.5782200036838,0.86388225244176,29.9528009145495));
#7002=CARTESIAN_POINT('Ctrl Pts',(10.6094672410696,0.827085902964733,29.9528009145495));
#7003=CARTESIAN_POINT('Ctrl Pts',(10.6709453882791,0.75469001842638,29.9528009145495));
#7004=CARTESIAN_POINT('Ctrl Pts',(10.6806103408607,0.660297986604622,29.9528009145495));
#7005=CARTESIAN_POINT('Ctrl Pts',(10.6853629289462,0.613882192837115,29.9528009145495));
#7006=CARTESIAN_POINT('',(10.5782200036838,0.86388225244176,29.4528009145495));
#7007=CARTESIAN_POINT('',(10.5782200036838,0.86388225244176,29.9528009145495));
#7008=CARTESIAN_POINT('Ctrl Pts',(10.5782200036838,0.86388225244176,29.4528009145495));
#7009=CARTESIAN_POINT('Ctrl Pts',(10.6094672410696,0.827085902964733,29.4528009145495));
#7010=CARTESIAN_POINT('Ctrl Pts',(10.6709453882791,0.75469001842638,29.4528009145495));
#7011=CARTESIAN_POINT('Ctrl Pts',(10.6806103408607,0.660297986604622,29.4528009145495));
#7012=CARTESIAN_POINT('Ctrl Pts',(10.6853629289462,0.613882192837115,29.4528009145495));
#7013=CARTESIAN_POINT('Ctrl Pts',(10.3282202421023,0.971025177704211,29.9528009145495));
#7014=CARTESIAN_POINT('Ctrl Pts',(10.3282202421023,0.971025177704211,29.4528009145495));
#7015=CARTESIAN_POINT('Ctrl Pts',(10.3746358417034,0.96627280563522,29.9528009145495));
#7016=CARTESIAN_POINT('Ctrl Pts',(10.3746358417034,0.96627280563522,29.4528009145495));
#7017=CARTESIAN_POINT('Ctrl Pts',(10.4690279236026,0.956608246792784,29.9528009145495));
#7018=CARTESIAN_POINT('Ctrl Pts',(10.4690279236026,0.956608246792784,29.4528009145495));
#7019=CARTESIAN_POINT('Ctrl Pts',(10.5414235948231,0.895129789787092,29.9528009145495));
#7020=CARTESIAN_POINT('Ctrl Pts',(10.5414235948231,0.895129789787092,29.4528009145495));
#7021=CARTESIAN_POINT('Ctrl Pts',(10.5782200036838,0.86388225244176,29.9528009145495));
#7022=CARTESIAN_POINT('Ctrl Pts',(10.5782200036838,0.86388225244176,29.4528009145495));
#7023=CARTESIAN_POINT('',(10.3282202421023,0.971025177704211,29.9528009145495));
#7024=CARTESIAN_POINT('Ctrl Pts',(10.3282202421023,0.971025177704211,29.9528009145495));
#7025=CARTESIAN_POINT('Ctrl Pts',(10.3746358417034,0.96627280563522,29.9528009145495));
#7026=CARTESIAN_POINT('Ctrl Pts',(10.4690279236026,0.956608246792784,29.9528009145495));
#7027=CARTESIAN_POINT('Ctrl Pts',(10.5414235948231,0.895129789787092,29.9528009145495));
#7028=CARTESIAN_POINT('Ctrl Pts',(10.5782200036838,0.86388225244176,29.9528009145495));
#7029=CARTESIAN_POINT('',(10.3282202421023,0.971025177704211,29.4528009145495));
#7030=CARTESIAN_POINT('',(10.3282202421023,0.971025177704211,29.9528009145495));
#7031=CARTESIAN_POINT('Ctrl Pts',(10.3282202421023,0.971025177704211,29.4528009145495));
#7032=CARTESIAN_POINT('Ctrl Pts',(10.3746358417034,0.96627280563522,29.4528009145495));
#7033=CARTESIAN_POINT('Ctrl Pts',(10.4690279236026,0.956608246792784,29.4528009145495));
#7034=CARTESIAN_POINT('Ctrl Pts',(10.5414235948231,0.895129789787092,29.4528009145495));
#7035=CARTESIAN_POINT('Ctrl Pts',(10.5782200036838,0.86388225244176,29.4528009145495));
#7036=CARTESIAN_POINT('Ctrl Pts',(10.0782204805209,0.86388225244176,29.9528009145495));
#7037=CARTESIAN_POINT('Ctrl Pts',(10.0782204805209,0.86388225244176,29.4528009145495));
#7038=CARTESIAN_POINT('Ctrl Pts',(10.115016482873,0.895129792132623,29.9528009145495));
#7039=CARTESIAN_POINT('Ctrl Pts',(10.115016482873,0.895129792132623,29.4528009145495));
#7040=CARTESIAN_POINT('Ctrl Pts',(10.187411906137,0.956608722377202,29.9528009145495));
#7041=CARTESIAN_POINT('Ctrl Pts',(10.187411906137,0.956608722377202,29.4528009145495));
#7042=CARTESIAN_POINT('Ctrl Pts',(10.2818041816117,0.966272937306431,29.9528009145495));
#7043=CARTESIAN_POINT('Ctrl Pts',(10.2818041816117,0.966272937306431,29.4528009145495));
#7044=CARTESIAN_POINT('Ctrl Pts',(10.3282202421023,0.971025177704211,29.9528009145495));
#7045=CARTESIAN_POINT('Ctrl Pts',(10.3282202421023,0.971025177704211,29.4528009145495));
#7046=CARTESIAN_POINT('',(10.0782204805209,0.86388225244176,29.9528009145495));
#7047=CARTESIAN_POINT('Ctrl Pts',(10.0782204805209,0.86388225244176,29.9528009145495));
#7048=CARTESIAN_POINT('Ctrl Pts',(10.115016482873,0.895129792132623,29.9528009145495));
#7049=CARTESIAN_POINT('Ctrl Pts',(10.187411906137,0.956608722377202,29.9528009145495));
#7050=CARTESIAN_POINT('Ctrl Pts',(10.2818041816117,0.966272937306431,29.9528009145495));
#7051=CARTESIAN_POINT('Ctrl Pts',(10.3282202421023,0.971025177704211,29.9528009145495));
#7052=CARTESIAN_POINT('',(10.0782204805209,0.86388225244176,29.4528009145495));
#7053=CARTESIAN_POINT('',(10.0782204805209,0.86388225244176,29.9528009145495));
#7054=CARTESIAN_POINT('Ctrl Pts',(10.0782204805209,0.86388225244176,29.4528009145495));
#7055=CARTESIAN_POINT('Ctrl Pts',(10.115016482873,0.895129792132623,29.4528009145495));
#7056=CARTESIAN_POINT('Ctrl Pts',(10.187411906137,0.956608722377202,29.4528009145495));
#7057=CARTESIAN_POINT('Ctrl Pts',(10.2818041816117,0.966272937306431,29.4528009145495));
#7058=CARTESIAN_POINT('Ctrl Pts',(10.3282202421023,0.971025177704211,29.4528009145495));
#7059=CARTESIAN_POINT('Ctrl Pts',(9.97107755525846,0.613882192837115,29.9528009145495));
#7060=CARTESIAN_POINT('Ctrl Pts',(9.97107755525846,0.613882192837115,29.4528009145495));
#7061=CARTESIAN_POINT('Ctrl Pts',(9.97583014334394,0.660297986604622,29.9528009145495));
#7062=CARTESIAN_POINT('Ctrl Pts',(9.97583014334394,0.660297986604622,29.4528009145495));
#7063=CARTESIAN_POINT('Ctrl Pts',(9.98549509592553,0.754690018426379,29.9528009145495));
#7064=CARTESIAN_POINT('Ctrl Pts',(9.98549509592553,0.754690018426379,29.4528009145495));
#7065=CARTESIAN_POINT('Ctrl Pts',(10.0469732431351,0.827085902964733,29.9528009145495));
#7066=CARTESIAN_POINT('Ctrl Pts',(10.0469732431351,0.827085902964733,29.4528009145495));
#7067=CARTESIAN_POINT('Ctrl Pts',(10.0782204805209,0.86388225244176,29.9528009145495));
#7068=CARTESIAN_POINT('Ctrl Pts',(10.0782204805209,0.86388225244176,29.4528009145495));
#7069=CARTESIAN_POINT('',(9.97107755525846,0.613882192837115,29.9528009145495));
#7070=CARTESIAN_POINT('Ctrl Pts',(9.97107755525846,0.613882192837115,29.9528009145495));
#7071=CARTESIAN_POINT('Ctrl Pts',(9.97583014334394,0.660297986604622,29.9528009145495));
#7072=CARTESIAN_POINT('Ctrl Pts',(9.98549509592553,0.754690018426379,29.9528009145495));
#7073=CARTESIAN_POINT('Ctrl Pts',(10.0469732431351,0.827085902964733,29.9528009145495));
#7074=CARTESIAN_POINT('Ctrl Pts',(10.0782204805209,0.86388225244176,29.9528009145495));
#7075=CARTESIAN_POINT('',(9.97107755525846,0.613882192837115,29.4528009145495));
#7076=CARTESIAN_POINT('',(9.97107755525846,0.613882192837115,29.9528009145495));
#7077=CARTESIAN_POINT('Ctrl Pts',(9.97107755525846,0.613882192837115,29.4528009145495));
#7078=CARTESIAN_POINT('Ctrl Pts',(9.97583014334394,0.660297986604622,29.4528009145495));
#7079=CARTESIAN_POINT('Ctrl Pts',(9.98549509592553,0.754690018426379,29.4528009145495));
#7080=CARTESIAN_POINT('Ctrl Pts',(10.0469732431351,0.827085902964733,29.4528009145495));
#7081=CARTESIAN_POINT('Ctrl Pts',(10.0782204805209,0.86388225244176,29.4528009145495));
#7082=CARTESIAN_POINT('Origin',(9.97107755525846,-0.457546165717725,29.9528009145495));
#7083=CARTESIAN_POINT('',(9.97107755525846,-0.457546165717725,29.9528009145495));
#7084=CARTESIAN_POINT('',(9.97107755525846,27.8212269171411,29.9528009145495));
#7085=CARTESIAN_POINT('',(9.97107755525846,-0.457546165717725,29.4528009145495));
#7086=CARTESIAN_POINT('',(9.97107755525846,-0.457546165717725,29.9528009145495));
#7087=CARTESIAN_POINT('',(9.97107755525846,-0.457546165717725,29.4528009145495));
#7088=CARTESIAN_POINT('Origin',(8.18536292894621,-0.457546165717725,29.9528009145495));
#7089=CARTESIAN_POINT('',(8.18536292894621,-0.457546165717725,29.9528009145495));
#7090=CARTESIAN_POINT('',(4.6498548179004,-0.457546165717728,29.9528009145495));
#7091=CARTESIAN_POINT('',(8.18536292894621,-0.457546165717725,29.4528009145495));
#7092=CARTESIAN_POINT('',(8.18536292894621,-0.457546165717725,29.9528009145495));
#7093=CARTESIAN_POINT('',(8.18536292894621,-0.457546165717725,29.4528009145495));
#7094=CARTESIAN_POINT('Ctrl Pts',(7.43536364420194,-0.778974941505078,29.9528009145495));
#7095=CARTESIAN_POINT('Ctrl Pts',(7.43536364420194,-0.778974941505078,29.4528009145495));
#7096=CARTESIAN_POINT('Ctrl Pts',(7.54575246427518,-0.685232327123174,29.9528009145495));
#7097=CARTESIAN_POINT('Ctrl Pts',(7.54575246427518,-0.685232327123174,29.4528009145495));
#7098=CARTESIAN_POINT('Ctrl Pts',(7.7629392299818,-0.500796482868456,29.9528009145495));
#7099=CARTESIAN_POINT('Ctrl Pts',(7.7629392299818,-0.500796482868456,29.4528009145495));
#7100=CARTESIAN_POINT('Ctrl Pts',(8.04611566925404,-0.471803150254391,29.9528009145495));
#7101=CARTESIAN_POINT('Ctrl Pts',(8.04611566925404,-0.471803150254391,29.4528009145495));
#7102=CARTESIAN_POINT('Ctrl Pts',(8.18536292894621,-0.457546165717725,29.9528009145495));
#7103=CARTESIAN_POINT('Ctrl Pts',(8.18536292894621,-0.457546165717725,29.4528009145495));
#7104=CARTESIAN_POINT('',(7.43536364420194,-0.778974941505078,29.9528009145495));
#7105=CARTESIAN_POINT('Ctrl Pts',(7.43536364420194,-0.778974941505078,29.9528009145495));
#7106=CARTESIAN_POINT('Ctrl Pts',(7.54575246427518,-0.685232327123174,29.9528009145495));
#7107=CARTESIAN_POINT('Ctrl Pts',(7.7629392299818,-0.500796482868456,29.9528009145495));
#7108=CARTESIAN_POINT('Ctrl Pts',(8.04611566925404,-0.471803150254391,29.9528009145495));
#7109=CARTESIAN_POINT('Ctrl Pts',(8.18536292894621,-0.457546165717725,29.9528009145495));
#7110=CARTESIAN_POINT('',(7.43536364420194,-0.778974941505078,29.4528009145495));
#7111=CARTESIAN_POINT('',(7.43536364420194,-0.778974941505078,29.9528009145495));
#7112=CARTESIAN_POINT('Ctrl Pts',(7.43536364420194,-0.778974941505078,29.4528009145495));
#7113=CARTESIAN_POINT('Ctrl Pts',(7.54575246427518,-0.685232327123174,29.4528009145495));
#7114=CARTESIAN_POINT('Ctrl Pts',(7.7629392299818,-0.500796482868456,29.4528009145495));
#7115=CARTESIAN_POINT('Ctrl Pts',(8.04611566925404,-0.471803150254391,29.4528009145495));
#7116=CARTESIAN_POINT('Ctrl Pts',(8.18536292894621,-0.457546165717725,29.4528009145495));
#7117=CARTESIAN_POINT('Ctrl Pts',(7.11393486841459,-1.52897482229579,29.9528009145495));
#7118=CARTESIAN_POINT('Ctrl Pts',(7.11393486841459,-1.52897482229579,29.4528009145495));
#7119=CARTESIAN_POINT('Ctrl Pts',(7.1281915494939,-1.38972732354186,29.9528009145495));
#7120=CARTESIAN_POINT('Ctrl Pts',(7.1281915494939,-1.38972732354186,29.4528009145495));
#7121=CARTESIAN_POINT('Ctrl Pts',(7.15718425997892,-1.10655044705303,29.9528009145495));
#7122=CARTESIAN_POINT('Ctrl Pts',(7.15718425997892,-1.10655044705303,29.4528009145495));
#7123=CARTESIAN_POINT('Ctrl Pts',(7.34162072830232,-0.889363722302504,29.9528009145495));
#7124=CARTESIAN_POINT('Ctrl Pts',(7.34162072830232,-0.889363722302504,29.4528009145495));
#7125=CARTESIAN_POINT('Ctrl Pts',(7.43536364420194,-0.778974941505078,29.9528009145495));
#7126=CARTESIAN_POINT('Ctrl Pts',(7.43536364420194,-0.778974941505078,29.4528009145495));
#7127=CARTESIAN_POINT('',(7.11393486841459,-1.52897482229579,29.9528009145495));
#7128=CARTESIAN_POINT('Ctrl Pts',(7.11393486841459,-1.52897482229579,29.9528009145495));
#7129=CARTESIAN_POINT('Ctrl Pts',(7.1281915494939,-1.38972732354186,29.9528009145495));
#7130=CARTESIAN_POINT('Ctrl Pts',(7.15718425997892,-1.10655044705303,29.9528009145495));
#7131=CARTESIAN_POINT('Ctrl Pts',(7.34162072830232,-0.889363722302504,29.9528009145495));
#7132=CARTESIAN_POINT('Ctrl Pts',(7.43536364420194,-0.778974941505078,29.9528009145495));
#7133=CARTESIAN_POINT('',(7.11393486841459,-1.52897482229579,29.4528009145495));
#7134=CARTESIAN_POINT('',(7.11393486841459,-1.52897482229579,29.9528009145495));
#7135=CARTESIAN_POINT('Ctrl Pts',(7.11393486841459,-1.52897482229579,29.4528009145495));
#7136=CARTESIAN_POINT('Ctrl Pts',(7.1281915494939,-1.38972732354186,29.4528009145495));
#7137=CARTESIAN_POINT('Ctrl Pts',(7.15718425997892,-1.10655044705303,29.4528009145495));
#7138=CARTESIAN_POINT('Ctrl Pts',(7.34162072830232,-0.889363722302504,29.4528009145495));
#7139=CARTESIAN_POINT('Ctrl Pts',(7.43536364420194,-0.778974941505078,29.4528009145495));
#7140=CARTESIAN_POINT('Origin',(7.11393486841459,-2.95754616571772,29.9528009145495));
#7141=CARTESIAN_POINT('',(7.11393486841459,-2.95754616571772,29.9528009145495));
#7142=CARTESIAN_POINT('',(7.11393486841459,26.5712269171411,29.9528009145495));
#7143=CARTESIAN_POINT('',(7.11393486841459,-2.95754616571772,29.4528009145495));
#7144=CARTESIAN_POINT('',(7.11393486841459,-2.95754616571772,29.9528009145495));
#7145=CARTESIAN_POINT('',(7.11393486841459,-2.95754616571772,29.4528009145495));
#7146=CARTESIAN_POINT('Ctrl Pts',(7.43536364420194,-3.70754604650844,29.9528009145495));
#7147=CARTESIAN_POINT('Ctrl Pts',(7.43536364420194,-3.70754604650844,29.4528009145495));
#7148=CARTESIAN_POINT('Ctrl Pts',(7.34162133004246,-3.59715718320232,29.9528009145495));
#7149=CARTESIAN_POINT('Ctrl Pts',(7.34162133004246,-3.59715718320232,29.4528009145495));
#7150=CARTESIAN_POINT('Ctrl Pts',(7.15718584857201,-3.37997006407273,29.9528009145495));
#7151=CARTESIAN_POINT('Ctrl Pts',(7.15718584857201,-3.37997006407273,29.4528009145495));
#7152=CARTESIAN_POINT('Ctrl Pts',(7.12819208371061,-3.09679361035624,29.9528009145495));
#7153=CARTESIAN_POINT('Ctrl Pts',(7.12819208371061,-3.09679361035624,29.4528009145495));
#7154=CARTESIAN_POINT('Ctrl Pts',(7.11393486841459,-2.95754616571772,29.9528009145495));
#7155=CARTESIAN_POINT('Ctrl Pts',(7.11393486841459,-2.95754616571772,29.4528009145495));
#7156=CARTESIAN_POINT('',(7.43536364420194,-3.70754604650844,29.9528009145495));
#7157=CARTESIAN_POINT('Ctrl Pts',(7.43536364420194,-3.70754604650844,29.9528009145495));
#7158=CARTESIAN_POINT('Ctrl Pts',(7.34162133004246,-3.59715718320232,29.9528009145495));
#7159=CARTESIAN_POINT('Ctrl Pts',(7.15718584857201,-3.37997006407273,29.9528009145495));
#7160=CARTESIAN_POINT('Ctrl Pts',(7.12819208371061,-3.09679361035624,29.9528009145495));
#7161=CARTESIAN_POINT('Ctrl Pts',(7.11393486841459,-2.95754616571772,29.9528009145495));
#7162=CARTESIAN_POINT('',(7.43536364420194,-3.70754604650844,29.4528009145495));
#7163=CARTESIAN_POINT('',(7.43536364420194,-3.70754604650844,29.9528009145495));
#7164=CARTESIAN_POINT('Ctrl Pts',(7.43536364420194,-3.70754604650844,29.4528009145495));
#7165=CARTESIAN_POINT('Ctrl Pts',(7.34162133004246,-3.59715718320232,29.4528009145495));
#7166=CARTESIAN_POINT('Ctrl Pts',(7.15718584857201,-3.37997006407273,29.4528009145495));
#7167=CARTESIAN_POINT('Ctrl Pts',(7.12819208371061,-3.09679361035624,29.4528009145495));
#7168=CARTESIAN_POINT('Ctrl Pts',(7.11393486841459,-2.95754616571772,29.4528009145495));
#7169=CARTESIAN_POINT('Ctrl Pts',(8.18536292894621,-4.02897482229579,29.9528009145495));
#7170=CARTESIAN_POINT('Ctrl Pts',(8.18536292894621,-4.02897482229579,29.4528009145495));
#7171=CARTESIAN_POINT('Ctrl Pts',(8.04611566925404,-4.01471783775912,29.9528009145495));
#7172=CARTESIAN_POINT('Ctrl Pts',(8.04611566925404,-4.01471783775912,29.4528009145495));
#7173=CARTESIAN_POINT('Ctrl Pts',(7.7629392299818,-3.98572450514506,29.9528009145495));
#7174=CARTESIAN_POINT('Ctrl Pts',(7.7629392299818,-3.98572450514506,29.4528009145495));
#7175=CARTESIAN_POINT('Ctrl Pts',(7.54575246427518,-3.80128866089034,29.9528009145495));
#7176=CARTESIAN_POINT('Ctrl Pts',(7.54575246427518,-3.80128866089034,29.4528009145495));
#7177=CARTESIAN_POINT('Ctrl Pts',(7.43536364420194,-3.70754604650844,29.9528009145495));
#7178=CARTESIAN_POINT('Ctrl Pts',(7.43536364420194,-3.70754604650844,29.4528009145495));
#7179=CARTESIAN_POINT('',(8.18536292894621,-4.02897482229579,29.9528009145495));
#7180=CARTESIAN_POINT('Ctrl Pts',(8.18536292894621,-4.02897482229579,29.9528009145495));
#7181=CARTESIAN_POINT('Ctrl Pts',(8.04611566925404,-4.01471783775912,29.9528009145495));
#7182=CARTESIAN_POINT('Ctrl Pts',(7.7629392299818,-3.98572450514506,29.9528009145495));
#7183=CARTESIAN_POINT('Ctrl Pts',(7.54575246427518,-3.80128866089034,29.9528009145495));
#7184=CARTESIAN_POINT('Ctrl Pts',(7.43536364420194,-3.70754604650844,29.9528009145495));
#7185=CARTESIAN_POINT('',(8.18536292894621,-4.02897482229579,29.4528009145495));
#7186=CARTESIAN_POINT('',(8.18536292894621,-4.02897482229579,29.9528009145495));
#7187=CARTESIAN_POINT('Ctrl Pts',(8.18536292894621,-4.02897482229579,29.4528009145495));
#7188=CARTESIAN_POINT('Ctrl Pts',(8.04611566925404,-4.01471783775912,29.4528009145495));
#7189=CARTESIAN_POINT('Ctrl Pts',(7.7629392299818,-3.98572450514506,29.4528009145495));
#7190=CARTESIAN_POINT('Ctrl Pts',(7.54575246427518,-3.80128866089034,29.4528009145495));
#7191=CARTESIAN_POINT('Ctrl Pts',(7.43536364420194,-3.70754604650844,29.4528009145495));
#7192=CARTESIAN_POINT('Origin',(10.3282202421023,-4.02897482229579,29.9528009145495));
#7193=CARTESIAN_POINT('',(10.3282202421023,-4.02897482229579,29.9528009145495));
#7194=CARTESIAN_POINT('',(5.72128347447847,-4.02897482229579,29.9528009145495));
#7195=CARTESIAN_POINT('',(10.3282202421023,-4.02897482229579,29.4528009145495));
#7196=CARTESIAN_POINT('',(10.3282202421023,-4.02897482229579,29.9528009145495));
#7197=CARTESIAN_POINT('',(10.3282202421023,-4.02897482229579,29.4528009145495));
#7198=CARTESIAN_POINT('Ctrl Pts',(10.5782200036838,-3.92183189703334,29.9528009145495));
#7199=CARTESIAN_POINT('Ctrl Pts',(10.5782200036838,-3.92183189703334,29.4528009145495));
#7200=CARTESIAN_POINT('Ctrl Pts',(10.5414235948231,-3.95307943437867,29.9528009145495));
#7201=CARTESIAN_POINT('Ctrl Pts',(10.5414235948231,-3.95307943437867,29.4528009145495));
#7202=CARTESIAN_POINT('Ctrl Pts',(10.4690279236026,-4.01455789138436,29.9528009145495));
#7203=CARTESIAN_POINT('Ctrl Pts',(10.4690279236026,-4.01455789138436,29.4528009145495));
#7204=CARTESIAN_POINT('Ctrl Pts',(10.3746358417034,-4.0242224502268,29.9528009145495));
#7205=CARTESIAN_POINT('Ctrl Pts',(10.3746358417034,-4.0242224502268,29.4528009145495));
#7206=CARTESIAN_POINT('Ctrl Pts',(10.3282202421023,-4.02897482229579,29.9528009145495));
#7207=CARTESIAN_POINT('Ctrl Pts',(10.3282202421023,-4.02897482229579,29.4528009145495));
#7208=CARTESIAN_POINT('Ctrl Pts',(10.5782200036838,-3.92183189703334,29.9528009145495));
#7209=CARTESIAN_POINT('Ctrl Pts',(10.5414235948231,-3.95307943437867,29.9528009145495));
#7210=CARTESIAN_POINT('Ctrl Pts',(10.4690279236026,-4.01455789138436,29.9528009145495));
#7211=CARTESIAN_POINT('Ctrl Pts',(10.3746358417034,-4.0242224502268,29.9528009145495));
#7212=CARTESIAN_POINT('Ctrl Pts',(10.3282202421023,-4.02897482229579,29.9528009145495));
#7213=CARTESIAN_POINT('Ctrl Pts',(10.5782200036838,-3.92183189703334,29.4528009145495));
#7214=CARTESIAN_POINT('Ctrl Pts',(10.5414235948231,-3.95307943437867,29.4528009145495));
#7215=CARTESIAN_POINT('Ctrl Pts',(10.4690279236026,-4.01455789138436,29.4528009145495));
#7216=CARTESIAN_POINT('Ctrl Pts',(10.3746358417034,-4.0242224502268,29.4528009145495));
#7217=CARTESIAN_POINT('Ctrl Pts',(10.3282202421023,-4.02897482229579,29.4528009145495));
#7218=CARTESIAN_POINT('Origin',(6.69250685854692,-1.52897482229579,29.4528009145495));
#7219=CARTESIAN_POINT('Ctrl Pts',(5.44964920862455,-1.27897476269114,29.9528009145495));
#7220=CARTESIAN_POINT('Ctrl Pts',(5.44964920862455,-1.27897476269114,29.4528009145495));
#7221=CARTESIAN_POINT('Ctrl Pts',(5.41285278455357,-1.24772734975096,29.9528009145495));
#7222=CARTESIAN_POINT('Ctrl Pts',(5.41285278455357,-1.24772734975096,29.4528009145495));
#7223=CARTESIAN_POINT('Ctrl Pts',(5.34045704063022,-1.18624910118201,29.9528009145495));
#7224=CARTESIAN_POINT('Ctrl Pts',(5.34045704063022,-1.18624910118201,29.4528009145495));
#7225=CARTESIAN_POINT('Ctrl Pts',(5.24606503666821,-1.1765845209442,29.9528009145495));
#7226=CARTESIAN_POINT('Ctrl Pts',(5.24606503666821,-1.1765845209442,29.4528009145495));
#7227=CARTESIAN_POINT('Ctrl Pts',(5.19964944704313,-1.17183213545192,29.9528009145495));
#7228=CARTESIAN_POINT('Ctrl Pts',(5.19964944704313,-1.17183213545192,29.4528009145495));
#7229=CARTESIAN_POINT('',(5.44964920862455,-1.27897476269114,29.9528009145495));
#7230=CARTESIAN_POINT('',(5.19964944704313,-1.17183213545192,29.9528009145495));
#7231=CARTESIAN_POINT('Ctrl Pts',(5.44964920862455,-1.27897476269114,29.9528009145495));
#7232=CARTESIAN_POINT('Ctrl Pts',(5.41285278455357,-1.24772734975096,29.9528009145495));
#7233=CARTESIAN_POINT('Ctrl Pts',(5.34045704063022,-1.18624910118201,29.9528009145495));
#7234=CARTESIAN_POINT('Ctrl Pts',(5.24606503666821,-1.1765845209442,29.9528009145495));
#7235=CARTESIAN_POINT('Ctrl Pts',(5.19964944704313,-1.17183213545192,29.9528009145495));
#7236=CARTESIAN_POINT('',(5.44964920862455,-1.27897476269114,29.4528009145495));
#7237=CARTESIAN_POINT('',(5.44964920862455,-1.27897476269114,29.9528009145495));
#7238=CARTESIAN_POINT('',(5.19964944704313,-1.17183213545192,29.4528009145495));
#7239=CARTESIAN_POINT('Ctrl Pts',(5.44964920862455,-1.27897476269114,29.4528009145495));
#7240=CARTESIAN_POINT('Ctrl Pts',(5.41285278455357,-1.24772734975096,29.4528009145495));
#7241=CARTESIAN_POINT('Ctrl Pts',(5.34045704063022,-1.18624910118201,29.4528009145495));
#7242=CARTESIAN_POINT('Ctrl Pts',(5.24606503666821,-1.1765845209442,29.4528009145495));
#7243=CARTESIAN_POINT('Ctrl Pts',(5.19964944704313,-1.17183213545192,29.4528009145495));
#7244=CARTESIAN_POINT('',(5.19964944704313,-1.17183213545192,29.9528009145495));
#7245=CARTESIAN_POINT('Ctrl Pts',(5.556792133887,-1.52897482229579,29.9528009145495));
#7246=CARTESIAN_POINT('Ctrl Pts',(5.556792133887,-1.52897482229579,29.4528009145495));
#7247=CARTESIAN_POINT('Ctrl Pts',(5.55204004710044,-1.48255908963526,29.9528009145495));
#7248=CARTESIAN_POINT('Ctrl Pts',(5.55204004710044,-1.48255908963526,29.4528009145495));
#7249=CARTESIAN_POINT('Ctrl Pts',(5.54237606291781,-1.38816668343505,29.9528009145495));
#7250=CARTESIAN_POINT('Ctrl Pts',(5.54237606291781,-1.38816668343505,29.4528009145495));
#7251=CARTESIAN_POINT('Ctrl Pts',(5.48089704716447,-1.31577113128658,29.9528009145495));
#7252=CARTESIAN_POINT('Ctrl Pts',(5.48089704716447,-1.31577113128658,29.4528009145495));
#7253=CARTESIAN_POINT('Ctrl Pts',(5.44964920862455,-1.27897476269114,29.9528009145495));
#7254=CARTESIAN_POINT('Ctrl Pts',(5.44964920862455,-1.27897476269114,29.4528009145495));
#7255=CARTESIAN_POINT('',(5.556792133887,-1.52897482229579,29.9528009145495));
#7256=CARTESIAN_POINT('Ctrl Pts',(5.556792133887,-1.52897482229579,29.9528009145495));
#7257=CARTESIAN_POINT('Ctrl Pts',(5.55204004710044,-1.48255908963526,29.9528009145495));
#7258=CARTESIAN_POINT('Ctrl Pts',(5.54237606291781,-1.38816668343505,29.9528009145495));
#7259=CARTESIAN_POINT('Ctrl Pts',(5.48089704716447,-1.31577113128658,29.9528009145495));
#7260=CARTESIAN_POINT('Ctrl Pts',(5.44964920862455,-1.27897476269114,29.9528009145495));
#7261=CARTESIAN_POINT('',(5.556792133887,-1.52897482229579,29.4528009145495));
#7262=CARTESIAN_POINT('',(5.556792133887,-1.52897482229579,29.9528009145495));
#7263=CARTESIAN_POINT('Ctrl Pts',(5.556792133887,-1.52897482229579,29.4528009145495));
#7264=CARTESIAN_POINT('Ctrl Pts',(5.55204004710044,-1.48255908963526,29.4528009145495));
#7265=CARTESIAN_POINT('Ctrl Pts',(5.54237606291781,-1.38816668343505,29.4528009145495));
#7266=CARTESIAN_POINT('Ctrl Pts',(5.48089704716447,-1.31577113128658,29.4528009145495));
#7267=CARTESIAN_POINT('Ctrl Pts',(5.44964920862455,-1.27897476269114,29.4528009145495));
#7268=CARTESIAN_POINT('Ctrl Pts',(5.66393505914945,-1.77897488190043,29.9528009145495));
#7269=CARTESIAN_POINT('Ctrl Pts',(5.66393505914945,-1.77897488190043,29.4528009145495));
#7270=CARTESIAN_POINT('Ctrl Pts',(5.63268722002342,-1.74217861493209,29.9528009145495));
#7271=CARTESIAN_POINT('Ctrl Pts',(5.63268722002342,-1.74217861493209,29.4528009145495));
#7272=CARTESIAN_POINT('Ctrl Pts',(5.57120808596074,-1.66978312477262,29.9528009145495));
#7273=CARTESIAN_POINT('Ctrl Pts',(5.57120808596074,-1.66978312477262,29.4528009145495));
#7274=CARTESIAN_POINT('Ctrl Pts',(5.56154418775578,-1.57539067017867,29.9528009145495));
#7275=CARTESIAN_POINT('Ctrl Pts',(5.56154418775578,-1.57539067017867,29.4528009145495));
#7276=CARTESIAN_POINT('Ctrl Pts',(5.556792133887,-1.52897482229579,29.9528009145495));
#7277=CARTESIAN_POINT('Ctrl Pts',(5.556792133887,-1.52897482229579,29.4528009145495));
#7278=CARTESIAN_POINT('',(5.66393505914945,-1.77897488190043,29.9528009145495));
#7279=CARTESIAN_POINT('Ctrl Pts',(5.66393505914945,-1.77897488190043,29.9528009145495));
#7280=CARTESIAN_POINT('Ctrl Pts',(5.63268722002342,-1.74217861493209,29.9528009145495));
#7281=CARTESIAN_POINT('Ctrl Pts',(5.57120808596074,-1.66978312477262,29.9528009145495));
#7282=CARTESIAN_POINT('Ctrl Pts',(5.56154418775578,-1.57539067017867,29.9528009145495));
#7283=CARTESIAN_POINT('Ctrl Pts',(5.556792133887,-1.52897482229579,29.9528009145495));
#7284=CARTESIAN_POINT('',(5.66393505914945,-1.77897488190043,29.4528009145495));
#7285=CARTESIAN_POINT('',(5.66393505914945,-1.77897488190043,29.9528009145495));
#7286=CARTESIAN_POINT('Ctrl Pts',(5.66393505914945,-1.77897488190043,29.4528009145495));
#7287=CARTESIAN_POINT('Ctrl Pts',(5.63268722002342,-1.74217861493209,29.4528009145495));
#7288=CARTESIAN_POINT('Ctrl Pts',(5.57120808596074,-1.66978312477262,29.4528009145495));
#7289=CARTESIAN_POINT('Ctrl Pts',(5.56154418775578,-1.57539067017867,29.4528009145495));
#7290=CARTESIAN_POINT('Ctrl Pts',(5.556792133887,-1.52897482229579,29.4528009145495));
#7291=CARTESIAN_POINT('Ctrl Pts',(5.91393482073087,-1.88611750913966,29.9528009145495));
#7292=CARTESIAN_POINT('Ctrl Pts',(5.91393482073087,-1.88611750913966,29.4528009145495));
#7293=CARTESIAN_POINT('Ctrl Pts',(5.86751877021654,-1.88136525531841,29.9528009145495));
#7294=CARTESIAN_POINT('Ctrl Pts',(5.86751877021654,-1.88136525531841,29.4528009145495));
#7295=CARTESIAN_POINT('Ctrl Pts',(5.77312657267987,-1.87170101899351,29.9528009145495));
#7296=CARTESIAN_POINT('Ctrl Pts',(5.77312657267987,-1.87170101899351,29.4528009145495));
#7297=CARTESIAN_POINT('Ctrl Pts',(5.70073107671188,-1.81022229718626,29.9528009145495));
#7298=CARTESIAN_POINT('Ctrl Pts',(5.70073107671188,-1.81022229718626,29.4528009145495));
#7299=CARTESIAN_POINT('Ctrl Pts',(5.66393505914945,-1.77897488190043,29.9528009145495));
#7300=CARTESIAN_POINT('Ctrl Pts',(5.66393505914945,-1.77897488190043,29.4528009145495));
#7301=CARTESIAN_POINT('',(5.91393482073087,-1.88611750913966,29.9528009145495));
#7302=CARTESIAN_POINT('Ctrl Pts',(5.91393482073087,-1.88611750913966,29.9528009145495));
#7303=CARTESIAN_POINT('Ctrl Pts',(5.86751877021654,-1.88136525531841,29.9528009145495));
#7304=CARTESIAN_POINT('Ctrl Pts',(5.77312657267987,-1.87170101899351,29.9528009145495));
#7305=CARTESIAN_POINT('Ctrl Pts',(5.70073107671188,-1.81022229718626,29.9528009145495));
#7306=CARTESIAN_POINT('Ctrl Pts',(5.66393505914945,-1.77897488190043,29.9528009145495));
#7307=CARTESIAN_POINT('',(5.91393482073087,-1.88611750913966,29.4528009145495));
#7308=CARTESIAN_POINT('',(5.91393482073087,-1.88611750913966,29.9528009145495));
#7309=CARTESIAN_POINT('Ctrl Pts',(5.91393482073087,-1.88611750913966,29.4528009145495));
#7310=CARTESIAN_POINT('Ctrl Pts',(5.86751877021654,-1.88136525531841,29.4528009145495));
#7311=CARTESIAN_POINT('Ctrl Pts',(5.77312657267987,-1.87170101899351,29.4528009145495));
#7312=CARTESIAN_POINT('Ctrl Pts',(5.70073107671188,-1.81022229718626,29.4528009145495));
#7313=CARTESIAN_POINT('Ctrl Pts',(5.66393505914945,-1.77897488190043,29.4528009145495));
#7314=CARTESIAN_POINT('Ctrl Pts',(6.1639345823123,-1.77897488190043,29.9528009145495));
#7315=CARTESIAN_POINT('Ctrl Pts',(6.1639345823123,-1.77897488190043,29.4528009145495));
#7316=CARTESIAN_POINT('Ctrl Pts',(6.12713856474987,-1.81022229718626,29.9528009145495));
#7317=CARTESIAN_POINT('Ctrl Pts',(6.12713856474987,-1.81022229718626,29.4528009145495));
#7318=CARTESIAN_POINT('Ctrl Pts',(6.05474306878188,-1.87170101899351,29.9528009145495));
#7319=CARTESIAN_POINT('Ctrl Pts',(6.05474306878188,-1.87170101899351,29.4528009145495));
#7320=CARTESIAN_POINT('Ctrl Pts',(5.96035087124521,-1.88136525531841,29.9528009145495));
#7321=CARTESIAN_POINT('Ctrl Pts',(5.96035087124521,-1.88136525531841,29.4528009145495));
#7322=CARTESIAN_POINT('Ctrl Pts',(5.91393482073087,-1.88611750913966,29.9528009145495));
#7323=CARTESIAN_POINT('Ctrl Pts',(5.91393482073087,-1.88611750913966,29.4528009145495));
#7324=CARTESIAN_POINT('',(6.1639345823123,-1.77897488190043,29.9528009145495));
#7325=CARTESIAN_POINT('Ctrl Pts',(6.1639345823123,-1.77897488190043,29.9528009145495));
#7326=CARTESIAN_POINT('Ctrl Pts',(6.12713856474987,-1.81022229718626,29.9528009145495));
#7327=CARTESIAN_POINT('Ctrl Pts',(6.05474306878188,-1.87170101899351,29.9528009145495));
#7328=CARTESIAN_POINT('Ctrl Pts',(5.96035087124521,-1.88136525531841,29.9528009145495));
#7329=CARTESIAN_POINT('Ctrl Pts',(5.91393482073087,-1.88611750913966,29.9528009145495));
#7330=CARTESIAN_POINT('',(6.1639345823123,-1.77897488190043,29.4528009145495));
#7331=CARTESIAN_POINT('',(6.1639345823123,-1.77897488190043,29.9528009145495));
#7332=CARTESIAN_POINT('Ctrl Pts',(6.1639345823123,-1.77897488190043,29.4528009145495));
#7333=CARTESIAN_POINT('Ctrl Pts',(6.12713856474987,-1.81022229718626,29.4528009145495));
#7334=CARTESIAN_POINT('Ctrl Pts',(6.05474306878188,-1.87170101899351,29.4528009145495));
#7335=CARTESIAN_POINT('Ctrl Pts',(5.96035087124521,-1.88136525531841,29.4528009145495));
#7336=CARTESIAN_POINT('Ctrl Pts',(5.91393482073087,-1.88611750913966,29.4528009145495));
#7337=CARTESIAN_POINT('Ctrl Pts',(6.27107750757475,-1.52897482229579,29.9528009145495));
#7338=CARTESIAN_POINT('Ctrl Pts',(6.27107750757475,-1.52897482229579,29.4528009145495));
#7339=CARTESIAN_POINT('Ctrl Pts',(6.26632488657183,-1.57539050084118,29.9528009145495));
#7340=CARTESIAN_POINT('Ctrl Pts',(6.26632488657183,-1.57539050084118,29.4528009145495));
#7341=CARTESIAN_POINT('Ctrl Pts',(6.25665984801142,-1.66978248426946,29.9528009145495));
#7342=CARTESIAN_POINT('Ctrl Pts',(6.25665984801142,-1.66978248426946,29.4528009145495));
#7343=CARTESIAN_POINT('Ctrl Pts',(6.1951818191113,-1.74217843079619,29.9528009145495));
#7344=CARTESIAN_POINT('Ctrl Pts',(6.1951818191113,-1.74217843079619,29.4528009145495));
#7345=CARTESIAN_POINT('Ctrl Pts',(6.1639345823123,-1.77897488190043,29.9528009145495));
#7346=CARTESIAN_POINT('Ctrl Pts',(6.1639345823123,-1.77897488190043,29.4528009145495));
#7347=CARTESIAN_POINT('',(6.27107750757475,-1.52897482229579,29.9528009145495));
#7348=CARTESIAN_POINT('Ctrl Pts',(6.27107750757475,-1.52897482229579,29.9528009145495));
#7349=CARTESIAN_POINT('Ctrl Pts',(6.26632488657183,-1.57539050084118,29.9528009145495));
#7350=CARTESIAN_POINT('Ctrl Pts',(6.25665984801142,-1.66978248426946,29.9528009145495));
#7351=CARTESIAN_POINT('Ctrl Pts',(6.1951818191113,-1.74217843079619,29.9528009145495));
#7352=CARTESIAN_POINT('Ctrl Pts',(6.1639345823123,-1.77897488190043,29.9528009145495));
#7353=CARTESIAN_POINT('',(6.27107750757475,-1.52897482229579,29.4528009145495));
#7354=CARTESIAN_POINT('',(6.27107750757475,-1.52897482229579,29.9528009145495));
#7355=CARTESIAN_POINT('Ctrl Pts',(6.27107750757475,-1.52897482229579,29.4528009145495));
#7356=CARTESIAN_POINT('Ctrl Pts',(6.26632488657183,-1.57539050084118,29.4528009145495));
#7357=CARTESIAN_POINT('Ctrl Pts',(6.25665984801142,-1.66978248426946,29.4528009145495));
#7358=CARTESIAN_POINT('Ctrl Pts',(6.1951818191113,-1.74217843079619,29.4528009145495));
#7359=CARTESIAN_POINT('Ctrl Pts',(6.1639345823123,-1.77897488190043,29.4528009145495));
#7360=CARTESIAN_POINT('Ctrl Pts',(5.94964873178739,-0.778974941505078,29.9528009145495));
#7361=CARTESIAN_POINT('Ctrl Pts',(5.94964873178739,-0.778974941505078,29.4528009145495));
#7362=CARTESIAN_POINT('Ctrl Pts',(6.04339164710072,-0.889363823929632,29.9528009145495));
#7363=CARTESIAN_POINT('Ctrl Pts',(6.04339164710072,-0.889363823929632,29.4528009145495));
#7364=CARTESIAN_POINT('Ctrl Pts',(6.22782799711458,-1.10655061066914,29.9528009145495));
#7365=CARTESIAN_POINT('Ctrl Pts',(6.22782799711458,-1.10655061066914,29.4528009145495));
#7366=CARTESIAN_POINT('Ctrl Pts',(6.25682079357767,-1.3897274387642,29.9528009145495));
#7367=CARTESIAN_POINT('Ctrl Pts',(6.25682079357767,-1.3897274387642,29.4528009145495));
#7368=CARTESIAN_POINT('Ctrl Pts',(6.27107750757475,-1.52897482229579,29.9528009145495));
#7369=CARTESIAN_POINT('Ctrl Pts',(6.27107750757475,-1.52897482229579,29.4528009145495));
#7370=CARTESIAN_POINT('',(5.94964873178739,-0.778974941505078,29.9528009145495));
#7371=CARTESIAN_POINT('Ctrl Pts',(5.94964873178739,-0.778974941505078,29.9528009145495));
#7372=CARTESIAN_POINT('Ctrl Pts',(6.04339164710072,-0.889363823929632,29.9528009145495));
#7373=CARTESIAN_POINT('Ctrl Pts',(6.22782799711458,-1.10655061066914,29.9528009145495));
#7374=CARTESIAN_POINT('Ctrl Pts',(6.25682079357767,-1.3897274387642,29.9528009145495));
#7375=CARTESIAN_POINT('Ctrl Pts',(6.27107750757475,-1.52897482229579,29.9528009145495));
#7376=CARTESIAN_POINT('',(5.94964873178739,-0.778974941505078,29.4528009145495));
#7377=CARTESIAN_POINT('',(5.94964873178739,-0.778974941505078,29.9528009145495));
#7378=CARTESIAN_POINT('Ctrl Pts',(5.94964873178739,-0.778974941505078,29.4528009145495));
#7379=CARTESIAN_POINT('Ctrl Pts',(6.04339164710072,-0.889363823929632,29.4528009145495));
#7380=CARTESIAN_POINT('Ctrl Pts',(6.22782799711458,-1.10655061066914,29.4528009145495));
#7381=CARTESIAN_POINT('Ctrl Pts',(6.25682079357767,-1.3897274387642,29.4528009145495));
#7382=CARTESIAN_POINT('Ctrl Pts',(6.27107750757475,-1.52897482229579,29.4528009145495));
#7383=CARTESIAN_POINT('Ctrl Pts',(5.19964944704313,-0.457546165717725,29.9528009145495));
#7384=CARTESIAN_POINT('Ctrl Pts',(5.19964944704313,-0.457546165717725,29.4528009145495));
#7385=CARTESIAN_POINT('Ctrl Pts',(5.3388967067353,-0.471803150254391,29.9528009145495));
#7386=CARTESIAN_POINT('Ctrl Pts',(5.3388967067353,-0.471803150254391,29.4528009145495));
#7387=CARTESIAN_POINT('Ctrl Pts',(5.62207314600754,-0.500796482868456,29.9528009145495));
#7388=CARTESIAN_POINT('Ctrl Pts',(5.62207314600754,-0.500796482868456,29.4528009145495));
#7389=CARTESIAN_POINT('Ctrl Pts',(5.83925991171416,-0.685232327123174,29.9528009145495));
#7390=CARTESIAN_POINT('Ctrl Pts',(5.83925991171416,-0.685232327123174,29.4528009145495));
#7391=CARTESIAN_POINT('Ctrl Pts',(5.94964873178739,-0.778974941505078,29.9528009145495));
#7392=CARTESIAN_POINT('Ctrl Pts',(5.94964873178739,-0.778974941505078,29.4528009145495));
#7393=CARTESIAN_POINT('',(5.19964944704313,-0.457546165717725,29.9528009145495));
#7394=CARTESIAN_POINT('Ctrl Pts',(5.19964944704313,-0.457546165717725,29.9528009145495));
#7395=CARTESIAN_POINT('Ctrl Pts',(5.3388967067353,-0.471803150254391,29.9528009145495));
#7396=CARTESIAN_POINT('Ctrl Pts',(5.62207314600754,-0.500796482868456,29.9528009145495));
#7397=CARTESIAN_POINT('Ctrl Pts',(5.83925991171416,-0.685232327123174,29.9528009145495));
#7398=CARTESIAN_POINT('Ctrl Pts',(5.94964873178739,-0.778974941505078,29.9528009145495));
#7399=CARTESIAN_POINT('',(5.19964944704313,-0.457546165717725,29.4528009145495));
#7400=CARTESIAN_POINT('',(5.19964944704313,-0.457546165717725,29.9528009145495));
#7401=CARTESIAN_POINT('Ctrl Pts',(5.19964944704313,-0.457546165717725,29.4528009145495));
#7402=CARTESIAN_POINT('Ctrl Pts',(5.3388967067353,-0.471803150254391,29.4528009145495));
#7403=CARTESIAN_POINT('Ctrl Pts',(5.62207314600754,-0.500796482868456,29.4528009145495));
#7404=CARTESIAN_POINT('Ctrl Pts',(5.83925991171416,-0.685232327123174,29.4528009145495));
#7405=CARTESIAN_POINT('Ctrl Pts',(5.94964873178739,-0.778974941505078,29.4528009145495));
#7406=CARTESIAN_POINT('Origin',(3.77107750757475,-0.457546165717725,29.9528009145495));
#7407=CARTESIAN_POINT('',(3.77107750757475,-0.457546165717725,29.9528009145495));
#7408=CARTESIAN_POINT('',(2.44271210721467,-0.457546165717728,29.9528009145495));
#7409=CARTESIAN_POINT('',(3.77107750757475,-0.457546165717725,29.4528009145495));
#7410=CARTESIAN_POINT('',(3.77107750757475,-0.457546165717725,29.9528009145495));
#7411=CARTESIAN_POINT('',(3.77107750757475,-0.457546165717725,29.4528009145495));
#7412=CARTESIAN_POINT('Ctrl Pts',(3.52107774599333,-0.564689090980176,29.9528009145495));
#7413=CARTESIAN_POINT('Ctrl Pts',(3.52107774599333,-0.564689090980176,29.4528009145495));
#7414=CARTESIAN_POINT('Ctrl Pts',(3.55787415485395,-0.533441553634844,29.9528009145495));
#7415=CARTESIAN_POINT('Ctrl Pts',(3.55787415485395,-0.533441553634844,29.4528009145495));
#7416=CARTESIAN_POINT('Ctrl Pts',(3.63026982607443,-0.471963096629151,29.9528009145495));
#7417=CARTESIAN_POINT('Ctrl Pts',(3.63026982607443,-0.471963096629151,29.4528009145495));
#7418=CARTESIAN_POINT('Ctrl Pts',(3.72466190797365,-0.462298537786716,29.9528009145495));
#7419=CARTESIAN_POINT('Ctrl Pts',(3.72466190797365,-0.462298537786716,29.4528009145495));
#7420=CARTESIAN_POINT('Ctrl Pts',(3.77107750757475,-0.457546165717725,29.9528009145495));
#7421=CARTESIAN_POINT('Ctrl Pts',(3.77107750757475,-0.457546165717725,29.4528009145495));
#7422=CARTESIAN_POINT('',(3.52107774599333,-0.564689090980176,29.9528009145495));
#7423=CARTESIAN_POINT('Ctrl Pts',(3.52107774599333,-0.564689090980176,29.9528009145495));
#7424=CARTESIAN_POINT('Ctrl Pts',(3.55787415485395,-0.533441553634844,29.9528009145495));
#7425=CARTESIAN_POINT('Ctrl Pts',(3.63026982607443,-0.471963096629151,29.9528009145495));
#7426=CARTESIAN_POINT('Ctrl Pts',(3.72466190797365,-0.462298537786716,29.9528009145495));
#7427=CARTESIAN_POINT('Ctrl Pts',(3.77107750757475,-0.457546165717725,29.9528009145495));
#7428=CARTESIAN_POINT('',(3.52107774599333,-0.564689090980176,29.4528009145495));
#7429=CARTESIAN_POINT('',(3.52107774599333,-0.564689090980176,29.9528009145495));
#7430=CARTESIAN_POINT('Ctrl Pts',(3.52107774599333,-0.564689090980176,29.4528009145495));
#7431=CARTESIAN_POINT('Ctrl Pts',(3.55787415485395,-0.533441553634844,29.4528009145495));
#7432=CARTESIAN_POINT('Ctrl Pts',(3.63026982607443,-0.471963096629151,29.4528009145495));
#7433=CARTESIAN_POINT('Ctrl Pts',(3.72466190797365,-0.462298537786716,29.4528009145495));
#7434=CARTESIAN_POINT('Ctrl Pts',(3.77107750757475,-0.457546165717725,29.4528009145495));
#7435=CARTESIAN_POINT('Ctrl Pts',(3.41393482073088,-0.814689150584821,29.9528009145495));
#7436=CARTESIAN_POINT('Ctrl Pts',(3.41393482073088,-0.814689150584821,29.4528009145495));
#7437=CARTESIAN_POINT('Ctrl Pts',(3.41868717462542,-0.768273444981718,29.9528009145495));
#7438=CARTESIAN_POINT('Ctrl Pts',(3.41868717462542,-0.768273444981718,29.4528009145495));
#7439=CARTESIAN_POINT('Ctrl Pts',(3.42835168599744,-0.673881250167253,29.9528009145495));
#7440=CARTESIAN_POINT('Ctrl Pts',(3.42835168599744,-0.673881250167253,29.4528009145495));
#7441=CARTESIAN_POINT('Ctrl Pts',(3.48983020832417,-0.601485500830068,29.9528009145495));
#7442=CARTESIAN_POINT('Ctrl Pts',(3.48983020832417,-0.601485500830068,29.4528009145495));
#7443=CARTESIAN_POINT('Ctrl Pts',(3.52107774599333,-0.564689090980176,29.9528009145495));
#7444=CARTESIAN_POINT('Ctrl Pts',(3.52107774599333,-0.564689090980176,29.4528009145495));
#7445=CARTESIAN_POINT('',(3.41393482073088,-0.814689150584821,29.9528009145495));
#7446=CARTESIAN_POINT('Ctrl Pts',(3.41393482073088,-0.814689150584821,29.9528009145495));
#7447=CARTESIAN_POINT('Ctrl Pts',(3.41868717462542,-0.768273444981718,29.9528009145495));
#7448=CARTESIAN_POINT('Ctrl Pts',(3.42835168599744,-0.673881250167253,29.9528009145495));
#7449=CARTESIAN_POINT('Ctrl Pts',(3.48983020832417,-0.601485500830068,29.9528009145495));
#7450=CARTESIAN_POINT('Ctrl Pts',(3.52107774599333,-0.564689090980176,29.9528009145495));
#7451=CARTESIAN_POINT('',(3.41393482073088,-0.814689150584821,29.4528009145495));
#7452=CARTESIAN_POINT('',(3.41393482073088,-0.814689150584821,29.9528009145495));
#7453=CARTESIAN_POINT('Ctrl Pts',(3.41393482073088,-0.814689150584821,29.4528009145495));
#7454=CARTESIAN_POINT('Ctrl Pts',(3.41868717462542,-0.768273444981718,29.4528009145495));
#7455=CARTESIAN_POINT('Ctrl Pts',(3.42835168599744,-0.673881250167253,29.4528009145495));
#7456=CARTESIAN_POINT('Ctrl Pts',(3.48983020832417,-0.601485500830068,29.4528009145495));
#7457=CARTESIAN_POINT('Ctrl Pts',(3.52107774599333,-0.564689090980176,29.4528009145495));
#7458=CARTESIAN_POINT('Origin',(3.41393482073088,-3.67183213545192,29.9528009145495));
#7459=CARTESIAN_POINT('',(3.41393482073088,-3.67183213545192,29.9528009145495));
#7460=CARTESIAN_POINT('',(3.41393482073088,26.214083932274,29.9528009145495));
#7461=CARTESIAN_POINT('',(3.41393482073088,-3.67183213545192,29.4528009145495));
#7462=CARTESIAN_POINT('',(3.41393482073088,-3.67183213545192,29.9528009145495));
#7463=CARTESIAN_POINT('',(3.41393482073088,-3.67183213545192,29.4528009145495));
#7464=CARTESIAN_POINT('Ctrl Pts',(3.52107774599333,-3.92183189703334,29.9528009145495));
#7465=CARTESIAN_POINT('Ctrl Pts',(3.52107774599333,-3.92183189703334,29.4528009145495));
#7466=CARTESIAN_POINT('Ctrl Pts',(3.48983020864799,-3.88503548817271,29.9528009145495));
#7467=CARTESIAN_POINT('Ctrl Pts',(3.48983020864799,-3.88503548817271,29.4528009145495));
#7468=CARTESIAN_POINT('Ctrl Pts',(3.4283517516423,-3.81263981695223,29.9528009145495));
#7469=CARTESIAN_POINT('Ctrl Pts',(3.4283517516423,-3.81263981695223,29.4528009145495));
#7470=CARTESIAN_POINT('Ctrl Pts',(3.41868719279987,-3.71824773505301,29.9528009145495));
#7471=CARTESIAN_POINT('Ctrl Pts',(3.41868719279987,-3.71824773505301,29.4528009145495));
#7472=CARTESIAN_POINT('Ctrl Pts',(3.41393482073088,-3.67183213545192,29.9528009145495));
#7473=CARTESIAN_POINT('Ctrl Pts',(3.41393482073088,-3.67183213545192,29.4528009145495));
#7474=CARTESIAN_POINT('',(3.52107774599333,-3.92183189703334,29.9528009145495));
#7475=CARTESIAN_POINT('Ctrl Pts',(3.52107774599333,-3.92183189703334,29.9528009145495));
#7476=CARTESIAN_POINT('Ctrl Pts',(3.48983020864799,-3.88503548817271,29.9528009145495));
#7477=CARTESIAN_POINT('Ctrl Pts',(3.4283517516423,-3.81263981695223,29.9528009145495));
#7478=CARTESIAN_POINT('Ctrl Pts',(3.41868719279987,-3.71824773505301,29.9528009145495));
#7479=CARTESIAN_POINT('Ctrl Pts',(3.41393482073088,-3.67183213545192,29.9528009145495));
#7480=CARTESIAN_POINT('',(3.52107774599333,-3.92183189703334,29.4528009145495));
#7481=CARTESIAN_POINT('',(3.52107774599333,-3.92183189703334,29.9528009145495));
#7482=CARTESIAN_POINT('Ctrl Pts',(3.52107774599333,-3.92183189703334,29.4528009145495));
#7483=CARTESIAN_POINT('Ctrl Pts',(3.48983020864799,-3.88503548817271,29.4528009145495));
#7484=CARTESIAN_POINT('Ctrl Pts',(3.4283517516423,-3.81263981695223,29.4528009145495));
#7485=CARTESIAN_POINT('Ctrl Pts',(3.41868719279987,-3.71824773505301,29.4528009145495));
#7486=CARTESIAN_POINT('Ctrl Pts',(3.41393482073088,-3.67183213545192,29.4528009145495));
#7487=CARTESIAN_POINT('Ctrl Pts',(3.77107750757475,-4.02897482229579,29.9528009145495));
#7488=CARTESIAN_POINT('Ctrl Pts',(3.77107750757475,-4.02897482229579,29.4528009145495));
#7489=CARTESIAN_POINT('Ctrl Pts',(3.72466190797365,-4.0242224502268,29.9528009145495));
#7490=CARTESIAN_POINT('Ctrl Pts',(3.72466190797365,-4.0242224502268,29.4528009145495));
#7491=CARTESIAN_POINT('Ctrl Pts',(3.63026982607443,-4.01455789138436,29.9528009145495));
#7492=CARTESIAN_POINT('Ctrl Pts',(3.63026982607443,-4.01455789138436,29.4528009145495));
#7493=CARTESIAN_POINT('Ctrl Pts',(3.55787415485396,-3.95307943437867,29.9528009145495));
#7494=CARTESIAN_POINT('Ctrl Pts',(3.55787415485396,-3.95307943437867,29.4528009145495));
#7495=CARTESIAN_POINT('Ctrl Pts',(3.52107774599333,-3.92183189703334,29.9528009145495));
#7496=CARTESIAN_POINT('Ctrl Pts',(3.52107774599333,-3.92183189703334,29.4528009145495));
#7497=CARTESIAN_POINT('',(3.77107750757475,-4.02897482229579,29.9528009145495));
#7498=CARTESIAN_POINT('Ctrl Pts',(3.77107750757475,-4.02897482229579,29.9528009145495));
#7499=CARTESIAN_POINT('Ctrl Pts',(3.72466190797365,-4.0242224502268,29.9528009145495));
#7500=CARTESIAN_POINT('Ctrl Pts',(3.63026982607443,-4.01455789138436,29.9528009145495));
#7501=CARTESIAN_POINT('Ctrl Pts',(3.55787415485396,-3.95307943437867,29.9528009145495));
#7502=CARTESIAN_POINT('Ctrl Pts',(3.52107774599333,-3.92183189703334,29.9528009145495));
#7503=CARTESIAN_POINT('',(3.77107750757475,-4.02897482229579,29.4528009145495));
#7504=CARTESIAN_POINT('',(3.77107750757475,-4.02897482229579,29.9528009145495));
#7505=CARTESIAN_POINT('Ctrl Pts',(3.77107750757475,-4.02897482229579,29.4528009145495));
#7506=CARTESIAN_POINT('Ctrl Pts',(3.72466190797365,-4.0242224502268,29.4528009145495));
#7507=CARTESIAN_POINT('Ctrl Pts',(3.63026982607443,-4.01455789138436,29.4528009145495));
#7508=CARTESIAN_POINT('Ctrl Pts',(3.55787415485396,-3.95307943437867,29.4528009145495));
#7509=CARTESIAN_POINT('Ctrl Pts',(3.52107774599333,-3.92183189703334,29.4528009145495));
#7510=CARTESIAN_POINT('Ctrl Pts',(4.02107726915617,-3.92183189703334,29.9528009145495));
#7511=CARTESIAN_POINT('Ctrl Pts',(4.02107726915617,-3.92183189703334,29.4528009145495));
#7512=CARTESIAN_POINT('Ctrl Pts',(3.98428086029554,-3.95307943437867,29.9528009145495));
#7513=CARTESIAN_POINT('Ctrl Pts',(3.98428086029554,-3.95307943437867,29.4528009145495));
#7514=CARTESIAN_POINT('Ctrl Pts',(3.91188518907506,-4.01455789138436,29.9528009145495));
#7515=CARTESIAN_POINT('Ctrl Pts',(3.91188518907506,-4.01455789138436,29.4528009145495));
#7516=CARTESIAN_POINT('Ctrl Pts',(3.81749310717584,-4.0242224502268,29.9528009145495));
#7517=CARTESIAN_POINT('Ctrl Pts',(3.81749310717584,-4.0242224502268,29.4528009145495));
#7518=CARTESIAN_POINT('Ctrl Pts',(3.77107750757475,-4.02897482229579,29.9528009145495));
#7519=CARTESIAN_POINT('Ctrl Pts',(3.77107750757475,-4.02897482229579,29.4528009145495));
#7520=CARTESIAN_POINT('',(4.02107726915617,-3.92183189703334,29.9528009145495));
#7521=CARTESIAN_POINT('Ctrl Pts',(4.02107726915617,-3.92183189703334,29.9528009145495));
#7522=CARTESIAN_POINT('Ctrl Pts',(3.98428086029554,-3.95307943437867,29.9528009145495));
#7523=CARTESIAN_POINT('Ctrl Pts',(3.91188518907506,-4.01455789138436,29.9528009145495));
#7524=CARTESIAN_POINT('Ctrl Pts',(3.81749310717584,-4.0242224502268,29.9528009145495));
#7525=CARTESIAN_POINT('Ctrl Pts',(3.77107750757475,-4.02897482229579,29.9528009145495));
#7526=CARTESIAN_POINT('',(4.02107726915617,-3.92183189703334,29.4528009145495));
#7527=CARTESIAN_POINT('',(4.02107726915617,-3.92183189703334,29.9528009145495));
#7528=CARTESIAN_POINT('Ctrl Pts',(4.02107726915617,-3.92183189703334,29.4528009145495));
#7529=CARTESIAN_POINT('Ctrl Pts',(3.98428086029554,-3.95307943437867,29.4528009145495));
#7530=CARTESIAN_POINT('Ctrl Pts',(3.91188518907506,-4.01455789138436,29.4528009145495));
#7531=CARTESIAN_POINT('Ctrl Pts',(3.81749310717584,-4.0242224502268,29.4528009145495));
#7532=CARTESIAN_POINT('Ctrl Pts',(3.77107750757475,-4.02897482229579,29.4528009145495));
#7533=CARTESIAN_POINT('Ctrl Pts',(4.12822019441862,-3.67183213545192,29.9528009145495));
#7534=CARTESIAN_POINT('Ctrl Pts',(4.12822019441862,-3.67183213545192,29.4528009145495));
#7535=CARTESIAN_POINT('Ctrl Pts',(4.1234675552414,-3.71824770799536,29.9528009145495));
#7536=CARTESIAN_POINT('Ctrl Pts',(4.1234675552414,-3.71824770799536,29.4528009145495));
#7537=CARTESIAN_POINT('Ctrl Pts',(4.11380246921039,-3.8126395785083,29.9528009145495));
#7538=CARTESIAN_POINT('Ctrl Pts',(4.11380246921039,-3.8126395785083,29.4528009145495));
#7539=CARTESIAN_POINT('Ctrl Pts',(4.05232450563116,-3.88503544691827,29.9528009145495));
#7540=CARTESIAN_POINT('Ctrl Pts',(4.05232450563116,-3.88503544691827,29.4528009145495));
#7541=CARTESIAN_POINT('Ctrl Pts',(4.02107726915617,-3.92183189703334,29.9528009145495));
#7542=CARTESIAN_POINT('Ctrl Pts',(4.02107726915617,-3.92183189703334,29.4528009145495));
#7543=CARTESIAN_POINT('',(4.12822019441862,-3.67183213545192,29.9528009145495));
#7544=CARTESIAN_POINT('Ctrl Pts',(4.12822019441862,-3.67183213545192,29.9528009145495));
#7545=CARTESIAN_POINT('Ctrl Pts',(4.1234675552414,-3.71824770799536,29.9528009145495));
#7546=CARTESIAN_POINT('Ctrl Pts',(4.11380246921039,-3.8126395785083,29.9528009145495));
#7547=CARTESIAN_POINT('Ctrl Pts',(4.05232450563116,-3.88503544691827,29.9528009145495));
#7548=CARTESIAN_POINT('Ctrl Pts',(4.02107726915617,-3.92183189703334,29.9528009145495));
#7549=CARTESIAN_POINT('',(4.12822019441862,-3.67183213545192,29.4528009145495));
#7550=CARTESIAN_POINT('',(4.12822019441862,-3.67183213545192,29.9528009145495));
#7551=CARTESIAN_POINT('Ctrl Pts',(4.12822019441862,-3.67183213545192,29.4528009145495));
#7552=CARTESIAN_POINT('Ctrl Pts',(4.1234675552414,-3.71824770799536,29.4528009145495));
#7553=CARTESIAN_POINT('Ctrl Pts',(4.11380246921039,-3.8126395785083,29.4528009145495));
#7554=CARTESIAN_POINT('Ctrl Pts',(4.05232450563116,-3.88503544691827,29.4528009145495));
#7555=CARTESIAN_POINT('Ctrl Pts',(4.02107726915617,-3.92183189703334,29.4528009145495));
#7556=CARTESIAN_POINT('Origin',(4.12822019441862,-1.17183213545192,29.9528009145495));
#7557=CARTESIAN_POINT('',(4.12822019441862,-1.17183213545192,29.9528009145495));
#7558=CARTESIAN_POINT('',(4.12822019441862,27.464083932274,29.9528009145495));
#7559=CARTESIAN_POINT('',(4.12822019441862,-1.17183213545192,29.4528009145495));
#7560=CARTESIAN_POINT('',(4.12822019441862,-1.17183213545192,29.9528009145495));
#7561=CARTESIAN_POINT('',(4.12822019441862,-1.17183213545192,29.4528009145495));
#7562=CARTESIAN_POINT('Origin',(5.19964944704313,-1.17183213545192,29.9528009145495));
#7563=CARTESIAN_POINT('',(3.15699807694887,-1.17183213545192,29.9528009145495));
#7564=CARTESIAN_POINT('',(5.19964944704313,-1.17183213545192,29.4528009145495));
#7565=CARTESIAN_POINT('Origin',(6.69250685854692,-1.52897482229579,29.4528009145495));
#7566=CARTESIAN_POINT('Ctrl Pts',(-5.4146367670701,-3.67183213545192,29.9528009145495));
#7567=CARTESIAN_POINT('Ctrl Pts',(-5.4146367670701,-3.67183213545192,29.4528009145495));
#7568=CARTESIAN_POINT('Ctrl Pts',(-5.41938914585073,-3.71824773006501,29.9528009145495));
#7569=CARTESIAN_POINT('Ctrl Pts',(-5.41938914585073,-3.71824773006501,29.4528009145495));
#7570=CARTESIAN_POINT('Ctrl Pts',(-5.42905371539084,-3.8126397729956,29.9528009145495));
#7571=CARTESIAN_POINT('Ctrl Pts',(-5.42905371539084,-3.8126397729956,29.4528009145495));
#7572=CARTESIAN_POINT('Ctrl Pts',(-5.49053206817819,-3.88503548056752,29.9528009145495));
#7573=CARTESIAN_POINT('Ctrl Pts',(-5.49053206817819,-3.88503548056752,29.4528009145495));
#7574=CARTESIAN_POINT('Ctrl Pts',(-5.52177954332094,-3.92183189703334,29.9528009145495));
#7575=CARTESIAN_POINT('Ctrl Pts',(-5.52177954332094,-3.92183189703334,29.4528009145495));
#7576=CARTESIAN_POINT('',(-5.4146367670701,-3.67183213545192,29.9528009145495));
#7577=CARTESIAN_POINT('',(-5.52177954332094,-3.92183189703334,29.9528009145495));
#7578=CARTESIAN_POINT('Ctrl Pts',(-5.4146367670701,-3.67183213545192,29.9528009145495));
#7579=CARTESIAN_POINT('Ctrl Pts',(-5.41938914585073,-3.71824773006501,29.9528009145495));
#7580=CARTESIAN_POINT('Ctrl Pts',(-5.42905371539084,-3.8126397729956,29.9528009145495));
#7581=CARTESIAN_POINT('Ctrl Pts',(-5.49053206817819,-3.88503548056752,29.9528009145495));
#7582=CARTESIAN_POINT('Ctrl Pts',(-5.52177954332094,-3.92183189703334,29.9528009145495));
#7583=CARTESIAN_POINT('',(-5.4146367670701,-3.67183213545192,29.4528009145495));
#7584=CARTESIAN_POINT('',(-5.4146367670701,-3.67183213545192,29.9528009145495));
#7585=CARTESIAN_POINT('',(-5.52177954332094,-3.92183189703334,29.4528009145495));
#7586=CARTESIAN_POINT('Ctrl Pts',(-5.4146367670701,-3.67183213545192,29.4528009145495));
#7587=CARTESIAN_POINT('Ctrl Pts',(-5.41938914585073,-3.71824773006501,29.4528009145495));
#7588=CARTESIAN_POINT('Ctrl Pts',(-5.42905371539084,-3.8126397729956,29.4528009145495));
#7589=CARTESIAN_POINT('Ctrl Pts',(-5.49053206817819,-3.88503548056752,29.4528009145495));
#7590=CARTESIAN_POINT('Ctrl Pts',(-5.52177954332094,-3.92183189703334,29.4528009145495));
#7591=CARTESIAN_POINT('',(-5.52177954332094,-3.92183189703334,29.9528009145495));
#7592=CARTESIAN_POINT('Origin',(-5.4146367670701,-0.243260613216046,29.9528009145495));
#7593=CARTESIAN_POINT('',(-5.4146367670701,-0.243260613216046,29.9528009145495));
#7594=CARTESIAN_POINT('',(-5.4146367670701,27.928369693392,29.9528009145495));
#7595=CARTESIAN_POINT('',(-5.4146367670701,-0.243260613216046,29.4528009145495));
#7596=CARTESIAN_POINT('',(-5.4146367670701,-0.243260613216046,29.9528009145495));
#7597=CARTESIAN_POINT('',(-5.4146367670701,-0.243260613216046,29.4528009145495));
#7598=CARTESIAN_POINT('Origin',(-3.27177990094881,-2.38611762834895,29.9528009145495));
#7599=CARTESIAN_POINT('',(-3.27177990094881,-2.38611762834895,29.9528009145495));
#7600=CARTESIAN_POINT('',(-16.7967777323366,11.1388811435504,29.9528009145495));
#7601=CARTESIAN_POINT('',(-3.27177990094881,-2.38611762834895,29.4528009145495));
#7602=CARTESIAN_POINT('',(-3.27177990094881,-2.38611762834895,29.9528009145495));
#7603=CARTESIAN_POINT('',(-3.27177990094881,-2.38611762834895,29.4528009145495));
#7604=CARTESIAN_POINT('Origin',(-3.27177990094881,-3.67183213545192,29.9528009145495));
#7605=CARTESIAN_POINT('',(-3.27177990094881,-3.67183213545192,29.9528009145495));
#7606=CARTESIAN_POINT('',(-3.27177990094881,26.214083932274,29.9528009145495));
#7607=CARTESIAN_POINT('',(-3.27177990094881,-3.67183213545192,29.4528009145495));
#7608=CARTESIAN_POINT('',(-3.27177990094881,-3.67183213545192,29.9528009145495));
#7609=CARTESIAN_POINT('',(-3.27177990094881,-3.67183213545192,29.4528009145495));
#7610=CARTESIAN_POINT('Ctrl Pts',(-3.16463697568636,-3.92183189703334,29.9528009145495));
#7611=CARTESIAN_POINT('Ctrl Pts',(-3.16463697568636,-3.92183189703334,29.4528009145495));
#7612=CARTESIAN_POINT('Ctrl Pts',(-3.19588451303169,-3.88503548817271,29.9528009145495));
#7613=CARTESIAN_POINT('Ctrl Pts',(-3.19588451303169,-3.88503548817271,29.4528009145495));
#7614=CARTESIAN_POINT('Ctrl Pts',(-3.25736297003739,-3.81263981695223,29.9528009145495));
#7615=CARTESIAN_POINT('Ctrl Pts',(-3.25736297003739,-3.81263981695223,29.4528009145495));
#7616=CARTESIAN_POINT('Ctrl Pts',(-3.26702752887982,-3.71824773505301,29.9528009145495));
#7617=CARTESIAN_POINT('Ctrl Pts',(-3.26702752887982,-3.71824773505301,29.4528009145495));
#7618=CARTESIAN_POINT('Ctrl Pts',(-3.27177990094881,-3.67183213545192,29.9528009145495));
#7619=CARTESIAN_POINT('Ctrl Pts',(-3.27177990094881,-3.67183213545192,29.4528009145495));
#7620=CARTESIAN_POINT('',(-3.16463697568636,-3.92183189703334,29.9528009145495));
#7621=CARTESIAN_POINT('Ctrl Pts',(-3.16463697568636,-3.92183189703334,29.9528009145495));
#7622=CARTESIAN_POINT('Ctrl Pts',(-3.19588451303169,-3.88503548817271,29.9528009145495));
#7623=CARTESIAN_POINT('Ctrl Pts',(-3.25736297003739,-3.81263981695223,29.9528009145495));
#7624=CARTESIAN_POINT('Ctrl Pts',(-3.26702752887982,-3.71824773505301,29.9528009145495));
#7625=CARTESIAN_POINT('Ctrl Pts',(-3.27177990094881,-3.67183213545192,29.9528009145495));
#7626=CARTESIAN_POINT('',(-3.16463697568636,-3.92183189703334,29.4528009145495));
#7627=CARTESIAN_POINT('',(-3.16463697568636,-3.92183189703334,29.9528009145495));
#7628=CARTESIAN_POINT('Ctrl Pts',(-3.16463697568636,-3.92183189703334,29.4528009145495));
#7629=CARTESIAN_POINT('Ctrl Pts',(-3.19588451303169,-3.88503548817271,29.4528009145495));
#7630=CARTESIAN_POINT('Ctrl Pts',(-3.25736297003739,-3.81263981695223,29.4528009145495));
#7631=CARTESIAN_POINT('Ctrl Pts',(-3.26702752887982,-3.71824773505301,29.4528009145495));
#7632=CARTESIAN_POINT('Ctrl Pts',(-3.27177990094881,-3.67183213545192,29.4528009145495));
#7633=CARTESIAN_POINT('Ctrl Pts',(-2.91463661805849,-4.02897482229579,29.9528009145495));
#7634=CARTESIAN_POINT('Ctrl Pts',(-2.91463661805849,-4.02897482229579,29.4528009145495));
#7635=CARTESIAN_POINT('Ctrl Pts',(-2.96105242966361,-4.02422248657571,29.9528009145495));
#7636=CARTESIAN_POINT('Ctrl Pts',(-2.96105242966361,-4.02422248657571,29.4528009145495));
#7637=CARTESIAN_POINT('Ctrl Pts',(-3.05544473739329,-4.01455802267403,29.9528009145495));
#7638=CARTESIAN_POINT('Ctrl Pts',(-3.05544473739329,-4.01455802267403,29.4528009145495));
#7639=CARTESIAN_POINT('Ctrl Pts',(-3.1278405648472,-3.95307943502629,29.9528009145495));
#7640=CARTESIAN_POINT('Ctrl Pts',(-3.1278405648472,-3.95307943502629,29.4528009145495));
#7641=CARTESIAN_POINT('Ctrl Pts',(-3.16463697568636,-3.92183189703334,29.9528009145495));
#7642=CARTESIAN_POINT('Ctrl Pts',(-3.16463697568636,-3.92183189703334,29.4528009145495));
#7643=CARTESIAN_POINT('',(-2.91463661805849,-4.02897482229579,29.9528009145495));
#7644=CARTESIAN_POINT('Ctrl Pts',(-2.91463661805849,-4.02897482229579,29.9528009145495));
#7645=CARTESIAN_POINT('Ctrl Pts',(-2.96105242966361,-4.02422248657571,29.9528009145495));
#7646=CARTESIAN_POINT('Ctrl Pts',(-3.05544473739329,-4.01455802267403,29.9528009145495));
#7647=CARTESIAN_POINT('Ctrl Pts',(-3.1278405648472,-3.95307943502629,29.9528009145495));
#7648=CARTESIAN_POINT('Ctrl Pts',(-3.16463697568636,-3.92183189703334,29.9528009145495));
#7649=CARTESIAN_POINT('',(-2.91463661805849,-4.02897482229579,29.4528009145495));
#7650=CARTESIAN_POINT('',(-2.91463661805849,-4.02897482229579,29.9528009145495));
#7651=CARTESIAN_POINT('Ctrl Pts',(-2.91463661805849,-4.02897482229579,29.4528009145495));
#7652=CARTESIAN_POINT('Ctrl Pts',(-2.96105242966361,-4.02422248657571,29.4528009145495));
#7653=CARTESIAN_POINT('Ctrl Pts',(-3.05544473739329,-4.01455802267403,29.4528009145495));
#7654=CARTESIAN_POINT('Ctrl Pts',(-3.1278405648472,-3.95307943502629,29.4528009145495));
#7655=CARTESIAN_POINT('Ctrl Pts',(-3.16463697568636,-3.92183189703334,29.4528009145495));
#7656=CARTESIAN_POINT('Ctrl Pts',(-2.66463685647707,-3.92183189703334,29.9528009145495));
#7657=CARTESIAN_POINT('Ctrl Pts',(-2.66463685647707,-3.92183189703334,29.4528009145495));
#7658=CARTESIAN_POINT('Ctrl Pts',(-2.70143306208338,-3.95307943555158,29.9528009145495));
#7659=CARTESIAN_POINT('Ctrl Pts',(-2.70143306208338,-3.95307943555158,29.4528009145495));
#7660=CARTESIAN_POINT('Ctrl Pts',(-2.77382860932625,-4.01455812917625,29.9528009145495));
#7661=CARTESIAN_POINT('Ctrl Pts',(-2.77382860932625,-4.01455812917625,29.4528009145495));
#7662=CARTESIAN_POINT('Ctrl Pts',(-2.86822078801288,-4.02422251606207,29.9528009145495));
#7663=CARTESIAN_POINT('Ctrl Pts',(-2.86822078801288,-4.02422251606207,29.4528009145495));
#7664=CARTESIAN_POINT('Ctrl Pts',(-2.91463661805849,-4.02897482229579,29.9528009145495));
#7665=CARTESIAN_POINT('Ctrl Pts',(-2.91463661805849,-4.02897482229579,29.4528009145495));
#7666=CARTESIAN_POINT('',(-2.66463685647707,-3.92183189703334,29.9528009145495));
#7667=CARTESIAN_POINT('Ctrl Pts',(-2.66463685647707,-3.92183189703334,29.9528009145495));
#7668=CARTESIAN_POINT('Ctrl Pts',(-2.70143306208338,-3.95307943555158,29.9528009145495));
#7669=CARTESIAN_POINT('Ctrl Pts',(-2.77382860932625,-4.01455812917625,29.9528009145495));
#7670=CARTESIAN_POINT('Ctrl Pts',(-2.86822078801288,-4.02422251606207,29.9528009145495));
#7671=CARTESIAN_POINT('Ctrl Pts',(-2.91463661805849,-4.02897482229579,29.9528009145495));
#7672=CARTESIAN_POINT('',(-2.66463685647707,-3.92183189703334,29.4528009145495));
#7673=CARTESIAN_POINT('',(-2.66463685647707,-3.92183189703334,29.9528009145495));
#7674=CARTESIAN_POINT('Ctrl Pts',(-2.66463685647707,-3.92183189703334,29.4528009145495));
#7675=CARTESIAN_POINT('Ctrl Pts',(-2.70143306208338,-3.95307943555158,29.4528009145495));
#7676=CARTESIAN_POINT('Ctrl Pts',(-2.77382860932625,-4.01455812917625,29.4528009145495));
#7677=CARTESIAN_POINT('Ctrl Pts',(-2.86822078801288,-4.02422251606207,29.4528009145495));
#7678=CARTESIAN_POINT('Ctrl Pts',(-2.91463661805849,-4.02897482229579,29.4528009145495));
#7679=CARTESIAN_POINT('Ctrl Pts',(-2.55749393121462,-3.67183213545192,29.9528009145495));
#7680=CARTESIAN_POINT('Ctrl Pts',(-2.55749393121462,-3.67183213545192,29.4528009145495));
#7681=CARTESIAN_POINT('Ctrl Pts',(-2.56224630328361,-3.71824773505301,29.9528009145495));
#7682=CARTESIAN_POINT('Ctrl Pts',(-2.56224630328361,-3.71824773505301,29.4528009145495));
#7683=CARTESIAN_POINT('Ctrl Pts',(-2.57191086212605,-3.81263981695223,29.9528009145495));
#7684=CARTESIAN_POINT('Ctrl Pts',(-2.57191086212605,-3.81263981695223,29.4528009145495));
#7685=CARTESIAN_POINT('Ctrl Pts',(-2.63338931913174,-3.88503548817271,29.9528009145495));
#7686=CARTESIAN_POINT('Ctrl Pts',(-2.63338931913174,-3.88503548817271,29.4528009145495));
#7687=CARTESIAN_POINT('Ctrl Pts',(-2.66463685647707,-3.92183189703334,29.9528009145495));
#7688=CARTESIAN_POINT('Ctrl Pts',(-2.66463685647707,-3.92183189703334,29.4528009145495));
#7689=CARTESIAN_POINT('',(-2.55749393121462,-3.67183213545192,29.9528009145495));
#7690=CARTESIAN_POINT('Ctrl Pts',(-2.55749393121462,-3.67183213545192,29.9528009145495));
#7691=CARTESIAN_POINT('Ctrl Pts',(-2.56224630328361,-3.71824773505301,29.9528009145495));
#7692=CARTESIAN_POINT('Ctrl Pts',(-2.57191086212605,-3.81263981695223,29.9528009145495));
#7693=CARTESIAN_POINT('Ctrl Pts',(-2.63338931913174,-3.88503548817271,29.9528009145495));
#7694=CARTESIAN_POINT('Ctrl Pts',(-2.66463685647707,-3.92183189703334,29.9528009145495));
#7695=CARTESIAN_POINT('',(-2.55749393121462,-3.67183213545192,29.4528009145495));
#7696=CARTESIAN_POINT('',(-2.55749393121462,-3.67183213545192,29.9528009145495));
#7697=CARTESIAN_POINT('Ctrl Pts',(-2.55749393121462,-3.67183213545192,29.4528009145495));
#7698=CARTESIAN_POINT('Ctrl Pts',(-2.56224630328361,-3.71824773505301,29.4528009145495));
#7699=CARTESIAN_POINT('Ctrl Pts',(-2.57191086212605,-3.81263981695223,29.4528009145495));
#7700=CARTESIAN_POINT('Ctrl Pts',(-2.63338931913174,-3.88503548817271,29.4528009145495));
#7701=CARTESIAN_POINT('Ctrl Pts',(-2.66463685647707,-3.92183189703334,29.4528009145495));
#7702=CARTESIAN_POINT('Origin',(-2.55749393121462,0.613882192837115,29.9528009145495));
#7703=CARTESIAN_POINT('',(-2.55749393121462,0.613882192837115,29.9528009145495));
#7704=CARTESIAN_POINT('',(-2.55749393121462,28.3569410964186,29.9528009145495));
#7705=CARTESIAN_POINT('',(-2.55749393121462,0.613882192837115,29.4528009145495));
#7706=CARTESIAN_POINT('',(-2.55749393121462,0.613882192837115,29.9528009145495));
#7707=CARTESIAN_POINT('',(-2.55749393121462,0.613882192837115,29.4528009145495));
#7708=CARTESIAN_POINT('Ctrl Pts',(-2.66463685647707,0.86388225244176,29.9528009145495));
#7709=CARTESIAN_POINT('Ctrl Pts',(-2.66463685647707,0.86388225244176,29.4528009145495));
#7710=CARTESIAN_POINT('Ctrl Pts',(-2.63338931822147,0.827085944219022,29.9528009145495));
#7711=CARTESIAN_POINT('Ctrl Pts',(-2.63338931822147,0.827085944219022,29.4528009145495));
#7712=CARTESIAN_POINT('Ctrl Pts',(-2.57191067758532,0.754690256870531,29.9528009145495));
#7713=CARTESIAN_POINT('Ctrl Pts',(-2.57191067758532,0.754690256870531,29.4528009145495));
#7714=CARTESIAN_POINT('Ctrl Pts',(-2.56224625219155,0.660298013662452,29.9528009145495));
#7715=CARTESIAN_POINT('Ctrl Pts',(-2.56224625219155,0.660298013662452,29.4528009145495));
#7716=CARTESIAN_POINT('Ctrl Pts',(-2.55749393121462,0.613882192837115,29.9528009145495));
#7717=CARTESIAN_POINT('Ctrl Pts',(-2.55749393121462,0.613882192837115,29.4528009145495));
#7718=CARTESIAN_POINT('',(-2.66463685647707,0.86388225244176,29.9528009145495));
#7719=CARTESIAN_POINT('Ctrl Pts',(-2.66463685647707,0.86388225244176,29.9528009145495));
#7720=CARTESIAN_POINT('Ctrl Pts',(-2.63338931822147,0.827085944219022,29.9528009145495));
#7721=CARTESIAN_POINT('Ctrl Pts',(-2.57191067758532,0.754690256870531,29.9528009145495));
#7722=CARTESIAN_POINT('Ctrl Pts',(-2.56224625219155,0.660298013662452,29.9528009145495));
#7723=CARTESIAN_POINT('Ctrl Pts',(-2.55749393121462,0.613882192837115,29.9528009145495));
#7724=CARTESIAN_POINT('',(-2.66463685647707,0.86388225244176,29.4528009145495));
#7725=CARTESIAN_POINT('',(-2.66463685647707,0.86388225244176,29.9528009145495));
#7726=CARTESIAN_POINT('Ctrl Pts',(-2.66463685647707,0.86388225244176,29.4528009145495));
#7727=CARTESIAN_POINT('Ctrl Pts',(-2.63338931822147,0.827085944219022,29.4528009145495));
#7728=CARTESIAN_POINT('Ctrl Pts',(-2.57191067758532,0.754690256870531,29.4528009145495));
#7729=CARTESIAN_POINT('Ctrl Pts',(-2.56224625219155,0.660298013662452,29.4528009145495));
#7730=CARTESIAN_POINT('Ctrl Pts',(-2.55749393121462,0.613882192837115,29.4528009145495));
#7731=CARTESIAN_POINT('Ctrl Pts',(-2.91463661805849,0.971025177704211,29.9528009145495));
#7732=CARTESIAN_POINT('Ctrl Pts',(-2.91463661805849,0.971025177704211,29.4528009145495));
#7733=CARTESIAN_POINT('Ctrl Pts',(-2.8682210184574,0.96627280563522,29.9528009145495));
#7734=CARTESIAN_POINT('Ctrl Pts',(-2.8682210184574,0.96627280563522,29.4528009145495));
#7735=CARTESIAN_POINT('Ctrl Pts',(-2.77382893655818,0.956608246792784,29.9528009145495));
#7736=CARTESIAN_POINT('Ctrl Pts',(-2.77382893655818,0.956608246792784,29.4528009145495));
#7737=CARTESIAN_POINT('Ctrl Pts',(-2.7014332653377,0.895129789787092,29.9528009145495));
#7738=CARTESIAN_POINT('Ctrl Pts',(-2.7014332653377,0.895129789787092,29.4528009145495));
#7739=CARTESIAN_POINT('Ctrl Pts',(-2.66463685647707,0.86388225244176,29.9528009145495));
#7740=CARTESIAN_POINT('Ctrl Pts',(-2.66463685647707,0.86388225244176,29.4528009145495));
#7741=CARTESIAN_POINT('',(-2.91463661805849,0.971025177704211,29.9528009145495));
#7742=CARTESIAN_POINT('Ctrl Pts',(-2.91463661805849,0.971025177704211,29.9528009145495));
#7743=CARTESIAN_POINT('Ctrl Pts',(-2.8682210184574,0.96627280563522,29.9528009145495));
#7744=CARTESIAN_POINT('Ctrl Pts',(-2.77382893655818,0.956608246792784,29.9528009145495));
#7745=CARTESIAN_POINT('Ctrl Pts',(-2.7014332653377,0.895129789787092,29.9528009145495));
#7746=CARTESIAN_POINT('Ctrl Pts',(-2.66463685647707,0.86388225244176,29.9528009145495));
#7747=CARTESIAN_POINT('',(-2.91463661805849,0.971025177704211,29.4528009145495));
#7748=CARTESIAN_POINT('',(-2.91463661805849,0.971025177704211,29.9528009145495));
#7749=CARTESIAN_POINT('Ctrl Pts',(-2.91463661805849,0.971025177704211,29.4528009145495));
#7750=CARTESIAN_POINT('Ctrl Pts',(-2.8682210184574,0.96627280563522,29.4528009145495));
#7751=CARTESIAN_POINT('Ctrl Pts',(-2.77382893655818,0.956608246792784,29.4528009145495));
#7752=CARTESIAN_POINT('Ctrl Pts',(-2.7014332653377,0.895129789787092,29.4528009145495));
#7753=CARTESIAN_POINT('Ctrl Pts',(-2.66463685647707,0.86388225244176,29.4528009145495));
#7754=CARTESIAN_POINT('Ctrl Pts',(-3.16463697568636,0.86388225244176,29.9528009145495));
#7755=CARTESIAN_POINT('Ctrl Pts',(-3.16463697568636,0.86388225244176,29.4528009145495));
#7756=CARTESIAN_POINT('Ctrl Pts',(-3.1278405648472,0.895129790434713,29.9528009145495));
#7757=CARTESIAN_POINT('Ctrl Pts',(-3.1278405648472,0.895129790434713,29.4528009145495));
#7758=CARTESIAN_POINT('Ctrl Pts',(-3.05544473739329,0.956608378082452,29.9528009145495));
#7759=CARTESIAN_POINT('Ctrl Pts',(-3.05544473739329,0.956608378082452,29.4528009145495));
#7760=CARTESIAN_POINT('Ctrl Pts',(-2.96105242966361,0.96627284198413,29.9528009145495));
#7761=CARTESIAN_POINT('Ctrl Pts',(-2.96105242966361,0.96627284198413,29.4528009145495));
#7762=CARTESIAN_POINT('Ctrl Pts',(-2.91463661805849,0.971025177704211,29.9528009145495));
#7763=CARTESIAN_POINT('Ctrl Pts',(-2.91463661805849,0.971025177704211,29.4528009145495));
#7764=CARTESIAN_POINT('',(-3.16463697568636,0.86388225244176,29.9528009145495));
#7765=CARTESIAN_POINT('Ctrl Pts',(-3.16463697568636,0.86388225244176,29.9528009145495));
#7766=CARTESIAN_POINT('Ctrl Pts',(-3.1278405648472,0.895129790434713,29.9528009145495));
#7767=CARTESIAN_POINT('Ctrl Pts',(-3.05544473739329,0.956608378082452,29.9528009145495));
#7768=CARTESIAN_POINT('Ctrl Pts',(-2.96105242966361,0.96627284198413,29.9528009145495));
#7769=CARTESIAN_POINT('Ctrl Pts',(-2.91463661805849,0.971025177704211,29.9528009145495));
#7770=CARTESIAN_POINT('',(-3.16463697568636,0.86388225244176,29.4528009145495));
#7771=CARTESIAN_POINT('',(-3.16463697568636,0.86388225244176,29.9528009145495));
#7772=CARTESIAN_POINT('Ctrl Pts',(-3.16463697568636,0.86388225244176,29.4528009145495));
#7773=CARTESIAN_POINT('Ctrl Pts',(-3.1278405648472,0.895129790434713,29.4528009145495));
#7774=CARTESIAN_POINT('Ctrl Pts',(-3.05544473739329,0.956608378082452,29.4528009145495));
#7775=CARTESIAN_POINT('Ctrl Pts',(-2.96105242966361,0.96627284198413,29.4528009145495));
#7776=CARTESIAN_POINT('Ctrl Pts',(-2.91463661805849,0.971025177704211,29.4528009145495));
#7777=CARTESIAN_POINT('Ctrl Pts',(-3.27177990094881,0.613882192837115,29.9528009145495));
#7778=CARTESIAN_POINT('Ctrl Pts',(-3.27177990094881,0.613882192837115,29.4528009145495));
#7779=CARTESIAN_POINT('Ctrl Pts',(-3.26702757997188,0.660298013662453,29.9528009145495));
#7780=CARTESIAN_POINT('Ctrl Pts',(-3.26702757997188,0.660298013662453,29.4528009145495));
#7781=CARTESIAN_POINT('Ctrl Pts',(-3.25736315457811,0.754690256870531,29.9528009145495));
#7782=CARTESIAN_POINT('Ctrl Pts',(-3.25736315457811,0.754690256870531,29.4528009145495));
#7783=CARTESIAN_POINT('Ctrl Pts',(-3.19588451394196,0.827085944219022,29.9528009145495));
#7784=CARTESIAN_POINT('Ctrl Pts',(-3.19588451394196,0.827085944219022,29.4528009145495));
#7785=CARTESIAN_POINT('Ctrl Pts',(-3.16463697568636,0.86388225244176,29.9528009145495));
#7786=CARTESIAN_POINT('Ctrl Pts',(-3.16463697568636,0.86388225244176,29.4528009145495));
#7787=CARTESIAN_POINT('',(-3.27177990094881,0.613882192837115,29.9528009145495));
#7788=CARTESIAN_POINT('Ctrl Pts',(-3.27177990094881,0.613882192837115,29.9528009145495));
#7789=CARTESIAN_POINT('Ctrl Pts',(-3.26702757997188,0.660298013662453,29.9528009145495));
#7790=CARTESIAN_POINT('Ctrl Pts',(-3.25736315457811,0.754690256870531,29.9528009145495));
#7791=CARTESIAN_POINT('Ctrl Pts',(-3.19588451394196,0.827085944219022,29.9528009145495));
#7792=CARTESIAN_POINT('Ctrl Pts',(-3.16463697568636,0.86388225244176,29.9528009145495));
#7793=CARTESIAN_POINT('',(-3.27177990094881,0.613882192837115,29.4528009145495));
#7794=CARTESIAN_POINT('',(-3.27177990094881,0.613882192837115,29.9528009145495));
#7795=CARTESIAN_POINT('Ctrl Pts',(-3.27177990094881,0.613882192837115,29.4528009145495));
#7796=CARTESIAN_POINT('Ctrl Pts',(-3.26702757997188,0.660298013662453,29.4528009145495));
#7797=CARTESIAN_POINT('Ctrl Pts',(-3.25736315457811,0.754690256870531,29.4528009145495));
#7798=CARTESIAN_POINT('Ctrl Pts',(-3.19588451394196,0.827085944219022,29.4528009145495));
#7799=CARTESIAN_POINT('Ctrl Pts',(-3.16463697568636,0.86388225244176,29.4528009145495));
#7800=CARTESIAN_POINT('Origin',(-3.27177990094881,-1.3861176879536,29.9528009145495));
#7801=CARTESIAN_POINT('',(-3.27177990094881,-1.3861176879536,29.9528009145495));
#7802=CARTESIAN_POINT('',(-3.27177990094881,27.3569411560232,29.9528009145495));
#7803=CARTESIAN_POINT('',(-3.27177990094881,-1.3861176879536,29.4528009145495));
#7804=CARTESIAN_POINT('',(-3.27177990094881,-1.3861176879536,29.9528009145495));
#7805=CARTESIAN_POINT('',(-3.27177990094881,-1.3861176879536,29.4528009145495));
#7806=CARTESIAN_POINT('Origin',(-5.52177954332094,0.86388225244176,29.9528009145495));
#7807=CARTESIAN_POINT('',(-5.52177954332094,0.86388225244176,29.9528009145495));
#7808=CARTESIAN_POINT('',(-17.6717776374132,13.0138819558594,29.9528009145495));
#7809=CARTESIAN_POINT('',(-5.52177954332094,0.86388225244176,29.4528009145495));
#7810=CARTESIAN_POINT('',(-5.52177954332094,0.86388225244176,29.9528009145495));
#7811=CARTESIAN_POINT('',(-5.52177954332094,0.86388225244176,29.4528009145495));
#7812=CARTESIAN_POINT('Ctrl Pts',(-5.77177960292559,0.971025177704211,29.9528009145495));
#7813=CARTESIAN_POINT('Ctrl Pts',(-5.77177960292559,0.971025177704211,29.4528009145495));
#7814=CARTESIAN_POINT('Ctrl Pts',(-5.72536381090582,0.966272848497862,29.9528009145495));
#7815=CARTESIAN_POINT('Ctrl Pts',(-5.72536381090582,0.966272848497862,29.4528009145495));
#7816=CARTESIAN_POINT('Ctrl Pts',(-5.63097157979616,0.956608401609529,29.9528009145495));
#7817=CARTESIAN_POINT('Ctrl Pts',(-5.63097157979616,0.956608401609529,29.4528009145495));
#7818=CARTESIAN_POINT('Ctrl Pts',(-5.55857587695047,0.895129790550757,29.9528009145495));
#7819=CARTESIAN_POINT('Ctrl Pts',(-5.55857587695047,0.895129790550757,29.4528009145495));
#7820=CARTESIAN_POINT('Ctrl Pts',(-5.52177954332094,0.86388225244176,29.9528009145495));
#7821=CARTESIAN_POINT('Ctrl Pts',(-5.52177954332094,0.86388225244176,29.4528009145495));
#7822=CARTESIAN_POINT('',(-5.77177960292559,0.971025177704211,29.9528009145495));
#7823=CARTESIAN_POINT('Ctrl Pts',(-5.77177960292559,0.971025177704211,29.9528009145495));
#7824=CARTESIAN_POINT('Ctrl Pts',(-5.72536381090582,0.966272848497862,29.9528009145495));
#7825=CARTESIAN_POINT('Ctrl Pts',(-5.63097157979616,0.956608401609529,29.9528009145495));
#7826=CARTESIAN_POINT('Ctrl Pts',(-5.55857587695047,0.895129790550757,29.9528009145495));
#7827=CARTESIAN_POINT('Ctrl Pts',(-5.52177954332094,0.86388225244176,29.9528009145495));
#7828=CARTESIAN_POINT('',(-5.77177960292559,0.971025177704211,29.4528009145495));
#7829=CARTESIAN_POINT('',(-5.77177960292559,0.971025177704211,29.9528009145495));
#7830=CARTESIAN_POINT('Ctrl Pts',(-5.77177960292559,0.971025177704211,29.4528009145495));
#7831=CARTESIAN_POINT('Ctrl Pts',(-5.72536381090582,0.966272848497862,29.4528009145495));
#7832=CARTESIAN_POINT('Ctrl Pts',(-5.63097157979616,0.956608401609529,29.4528009145495));
#7833=CARTESIAN_POINT('Ctrl Pts',(-5.55857587695047,0.895129790550757,29.4528009145495));
#7834=CARTESIAN_POINT('Ctrl Pts',(-5.52177954332094,0.86388225244176,29.4528009145495));
#7835=CARTESIAN_POINT('Ctrl Pts',(-6.02177958802443,0.86388225244176,29.9528009145495));
#7836=CARTESIAN_POINT('Ctrl Pts',(-6.02177958802443,0.86388225244176,29.4528009145495));
#7837=CARTESIAN_POINT('Ctrl Pts',(-5.98498328004901,0.895129790616419,29.9528009145495));
#7838=CARTESIAN_POINT('Ctrl Pts',(-5.98498328004901,0.895129790616419,29.4528009145495));
#7839=CARTESIAN_POINT('Ctrl Pts',(-5.91258761222968,0.9566084149223,29.9528009145495));
#7840=CARTESIAN_POINT('Ctrl Pts',(-5.91258761222968,0.9566084149223,29.4528009145495));
#7841=CARTESIAN_POINT('Ctrl Pts',(-5.81819539725042,0.966272852183652,29.9528009145495));
#7842=CARTESIAN_POINT('Ctrl Pts',(-5.81819539725042,0.966272852183652,29.4528009145495));
#7843=CARTESIAN_POINT('Ctrl Pts',(-5.77177960292559,0.971025177704211,29.9528009145495));
#7844=CARTESIAN_POINT('Ctrl Pts',(-5.77177960292559,0.971025177704211,29.4528009145495));
#7845=CARTESIAN_POINT('',(-6.02177958802443,0.86388225244176,29.9528009145495));
#7846=CARTESIAN_POINT('Ctrl Pts',(-6.02177958802443,0.86388225244176,29.9528009145495));
#7847=CARTESIAN_POINT('Ctrl Pts',(-5.98498328004901,0.895129790616419,29.9528009145495));
#7848=CARTESIAN_POINT('Ctrl Pts',(-5.91258761222968,0.9566084149223,29.9528009145495));
#7849=CARTESIAN_POINT('Ctrl Pts',(-5.81819539725042,0.966272852183652,29.9528009145495));
#7850=CARTESIAN_POINT('Ctrl Pts',(-5.77177960292559,0.971025177704211,29.9528009145495));
#7851=CARTESIAN_POINT('',(-6.02177958802443,0.86388225244176,29.4528009145495));
#7852=CARTESIAN_POINT('',(-6.02177958802443,0.86388225244176,29.9528009145495));
#7853=CARTESIAN_POINT('Ctrl Pts',(-6.02177958802443,0.86388225244176,29.4528009145495));
#7854=CARTESIAN_POINT('Ctrl Pts',(-5.98498328004901,0.895129790616419,29.4528009145495));
#7855=CARTESIAN_POINT('Ctrl Pts',(-5.91258761222968,0.9566084149223,29.4528009145495));
#7856=CARTESIAN_POINT('Ctrl Pts',(-5.81819539725042,0.966272852183652,29.4528009145495));
#7857=CARTESIAN_POINT('Ctrl Pts',(-5.77177960292559,0.971025177704211,29.4528009145495));
#7858=CARTESIAN_POINT('Ctrl Pts',(-6.12892243878107,0.613882192837115,29.9528009145495));
#7859=CARTESIAN_POINT('Ctrl Pts',(-6.12892243878107,0.613882192837115,29.4528009145495));
#7860=CARTESIAN_POINT('Ctrl Pts',(-6.12417011444831,0.660298011168426,29.9528009145495));
#7861=CARTESIAN_POINT('Ctrl Pts',(-6.12417011444831,0.660298011168426,29.4528009145495));
#7862=CARTESIAN_POINT('Ctrl Pts',(-6.11450568370566,0.754690234892122,29.9528009145495));
#7863=CARTESIAN_POINT('Ctrl Pts',(-6.11450568370566,0.754690234892122,29.4528009145495));
#7864=CARTESIAN_POINT('Ctrl Pts',(-6.05302709517875,0.827085940416429,29.9528009145495));
#7865=CARTESIAN_POINT('Ctrl Pts',(-6.05302709517875,0.827085940416429,29.4528009145495));
#7866=CARTESIAN_POINT('Ctrl Pts',(-6.02177958802443,0.86388225244176,29.9528009145495));
#7867=CARTESIAN_POINT('Ctrl Pts',(-6.02177958802443,0.86388225244176,29.4528009145495));
#7868=CARTESIAN_POINT('',(-6.12892243878107,0.613882192837115,29.9528009145495));
#7869=CARTESIAN_POINT('Ctrl Pts',(-6.12892243878107,0.613882192837115,29.9528009145495));
#7870=CARTESIAN_POINT('Ctrl Pts',(-6.12417011444831,0.660298011168426,29.9528009145495));
#7871=CARTESIAN_POINT('Ctrl Pts',(-6.11450568370566,0.754690234892122,29.9528009145495));
#7872=CARTESIAN_POINT('Ctrl Pts',(-6.05302709517875,0.827085940416429,29.9528009145495));
#7873=CARTESIAN_POINT('Ctrl Pts',(-6.02177958802443,0.86388225244176,29.9528009145495));
#7874=CARTESIAN_POINT('',(-6.12892243878107,0.613882192837115,29.4528009145495));
#7875=CARTESIAN_POINT('',(-6.12892243878107,0.613882192837115,29.9528009145495));
#7876=CARTESIAN_POINT('Ctrl Pts',(-6.12892243878107,0.613882192837115,29.4528009145495));
#7877=CARTESIAN_POINT('Ctrl Pts',(-6.12417011444831,0.660298011168426,29.4528009145495));
#7878=CARTESIAN_POINT('Ctrl Pts',(-6.11450568370566,0.754690234892122,29.4528009145495));
#7879=CARTESIAN_POINT('Ctrl Pts',(-6.05302709517875,0.827085940416429,29.4528009145495));
#7880=CARTESIAN_POINT('Ctrl Pts',(-6.02177958802443,0.86388225244176,29.4528009145495));
#7881=CARTESIAN_POINT('Origin',(-6.12892243878107,-3.67183213545192,29.9528009145495));
#7882=CARTESIAN_POINT('',(-6.12892243878107,-3.67183213545192,29.9528009145495));
#7883=CARTESIAN_POINT('',(-6.12892243878107,26.214083932274,29.9528009145495));
#7884=CARTESIAN_POINT('',(-6.12892243878107,-3.67183213545192,29.4528009145495));
#7885=CARTESIAN_POINT('',(-6.12892243878107,-3.67183213545192,29.9528009145495));
#7886=CARTESIAN_POINT('',(-6.12892243878107,-3.67183213545192,29.4528009145495));
#7887=CARTESIAN_POINT('Ctrl Pts',(-6.02177958802443,-3.92183189703334,29.9528009145495));
#7888=CARTESIAN_POINT('Ctrl Pts',(-6.02177958802443,-3.92183189703334,29.4528009145495));
#7889=CARTESIAN_POINT('Ctrl Pts',(-6.05302709426847,-3.88503548437011,29.9528009145495));
#7890=CARTESIAN_POINT('Ctrl Pts',(-6.05302709426847,-3.88503548437011,29.4528009145495));
#7891=CARTESIAN_POINT('Ctrl Pts',(-6.114505499165,-3.81263979497391,29.9528009145495));
#7892=CARTESIAN_POINT('Ctrl Pts',(-6.114505499165,-3.81263979497391,29.4528009145495));
#7893=CARTESIAN_POINT('Ctrl Pts',(-6.12417006335627,-3.71824773255901,29.9528009145495));
#7894=CARTESIAN_POINT('Ctrl Pts',(-6.12417006335627,-3.71824773255901,29.4528009145495));
#7895=CARTESIAN_POINT('Ctrl Pts',(-6.12892243878107,-3.67183213545192,29.9528009145495));
#7896=CARTESIAN_POINT('Ctrl Pts',(-6.12892243878107,-3.67183213545192,29.4528009145495));
#7897=CARTESIAN_POINT('',(-6.02177958802443,-3.92183189703334,29.9528009145495));
#7898=CARTESIAN_POINT('Ctrl Pts',(-6.02177958802443,-3.92183189703334,29.9528009145495));
#7899=CARTESIAN_POINT('Ctrl Pts',(-6.05302709426847,-3.88503548437011,29.9528009145495));
#7900=CARTESIAN_POINT('Ctrl Pts',(-6.114505499165,-3.81263979497391,29.9528009145495));
#7901=CARTESIAN_POINT('Ctrl Pts',(-6.12417006335627,-3.71824773255901,29.9528009145495));
#7902=CARTESIAN_POINT('Ctrl Pts',(-6.12892243878107,-3.67183213545192,29.9528009145495));
#7903=CARTESIAN_POINT('',(-6.02177958802443,-3.92183189703334,29.4528009145495));
#7904=CARTESIAN_POINT('',(-6.02177958802443,-3.92183189703334,29.9528009145495));
#7905=CARTESIAN_POINT('Ctrl Pts',(-6.02177958802443,-3.92183189703334,29.4528009145495));
#7906=CARTESIAN_POINT('Ctrl Pts',(-6.05302709426847,-3.88503548437011,29.4528009145495));
#7907=CARTESIAN_POINT('Ctrl Pts',(-6.114505499165,-3.81263979497391,29.4528009145495));
#7908=CARTESIAN_POINT('Ctrl Pts',(-6.12417006335627,-3.71824773255901,29.4528009145495));
#7909=CARTESIAN_POINT('Ctrl Pts',(-6.12892243878107,-3.67183213545192,29.4528009145495));
#7910=CARTESIAN_POINT('Ctrl Pts',(-5.77177960292559,-4.02897482229579,29.9528009145495));
#7911=CARTESIAN_POINT('Ctrl Pts',(-5.77177960292559,-4.02897482229579,29.4528009145495));
#7912=CARTESIAN_POINT('Ctrl Pts',(-5.81819539725042,-4.02422249677523,29.9528009145495));
#7913=CARTESIAN_POINT('Ctrl Pts',(-5.81819539725042,-4.02422249677523,29.4528009145495));
#7914=CARTESIAN_POINT('Ctrl Pts',(-5.91258761222968,-4.01455805951388,29.9528009145495));
#7915=CARTESIAN_POINT('Ctrl Pts',(-5.91258761222968,-4.01455805951388,29.4528009145495));
#7916=CARTESIAN_POINT('Ctrl Pts',(-5.98498328004901,-3.953079435208,29.9528009145495));
#7917=CARTESIAN_POINT('Ctrl Pts',(-5.98498328004901,-3.953079435208,29.4528009145495));
#7918=CARTESIAN_POINT('Ctrl Pts',(-6.02177958802443,-3.92183189703334,29.9528009145495));
#7919=CARTESIAN_POINT('Ctrl Pts',(-6.02177958802443,-3.92183189703334,29.4528009145495));
#7920=CARTESIAN_POINT('',(-5.77177960292559,-4.02897482229579,29.9528009145495));
#7921=CARTESIAN_POINT('Ctrl Pts',(-5.77177960292559,-4.02897482229579,29.9528009145495));
#7922=CARTESIAN_POINT('Ctrl Pts',(-5.81819539725042,-4.02422249677523,29.9528009145495));
#7923=CARTESIAN_POINT('Ctrl Pts',(-5.91258761222968,-4.01455805951388,29.9528009145495));
#7924=CARTESIAN_POINT('Ctrl Pts',(-5.98498328004901,-3.953079435208,29.9528009145495));
#7925=CARTESIAN_POINT('Ctrl Pts',(-6.02177958802443,-3.92183189703334,29.9528009145495));
#7926=CARTESIAN_POINT('',(-5.77177960292559,-4.02897482229579,29.4528009145495));
#7927=CARTESIAN_POINT('',(-5.77177960292559,-4.02897482229579,29.9528009145495));
#7928=CARTESIAN_POINT('Ctrl Pts',(-5.77177960292559,-4.02897482229579,29.4528009145495));
#7929=CARTESIAN_POINT('Ctrl Pts',(-5.81819539725042,-4.02422249677523,29.4528009145495));
#7930=CARTESIAN_POINT('Ctrl Pts',(-5.91258761222968,-4.01455805951388,29.4528009145495));
#7931=CARTESIAN_POINT('Ctrl Pts',(-5.98498328004901,-3.953079435208,29.4528009145495));
#7932=CARTESIAN_POINT('Ctrl Pts',(-6.02177958802443,-3.92183189703334,29.4528009145495));
#7933=CARTESIAN_POINT('Ctrl Pts',(-5.52177954332094,-3.92183189703334,29.9528009145495));
#7934=CARTESIAN_POINT('Ctrl Pts',(-5.52177954332094,-3.92183189703334,29.4528009145495));
#7935=CARTESIAN_POINT('Ctrl Pts',(-5.55857587695047,-3.95307943514233,29.9528009145495));
#7936=CARTESIAN_POINT('Ctrl Pts',(-5.55857587695047,-3.95307943514233,29.4528009145495));
#7937=CARTESIAN_POINT('Ctrl Pts',(-5.63097157979616,-4.01455804620111,29.9528009145495));
#7938=CARTESIAN_POINT('Ctrl Pts',(-5.63097157979616,-4.01455804620111,29.4528009145495));
#7939=CARTESIAN_POINT('Ctrl Pts',(-5.72536381090582,-4.02422249308944,29.9528009145495));
#7940=CARTESIAN_POINT('Ctrl Pts',(-5.72536381090582,-4.02422249308944,29.4528009145495));
#7941=CARTESIAN_POINT('Ctrl Pts',(-5.77177960292559,-4.02897482229579,29.9528009145495));
#7942=CARTESIAN_POINT('Ctrl Pts',(-5.77177960292559,-4.02897482229579,29.4528009145495));
#7943=CARTESIAN_POINT('Ctrl Pts',(-5.52177954332094,-3.92183189703334,29.9528009145495));
#7944=CARTESIAN_POINT('Ctrl Pts',(-5.55857587695047,-3.95307943514233,29.9528009145495));
#7945=CARTESIAN_POINT('Ctrl Pts',(-5.63097157979616,-4.01455804620111,29.9528009145495));
#7946=CARTESIAN_POINT('Ctrl Pts',(-5.72536381090582,-4.02422249308944,29.9528009145495));
#7947=CARTESIAN_POINT('Ctrl Pts',(-5.77177960292559,-4.02897482229579,29.9528009145495));
#7948=CARTESIAN_POINT('Ctrl Pts',(-5.52177954332094,-3.92183189703334,29.4528009145495));
#7949=CARTESIAN_POINT('Ctrl Pts',(-5.55857587695047,-3.95307943514233,29.4528009145495));
#7950=CARTESIAN_POINT('Ctrl Pts',(-5.63097157979616,-4.01455804620111,29.4528009145495));
#7951=CARTESIAN_POINT('Ctrl Pts',(-5.72536381090582,-4.02422249308944,29.4528009145495));
#7952=CARTESIAN_POINT('Ctrl Pts',(-5.77177960292559,-4.02897482229579,29.4528009145495));
#7953=CARTESIAN_POINT('Origin',(6.69250685854692,-1.52897482229579,29.4528009145495));
#7954=CARTESIAN_POINT('Origin',(1.1143467068546,56.1,29.9528009145495));
#7955=CARTESIAN_POINT('Origin',(1.1143467068546,56.1,29.9528009145495));
#7956=CARTESIAN_POINT('Origin',(83.2143467068546,114.7,27.9528009145495));
#7957=CARTESIAN_POINT('',(83.2143467068546,120.7,27.9528009145495));
#7958=CARTESIAN_POINT('',(83.2143467068546,118.7,29.9528009145495));
#7959=CARTESIAN_POINT('Origin',(83.2143467068546,118.7,27.9528009145495));
#7960=CARTESIAN_POINT('',(87.2143467068546,114.7,29.9528009145495));
#7961=CARTESIAN_POINT('Origin',(83.2143467068546,114.7,29.9528009145495));
#7962=CARTESIAN_POINT('',(89.2143467068546,114.7,27.9528009145495));
#7963=CARTESIAN_POINT('Origin',(87.2143467068546,114.7,27.9528009145495));
#7964=CARTESIAN_POINT('Origin',(83.2143467068546,114.7,27.9528009145495));
#7965=CARTESIAN_POINT('Origin',(87.2143467068546,83.9,27.9528009145495));
#7966=CARTESIAN_POINT('',(87.2143467068546,-2.49999999999998,29.9528009145494));
#7967=CARTESIAN_POINT('',(89.2143467068546,-2.49999999999998,27.9528009145494));
#7968=CARTESIAN_POINT('Origin',(87.2143467068546,-2.49999999999998,27.9528009145494));
#7969=CARTESIAN_POINT('',(89.2143467068546,83.9,27.9528009145495));
#7970=CARTESIAN_POINT('',(87.2143467068546,83.9,29.9528009145495));
#7971=CARTESIAN_POINT('Origin',(83.2143467068546,-2.49999999999998,27.9528009145494));
#7972=CARTESIAN_POINT('',(83.2143467068546,-6.49999999999998,29.9528009145494));
#7973=CARTESIAN_POINT('',(83.2143467068546,-8.49999999999999,27.9528009145494));
#7974=CARTESIAN_POINT('Origin',(83.2143467068546,-6.49999999999998,27.9528009145494));
#7975=CARTESIAN_POINT('Origin',(83.2143467068546,-2.49999999999998,27.9528009145494));
#7976=CARTESIAN_POINT('Origin',(83.2143467068546,-2.49999999999998,29.9528009145494));
#7977=CARTESIAN_POINT('Origin',(43.6643467068546,-6.49999999999999,27.9528009145494));
#7978=CARTESIAN_POINT('',(-80.9856532931454,-6.49999999999999,29.9528009145495));
#7979=CARTESIAN_POINT('',(-80.9856532931454,-8.49999999999999,27.9528009145495));
#7980=CARTESIAN_POINT('Origin',(-80.9856532931454,-6.49999999999999,27.9528009145495));
#7981=CARTESIAN_POINT('',(43.6643467068546,-8.49999999999999,27.9528009145494));
#7982=CARTESIAN_POINT('',(43.6643467068546,-6.49999999999999,29.9528009145494));
#7983=CARTESIAN_POINT('Origin',(-80.9856532931454,-2.49999999999999,27.9528009145495));
#7984=CARTESIAN_POINT('',(-84.9856532931454,-2.49999999999999,29.9528009145495));
#7985=CARTESIAN_POINT('',(-86.9856532931454,-2.49999999999999,27.9528009145495));
#7986=CARTESIAN_POINT('Origin',(-84.9856532931454,-2.49999999999999,27.9528009145495));
#7987=CARTESIAN_POINT('Origin',(-80.9856532931454,-2.49999999999999,27.9528009145495));
#7988=CARTESIAN_POINT('Origin',(-80.9856532931454,-2.49999999999999,29.9528009145495));
#7989=CARTESIAN_POINT('Origin',(-84.9856532931454,28.3,27.9528009145495));
#7990=CARTESIAN_POINT('',(-84.9856532931454,114.7,29.9528009145495));
#7991=CARTESIAN_POINT('',(-86.9856532931454,114.7,27.9528009145495));
#7992=CARTESIAN_POINT('Origin',(-84.9856532931454,114.7,27.9528009145495));
#7993=CARTESIAN_POINT('',(-86.9856532931454,28.3,27.9528009145495));
#7994=CARTESIAN_POINT('',(-84.9856532931454,28.3,29.9528009145495));
#7995=CARTESIAN_POINT('Origin',(-80.9856532931454,114.7,27.9528009145495));
#7996=CARTESIAN_POINT('',(-80.9856532931454,118.7,29.9528009145495));
#7997=CARTESIAN_POINT('',(-80.9856532931454,120.7,27.9528009145495));
#7998=CARTESIAN_POINT('Origin',(-80.9856532931454,118.7,27.9528009145495));
#7999=CARTESIAN_POINT('Origin',(-80.9856532931454,114.7,27.9528009145495));
#8000=CARTESIAN_POINT('Origin',(-80.9856532931454,114.7,29.9528009145495));
#8001=CARTESIAN_POINT('Origin',(-41.4356532931454,118.7,27.9528009145495));
#8002=CARTESIAN_POINT('',(-41.4356532931454,120.7,27.9528009145495));
#8003=CARTESIAN_POINT('',(-41.4356532931454,118.7,29.9528009145495));
#8004=CARTESIAN_POINT('Origin',(-86.9856532931454,0.500000000000002,29.9528009145495));
#8005=CARTESIAN_POINT('',(-86.9856532931454,114.7,22.9528299065047));
#8006=CARTESIAN_POINT('',(-86.9856532931454,114.7,29.9528009145495));
#8007=CARTESIAN_POINT('',(-86.9856532931454,-2.49999999999999,22.9528299065047));
#8008=CARTESIAN_POINT('',(-86.9856532931454,28.3,22.9528299065047));
#8009=CARTESIAN_POINT('',(-86.9856532931454,-2.49999999999999,29.9528009145495));
#8010=CARTESIAN_POINT('Origin',(-80.9856532931454,114.7,29.9528009145495));
#8011=CARTESIAN_POINT('',(-80.9856532931454,120.7,22.9528299065047));
#8012=CARTESIAN_POINT('',(-80.9856532931454,120.7,29.9528009145495));
#8013=CARTESIAN_POINT('Origin',(-80.9856532931454,114.7,22.9528299065048));
#8014=CARTESIAN_POINT('Origin',(-83.9856532931454,120.7,29.9528009145495));
#8015=CARTESIAN_POINT('',(83.2143467068546,120.7,22.9528299065047));
#8016=CARTESIAN_POINT('',(83.2143467068546,120.7,29.9528009145495));
#8017=CARTESIAN_POINT('',(-41.4356532931454,120.7,22.9528299065047));
#8018=CARTESIAN_POINT('Origin',(83.2143467068546,114.7,29.9528009145495));
#8019=CARTESIAN_POINT('',(89.2143467068546,114.7,22.9528299065047));
#8020=CARTESIAN_POINT('',(89.2143467068546,114.7,29.9528009145495));
#8021=CARTESIAN_POINT('Origin',(83.2143467068546,114.7,22.9528299065047));
#8022=CARTESIAN_POINT('Origin',(1.1143467068546,56.1,29.9528009145495));
#8023=CARTESIAN_POINT('',(86.4143467068546,3.50000000000001,29.9528009145494));
#8024=CARTESIAN_POINT('',(-84.1856532931454,3.50000000000001,29.9528009145495));
#8025=CARTESIAN_POINT('',(-41.4356532931454,3.50000000000001,29.9528009145495));
#8026=CARTESIAN_POINT('',(-84.1856532931454,109.7,29.9528009145495));
#8027=CARTESIAN_POINT('',(-84.1856532931454,28.3,29.9528009145495));
#8028=CARTESIAN_POINT('',(86.4143467068546,109.7,29.9528009145495));
#8029=CARTESIAN_POINT('',(43.6643467068546,109.7,29.9528009145495));
#8030=CARTESIAN_POINT('',(86.4143467068546,83.9,29.9528009145495));
#8031=CARTESIAN_POINT('Origin',(1.11434670685459,56.1,22.9528299065047));
#8032=CARTESIAN_POINT('',(89.2143467068546,-2.49999999999998,22.9528299065047));
#8033=CARTESIAN_POINT('',(89.2143467068546,83.9,22.9528299065047));
#8034=CARTESIAN_POINT('',(83.2143467068546,-8.49999999999999,22.9528299065047));
#8035=CARTESIAN_POINT('Origin',(83.2143467068546,-2.49999999999998,22.9528299065047));
#8036=CARTESIAN_POINT('',(-80.9856532931454,-8.49999999999999,22.9528299065047));
#8037=CARTESIAN_POINT('',(43.6643467068546,-8.49999999999999,22.9528299065047));
#8038=CARTESIAN_POINT('Origin',(-80.9856532931454,-2.49999999999999,22.9528299065047));
#8039=CARTESIAN_POINT('',(-84.1856532931454,0.300000000000013,22.9528299065047));
#8040=CARTESIAN_POINT('',(-84.1856532931454,112.7,22.9528299065047));
#8041=CARTESIAN_POINT('',(-84.1856532931454,28.3,22.9528299065047));
#8042=CARTESIAN_POINT('',(-4.0856532931454,0.300000000000013,22.9528299065047));
#8043=CARTESIAN_POINT('',(43.6643467068546,0.300000000000011,22.9528299065047));
#8044=CARTESIAN_POINT('',(-4.0856532931454,-1.49999999999998,22.9528299065047));
#8045=CARTESIAN_POINT('',(-4.0856532931454,27.3,22.9528299065047));
#8046=CARTESIAN_POINT('',(6.3516867842638,-1.49999999999998,22.9528299065047));
#8047=CARTESIAN_POINT('',(3.7330167455592,-1.49999999999998,22.9528299065047));
#8048=CARTESIAN_POINT('',(6.3516867842638,0.300000000000016,22.9528299065047));
#8049=CARTESIAN_POINT('',(6.3516867842638,28.3,22.9528299065047));
#8050=CARTESIAN_POINT('',(86.4143467068546,0.300000000000013,22.9528299065047));
#8051=CARTESIAN_POINT('',(43.6643467068546,0.300000000000016,22.9528299065047));
#8052=CARTESIAN_POINT('',(86.4143467068546,112.7,22.9528299065047));
#8053=CARTESIAN_POINT('',(86.4143467068546,83.9,22.9528299065047));
#8054=CARTESIAN_POINT('',(-41.4356532931454,112.7,22.9528299065047));
#8055=CARTESIAN_POINT('Origin',(6.3516867842638,0.500000000000014,28.5528009145494));
#8056=CARTESIAN_POINT('',(6.3516867842638,-1.49999999999999,29.0528009145494));
#8057=CARTESIAN_POINT('',(6.3516867842638,-1.49999999999999,28.5528009145494));
#8058=CARTESIAN_POINT('',(6.3516867842638,3.50000000000001,29.0528009145494));
#8059=CARTESIAN_POINT('',(6.3516867842638,0.500000000000009,29.0528009145494));
#8060=CARTESIAN_POINT('',(6.35168678426378,3.50000000000001,28.6528009145495));
#8061=CARTESIAN_POINT('',(6.3516867842638,3.50000000000002,9.95280091454945));
#8062=CARTESIAN_POINT('',(6.35168678426378,0.30000000000001,28.6528009145495));
#8063=CARTESIAN_POINT('',(6.3516867842638,0.500000000000013,28.6528009145495));
#8064=CARTESIAN_POINT('',(6.3516867842638,0.300000000000016,29.2528009145494));
#8065=CARTESIAN_POINT('Origin',(6.3516867842638,-1.49999999999999,28.5528009145494));
#8066=CARTESIAN_POINT('',(-4.08565329314539,-1.49999999999999,29.0528009145494));
#8067=CARTESIAN_POINT('',(-4.08565329314539,-1.49999999999999,28.5528009145494));
#8068=CARTESIAN_POINT('',(6.3516867842638,-1.49999999999999,29.0528009145494));
#8069=CARTESIAN_POINT('Origin',(-4.08565329314539,-1.49999999999999,28.5528009145494));
#8070=CARTESIAN_POINT('',(-4.08565329314538,0.30000000000001,28.6528009145495));
#8071=CARTESIAN_POINT('',(-4.08565329314539,0.300000000000011,29.2528009145494));
#8072=CARTESIAN_POINT('',(-4.08565329314538,3.50000000000001,28.6528009145495));
#8073=CARTESIAN_POINT('',(-4.08565329314539,-0.499999999999987,28.6528009145495));
#8074=CARTESIAN_POINT('',(-4.08565329314539,3.50000000000001,29.0528009145494));
#8075=CARTESIAN_POINT('',(-4.08565329314539,3.50000000000001,29.0528009145494));
#8076=CARTESIAN_POINT('',(-4.08565329314539,-1.49999999999999,29.0528009145494));
#8077=CARTESIAN_POINT('Origin',(86.2143467068546,0.300000000000011,29.9528009145494));
#8078=CARTESIAN_POINT('',(-84.1856532931454,0.300000000000007,28.6528009145495));
#8079=CARTESIAN_POINT('',(-84.1856532931454,0.300000000000011,29.9528009145495));
#8080=CARTESIAN_POINT('',(41.0643467068546,0.300000000000011,28.6528009145495));
#8081=CARTESIAN_POINT('Origin',(-80.9856532931454,-2.49999999999999,29.9528009145495));
#8082=CARTESIAN_POINT('',(-80.9856532931454,-8.49999999999999,29.9528009145495));
#8083=CARTESIAN_POINT('Origin',(86.2143467068546,-8.49999999999999,29.9528009145494));
#8084=CARTESIAN_POINT('',(83.2143467068546,-8.49999999999999,29.9528009145494));
#8085=CARTESIAN_POINT('Origin',(83.2143467068546,-2.49999999999998,29.9528009145494));
#8086=CARTESIAN_POINT('',(89.2143467068546,-2.49999999999998,29.9528009145494));
#8087=CARTESIAN_POINT('Origin',(-83.9856532931454,111.7,28.6528009145495));
#8088=CARTESIAN_POINT('',(86.4143467068546,112.7,28.6528009145495));
#8089=CARTESIAN_POINT('',(86.4143467068546,109.7,28.6528009145495));
#8090=CARTESIAN_POINT('',(86.4143467068546,111.7,28.6528009145495));
#8091=CARTESIAN_POINT('',(-84.1856532931454,109.7,28.6528009145495));
#8092=CARTESIAN_POINT('',(-83.9856532931454,109.7,28.6528009145495));
#8093=CARTESIAN_POINT('',(-84.1856532931454,112.7,28.6528009145495));
#8094=CARTESIAN_POINT('',(-84.1856532931454,111.7,28.6528009145495));
#8095=CARTESIAN_POINT('',(-83.9856532931454,112.7,28.6528009145495));
#8096=CARTESIAN_POINT('Origin',(86.2143467068546,0.50000000000001,28.6528009145494));
#8097=CARTESIAN_POINT('',(86.4143467068546,3.50000000000001,28.6528009145494));
#8098=CARTESIAN_POINT('',(86.2143467068546,3.50000000000001,28.6528009145494));
#8099=CARTESIAN_POINT('',(86.4143467068546,0.300000000000011,28.6528009145494));
#8100=CARTESIAN_POINT('',(86.4143467068546,56.1,28.6528009145495));
#8101=CARTESIAN_POINT('',(86.2143467068546,0.300000000000011,28.6528009145494));
#8102=CARTESIAN_POINT('Origin',(1.1330167455592,-0.499999999999986,29.0528009145494));
#8103=CARTESIAN_POINT('',(6.3516867842638,3.50000000000001,29.0528009145494));
#8104=CARTESIAN_POINT('Origin',(-4.08565329314538,0.50000000000001,28.6528009145495));
#8105=CARTESIAN_POINT('',(-84.1856532931454,3.50000000000001,28.6528009145495));
#8106=CARTESIAN_POINT('',(-84.1856532931454,0.500000000000006,28.6528009145495));
#8107=CARTESIAN_POINT('',(86.2143467068546,3.50000000000001,28.6528009145494));
#8108=CARTESIAN_POINT('Origin',(1.1143467068546,109.7,29.3028009145495));
#8109=CARTESIAN_POINT('',(86.4143467068546,109.7,29.6278009145495));
#8110=CARTESIAN_POINT('',(-84.1856532931454,109.7,29.6278009145495));
#8111=CARTESIAN_POINT('Origin',(1.1143467068546,3.50000000000001,29.3028009145495));
#8112=CARTESIAN_POINT('',(86.4143467068546,3.50000000000001,29.6278009145494));
#8113=CARTESIAN_POINT('',(-84.1856532931454,3.50000000000001,29.6278009145495));
#8114=CARTESIAN_POINT('Origin',(-84.1856532931454,0.500000000000007,29.9528009145495));
#8115=CARTESIAN_POINT('',(-84.1856532931454,112.7,29.9528009145495));
#8116=CARTESIAN_POINT('Origin',(-83.9856532931454,112.7,29.9528009145495));
#8117=CARTESIAN_POINT('',(86.4143467068546,112.7,29.9528009145495));
#8118=CARTESIAN_POINT('Origin',(86.4143467068546,111.7,29.9528009145495));
#8119=CARTESIAN_POINT('',(86.4143467068546,0.300000000000011,29.9528009145494));
#8120=CARTESIAN_POINT('Origin',(86.2143467068546,0.300000000000016,29.9528009145494));
#8121=CARTESIAN_POINT('Origin',(89.2143467068546,111.7,29.9528009145495));
#8122=UNCERTAINTY_MEASURE_WITH_UNIT(LENGTH_MEASURE(0.01),#8126,
'DISTANCE_ACCURACY_VALUE',
'Maximum model space distance between geometric entities at asserted c
onnectivities');
#8123=UNCERTAINTY_MEASURE_WITH_UNIT(LENGTH_MEASURE(0.01),#8126,
'DISTANCE_ACCURACY_VALUE',
'Maximum model space distance between geometric entities at asserted c
onnectivities');
#8124=(
GEOMETRIC_REPRESENTATION_CONTEXT(3)
GLOBAL_UNCERTAINTY_ASSIGNED_CONTEXT((#8122))
GLOBAL_UNIT_ASSIGNED_CONTEXT((#8126,#8128,#8129))
REPRESENTATION_CONTEXT('','3D')
);
#8125=(
GEOMETRIC_REPRESENTATION_CONTEXT(3)
GLOBAL_UNCERTAINTY_ASSIGNED_CONTEXT((#8123))
GLOBAL_UNIT_ASSIGNED_CONTEXT((#8126,#8128,#8129))
REPRESENTATION_CONTEXT('','3D')
);
#8126=(
LENGTH_UNIT()
NAMED_UNIT(*)
SI_UNIT(.MILLI.,.METRE.)
);
#8127=(
LENGTH_UNIT()
NAMED_UNIT(*)
SI_UNIT($,.METRE.)
);
#8128=(
NAMED_UNIT(*)
PLANE_ANGLE_UNIT()
SI_UNIT($,.RADIAN.)
);
#8129=(
NAMED_UNIT(*)
SI_UNIT($,.STERADIAN.)
SOLID_ANGLE_UNIT()
);
#8130=SHAPE_DEFINITION_REPRESENTATION(#8131,#8132);
#8131=PRODUCT_DEFINITION_SHAPE('',$,#8134);
#8132=SHAPE_REPRESENTATION('',(#4242),#8124);
#8133=PRODUCT_DEFINITION_CONTEXT('part definition',#8138,'design');
#8134=PRODUCT_DEFINITION('TRMNL','TRMNL v41',#8135,#8133);
#8135=PRODUCT_DEFINITION_FORMATION('',$,#8140);
#8136=PRODUCT_RELATED_PRODUCT_CATEGORY('TRMNL v41','TRMNL v41',(#8140));
#8137=APPLICATION_PROTOCOL_DEFINITION('international standard',
'automotive_design',2009,#8138);
#8138=APPLICATION_CONTEXT(
'Core Data for Automotive Mechanical Design Process');
#8139=PRODUCT_CONTEXT('part definition',#8138,'mechanical');
#8140=PRODUCT('TRMNL','TRMNL v41',$,(#8139));
#8141=PRESENTATION_STYLE_ASSIGNMENT((#8152));
#8142=PRESENTATION_STYLE_ASSIGNMENT((#8153));
#8143=PRESENTATION_STYLE_ASSIGNMENT((#8154));
#8144=PRESENTATION_STYLE_ASSIGNMENT((#8155));
#8145=PRESENTATION_STYLE_ASSIGNMENT((#8156));
#8146=PRESENTATION_STYLE_ASSIGNMENT((#8157));
#8147=PRESENTATION_STYLE_ASSIGNMENT((#8158));
#8148=PRESENTATION_STYLE_ASSIGNMENT((#8159));
#8149=PRESENTATION_STYLE_ASSIGNMENT((#8160));
#8150=PRESENTATION_STYLE_ASSIGNMENT((#8161));
#8151=PRESENTATION_STYLE_ASSIGNMENT((#8162));
#8152=SURFACE_STYLE_USAGE(.BOTH.,#8163);
#8153=SURFACE_STYLE_USAGE(.BOTH.,#8164);
#8154=SURFACE_STYLE_USAGE(.BOTH.,#8165);
#8155=SURFACE_STYLE_USAGE(.BOTH.,#8166);
#8156=SURFACE_STYLE_USAGE(.BOTH.,#8167);
#8157=SURFACE_STYLE_USAGE(.BOTH.,#8168);
#8158=SURFACE_STYLE_USAGE(.BOTH.,#8169);
#8159=SURFACE_STYLE_USAGE(.BOTH.,#8170);
#8160=SURFACE_STYLE_USAGE(.BOTH.,#8171);
#8161=SURFACE_STYLE_USAGE(.BOTH.,#8172);
#8162=SURFACE_STYLE_USAGE(.BOTH.,#8173);
#8163=SURFACE_SIDE_STYLE('',(#8174));
#8164=SURFACE_SIDE_STYLE('',(#8175));
#8165=SURFACE_SIDE_STYLE('',(#8176));
#8166=SURFACE_SIDE_STYLE('',(#8177));
#8167=SURFACE_SIDE_STYLE('',(#8178));
#8168=SURFACE_SIDE_STYLE('',(#8179));
#8169=SURFACE_SIDE_STYLE('',(#8180));
#8170=SURFACE_SIDE_STYLE('',(#8181));
#8171=SURFACE_SIDE_STYLE('',(#8182));
#8172=SURFACE_SIDE_STYLE('',(#8183));
#8173=SURFACE_SIDE_STYLE('',(#8184));
#8174=SURFACE_STYLE_FILL_AREA(#8185);
#8175=SURFACE_STYLE_FILL_AREA(#8186);
#8176=SURFACE_STYLE_FILL_AREA(#8187);
#8177=SURFACE_STYLE_FILL_AREA(#8188);
#8178=SURFACE_STYLE_FILL_AREA(#8189);
#8179=SURFACE_STYLE_FILL_AREA(#8190);
#8180=SURFACE_STYLE_FILL_AREA(#8191);
#8181=SURFACE_STYLE_FILL_AREA(#8192);
#8182=SURFACE_STYLE_FILL_AREA(#8193);
#8183=SURFACE_STYLE_FILL_AREA(#8194);
#8184=SURFACE_STYLE_FILL_AREA(#8195);
#8185=FILL_AREA_STYLE('Steel - Satin',(#8196));
#8186=FILL_AREA_STYLE('ABS (White)',(#8197));
#8187=FILL_AREA_STYLE('Opaque(38,38,38)',(#8198));
#8188=FILL_AREA_STYLE('Opaque(255,255,255)',(#8199));
#8189=FILL_AREA_STYLE('Opaque(255,215,0)',(#8200));
#8190=FILL_AREA_STYLE('Opaque(76,76,76)',(#8201));
#8191=FILL_AREA_STYLE('Opaque(229,235,237)',(#8202));
#8192=FILL_AREA_STYLE('Opaque(160,160,160)',(#8203));
#8193=FILL_AREA_STYLE('Opaque(53,54,54)',(#8204));
#8194=FILL_AREA_STYLE('Opaque(244,229,167)',(#8205));
#8195=FILL_AREA_STYLE('Opaque(236,236,236)',(#8206));
#8196=FILL_AREA_STYLE_COLOUR('Steel - Satin',#8207);
#8197=FILL_AREA_STYLE_COLOUR('ABS (White)',#8208);
#8198=FILL_AREA_STYLE_COLOUR('Opaque(38,38,38)',#8209);
#8199=FILL_AREA_STYLE_COLOUR('Opaque(255,255,255)',#8210);
#8200=FILL_AREA_STYLE_COLOUR('Opaque(255,215,0)',#8211);
#8201=FILL_AREA_STYLE_COLOUR('Opaque(76,76,76)',#8212);
#8202=FILL_AREA_STYLE_COLOUR('Opaque(229,235,237)',#8213);
#8203=FILL_AREA_STYLE_COLOUR('Opaque(160,160,160)',#8214);
#8204=FILL_AREA_STYLE_COLOUR('Opaque(53,54,54)',#8215);
#8205=FILL_AREA_STYLE_COLOUR('Opaque(244,229,167)',#8216);
#8206=FILL_AREA_STYLE_COLOUR('Opaque(236,236,236)',#8217);
#8207=COLOUR_RGB('Steel - Satin',0.627450980392157,0.627450980392157,0.627450980392157);
#8208=COLOUR_RGB('ABS (White)',0.964705882352941,0.964705882352941,0.952941176470588);
#8209=COLOUR_RGB('Opaque(38,38,38)',0.149019607843137,0.149019607843137,
0.149019607843137);
#8210=COLOUR_RGB('Opaque(255,255,255)',0.972549019607843,0.396078431372549,
0.294117647058824);
#8211=COLOUR_RGB('Opaque(255,215,0)',1.,0.843137254901961,0.);
#8212=COLOUR_RGB('Opaque(76,76,76)',0.298039215686275,0.298039215686275,
0.298039215686275);
#8213=COLOUR_RGB('Opaque(229,235,237)',0.898039215686275,0.92156862745098,
0.929411764705882);
#8214=COLOUR_RGB('Opaque(160,160,160)',0.627450980392157,0.627450980392157,
0.627450980392157);
#8215=COLOUR_RGB('Opaque(53,54,54)',0.207843137254902,0.211764705882353,
0.211764705882353);
#8216=COLOUR_RGB('Opaque(244,229,167)',0.956862745098039,0.898039215686275,
0.654901960784314);
#8217=COLOUR_RGB('Opaque(236,236,236)',0.925490196078431,0.925490196078431,
0.925490196078431);
ENDSEC;
END-ISO-10303-21;
