ISO-10303-21;
HEADER;
/* Generated by software containing ST-Developer
 * from STEP Tools, Inc. (www.steptools.com) 
 */

FILE_DESCRIPTION(
/* description */ (''),
/* implementation_level */ '2;1');

FILE_NAME(
/* name */ 'Logo.step',
/* time_stamp */ '2026-06-06T14:52:32+03:00',
/* author */ (''),
/* organization */ (''),
/* preprocessor_version */ 'ST-DEVELOPER v20.1',
/* originating_system */ 'Autodesk Translation Framework v15.8.0.0',
/* authorisation */ '');

FILE_SCHEMA (('AUTOMOTIVE_DESIGN { 1 0 10303 214 3 1 1 }'));
ENDSEC;

DATA;
#10=MECHANICAL_DESIGN_GEOMETRIC_PRESENTATION_REPRESENTATION('',(#13,#14,
#15,#16,#17,#18,#19,#20,#21,#22,#23,#24,#25,#26),#11367);
#11=SHAPE_REPRESENTATION_RELATIONSHIP('SRR','None',#11374,#12);
#12=ADVANCED_BREP_SHAPE_REPRESENTATION('',(#27,#28,#29,#30,#31,#32,#33,
#34,#35,#36,#37,#38,#39,#40),#11366);
#13=STYLED_ITEM('',(#11386),#27);
#14=STYLED_ITEM('',(#11386),#28);
#15=STYLED_ITEM('',(#11386),#29);
#16=STYLED_ITEM('',(#11386),#30);
#17=STYLED_ITEM('',(#11386),#31);
#18=STYLED_ITEM('',(#11386),#32);
#19=STYLED_ITEM('',(#11386),#33);
#20=STYLED_ITEM('',(#11386),#34);
#21=STYLED_ITEM('',(#11386),#35);
#22=STYLED_ITEM('',(#11386),#36);
#23=STYLED_ITEM('',(#11386),#37);
#24=STYLED_ITEM('',(#11386),#38);
#25=STYLED_ITEM('',(#11386),#39);
#26=STYLED_ITEM('',(#11386),#40);
#27=MANIFOLD_SOLID_BREP('Body96',#5261);
#28=MANIFOLD_SOLID_BREP('Body97',#5262);
#29=MANIFOLD_SOLID_BREP('Body98',#5263);
#30=MANIFOLD_SOLID_BREP('Body99',#5264);
#31=MANIFOLD_SOLID_BREP('Body100',#5265);
#32=MANIFOLD_SOLID_BREP('Body101',#5266);
#33=MANIFOLD_SOLID_BREP('Body102',#5267);
#34=MANIFOLD_SOLID_BREP('Body103',#5268);
#35=MANIFOLD_SOLID_BREP('Body104',#5269);
#36=MANIFOLD_SOLID_BREP('Body105',#5270);
#37=MANIFOLD_SOLID_BREP('Body106',#5271);
#38=MANIFOLD_SOLID_BREP('Body107',#5272);
#39=MANIFOLD_SOLID_BREP('Body108',#5273);
#40=MANIFOLD_SOLID_BREP('Body109',#5274);
#41=FACE_BOUND('',#466,.T.);
#42=FACE_BOUND('',#492,.T.);
#43=FACE_BOUND('',#661,.T.);
#44=FACE_BOUND('',#686,.T.);
#45=PLANE('',#5288);
#46=PLANE('',#5289);
#47=PLANE('',#5290);
#48=PLANE('',#5291);
#49=PLANE('',#5292);
#50=PLANE('',#5293);
#51=PLANE('',#5294);
#52=PLANE('',#5295);
#53=PLANE('',#5296);
#54=PLANE('',#5297);
#55=PLANE('',#5298);
#56=PLANE('',#5299);
#57=PLANE('',#5300);
#58=PLANE('',#5301);
#59=PLANE('',#5302);
#60=PLANE('',#5303);
#61=PLANE('',#5304);
#62=PLANE('',#5305);
#63=PLANE('',#5306);
#64=PLANE('',#5307);
#65=PLANE('',#5308);
#66=PLANE('',#5309);
#67=PLANE('',#5310);
#68=PLANE('',#5311);
#69=PLANE('',#5312);
#70=PLANE('',#5313);
#71=PLANE('',#5314);
#72=PLANE('',#5315);
#73=PLANE('',#5316);
#74=PLANE('',#5317);
#75=PLANE('',#5318);
#76=PLANE('',#5319);
#77=PLANE('',#5320);
#78=PLANE('',#5321);
#79=PLANE('',#5322);
#80=PLANE('',#5323);
#81=PLANE('',#5324);
#82=PLANE('',#5325);
#83=PLANE('',#5326);
#84=PLANE('',#5327);
#85=PLANE('',#5328);
#86=PLANE('',#5329);
#87=PLANE('',#5330);
#88=PLANE('',#5331);
#89=PLANE('',#5332);
#90=PLANE('',#5333);
#91=PLANE('',#5334);
#92=PLANE('',#5335);
#93=PLANE('',#5336);
#94=PLANE('',#5337);
#95=PLANE('',#5338);
#96=PLANE('',#5339);
#97=PLANE('',#5340);
#98=PLANE('',#5341);
#99=PLANE('',#5342);
#100=PLANE('',#5343);
#101=PLANE('',#5344);
#102=PLANE('',#5345);
#103=PLANE('',#5346);
#104=PLANE('',#5347);
#105=PLANE('',#5348);
#106=PLANE('',#5349);
#107=PLANE('',#5350);
#108=PLANE('',#5351);
#109=PLANE('',#5352);
#110=PLANE('',#5353);
#111=PLANE('',#5354);
#112=PLANE('',#5355);
#113=PLANE('',#5356);
#114=PLANE('',#5357);
#115=PLANE('',#5358);
#116=PLANE('',#5359);
#117=PLANE('',#5360);
#118=PLANE('',#5361);
#119=PLANE('',#5362);
#120=PLANE('',#5363);
#121=PLANE('',#5364);
#122=PLANE('',#5365);
#123=PLANE('',#5366);
#124=PLANE('',#5367);
#125=PLANE('',#5368);
#126=PLANE('',#5369);
#127=PLANE('',#5370);
#128=PLANE('',#5371);
#129=PLANE('',#5372);
#130=PLANE('',#5373);
#131=PLANE('',#5374);
#132=PLANE('',#5375);
#133=PLANE('',#5376);
#134=PLANE('',#5377);
#135=PLANE('',#5378);
#136=PLANE('',#5379);
#137=PLANE('',#5380);
#138=PLANE('',#5381);
#139=PLANE('',#5382);
#140=PLANE('',#5383);
#141=PLANE('',#5384);
#142=FACE_OUTER_BOUND('',#449,.T.);
#143=FACE_OUTER_BOUND('',#450,.T.);
#144=FACE_OUTER_BOUND('',#451,.T.);
#145=FACE_OUTER_BOUND('',#452,.T.);
#146=FACE_OUTER_BOUND('',#453,.T.);
#147=FACE_OUTER_BOUND('',#454,.T.);
#148=FACE_OUTER_BOUND('',#455,.T.);
#149=FACE_OUTER_BOUND('',#456,.T.);
#150=FACE_OUTER_BOUND('',#457,.T.);
#151=FACE_OUTER_BOUND('',#458,.T.);
#152=FACE_OUTER_BOUND('',#459,.T.);
#153=FACE_OUTER_BOUND('',#460,.T.);
#154=FACE_OUTER_BOUND('',#461,.T.);
#155=FACE_OUTER_BOUND('',#462,.T.);
#156=FACE_OUTER_BOUND('',#463,.T.);
#157=FACE_OUTER_BOUND('',#464,.T.);
#158=FACE_OUTER_BOUND('',#465,.T.);
#159=FACE_OUTER_BOUND('',#467,.T.);
#160=FACE_OUTER_BOUND('',#468,.T.);
#161=FACE_OUTER_BOUND('',#469,.T.);
#162=FACE_OUTER_BOUND('',#470,.T.);
#163=FACE_OUTER_BOUND('',#471,.T.);
#164=FACE_OUTER_BOUND('',#472,.T.);
#165=FACE_OUTER_BOUND('',#473,.T.);
#166=FACE_OUTER_BOUND('',#474,.T.);
#167=FACE_OUTER_BOUND('',#475,.T.);
#168=FACE_OUTER_BOUND('',#476,.T.);
#169=FACE_OUTER_BOUND('',#477,.T.);
#170=FACE_OUTER_BOUND('',#478,.T.);
#171=FACE_OUTER_BOUND('',#479,.T.);
#172=FACE_OUTER_BOUND('',#480,.T.);
#173=FACE_OUTER_BOUND('',#481,.T.);
#174=FACE_OUTER_BOUND('',#482,.T.);
#175=FACE_OUTER_BOUND('',#483,.T.);
#176=FACE_OUTER_BOUND('',#484,.T.);
#177=FACE_OUTER_BOUND('',#485,.T.);
#178=FACE_OUTER_BOUND('',#486,.T.);
#179=FACE_OUTER_BOUND('',#487,.T.);
#180=FACE_OUTER_BOUND('',#488,.T.);
#181=FACE_OUTER_BOUND('',#489,.T.);
#182=FACE_OUTER_BOUND('',#490,.T.);
#183=FACE_OUTER_BOUND('',#491,.T.);
#184=FACE_OUTER_BOUND('',#493,.T.);
#185=FACE_OUTER_BOUND('',#494,.T.);
#186=FACE_OUTER_BOUND('',#495,.T.);
#187=FACE_OUTER_BOUND('',#496,.T.);
#188=FACE_OUTER_BOUND('',#497,.T.);
#189=FACE_OUTER_BOUND('',#498,.T.);
#190=FACE_OUTER_BOUND('',#499,.T.);
#191=FACE_OUTER_BOUND('',#500,.T.);
#192=FACE_OUTER_BOUND('',#501,.T.);
#193=FACE_OUTER_BOUND('',#502,.T.);
#194=FACE_OUTER_BOUND('',#503,.T.);
#195=FACE_OUTER_BOUND('',#504,.T.);
#196=FACE_OUTER_BOUND('',#505,.T.);
#197=FACE_OUTER_BOUND('',#506,.T.);
#198=FACE_OUTER_BOUND('',#507,.T.);
#199=FACE_OUTER_BOUND('',#508,.T.);
#200=FACE_OUTER_BOUND('',#509,.T.);
#201=FACE_OUTER_BOUND('',#510,.T.);
#202=FACE_OUTER_BOUND('',#511,.T.);
#203=FACE_OUTER_BOUND('',#512,.T.);
#204=FACE_OUTER_BOUND('',#513,.T.);
#205=FACE_OUTER_BOUND('',#514,.T.);
#206=FACE_OUTER_BOUND('',#515,.T.);
#207=FACE_OUTER_BOUND('',#516,.T.);
#208=FACE_OUTER_BOUND('',#517,.T.);
#209=FACE_OUTER_BOUND('',#518,.T.);
#210=FACE_OUTER_BOUND('',#519,.T.);
#211=FACE_OUTER_BOUND('',#520,.T.);
#212=FACE_OUTER_BOUND('',#521,.T.);
#213=FACE_OUTER_BOUND('',#522,.T.);
#214=FACE_OUTER_BOUND('',#523,.T.);
#215=FACE_OUTER_BOUND('',#524,.T.);
#216=FACE_OUTER_BOUND('',#525,.T.);
#217=FACE_OUTER_BOUND('',#526,.T.);
#218=FACE_OUTER_BOUND('',#527,.T.);
#219=FACE_OUTER_BOUND('',#528,.T.);
#220=FACE_OUTER_BOUND('',#529,.T.);
#221=FACE_OUTER_BOUND('',#530,.T.);
#222=FACE_OUTER_BOUND('',#531,.T.);
#223=FACE_OUTER_BOUND('',#532,.T.);
#224=FACE_OUTER_BOUND('',#533,.T.);
#225=FACE_OUTER_BOUND('',#534,.T.);
#226=FACE_OUTER_BOUND('',#535,.T.);
#227=FACE_OUTER_BOUND('',#536,.T.);
#228=FACE_OUTER_BOUND('',#537,.T.);
#229=FACE_OUTER_BOUND('',#538,.T.);
#230=FACE_OUTER_BOUND('',#539,.T.);
#231=FACE_OUTER_BOUND('',#540,.T.);
#232=FACE_OUTER_BOUND('',#541,.T.);
#233=FACE_OUTER_BOUND('',#542,.T.);
#234=FACE_OUTER_BOUND('',#543,.T.);
#235=FACE_OUTER_BOUND('',#544,.T.);
#236=FACE_OUTER_BOUND('',#545,.T.);
#237=FACE_OUTER_BOUND('',#546,.T.);
#238=FACE_OUTER_BOUND('',#547,.T.);
#239=FACE_OUTER_BOUND('',#548,.T.);
#240=FACE_OUTER_BOUND('',#549,.T.);
#241=FACE_OUTER_BOUND('',#550,.T.);
#242=FACE_OUTER_BOUND('',#551,.T.);
#243=FACE_OUTER_BOUND('',#552,.T.);
#244=FACE_OUTER_BOUND('',#553,.T.);
#245=FACE_OUTER_BOUND('',#554,.T.);
#246=FACE_OUTER_BOUND('',#555,.T.);
#247=FACE_OUTER_BOUND('',#556,.T.);
#248=FACE_OUTER_BOUND('',#557,.T.);
#249=FACE_OUTER_BOUND('',#558,.T.);
#250=FACE_OUTER_BOUND('',#559,.T.);
#251=FACE_OUTER_BOUND('',#560,.T.);
#252=FACE_OUTER_BOUND('',#561,.T.);
#253=FACE_OUTER_BOUND('',#562,.T.);
#254=FACE_OUTER_BOUND('',#563,.T.);
#255=FACE_OUTER_BOUND('',#564,.T.);
#256=FACE_OUTER_BOUND('',#565,.T.);
#257=FACE_OUTER_BOUND('',#566,.T.);
#258=FACE_OUTER_BOUND('',#567,.T.);
#259=FACE_OUTER_BOUND('',#568,.T.);
#260=FACE_OUTER_BOUND('',#569,.T.);
#261=FACE_OUTER_BOUND('',#570,.T.);
#262=FACE_OUTER_BOUND('',#571,.T.);
#263=FACE_OUTER_BOUND('',#572,.T.);
#264=FACE_OUTER_BOUND('',#573,.T.);
#265=FACE_OUTER_BOUND('',#574,.T.);
#266=FACE_OUTER_BOUND('',#575,.T.);
#267=FACE_OUTER_BOUND('',#576,.T.);
#268=FACE_OUTER_BOUND('',#577,.T.);
#269=FACE_OUTER_BOUND('',#578,.T.);
#270=FACE_OUTER_BOUND('',#579,.T.);
#271=FACE_OUTER_BOUND('',#580,.T.);
#272=FACE_OUTER_BOUND('',#581,.T.);
#273=FACE_OUTER_BOUND('',#582,.T.);
#274=FACE_OUTER_BOUND('',#583,.T.);
#275=FACE_OUTER_BOUND('',#584,.T.);
#276=FACE_OUTER_BOUND('',#585,.T.);
#277=FACE_OUTER_BOUND('',#586,.T.);
#278=FACE_OUTER_BOUND('',#587,.T.);
#279=FACE_OUTER_BOUND('',#588,.T.);
#280=FACE_OUTER_BOUND('',#589,.T.);
#281=FACE_OUTER_BOUND('',#590,.T.);
#282=FACE_OUTER_BOUND('',#591,.T.);
#283=FACE_OUTER_BOUND('',#592,.T.);
#284=FACE_OUTER_BOUND('',#593,.T.);
#285=FACE_OUTER_BOUND('',#594,.T.);
#286=FACE_OUTER_BOUND('',#595,.T.);
#287=FACE_OUTER_BOUND('',#596,.T.);
#288=FACE_OUTER_BOUND('',#597,.T.);
#289=FACE_OUTER_BOUND('',#598,.T.);
#290=FACE_OUTER_BOUND('',#599,.T.);
#291=FACE_OUTER_BOUND('',#600,.T.);
#292=FACE_OUTER_BOUND('',#601,.T.);
#293=FACE_OUTER_BOUND('',#602,.T.);
#294=FACE_OUTER_BOUND('',#603,.T.);
#295=FACE_OUTER_BOUND('',#604,.T.);
#296=FACE_OUTER_BOUND('',#605,.T.);
#297=FACE_OUTER_BOUND('',#606,.T.);
#298=FACE_OUTER_BOUND('',#607,.T.);
#299=FACE_OUTER_BOUND('',#608,.T.);
#300=FACE_OUTER_BOUND('',#609,.T.);
#301=FACE_OUTER_BOUND('',#610,.T.);
#302=FACE_OUTER_BOUND('',#611,.T.);
#303=FACE_OUTER_BOUND('',#612,.T.);
#304=FACE_OUTER_BOUND('',#613,.T.);
#305=FACE_OUTER_BOUND('',#614,.T.);
#306=FACE_OUTER_BOUND('',#615,.T.);
#307=FACE_OUTER_BOUND('',#616,.T.);
#308=FACE_OUTER_BOUND('',#617,.T.);
#309=FACE_OUTER_BOUND('',#618,.T.);
#310=FACE_OUTER_BOUND('',#619,.T.);
#311=FACE_OUTER_BOUND('',#620,.T.);
#312=FACE_OUTER_BOUND('',#621,.T.);
#313=FACE_OUTER_BOUND('',#622,.T.);
#314=FACE_OUTER_BOUND('',#623,.T.);
#315=FACE_OUTER_BOUND('',#624,.T.);
#316=FACE_OUTER_BOUND('',#625,.T.);
#317=FACE_OUTER_BOUND('',#626,.T.);
#318=FACE_OUTER_BOUND('',#627,.T.);
#319=FACE_OUTER_BOUND('',#628,.T.);
#320=FACE_OUTER_BOUND('',#629,.T.);
#321=FACE_OUTER_BOUND('',#630,.T.);
#322=FACE_OUTER_BOUND('',#631,.T.);
#323=FACE_OUTER_BOUND('',#632,.T.);
#324=FACE_OUTER_BOUND('',#633,.T.);
#325=FACE_OUTER_BOUND('',#634,.T.);
#326=FACE_OUTER_BOUND('',#635,.T.);
#327=FACE_OUTER_BOUND('',#636,.T.);
#328=FACE_OUTER_BOUND('',#637,.T.);
#329=FACE_OUTER_BOUND('',#638,.T.);
#330=FACE_OUTER_BOUND('',#639,.T.);
#331=FACE_OUTER_BOUND('',#640,.T.);
#332=FACE_OUTER_BOUND('',#641,.T.);
#333=FACE_OUTER_BOUND('',#642,.T.);
#334=FACE_OUTER_BOUND('',#643,.T.);
#335=FACE_OUTER_BOUND('',#644,.T.);
#336=FACE_OUTER_BOUND('',#645,.T.);
#337=FACE_OUTER_BOUND('',#646,.T.);
#338=FACE_OUTER_BOUND('',#647,.T.);
#339=FACE_OUTER_BOUND('',#648,.T.);
#340=FACE_OUTER_BOUND('',#649,.T.);
#341=FACE_OUTER_BOUND('',#650,.T.);
#342=FACE_OUTER_BOUND('',#651,.T.);
#343=FACE_OUTER_BOUND('',#652,.T.);
#344=FACE_OUTER_BOUND('',#653,.T.);
#345=FACE_OUTER_BOUND('',#654,.T.);
#346=FACE_OUTER_BOUND('',#655,.T.);
#347=FACE_OUTER_BOUND('',#656,.T.);
#348=FACE_OUTER_BOUND('',#657,.T.);
#349=FACE_OUTER_BOUND('',#658,.T.);
#350=FACE_OUTER_BOUND('',#659,.T.);
#351=FACE_OUTER_BOUND('',#660,.T.);
#352=FACE_OUTER_BOUND('',#662,.T.);
#353=FACE_OUTER_BOUND('',#663,.T.);
#354=FACE_OUTER_BOUND('',#664,.T.);
#355=FACE_OUTER_BOUND('',#665,.T.);
#356=FACE_OUTER_BOUND('',#666,.T.);
#357=FACE_OUTER_BOUND('',#667,.T.);
#358=FACE_OUTER_BOUND('',#668,.T.);
#359=FACE_OUTER_BOUND('',#669,.T.);
#360=FACE_OUTER_BOUND('',#670,.T.);
#361=FACE_OUTER_BOUND('',#671,.T.);
#362=FACE_OUTER_BOUND('',#672,.T.);
#363=FACE_OUTER_BOUND('',#673,.T.);
#364=FACE_OUTER_BOUND('',#674,.T.);
#365=FACE_OUTER_BOUND('',#675,.T.);
#366=FACE_OUTER_BOUND('',#676,.T.);
#367=FACE_OUTER_BOUND('',#677,.T.);
#368=FACE_OUTER_BOUND('',#678,.T.);
#369=FACE_OUTER_BOUND('',#679,.T.);
#370=FACE_OUTER_BOUND('',#680,.T.);
#371=FACE_OUTER_BOUND('',#681,.T.);
#372=FACE_OUTER_BOUND('',#682,.T.);
#373=FACE_OUTER_BOUND('',#683,.T.);
#374=FACE_OUTER_BOUND('',#684,.T.);
#375=FACE_OUTER_BOUND('',#685,.T.);
#376=FACE_OUTER_BOUND('',#687,.T.);
#377=FACE_OUTER_BOUND('',#688,.T.);
#378=FACE_OUTER_BOUND('',#689,.T.);
#379=FACE_OUTER_BOUND('',#690,.T.);
#380=FACE_OUTER_BOUND('',#691,.T.);
#381=FACE_OUTER_BOUND('',#692,.T.);
#382=FACE_OUTER_BOUND('',#693,.T.);
#383=FACE_OUTER_BOUND('',#694,.T.);
#384=FACE_OUTER_BOUND('',#695,.T.);
#385=FACE_OUTER_BOUND('',#696,.T.);
#386=FACE_OUTER_BOUND('',#697,.T.);
#387=FACE_OUTER_BOUND('',#698,.T.);
#388=FACE_OUTER_BOUND('',#699,.T.);
#389=FACE_OUTER_BOUND('',#700,.T.);
#390=FACE_OUTER_BOUND('',#701,.T.);
#391=FACE_OUTER_BOUND('',#702,.T.);
#392=FACE_OUTER_BOUND('',#703,.T.);
#393=FACE_OUTER_BOUND('',#704,.T.);
#394=FACE_OUTER_BOUND('',#705,.T.);
#395=FACE_OUTER_BOUND('',#706,.T.);
#396=FACE_OUTER_BOUND('',#707,.T.);
#397=FACE_OUTER_BOUND('',#708,.T.);
#398=FACE_OUTER_BOUND('',#709,.T.);
#399=FACE_OUTER_BOUND('',#710,.T.);
#400=FACE_OUTER_BOUND('',#711,.T.);
#401=FACE_OUTER_BOUND('',#712,.T.);
#402=FACE_OUTER_BOUND('',#713,.T.);
#403=FACE_OUTER_BOUND('',#714,.T.);
#404=FACE_OUTER_BOUND('',#715,.T.);
#405=FACE_OUTER_BOUND('',#716,.T.);
#406=FACE_OUTER_BOUND('',#717,.T.);
#407=FACE_OUTER_BOUND('',#718,.T.);
#408=FACE_OUTER_BOUND('',#719,.T.);
#409=FACE_OUTER_BOUND('',#720,.T.);
#410=FACE_OUTER_BOUND('',#721,.T.);
#411=FACE_OUTER_BOUND('',#722,.T.);
#412=FACE_OUTER_BOUND('',#723,.T.);
#413=FACE_OUTER_BOUND('',#724,.T.);
#414=FACE_OUTER_BOUND('',#725,.T.);
#415=FACE_OUTER_BOUND('',#726,.T.);
#416=FACE_OUTER_BOUND('',#727,.T.);
#417=FACE_OUTER_BOUND('',#728,.T.);
#418=FACE_OUTER_BOUND('',#729,.T.);
#419=FACE_OUTER_BOUND('',#730,.T.);
#420=FACE_OUTER_BOUND('',#731,.T.);
#421=FACE_OUTER_BOUND('',#732,.T.);
#422=FACE_OUTER_BOUND('',#733,.T.);
#423=FACE_OUTER_BOUND('',#734,.T.);
#424=FACE_OUTER_BOUND('',#735,.T.);
#425=FACE_OUTER_BOUND('',#736,.T.);
#426=FACE_OUTER_BOUND('',#737,.T.);
#427=FACE_OUTER_BOUND('',#738,.T.);
#428=FACE_OUTER_BOUND('',#739,.T.);
#429=FACE_OUTER_BOUND('',#740,.T.);
#430=FACE_OUTER_BOUND('',#741,.T.);
#431=FACE_OUTER_BOUND('',#742,.T.);
#432=FACE_OUTER_BOUND('',#743,.T.);
#433=FACE_OUTER_BOUND('',#744,.T.);
#434=FACE_OUTER_BOUND('',#745,.T.);
#435=FACE_OUTER_BOUND('',#746,.T.);
#436=FACE_OUTER_BOUND('',#747,.T.);
#437=FACE_OUTER_BOUND('',#748,.T.);
#438=FACE_OUTER_BOUND('',#749,.T.);
#439=FACE_OUTER_BOUND('',#750,.T.);
#440=FACE_OUTER_BOUND('',#751,.T.);
#441=FACE_OUTER_BOUND('',#752,.T.);
#442=FACE_OUTER_BOUND('',#753,.T.);
#443=FACE_OUTER_BOUND('',#754,.T.);
#444=FACE_OUTER_BOUND('',#755,.T.);
#445=FACE_OUTER_BOUND('',#756,.T.);
#446=FACE_OUTER_BOUND('',#757,.T.);
#447=FACE_OUTER_BOUND('',#758,.T.);
#448=FACE_OUTER_BOUND('',#759,.T.);
#449=EDGE_LOOP('',(#3218,#3219,#3220,#3221));
#450=EDGE_LOOP('',(#3222,#3223,#3224,#3225));
#451=EDGE_LOOP('',(#3226,#3227,#3228,#3229));
#452=EDGE_LOOP('',(#3230,#3231,#3232,#3233));
#453=EDGE_LOOP('',(#3234,#3235,#3236,#3237));
#454=EDGE_LOOP('',(#3238,#3239,#3240,#3241));
#455=EDGE_LOOP('',(#3242,#3243,#3244,#3245));
#456=EDGE_LOOP('',(#3246,#3247,#3248,#3249));
#457=EDGE_LOOP('',(#3250,#3251,#3252,#3253));
#458=EDGE_LOOP('',(#3254,#3255,#3256,#3257));
#459=EDGE_LOOP('',(#3258,#3259,#3260,#3261));
#460=EDGE_LOOP('',(#3262,#3263,#3264,#3265));
#461=EDGE_LOOP('',(#3266,#3267,#3268,#3269));
#462=EDGE_LOOP('',(#3270,#3271,#3272,#3273));
#463=EDGE_LOOP('',(#3274,#3275,#3276,#3277));
#464=EDGE_LOOP('',(#3278,#3279,#3280,#3281));
#465=EDGE_LOOP('',(#3282,#3283,#3284,#3285,#3286,#3287,#3288,#3289,#3290,
#3291,#3292,#3293));
#466=EDGE_LOOP('',(#3294,#3295,#3296,#3297,#3298,#3299,#3300,#3301,#3302,
#3303,#3304,#3305));
#467=EDGE_LOOP('',(#3306,#3307,#3308,#3309));
#468=EDGE_LOOP('',(#3310,#3311,#3312,#3313));
#469=EDGE_LOOP('',(#3314,#3315,#3316,#3317,#3318,#3319));
#470=EDGE_LOOP('',(#3320,#3321,#3322,#3323));
#471=EDGE_LOOP('',(#3324,#3325,#3326,#3327));
#472=EDGE_LOOP('',(#3328,#3329,#3330,#3331,#3332,#3333));
#473=EDGE_LOOP('',(#3334,#3335,#3336,#3337));
#474=EDGE_LOOP('',(#3338,#3339,#3340,#3341));
#475=EDGE_LOOP('',(#3342,#3343,#3344,#3345,#3346,#3347));
#476=EDGE_LOOP('',(#3348,#3349,#3350,#3351));
#477=EDGE_LOOP('',(#3352,#3353,#3354,#3355));
#478=EDGE_LOOP('',(#3356,#3357,#3358,#3359,#3360,#3361));
#479=EDGE_LOOP('',(#3362,#3363,#3364,#3365,#3366,#3367));
#480=EDGE_LOOP('',(#3368,#3369,#3370,#3371));
#481=EDGE_LOOP('',(#3372,#3373,#3374,#3375));
#482=EDGE_LOOP('',(#3376,#3377,#3378,#3379,#3380,#3381));
#483=EDGE_LOOP('',(#3382,#3383,#3384,#3385));
#484=EDGE_LOOP('',(#3386,#3387,#3388,#3389));
#485=EDGE_LOOP('',(#3390,#3391,#3392,#3393,#3394,#3395));
#486=EDGE_LOOP('',(#3396,#3397,#3398,#3399));
#487=EDGE_LOOP('',(#3400,#3401,#3402,#3403));
#488=EDGE_LOOP('',(#3404,#3405,#3406,#3407,#3408,#3409));
#489=EDGE_LOOP('',(#3410,#3411,#3412,#3413));
#490=EDGE_LOOP('',(#3414,#3415,#3416,#3417));
#491=EDGE_LOOP('',(#3418,#3419,#3420,#3421,#3422,#3423,#3424,#3425,#3426,
#3427,#3428,#3429));
#492=EDGE_LOOP('',(#3430,#3431,#3432,#3433,#3434,#3435,#3436,#3437,#3438,
#3439,#3440,#3441));
#493=EDGE_LOOP('',(#3442,#3443,#3444,#3445));
#494=EDGE_LOOP('',(#3446,#3447,#3448,#3449));
#495=EDGE_LOOP('',(#3450,#3451,#3452,#3453));
#496=EDGE_LOOP('',(#3454,#3455,#3456,#3457));
#497=EDGE_LOOP('',(#3458,#3459,#3460,#3461));
#498=EDGE_LOOP('',(#3462,#3463,#3464,#3465));
#499=EDGE_LOOP('',(#3466,#3467,#3468,#3469));
#500=EDGE_LOOP('',(#3470,#3471,#3472,#3473));
#501=EDGE_LOOP('',(#3474,#3475,#3476,#3477));
#502=EDGE_LOOP('',(#3478,#3479,#3480,#3481));
#503=EDGE_LOOP('',(#3482,#3483,#3484,#3485));
#504=EDGE_LOOP('',(#3486,#3487,#3488,#3489));
#505=EDGE_LOOP('',(#3490,#3491,#3492,#3493));
#506=EDGE_LOOP('',(#3494,#3495,#3496,#3497));
#507=EDGE_LOOP('',(#3498,#3499,#3500,#3501));
#508=EDGE_LOOP('',(#3502,#3503,#3504,#3505));
#509=EDGE_LOOP('',(#3506,#3507,#3508,#3509));
#510=EDGE_LOOP('',(#3510,#3511,#3512,#3513));
#511=EDGE_LOOP('',(#3514,#3515,#3516,#3517));
#512=EDGE_LOOP('',(#3518,#3519,#3520,#3521));
#513=EDGE_LOOP('',(#3522,#3523,#3524,#3525));
#514=EDGE_LOOP('',(#3526,#3527,#3528,#3529));
#515=EDGE_LOOP('',(#3530,#3531,#3532,#3533));
#516=EDGE_LOOP('',(#3534,#3535,#3536,#3537));
#517=EDGE_LOOP('',(#3538,#3539,#3540,#3541,#3542,#3543,#3544,#3545,#3546,
#3547,#3548,#3549,#3550,#3551,#3552,#3553,#3554,#3555,#3556,#3557,#3558,
#3559,#3560,#3561,#3562,#3563,#3564,#3565,#3566,#3567));
#518=EDGE_LOOP('',(#3568,#3569,#3570,#3571));
#519=EDGE_LOOP('',(#3572,#3573,#3574,#3575));
#520=EDGE_LOOP('',(#3576,#3577,#3578,#3579,#3580,#3581));
#521=EDGE_LOOP('',(#3582,#3583,#3584,#3585));
#522=EDGE_LOOP('',(#3586,#3587,#3588,#3589));
#523=EDGE_LOOP('',(#3590,#3591,#3592,#3593,#3594,#3595));
#524=EDGE_LOOP('',(#3596,#3597,#3598,#3599));
#525=EDGE_LOOP('',(#3600,#3601,#3602,#3603));
#526=EDGE_LOOP('',(#3604,#3605,#3606,#3607));
#527=EDGE_LOOP('',(#3608,#3609,#3610,#3611));
#528=EDGE_LOOP('',(#3612,#3613,#3614,#3615));
#529=EDGE_LOOP('',(#3616,#3617,#3618,#3619));
#530=EDGE_LOOP('',(#3620,#3621,#3622,#3623));
#531=EDGE_LOOP('',(#3624,#3625,#3626,#3627));
#532=EDGE_LOOP('',(#3628,#3629,#3630,#3631,#3632,#3633));
#533=EDGE_LOOP('',(#3634,#3635,#3636,#3637,#3638,#3639));
#534=EDGE_LOOP('',(#3640,#3641,#3642,#3643));
#535=EDGE_LOOP('',(#3644,#3645,#3646,#3647));
#536=EDGE_LOOP('',(#3648,#3649,#3650,#3651));
#537=EDGE_LOOP('',(#3652,#3653,#3654,#3655));
#538=EDGE_LOOP('',(#3656,#3657,#3658,#3659));
#539=EDGE_LOOP('',(#3660,#3661,#3662,#3663));
#540=EDGE_LOOP('',(#3664,#3665,#3666,#3667));
#541=EDGE_LOOP('',(#3668,#3669,#3670,#3671));
#542=EDGE_LOOP('',(#3672,#3673,#3674,#3675,#3676,#3677));
#543=EDGE_LOOP('',(#3678,#3679,#3680,#3681));
#544=EDGE_LOOP('',(#3682,#3683,#3684,#3685));
#545=EDGE_LOOP('',(#3686,#3687,#3688,#3689,#3690,#3691));
#546=EDGE_LOOP('',(#3692,#3693,#3694,#3695));
#547=EDGE_LOOP('',(#3696,#3697,#3698,#3699));
#548=EDGE_LOOP('',(#3700,#3701,#3702,#3703,#3704,#3705,#3706,#3707,#3708,
#3709,#3710,#3711,#3712,#3713,#3714,#3715,#3716,#3717,#3718,#3719,#3720,
#3721,#3722,#3723,#3724,#3725,#3726,#3727,#3728,#3729));
#549=EDGE_LOOP('',(#3730,#3731,#3732,#3733));
#550=EDGE_LOOP('',(#3734,#3735,#3736,#3737));
#551=EDGE_LOOP('',(#3738,#3739,#3740,#3741));
#552=EDGE_LOOP('',(#3742,#3743,#3744,#3745));
#553=EDGE_LOOP('',(#3746,#3747,#3748,#3749));
#554=EDGE_LOOP('',(#3750,#3751,#3752,#3753));
#555=EDGE_LOOP('',(#3754,#3755,#3756,#3757));
#556=EDGE_LOOP('',(#3758,#3759,#3760,#3761));
#557=EDGE_LOOP('',(#3762,#3763,#3764,#3765));
#558=EDGE_LOOP('',(#3766,#3767,#3768,#3769));
#559=EDGE_LOOP('',(#3770,#3771,#3772,#3773));
#560=EDGE_LOOP('',(#3774,#3775,#3776,#3777));
#561=EDGE_LOOP('',(#3778,#3779,#3780,#3781));
#562=EDGE_LOOP('',(#3782,#3783,#3784,#3785));
#563=EDGE_LOOP('',(#3786,#3787,#3788,#3789,#3790,#3791,#3792,#3793,#3794,
#3795,#3796,#3797,#3798,#3799,#3800,#3801,#3802,#3803,#3804,#3805,#3806));
#564=EDGE_LOOP('',(#3807,#3808,#3809,#3810));
#565=EDGE_LOOP('',(#3811,#3812,#3813,#3814));
#566=EDGE_LOOP('',(#3815,#3816,#3817,#3818));
#567=EDGE_LOOP('',(#3819,#3820,#3821,#3822));
#568=EDGE_LOOP('',(#3823,#3824,#3825,#3826,#3827,#3828));
#569=EDGE_LOOP('',(#3829,#3830,#3831,#3832));
#570=EDGE_LOOP('',(#3833,#3834,#3835,#3836));
#571=EDGE_LOOP('',(#3837,#3838,#3839,#3840));
#572=EDGE_LOOP('',(#3841,#3842,#3843,#3844));
#573=EDGE_LOOP('',(#3845,#3846,#3847,#3848,#3849));
#574=EDGE_LOOP('',(#3850,#3851,#3852,#3853));
#575=EDGE_LOOP('',(#3854,#3855,#3856,#3857,#3858));
#576=EDGE_LOOP('',(#3859,#3860,#3861,#3862,#3863));
#577=EDGE_LOOP('',(#3864,#3865,#3866,#3867));
#578=EDGE_LOOP('',(#3868,#3869,#3870,#3871));
#579=EDGE_LOOP('',(#3872,#3873,#3874,#3875,#3876,#3877));
#580=EDGE_LOOP('',(#3878,#3879,#3880,#3881));
#581=EDGE_LOOP('',(#3882,#3883,#3884,#3885));
#582=EDGE_LOOP('',(#3886,#3887,#3888,#3889));
#583=EDGE_LOOP('',(#3890,#3891,#3892,#3893));
#584=EDGE_LOOP('',(#3894,#3895,#3896,#3897,#3898));
#585=EDGE_LOOP('',(#3899,#3900,#3901,#3902,#3903,#3904,#3905,#3906,#3907,
#3908,#3909,#3910,#3911,#3912,#3913,#3914,#3915,#3916,#3917,#3918,#3919));
#586=EDGE_LOOP('',(#3920,#3921,#3922,#3923));
#587=EDGE_LOOP('',(#3924,#3925,#3926,#3927));
#588=EDGE_LOOP('',(#3928,#3929,#3930,#3931));
#589=EDGE_LOOP('',(#3932,#3933,#3934,#3935));
#590=EDGE_LOOP('',(#3936,#3937,#3938,#3939));
#591=EDGE_LOOP('',(#3940,#3941,#3942,#3943));
#592=EDGE_LOOP('',(#3944,#3945,#3946,#3947));
#593=EDGE_LOOP('',(#3948,#3949,#3950,#3951));
#594=EDGE_LOOP('',(#3952,#3953,#3954,#3955));
#595=EDGE_LOOP('',(#3956,#3957,#3958,#3959));
#596=EDGE_LOOP('',(#3960,#3961,#3962,#3963));
#597=EDGE_LOOP('',(#3964,#3965,#3966,#3967));
#598=EDGE_LOOP('',(#3968,#3969,#3970,#3971));
#599=EDGE_LOOP('',(#3972,#3973,#3974,#3975));
#600=EDGE_LOOP('',(#3976,#3977,#3978,#3979));
#601=EDGE_LOOP('',(#3980,#3981,#3982,#3983));
#602=EDGE_LOOP('',(#3984,#3985,#3986,#3987));
#603=EDGE_LOOP('',(#3988,#3989,#3990,#3991));
#604=EDGE_LOOP('',(#3992,#3993,#3994,#3995));
#605=EDGE_LOOP('',(#3996,#3997,#3998,#3999));
#606=EDGE_LOOP('',(#4000,#4001,#4002,#4003));
#607=EDGE_LOOP('',(#4004,#4005,#4006,#4007));
#608=EDGE_LOOP('',(#4008,#4009,#4010,#4011));
#609=EDGE_LOOP('',(#4012,#4013,#4014,#4015));
#610=EDGE_LOOP('',(#4016,#4017,#4018,#4019));
#611=EDGE_LOOP('',(#4020,#4021,#4022,#4023));
#612=EDGE_LOOP('',(#4024,#4025,#4026,#4027));
#613=EDGE_LOOP('',(#4028,#4029,#4030,#4031));
#614=EDGE_LOOP('',(#4032,#4033,#4034,#4035));
#615=EDGE_LOOP('',(#4036,#4037,#4038,#4039));
#616=EDGE_LOOP('',(#4040,#4041,#4042,#4043));
#617=EDGE_LOOP('',(#4044,#4045,#4046,#4047));
#618=EDGE_LOOP('',(#4048,#4049,#4050,#4051));
#619=EDGE_LOOP('',(#4052,#4053,#4054,#4055));
#620=EDGE_LOOP('',(#4056,#4057,#4058,#4059));
#621=EDGE_LOOP('',(#4060,#4061,#4062,#4063));
#622=EDGE_LOOP('',(#4064,#4065,#4066,#4067));
#623=EDGE_LOOP('',(#4068,#4069,#4070,#4071));
#624=EDGE_LOOP('',(#4072,#4073,#4074,#4075));
#625=EDGE_LOOP('',(#4076,#4077,#4078,#4079));
#626=EDGE_LOOP('',(#4080,#4081,#4082,#4083));
#627=EDGE_LOOP('',(#4084,#4085,#4086,#4087));
#628=EDGE_LOOP('',(#4088,#4089,#4090,#4091));
#629=EDGE_LOOP('',(#4092,#4093,#4094,#4095));
#630=EDGE_LOOP('',(#4096,#4097,#4098,#4099));
#631=EDGE_LOOP('',(#4100,#4101,#4102,#4103));
#632=EDGE_LOOP('',(#4104,#4105,#4106,#4107));
#633=EDGE_LOOP('',(#4108,#4109,#4110,#4111));
#634=EDGE_LOOP('',(#4112,#4113,#4114,#4115));
#635=EDGE_LOOP('',(#4116,#4117,#4118,#4119));
#636=EDGE_LOOP('',(#4120,#4121,#4122,#4123,#4124,#4125,#4126,#4127));
#637=EDGE_LOOP('',(#4128,#4129,#4130,#4131));
#638=EDGE_LOOP('',(#4132,#4133,#4134,#4135));
#639=EDGE_LOOP('',(#4136,#4137,#4138,#4139));
#640=EDGE_LOOP('',(#4140,#4141,#4142,#4143));
#641=EDGE_LOOP('',(#4144,#4145,#4146,#4147));
#642=EDGE_LOOP('',(#4148,#4149,#4150,#4151));
#643=EDGE_LOOP('',(#4152,#4153,#4154,#4155));
#644=EDGE_LOOP('',(#4156,#4157,#4158,#4159));
#645=EDGE_LOOP('',(#4160,#4161,#4162,#4163,#4164,#4165,#4166,#4167));
#646=EDGE_LOOP('',(#4168,#4169,#4170,#4171));
#647=EDGE_LOOP('',(#4172,#4173,#4174,#4175));
#648=EDGE_LOOP('',(#4176,#4177,#4178,#4179));
#649=EDGE_LOOP('',(#4180,#4181,#4182,#4183));
#650=EDGE_LOOP('',(#4184,#4185,#4186,#4187));
#651=EDGE_LOOP('',(#4188,#4189,#4190,#4191));
#652=EDGE_LOOP('',(#4192,#4193,#4194,#4195));
#653=EDGE_LOOP('',(#4196,#4197,#4198,#4199));
#654=EDGE_LOOP('',(#4200,#4201,#4202,#4203));
#655=EDGE_LOOP('',(#4204,#4205,#4206,#4207));
#656=EDGE_LOOP('',(#4208,#4209,#4210,#4211));
#657=EDGE_LOOP('',(#4212,#4213,#4214,#4215));
#658=EDGE_LOOP('',(#4216,#4217,#4218,#4219));
#659=EDGE_LOOP('',(#4220,#4221,#4222,#4223));
#660=EDGE_LOOP('',(#4224,#4225,#4226,#4227,#4228,#4229,#4230,#4231,#4232,
#4233,#4234,#4235,#4236,#4237,#4238));
#661=EDGE_LOOP('',(#4239,#4240,#4241,#4242,#4243,#4244,#4245,#4246));
#662=EDGE_LOOP('',(#4247,#4248,#4249,#4250));
#663=EDGE_LOOP('',(#4251,#4252,#4253,#4254,#4255));
#664=EDGE_LOOP('',(#4256,#4257,#4258,#4259));
#665=EDGE_LOOP('',(#4260,#4261,#4262,#4263,#4264));
#666=EDGE_LOOP('',(#4265,#4266,#4267,#4268,#4269));
#667=EDGE_LOOP('',(#4270,#4271,#4272,#4273));
#668=EDGE_LOOP('',(#4274,#4275,#4276,#4277));
#669=EDGE_LOOP('',(#4278,#4279,#4280,#4281));
#670=EDGE_LOOP('',(#4282,#4283,#4284,#4285));
#671=EDGE_LOOP('',(#4286,#4287,#4288,#4289,#4290,#4291));
#672=EDGE_LOOP('',(#4292,#4293,#4294,#4295));
#673=EDGE_LOOP('',(#4296,#4297,#4298,#4299));
#674=EDGE_LOOP('',(#4300,#4301,#4302,#4303));
#675=EDGE_LOOP('',(#4304,#4305,#4306,#4307,#4308,#4309));
#676=EDGE_LOOP('',(#4310,#4311,#4312,#4313));
#677=EDGE_LOOP('',(#4314,#4315,#4316,#4317));
#678=EDGE_LOOP('',(#4318,#4319,#4320,#4321,#4322));
#679=EDGE_LOOP('',(#4323,#4324,#4325,#4326));
#680=EDGE_LOOP('',(#4327,#4328,#4329,#4330));
#681=EDGE_LOOP('',(#4331,#4332,#4333,#4334,#4335,#4336));
#682=EDGE_LOOP('',(#4337,#4338,#4339,#4340));
#683=EDGE_LOOP('',(#4341,#4342,#4343,#4344));
#684=EDGE_LOOP('',(#4345,#4346,#4347,#4348,#4349,#4350));
#685=EDGE_LOOP('',(#4351,#4352,#4353,#4354,#4355,#4356,#4357,#4358,#4359,
#4360,#4361,#4362,#4363,#4364,#4365));
#686=EDGE_LOOP('',(#4366,#4367,#4368,#4369,#4370,#4371,#4372,#4373));
#687=EDGE_LOOP('',(#4374,#4375,#4376,#4377));
#688=EDGE_LOOP('',(#4378,#4379,#4380,#4381));
#689=EDGE_LOOP('',(#4382,#4383,#4384,#4385));
#690=EDGE_LOOP('',(#4386,#4387,#4388,#4389));
#691=EDGE_LOOP('',(#4390,#4391,#4392,#4393));
#692=EDGE_LOOP('',(#4394,#4395,#4396,#4397));
#693=EDGE_LOOP('',(#4398,#4399,#4400,#4401));
#694=EDGE_LOOP('',(#4402,#4403,#4404,#4405));
#695=EDGE_LOOP('',(#4406,#4407,#4408,#4409));
#696=EDGE_LOOP('',(#4410,#4411,#4412,#4413));
#697=EDGE_LOOP('',(#4414,#4415,#4416,#4417));
#698=EDGE_LOOP('',(#4418,#4419,#4420,#4421));
#699=EDGE_LOOP('',(#4422,#4423,#4424,#4425));
#700=EDGE_LOOP('',(#4426,#4427,#4428,#4429));
#701=EDGE_LOOP('',(#4430,#4431,#4432,#4433,#4434,#4435,#4436,#4437,#4438,
#4439,#4440,#4441,#4442,#4443,#4444,#4445,#4446,#4447));
#702=EDGE_LOOP('',(#4448,#4449,#4450,#4451));
#703=EDGE_LOOP('',(#4452,#4453,#4454,#4455));
#704=EDGE_LOOP('',(#4456,#4457,#4458,#4459));
#705=EDGE_LOOP('',(#4460,#4461,#4462,#4463));
#706=EDGE_LOOP('',(#4464,#4465,#4466,#4467));
#707=EDGE_LOOP('',(#4468,#4469,#4470,#4471));
#708=EDGE_LOOP('',(#4472,#4473,#4474,#4475));
#709=EDGE_LOOP('',(#4476,#4477,#4478,#4479));
#710=EDGE_LOOP('',(#4480,#4481,#4482,#4483,#4484));
#711=EDGE_LOOP('',(#4485,#4486,#4487,#4488,#4489,#4490));
#712=EDGE_LOOP('',(#4491,#4492,#4493,#4494));
#713=EDGE_LOOP('',(#4495,#4496,#4497,#4498));
#714=EDGE_LOOP('',(#4499,#4500,#4501,#4502,#4503,#4504));
#715=EDGE_LOOP('',(#4505,#4506,#4507,#4508));
#716=EDGE_LOOP('',(#4509,#4510,#4511,#4512));
#717=EDGE_LOOP('',(#4513,#4514,#4515,#4516));
#718=EDGE_LOOP('',(#4517,#4518,#4519,#4520));
#719=EDGE_LOOP('',(#4521,#4522,#4523,#4524,#4525));
#720=EDGE_LOOP('',(#4526,#4527,#4528,#4529,#4530,#4531,#4532,#4533,#4534,
#4535,#4536,#4537,#4538,#4539,#4540,#4541,#4542,#4543));
#721=EDGE_LOOP('',(#4544,#4545,#4546,#4547));
#722=EDGE_LOOP('',(#4548,#4549,#4550,#4551));
#723=EDGE_LOOP('',(#4552,#4553,#4554,#4555));
#724=EDGE_LOOP('',(#4556,#4557,#4558,#4559));
#725=EDGE_LOOP('',(#4560,#4561,#4562,#4563));
#726=EDGE_LOOP('',(#4564,#4565,#4566,#4567));
#727=EDGE_LOOP('',(#4568,#4569,#4570,#4571));
#728=EDGE_LOOP('',(#4572,#4573,#4574,#4575));
#729=EDGE_LOOP('',(#4576,#4577,#4578,#4579));
#730=EDGE_LOOP('',(#4580,#4581,#4582,#4583));
#731=EDGE_LOOP('',(#4584,#4585,#4586,#4587));
#732=EDGE_LOOP('',(#4588,#4589,#4590,#4591));
#733=EDGE_LOOP('',(#4592,#4593,#4594,#4595));
#734=EDGE_LOOP('',(#4596,#4597,#4598,#4599));
#735=EDGE_LOOP('',(#4600,#4601,#4602,#4603));
#736=EDGE_LOOP('',(#4604,#4605,#4606,#4607,#4608,#4609,#4610,#4611,#4612,
#4613,#4614,#4615,#4616,#4617,#4618,#4619,#4620,#4621,#4622,#4623,#4624,
#4625));
#737=EDGE_LOOP('',(#4626,#4627,#4628,#4629));
#738=EDGE_LOOP('',(#4630,#4631,#4632,#4633,#4634,#4635));
#739=EDGE_LOOP('',(#4636,#4637,#4638,#4639));
#740=EDGE_LOOP('',(#4640,#4641,#4642,#4643));
#741=EDGE_LOOP('',(#4644,#4645,#4646,#4647));
#742=EDGE_LOOP('',(#4648,#4649,#4650,#4651));
#743=EDGE_LOOP('',(#4652,#4653,#4654,#4655,#4656));
#744=EDGE_LOOP('',(#4657,#4658,#4659,#4660));
#745=EDGE_LOOP('',(#4661,#4662,#4663,#4664,#4665));
#746=EDGE_LOOP('',(#4666,#4667,#4668,#4669));
#747=EDGE_LOOP('',(#4670,#4671,#4672,#4673));
#748=EDGE_LOOP('',(#4674,#4675,#4676,#4677));
#749=EDGE_LOOP('',(#4678,#4679,#4680,#4681));
#750=EDGE_LOOP('',(#4682,#4683,#4684,#4685));
#751=EDGE_LOOP('',(#4686,#4687,#4688,#4689,#4690));
#752=EDGE_LOOP('',(#4691,#4692,#4693,#4694,#4695));
#753=EDGE_LOOP('',(#4696,#4697,#4698,#4699));
#754=EDGE_LOOP('',(#4700,#4701,#4702,#4703));
#755=EDGE_LOOP('',(#4704,#4705,#4706,#4707));
#756=EDGE_LOOP('',(#4708,#4709,#4710,#4711,#4712,#4713));
#757=EDGE_LOOP('',(#4714,#4715,#4716,#4717));
#758=EDGE_LOOP('',(#4718,#4719,#4720,#4721));
#759=EDGE_LOOP('',(#4722,#4723,#4724,#4725,#4726,#4727,#4728,#4729,#4730,
#4731,#4732,#4733,#4734,#4735,#4736,#4737,#4738,#4739,#4740,#4741,#4742,
#4743));
#760=LINE('',#6052,#1208);
#761=LINE('',#6061,#1209);
#762=LINE('',#6090,#1210);
#763=LINE('',#6113,#1211);
#764=LINE('',#6122,#1212);
#765=LINE('',#6151,#1213);
#766=LINE('',#6174,#1214);
#767=LINE('',#6183,#1215);
#768=LINE('',#6212,#1216);
#769=LINE('',#6235,#1217);
#770=LINE('',#6244,#1218);
#771=LINE('',#6273,#1219);
#772=LINE('',#6296,#1220);
#773=LINE('',#6305,#1221);
#774=LINE('',#6334,#1222);
#775=LINE('',#6357,#1223);
#776=LINE('',#6366,#1224);
#777=LINE('',#6395,#1225);
#778=LINE('',#6418,#1226);
#779=LINE('',#6427,#1227);
#780=LINE('',#6456,#1228);
#781=LINE('',#6479,#1229);
#782=LINE('',#6488,#1230);
#783=LINE('',#6517,#1231);
#784=LINE('',#6519,#1232);
#785=LINE('',#6520,#1233);
#786=LINE('',#6521,#1234);
#787=LINE('',#6522,#1235);
#788=LINE('',#6523,#1236);
#789=LINE('',#6524,#1237);
#790=LINE('',#6525,#1238);
#791=LINE('',#6526,#1239);
#792=LINE('',#6538,#1240);
#793=LINE('',#6545,#1241);
#794=LINE('',#6557,#1242);
#795=LINE('',#6565,#1243);
#796=LINE('',#6566,#1244);
#797=LINE('',#6578,#1245);
#798=LINE('',#6595,#1246);
#799=LINE('',#6603,#1247);
#800=LINE('',#6604,#1248);
#801=LINE('',#6616,#1249);
#802=LINE('',#6623,#1250);
#803=LINE('',#6635,#1251);
#804=LINE('',#6643,#1252);
#805=LINE('',#6644,#1253);
#806=LINE('',#6656,#1254);
#807=LINE('',#6673,#1255);
#808=LINE('',#6681,#1256);
#809=LINE('',#6682,#1257);
#810=LINE('',#6685,#1258);
#811=LINE('',#6686,#1259);
#812=LINE('',#6703,#1260);
#813=LINE('',#6720,#1261);
#814=LINE('',#6723,#1262);
#815=LINE('',#6724,#1263);
#816=LINE('',#6741,#1264);
#817=LINE('',#6759,#1265);
#818=LINE('',#6760,#1266);
#819=LINE('',#6777,#1267);
#820=LINE('',#6794,#1268);
#821=LINE('',#6797,#1269);
#822=LINE('',#6798,#1270);
#823=LINE('',#6815,#1271);
#824=LINE('',#6854,#1272);
#825=LINE('',#6863,#1273);
#826=LINE('',#6892,#1274);
#827=LINE('',#6915,#1275);
#828=LINE('',#6924,#1276);
#829=LINE('',#6953,#1277);
#830=LINE('',#6976,#1278);
#831=LINE('',#6985,#1279);
#832=LINE('',#7014,#1280);
#833=LINE('',#7043,#1281);
#834=LINE('',#7072,#1282);
#835=LINE('',#7101,#1283);
#836=LINE('',#7130,#1284);
#837=LINE('',#7159,#1285);
#838=LINE('',#7188,#1286);
#839=LINE('',#7211,#1287);
#840=LINE('',#7220,#1288);
#841=LINE('',#7249,#1289);
#842=LINE('',#7272,#1290);
#843=LINE('',#7281,#1291);
#844=LINE('',#7310,#1292);
#845=LINE('',#7333,#1293);
#846=LINE('',#7342,#1294);
#847=LINE('',#7371,#1295);
#848=LINE('',#7400,#1296);
#849=LINE('',#7429,#1297);
#850=LINE('',#7458,#1298);
#851=LINE('',#7487,#1299);
#852=LINE('',#7516,#1300);
#853=LINE('',#7545,#1301);
#854=LINE('',#7547,#1302);
#855=LINE('',#7548,#1303);
#856=LINE('',#7549,#1304);
#857=LINE('',#7550,#1305);
#858=LINE('',#7551,#1306);
#859=LINE('',#7552,#1307);
#860=LINE('',#7564,#1308);
#861=LINE('',#7571,#1309);
#862=LINE('',#7583,#1310);
#863=LINE('',#7591,#1311);
#864=LINE('',#7592,#1312);
#865=LINE('',#7604,#1313);
#866=LINE('',#7621,#1314);
#867=LINE('',#7629,#1315);
#868=LINE('',#7630,#1316);
#869=LINE('',#7642,#1317);
#870=LINE('',#7659,#1318);
#871=LINE('',#7676,#1319);
#872=LINE('',#7693,#1320);
#873=LINE('',#7710,#1321);
#874=LINE('',#7727,#1322);
#875=LINE('',#7744,#1323);
#876=LINE('',#7761,#1324);
#877=LINE('',#7769,#1325);
#878=LINE('',#7770,#1326);
#879=LINE('',#7773,#1327);
#880=LINE('',#7774,#1328);
#881=LINE('',#7791,#1329);
#882=LINE('',#7808,#1330);
#883=LINE('',#7825,#1331);
#884=LINE('',#7842,#1332);
#885=LINE('',#7859,#1333);
#886=LINE('',#7876,#1334);
#887=LINE('',#7893,#1335);
#888=LINE('',#7910,#1336);
#889=LINE('',#7913,#1337);
#890=LINE('',#7914,#1338);
#891=LINE('',#7931,#1339);
#892=LINE('',#7948,#1340);
#893=LINE('',#7951,#1341);
#894=LINE('',#7952,#1342);
#895=LINE('',#7969,#1343);
#896=LINE('',#8008,#1344);
#897=LINE('',#8017,#1345);
#898=LINE('',#8046,#1346);
#899=LINE('',#8075,#1347);
#900=LINE('',#8104,#1348);
#901=LINE('',#8127,#1349);
#902=LINE('',#8136,#1350);
#903=LINE('',#8165,#1351);
#904=LINE('',#8188,#1352);
#905=LINE('',#8197,#1353);
#906=LINE('',#8226,#1354);
#907=LINE('',#8255,#1355);
#908=LINE('',#8284,#1356);
#909=LINE('',#8307,#1357);
#910=LINE('',#8316,#1358);
#911=LINE('',#8345,#1359);
#912=LINE('',#8374,#1360);
#913=LINE('',#8403,#1361);
#914=LINE('',#8407,#1362);
#915=LINE('',#8408,#1363);
#916=LINE('',#8409,#1364);
#917=LINE('',#8411,#1365);
#918=LINE('',#8412,#1366);
#919=LINE('',#8413,#1367);
#920=LINE('',#8414,#1368);
#921=LINE('',#8426,#1369);
#922=LINE('',#8433,#1370);
#923=LINE('',#8445,#1371);
#924=LINE('',#8462,#1372);
#925=LINE('',#8479,#1373);
#926=LINE('',#8487,#1374);
#927=LINE('',#8488,#1375);
#928=LINE('',#8500,#1376);
#929=LINE('',#8517,#1377);
#930=LINE('',#8534,#1378);
#931=LINE('',#8551,#1379);
#932=LINE('',#8559,#1380);
#933=LINE('',#8560,#1381);
#934=LINE('',#8563,#1382);
#935=LINE('',#8564,#1383);
#936=LINE('',#8567,#1384);
#937=LINE('',#8568,#1385);
#938=LINE('',#8571,#1386);
#939=LINE('',#8572,#1387);
#940=LINE('',#8589,#1388);
#941=LINE('',#8606,#1389);
#942=LINE('',#8609,#1390);
#943=LINE('',#8610,#1391);
#944=LINE('',#8627,#1392);
#945=LINE('',#8644,#1393);
#946=LINE('',#8661,#1394);
#947=LINE('',#8678,#1395);
#948=LINE('',#8680,#1396);
#949=LINE('',#8685,#1397);
#950=LINE('',#8687,#1398);
#951=LINE('',#8689,#1399);
#952=LINE('',#8690,#1400);
#953=LINE('',#8693,#1401);
#954=LINE('',#8695,#1402);
#955=LINE('',#8696,#1403);
#956=LINE('',#8699,#1404);
#957=LINE('',#8700,#1405);
#958=LINE('',#8703,#1406);
#959=LINE('',#8704,#1407);
#960=LINE('',#8706,#1408);
#961=LINE('',#8711,#1409);
#962=LINE('',#8713,#1410);
#963=LINE('',#8715,#1411);
#964=LINE('',#8716,#1412);
#965=LINE('',#8719,#1413);
#966=LINE('',#8721,#1414);
#967=LINE('',#8722,#1415);
#968=LINE('',#8725,#1416);
#969=LINE('',#8726,#1417);
#970=LINE('',#8729,#1418);
#971=LINE('',#8730,#1419);
#972=LINE('',#8732,#1420);
#973=LINE('',#8737,#1421);
#974=LINE('',#8739,#1422);
#975=LINE('',#8741,#1423);
#976=LINE('',#8742,#1424);
#977=LINE('',#8745,#1425);
#978=LINE('',#8747,#1426);
#979=LINE('',#8748,#1427);
#980=LINE('',#8751,#1428);
#981=LINE('',#8752,#1429);
#982=LINE('',#8755,#1430);
#983=LINE('',#8756,#1431);
#984=LINE('',#8758,#1432);
#985=LINE('',#8763,#1433);
#986=LINE('',#8765,#1434);
#987=LINE('',#8767,#1435);
#988=LINE('',#8768,#1436);
#989=LINE('',#8771,#1437);
#990=LINE('',#8773,#1438);
#991=LINE('',#8774,#1439);
#992=LINE('',#8777,#1440);
#993=LINE('',#8778,#1441);
#994=LINE('',#8781,#1442);
#995=LINE('',#8782,#1443);
#996=LINE('',#8784,#1444);
#997=LINE('',#8789,#1445);
#998=LINE('',#8791,#1446);
#999=LINE('',#8793,#1447);
#1000=LINE('',#8794,#1448);
#1001=LINE('',#8797,#1449);
#1002=LINE('',#8799,#1450);
#1003=LINE('',#8800,#1451);
#1004=LINE('',#8803,#1452);
#1005=LINE('',#8804,#1453);
#1006=LINE('',#8807,#1454);
#1007=LINE('',#8808,#1455);
#1008=LINE('',#8810,#1456);
#1009=LINE('',#8815,#1457);
#1010=LINE('',#8817,#1458);
#1011=LINE('',#8819,#1459);
#1012=LINE('',#8820,#1460);
#1013=LINE('',#8823,#1461);
#1014=LINE('',#8825,#1462);
#1015=LINE('',#8826,#1463);
#1016=LINE('',#8829,#1464);
#1017=LINE('',#8830,#1465);
#1018=LINE('',#8833,#1466);
#1019=LINE('',#8834,#1467);
#1020=LINE('',#8836,#1468);
#1021=LINE('',#8841,#1469);
#1022=LINE('',#8843,#1470);
#1023=LINE('',#8845,#1471);
#1024=LINE('',#8846,#1472);
#1025=LINE('',#8849,#1473);
#1026=LINE('',#8851,#1474);
#1027=LINE('',#8852,#1475);
#1028=LINE('',#8855,#1476);
#1029=LINE('',#8856,#1477);
#1030=LINE('',#8859,#1478);
#1031=LINE('',#8860,#1479);
#1032=LINE('',#8862,#1480);
#1033=LINE('',#8886,#1481);
#1034=LINE('',#8895,#1482);
#1035=LINE('',#8924,#1483);
#1036=LINE('',#8953,#1484);
#1037=LINE('',#8982,#1485);
#1038=LINE('',#9011,#1486);
#1039=LINE('',#9040,#1487);
#1040=LINE('',#9069,#1488);
#1041=LINE('',#9108,#1489);
#1042=LINE('',#9115,#1490);
#1043=LINE('',#9127,#1491);
#1044=LINE('',#9144,#1492);
#1045=LINE('',#9161,#1493);
#1046=LINE('',#9183,#1494);
#1047=LINE('',#9200,#1495);
#1048=LINE('',#9217,#1496);
#1049=LINE('',#9256,#1497);
#1050=LINE('',#9265,#1498);
#1051=LINE('',#9294,#1499);
#1052=LINE('',#9317,#1500);
#1053=LINE('',#9326,#1501);
#1054=LINE('',#9355,#1502);
#1055=LINE('',#9378,#1503);
#1056=LINE('',#9387,#1504);
#1057=LINE('',#9416,#1505);
#1058=LINE('',#9439,#1506);
#1059=LINE('',#9448,#1507);
#1060=LINE('',#9477,#1508);
#1061=LINE('',#9500,#1509);
#1062=LINE('',#9509,#1510);
#1063=LINE('',#9538,#1511);
#1064=LINE('',#9567,#1512);
#1065=LINE('',#9596,#1513);
#1066=LINE('',#9619,#1514);
#1067=LINE('',#9628,#1515);
#1068=LINE('',#9657,#1516);
#1069=LINE('',#9659,#1517);
#1070=LINE('',#9661,#1518);
#1071=LINE('',#9662,#1519);
#1072=LINE('',#9663,#1520);
#1073=LINE('',#9664,#1521);
#1074=LINE('',#9666,#1522);
#1075=LINE('',#9668,#1523);
#1076=LINE('',#9669,#1524);
#1077=LINE('',#9670,#1525);
#1078=LINE('',#9682,#1526);
#1079=LINE('',#9689,#1527);
#1080=LINE('',#9692,#1528);
#1081=LINE('',#9693,#1529);
#1082=LINE('',#9696,#1530);
#1083=LINE('',#9697,#1531);
#1084=LINE('',#9700,#1532);
#1085=LINE('',#9701,#1533);
#1086=LINE('',#9704,#1534);
#1087=LINE('',#9706,#1535);
#1088=LINE('',#9707,#1536);
#1089=LINE('',#9719,#1537);
#1090=LINE('',#9736,#1538);
#1091=LINE('',#9753,#1539);
#1092=LINE('',#9770,#1540);
#1093=LINE('',#9778,#1541);
#1094=LINE('',#9779,#1542);
#1095=LINE('',#9791,#1543);
#1096=LINE('',#9808,#1544);
#1097=LINE('',#9830,#1545);
#1098=LINE('',#9833,#1546);
#1099=LINE('',#9834,#1547);
#1100=LINE('',#9851,#1548);
#1101=LINE('',#9869,#1549);
#1102=LINE('',#9870,#1550);
#1103=LINE('',#9887,#1551);
#1104=LINE('',#9904,#1552);
#1105=LINE('',#9907,#1553);
#1106=LINE('',#9908,#1554);
#1107=LINE('',#9925,#1555);
#1108=LINE('',#9942,#1556);
#1109=LINE('',#9944,#1557);
#1110=LINE('',#9968,#1558);
#1111=LINE('',#9977,#1559);
#1112=LINE('',#10006,#1560);
#1113=LINE('',#10035,#1561);
#1114=LINE('',#10064,#1562);
#1115=LINE('',#10087,#1563);
#1116=LINE('',#10096,#1564);
#1117=LINE('',#10125,#1565);
#1118=LINE('',#10148,#1566);
#1119=LINE('',#10157,#1567);
#1120=LINE('',#10186,#1568);
#1121=LINE('',#10215,#1569);
#1122=LINE('',#10244,#1570);
#1123=LINE('',#10273,#1571);
#1124=LINE('',#10302,#1572);
#1125=LINE('',#10331,#1573);
#1126=LINE('',#10360,#1574);
#1127=LINE('',#10363,#1575);
#1128=LINE('',#10364,#1576);
#1129=LINE('',#10365,#1577);
#1130=LINE('',#10366,#1578);
#1131=LINE('',#10378,#1579);
#1132=LINE('',#10385,#1580);
#1133=LINE('',#10397,#1581);
#1134=LINE('',#10414,#1582);
#1135=LINE('',#10431,#1583);
#1136=LINE('',#10448,#1584);
#1137=LINE('',#10465,#1585);
#1138=LINE('',#10482,#1586);
#1139=LINE('',#10499,#1587);
#1140=LINE('',#10507,#1588);
#1141=LINE('',#10508,#1589);
#1142=LINE('',#10511,#1590);
#1143=LINE('',#10512,#1591);
#1144=LINE('',#10529,#1592);
#1145=LINE('',#10546,#1593);
#1146=LINE('',#10549,#1594);
#1147=LINE('',#10550,#1595);
#1148=LINE('',#10567,#1596);
#1149=LINE('',#10584,#1597);
#1150=LINE('',#10601,#1598);
#1151=LINE('',#10618,#1599);
#1152=LINE('',#10620,#1600);
#1153=LINE('',#10644,#1601);
#1154=LINE('',#10653,#1602);
#1155=LINE('',#10682,#1603);
#1156=LINE('',#10705,#1604);
#1157=LINE('',#10714,#1605);
#1158=LINE('',#10743,#1606);
#1159=LINE('',#10772,#1607);
#1160=LINE('',#10795,#1608);
#1161=LINE('',#10804,#1609);
#1162=LINE('',#10833,#1610);
#1163=LINE('',#10862,#1611);
#1164=LINE('',#10891,#1612);
#1165=LINE('',#10914,#1613);
#1166=LINE('',#10923,#1614);
#1167=LINE('',#10952,#1615);
#1168=LINE('',#10981,#1616);
#1169=LINE('',#11010,#1617);
#1170=LINE('',#11033,#1618);
#1171=LINE('',#11042,#1619);
#1172=LINE('',#11071,#1620);
#1173=LINE('',#11073,#1621);
#1174=LINE('',#11074,#1622);
#1175=LINE('',#11075,#1623);
#1176=LINE('',#11077,#1624);
#1177=LINE('',#11078,#1625);
#1178=LINE('',#11079,#1626);
#1179=LINE('',#11091,#1627);
#1180=LINE('',#11098,#1628);
#1181=LINE('',#11101,#1629);
#1182=LINE('',#11102,#1630);
#1183=LINE('',#11114,#1631);
#1184=LINE('',#11131,#1632);
#1185=LINE('',#11148,#1633);
#1186=LINE('',#11165,#1634);
#1187=LINE('',#11173,#1635);
#1188=LINE('',#11174,#1636);
#1189=LINE('',#11177,#1637);
#1190=LINE('',#11178,#1638);
#1191=LINE('',#11181,#1639);
#1192=LINE('',#11182,#1640);
#1193=LINE('',#11194,#1641);
#1194=LINE('',#11211,#1642);
#1195=LINE('',#11233,#1643);
#1196=LINE('',#11250,#1644);
#1197=LINE('',#11267,#1645);
#1198=LINE('',#11270,#1646);
#1199=LINE('',#11271,#1647);
#1200=LINE('',#11274,#1648);
#1201=LINE('',#11275,#1649);
#1202=LINE('',#11292,#1650);
#1203=LINE('',#11309,#1651);
#1204=LINE('',#11326,#1652);
#1205=LINE('',#11329,#1653);
#1206=LINE('',#11330,#1654);
#1207=LINE('',#11347,#1655);
#1208=VECTOR('',#5387,10.);
#1209=VECTOR('',#5388,10.);
#1210=VECTOR('',#5389,10.);
#1211=VECTOR('',#5390,10.);
#1212=VECTOR('',#5391,10.);
#1213=VECTOR('',#5392,10.);
#1214=VECTOR('',#5393,10.);
#1215=VECTOR('',#5394,10.);
#1216=VECTOR('',#5395,10.);
#1217=VECTOR('',#5396,10.);
#1218=VECTOR('',#5397,10.);
#1219=VECTOR('',#5398,10.);
#1220=VECTOR('',#5399,10.);
#1221=VECTOR('',#5400,10.);
#1222=VECTOR('',#5401,10.);
#1223=VECTOR('',#5402,10.);
#1224=VECTOR('',#5403,10.);
#1225=VECTOR('',#5404,10.);
#1226=VECTOR('',#5405,10.);
#1227=VECTOR('',#5406,10.);
#1228=VECTOR('',#5407,10.);
#1229=VECTOR('',#5408,10.);
#1230=VECTOR('',#5409,10.);
#1231=VECTOR('',#5410,10.);
#1232=VECTOR('',#5413,10.);
#1233=VECTOR('',#5414,10.);
#1234=VECTOR('',#5415,10.);
#1235=VECTOR('',#5416,10.);
#1236=VECTOR('',#5417,10.);
#1237=VECTOR('',#5418,10.);
#1238=VECTOR('',#5419,10.);
#1239=VECTOR('',#5420,10.);
#1240=VECTOR('',#5421,10.);
#1241=VECTOR('',#5422,10.);
#1242=VECTOR('',#5423,10.);
#1243=VECTOR('',#5426,10.);
#1244=VECTOR('',#5427,10.);
#1245=VECTOR('',#5428,10.);
#1246=VECTOR('',#5429,10.);
#1247=VECTOR('',#5432,10.);
#1248=VECTOR('',#5433,10.);
#1249=VECTOR('',#5434,10.);
#1250=VECTOR('',#5435,10.);
#1251=VECTOR('',#5436,10.);
#1252=VECTOR('',#5439,10.);
#1253=VECTOR('',#5440,10.);
#1254=VECTOR('',#5441,10.);
#1255=VECTOR('',#5442,10.);
#1256=VECTOR('',#5445,10.);
#1257=VECTOR('',#5446,10.);
#1258=VECTOR('',#5449,10.);
#1259=VECTOR('',#5450,10.);
#1260=VECTOR('',#5451,10.);
#1261=VECTOR('',#5452,10.);
#1262=VECTOR('',#5455,10.);
#1263=VECTOR('',#5456,10.);
#1264=VECTOR('',#5457,10.);
#1265=VECTOR('',#5460,10.);
#1266=VECTOR('',#5461,10.);
#1267=VECTOR('',#5462,10.);
#1268=VECTOR('',#5463,10.);
#1269=VECTOR('',#5466,10.);
#1270=VECTOR('',#5467,10.);
#1271=VECTOR('',#5468,10.);
#1272=VECTOR('',#5471,10.);
#1273=VECTOR('',#5472,10.);
#1274=VECTOR('',#5473,10.);
#1275=VECTOR('',#5474,10.);
#1276=VECTOR('',#5475,10.);
#1277=VECTOR('',#5476,10.);
#1278=VECTOR('',#5477,10.);
#1279=VECTOR('',#5478,10.);
#1280=VECTOR('',#5479,10.);
#1281=VECTOR('',#5480,10.);
#1282=VECTOR('',#5481,10.);
#1283=VECTOR('',#5482,10.);
#1284=VECTOR('',#5483,10.);
#1285=VECTOR('',#5484,10.);
#1286=VECTOR('',#5485,10.);
#1287=VECTOR('',#5486,10.);
#1288=VECTOR('',#5487,10.);
#1289=VECTOR('',#5488,10.);
#1290=VECTOR('',#5489,10.);
#1291=VECTOR('',#5490,10.);
#1292=VECTOR('',#5491,10.);
#1293=VECTOR('',#5492,10.);
#1294=VECTOR('',#5493,10.);
#1295=VECTOR('',#5494,10.);
#1296=VECTOR('',#5495,10.);
#1297=VECTOR('',#5496,10.);
#1298=VECTOR('',#5497,10.);
#1299=VECTOR('',#5498,10.);
#1300=VECTOR('',#5499,10.);
#1301=VECTOR('',#5500,10.);
#1302=VECTOR('',#5503,10.);
#1303=VECTOR('',#5504,10.);
#1304=VECTOR('',#5505,10.);
#1305=VECTOR('',#5506,10.);
#1306=VECTOR('',#5507,10.);
#1307=VECTOR('',#5508,10.);
#1308=VECTOR('',#5509,10.);
#1309=VECTOR('',#5510,10.);
#1310=VECTOR('',#5511,10.);
#1311=VECTOR('',#5514,10.);
#1312=VECTOR('',#5515,10.);
#1313=VECTOR('',#5516,10.);
#1314=VECTOR('',#5517,10.);
#1315=VECTOR('',#5520,10.);
#1316=VECTOR('',#5521,10.);
#1317=VECTOR('',#5522,10.);
#1318=VECTOR('',#5523,10.);
#1319=VECTOR('',#5524,10.);
#1320=VECTOR('',#5525,10.);
#1321=VECTOR('',#5526,10.);
#1322=VECTOR('',#5527,10.);
#1323=VECTOR('',#5528,10.);
#1324=VECTOR('',#5529,10.);
#1325=VECTOR('',#5532,10.);
#1326=VECTOR('',#5533,10.);
#1327=VECTOR('',#5536,10.);
#1328=VECTOR('',#5537,10.);
#1329=VECTOR('',#5538,10.);
#1330=VECTOR('',#5539,10.);
#1331=VECTOR('',#5540,10.);
#1332=VECTOR('',#5541,10.);
#1333=VECTOR('',#5542,10.);
#1334=VECTOR('',#5543,10.);
#1335=VECTOR('',#5544,10.);
#1336=VECTOR('',#5545,10.);
#1337=VECTOR('',#5548,10.);
#1338=VECTOR('',#5549,10.);
#1339=VECTOR('',#5550,10.);
#1340=VECTOR('',#5551,10.);
#1341=VECTOR('',#5554,10.);
#1342=VECTOR('',#5555,10.);
#1343=VECTOR('',#5556,10.);
#1344=VECTOR('',#5559,10.);
#1345=VECTOR('',#5560,10.);
#1346=VECTOR('',#5561,10.);
#1347=VECTOR('',#5562,10.);
#1348=VECTOR('',#5563,10.);
#1349=VECTOR('',#5564,10.);
#1350=VECTOR('',#5565,10.);
#1351=VECTOR('',#5566,10.);
#1352=VECTOR('',#5567,10.);
#1353=VECTOR('',#5568,10.);
#1354=VECTOR('',#5569,10.);
#1355=VECTOR('',#5570,10.);
#1356=VECTOR('',#5571,10.);
#1357=VECTOR('',#5572,10.);
#1358=VECTOR('',#5573,10.);
#1359=VECTOR('',#5574,10.);
#1360=VECTOR('',#5575,10.);
#1361=VECTOR('',#5576,10.);
#1362=VECTOR('',#5579,10.);
#1363=VECTOR('',#5580,10.);
#1364=VECTOR('',#5581,10.);
#1365=VECTOR('',#5582,10.);
#1366=VECTOR('',#5583,10.);
#1367=VECTOR('',#5584,10.);
#1368=VECTOR('',#5585,10.);
#1369=VECTOR('',#5586,10.);
#1370=VECTOR('',#5587,10.);
#1371=VECTOR('',#5588,10.);
#1372=VECTOR('',#5589,10.);
#1373=VECTOR('',#5590,10.);
#1374=VECTOR('',#5593,10.);
#1375=VECTOR('',#5594,10.);
#1376=VECTOR('',#5595,10.);
#1377=VECTOR('',#5596,10.);
#1378=VECTOR('',#5597,10.);
#1379=VECTOR('',#5598,10.);
#1380=VECTOR('',#5601,10.);
#1381=VECTOR('',#5602,10.);
#1382=VECTOR('',#5605,10.);
#1383=VECTOR('',#5606,10.);
#1384=VECTOR('',#5609,10.);
#1385=VECTOR('',#5610,10.);
#1386=VECTOR('',#5613,10.);
#1387=VECTOR('',#5614,10.);
#1388=VECTOR('',#5615,10.);
#1389=VECTOR('',#5616,10.);
#1390=VECTOR('',#5619,10.);
#1391=VECTOR('',#5620,10.);
#1392=VECTOR('',#5621,10.);
#1393=VECTOR('',#5622,10.);
#1394=VECTOR('',#5623,10.);
#1395=VECTOR('',#5624,10.);
#1396=VECTOR('',#5627,10.);
#1397=VECTOR('',#5632,10.);
#1398=VECTOR('',#5633,10.);
#1399=VECTOR('',#5634,10.);
#1400=VECTOR('',#5635,10.);
#1401=VECTOR('',#5638,10.);
#1402=VECTOR('',#5639,10.);
#1403=VECTOR('',#5640,10.);
#1404=VECTOR('',#5643,10.);
#1405=VECTOR('',#5644,10.);
#1406=VECTOR('',#5647,10.);
#1407=VECTOR('',#5648,10.);
#1408=VECTOR('',#5651,10.);
#1409=VECTOR('',#5656,10.);
#1410=VECTOR('',#5657,10.);
#1411=VECTOR('',#5658,10.);
#1412=VECTOR('',#5659,10.);
#1413=VECTOR('',#5662,10.);
#1414=VECTOR('',#5663,10.);
#1415=VECTOR('',#5664,10.);
#1416=VECTOR('',#5667,10.);
#1417=VECTOR('',#5668,10.);
#1418=VECTOR('',#5671,10.);
#1419=VECTOR('',#5672,10.);
#1420=VECTOR('',#5675,10.);
#1421=VECTOR('',#5680,10.);
#1422=VECTOR('',#5681,10.);
#1423=VECTOR('',#5682,10.);
#1424=VECTOR('',#5683,10.);
#1425=VECTOR('',#5686,10.);
#1426=VECTOR('',#5687,10.);
#1427=VECTOR('',#5688,10.);
#1428=VECTOR('',#5691,10.);
#1429=VECTOR('',#5692,10.);
#1430=VECTOR('',#5695,10.);
#1431=VECTOR('',#5696,10.);
#1432=VECTOR('',#5699,10.);
#1433=VECTOR('',#5704,10.);
#1434=VECTOR('',#5705,10.);
#1435=VECTOR('',#5706,10.);
#1436=VECTOR('',#5707,10.);
#1437=VECTOR('',#5710,10.);
#1438=VECTOR('',#5711,10.);
#1439=VECTOR('',#5712,10.);
#1440=VECTOR('',#5715,10.);
#1441=VECTOR('',#5716,10.);
#1442=VECTOR('',#5719,10.);
#1443=VECTOR('',#5720,10.);
#1444=VECTOR('',#5723,10.);
#1445=VECTOR('',#5728,10.);
#1446=VECTOR('',#5729,10.);
#1447=VECTOR('',#5730,10.);
#1448=VECTOR('',#5731,10.);
#1449=VECTOR('',#5734,10.);
#1450=VECTOR('',#5735,10.);
#1451=VECTOR('',#5736,10.);
#1452=VECTOR('',#5739,10.);
#1453=VECTOR('',#5740,10.);
#1454=VECTOR('',#5743,10.);
#1455=VECTOR('',#5744,10.);
#1456=VECTOR('',#5747,10.);
#1457=VECTOR('',#5752,10.);
#1458=VECTOR('',#5753,10.);
#1459=VECTOR('',#5754,10.);
#1460=VECTOR('',#5755,10.);
#1461=VECTOR('',#5758,10.);
#1462=VECTOR('',#5759,10.);
#1463=VECTOR('',#5760,10.);
#1464=VECTOR('',#5763,10.);
#1465=VECTOR('',#5764,10.);
#1466=VECTOR('',#5767,10.);
#1467=VECTOR('',#5768,10.);
#1468=VECTOR('',#5771,10.);
#1469=VECTOR('',#5776,10.);
#1470=VECTOR('',#5777,10.);
#1471=VECTOR('',#5778,10.);
#1472=VECTOR('',#5779,10.);
#1473=VECTOR('',#5782,10.);
#1474=VECTOR('',#5783,10.);
#1475=VECTOR('',#5784,10.);
#1476=VECTOR('',#5787,10.);
#1477=VECTOR('',#5788,10.);
#1478=VECTOR('',#5791,10.);
#1479=VECTOR('',#5792,10.);
#1480=VECTOR('',#5795,10.);
#1481=VECTOR('',#5798,10.);
#1482=VECTOR('',#5799,10.);
#1483=VECTOR('',#5800,10.);
#1484=VECTOR('',#5801,10.);
#1485=VECTOR('',#5802,10.);
#1486=VECTOR('',#5803,10.);
#1487=VECTOR('',#5804,10.);
#1488=VECTOR('',#5805,10.);
#1489=VECTOR('',#5808,10.);
#1490=VECTOR('',#5809,10.);
#1491=VECTOR('',#5810,10.);
#1492=VECTOR('',#5811,10.);
#1493=VECTOR('',#5812,10.);
#1494=VECTOR('',#5813,10.);
#1495=VECTOR('',#5814,10.);
#1496=VECTOR('',#5815,10.);
#1497=VECTOR('',#5818,10.);
#1498=VECTOR('',#5819,10.);
#1499=VECTOR('',#5820,10.);
#1500=VECTOR('',#5821,10.);
#1501=VECTOR('',#5822,10.);
#1502=VECTOR('',#5823,10.);
#1503=VECTOR('',#5824,10.);
#1504=VECTOR('',#5825,10.);
#1505=VECTOR('',#5826,10.);
#1506=VECTOR('',#5827,10.);
#1507=VECTOR('',#5828,10.);
#1508=VECTOR('',#5829,10.);
#1509=VECTOR('',#5830,10.);
#1510=VECTOR('',#5831,10.);
#1511=VECTOR('',#5832,10.);
#1512=VECTOR('',#5833,10.);
#1513=VECTOR('',#5834,10.);
#1514=VECTOR('',#5835,10.);
#1515=VECTOR('',#5836,10.);
#1516=VECTOR('',#5837,10.);
#1517=VECTOR('',#5840,10.);
#1518=VECTOR('',#5841,10.);
#1519=VECTOR('',#5842,10.);
#1520=VECTOR('',#5843,10.);
#1521=VECTOR('',#5844,10.);
#1522=VECTOR('',#5845,10.);
#1523=VECTOR('',#5846,10.);
#1524=VECTOR('',#5847,10.);
#1525=VECTOR('',#5848,10.);
#1526=VECTOR('',#5849,10.);
#1527=VECTOR('',#5850,10.);
#1528=VECTOR('',#5853,10.);
#1529=VECTOR('',#5854,10.);
#1530=VECTOR('',#5857,10.);
#1531=VECTOR('',#5858,10.);
#1532=VECTOR('',#5861,10.);
#1533=VECTOR('',#5862,10.);
#1534=VECTOR('',#5865,10.);
#1535=VECTOR('',#5866,10.);
#1536=VECTOR('',#5867,10.);
#1537=VECTOR('',#5868,10.);
#1538=VECTOR('',#5869,10.);
#1539=VECTOR('',#5870,10.);
#1540=VECTOR('',#5871,10.);
#1541=VECTOR('',#5874,10.);
#1542=VECTOR('',#5875,10.);
#1543=VECTOR('',#5876,10.);
#1544=VECTOR('',#5877,10.);
#1545=VECTOR('',#5878,10.);
#1546=VECTOR('',#5881,10.);
#1547=VECTOR('',#5882,10.);
#1548=VECTOR('',#5883,10.);
#1549=VECTOR('',#5886,10.);
#1550=VECTOR('',#5887,10.);
#1551=VECTOR('',#5888,10.);
#1552=VECTOR('',#5889,10.);
#1553=VECTOR('',#5892,10.);
#1554=VECTOR('',#5893,10.);
#1555=VECTOR('',#5894,10.);
#1556=VECTOR('',#5895,10.);
#1557=VECTOR('',#5898,10.);
#1558=VECTOR('',#5901,10.);
#1559=VECTOR('',#5902,10.);
#1560=VECTOR('',#5903,10.);
#1561=VECTOR('',#5904,10.);
#1562=VECTOR('',#5905,10.);
#1563=VECTOR('',#5906,10.);
#1564=VECTOR('',#5907,10.);
#1565=VECTOR('',#5908,10.);
#1566=VECTOR('',#5909,10.);
#1567=VECTOR('',#5910,10.);
#1568=VECTOR('',#5911,10.);
#1569=VECTOR('',#5912,10.);
#1570=VECTOR('',#5913,10.);
#1571=VECTOR('',#5914,10.);
#1572=VECTOR('',#5915,10.);
#1573=VECTOR('',#5916,10.);
#1574=VECTOR('',#5917,10.);
#1575=VECTOR('',#5920,10.);
#1576=VECTOR('',#5921,10.);
#1577=VECTOR('',#5922,10.);
#1578=VECTOR('',#5923,10.);
#1579=VECTOR('',#5924,10.);
#1580=VECTOR('',#5925,10.);
#1581=VECTOR('',#5926,10.);
#1582=VECTOR('',#5927,10.);
#1583=VECTOR('',#5928,10.);
#1584=VECTOR('',#5929,10.);
#1585=VECTOR('',#5930,10.);
#1586=VECTOR('',#5931,10.);
#1587=VECTOR('',#5932,10.);
#1588=VECTOR('',#5935,10.);
#1589=VECTOR('',#5936,10.);
#1590=VECTOR('',#5939,10.);
#1591=VECTOR('',#5940,10.);
#1592=VECTOR('',#5941,10.);
#1593=VECTOR('',#5942,10.);
#1594=VECTOR('',#5945,10.);
#1595=VECTOR('',#5946,10.);
#1596=VECTOR('',#5947,10.);
#1597=VECTOR('',#5948,10.);
#1598=VECTOR('',#5949,10.);
#1599=VECTOR('',#5950,10.);
#1600=VECTOR('',#5953,10.);
#1601=VECTOR('',#5956,10.);
#1602=VECTOR('',#5957,10.);
#1603=VECTOR('',#5958,10.);
#1604=VECTOR('',#5959,10.);
#1605=VECTOR('',#5960,10.);
#1606=VECTOR('',#5961,10.);
#1607=VECTOR('',#5962,10.);
#1608=VECTOR('',#5963,10.);
#1609=VECTOR('',#5964,10.);
#1610=VECTOR('',#5965,10.);
#1611=VECTOR('',#5966,10.);
#1612=VECTOR('',#5967,10.);
#1613=VECTOR('',#5968,10.);
#1614=VECTOR('',#5969,10.);
#1615=VECTOR('',#5970,10.);
#1616=VECTOR('',#5971,10.);
#1617=VECTOR('',#5972,10.);
#1618=VECTOR('',#5973,10.);
#1619=VECTOR('',#5974,10.);
#1620=VECTOR('',#5977,10.);
#1621=VECTOR('',#5978,10.);
#1622=VECTOR('',#5979,10.);
#1623=VECTOR('',#5980,10.);
#1624=VECTOR('',#5981,10.);
#1625=VECTOR('',#5982,10.);
#1626=VECTOR('',#5983,10.);
#1627=VECTOR('',#5984,10.);
#1628=VECTOR('',#5985,10.);
#1629=VECTOR('',#5988,10.);
#1630=VECTOR('',#5989,10.);
#1631=VECTOR('',#5990,10.);
#1632=VECTOR('',#5991,10.);
#1633=VECTOR('',#5992,10.);
#1634=VECTOR('',#5993,10.);
#1635=VECTOR('',#5996,10.);
#1636=VECTOR('',#5997,10.);
#1637=VECTOR('',#6000,10.);
#1638=VECTOR('',#6001,10.);
#1639=VECTOR('',#6004,10.);
#1640=VECTOR('',#6005,10.);
#1641=VECTOR('',#6006,10.);
#1642=VECTOR('',#6007,10.);
#1643=VECTOR('',#6008,10.);
#1644=VECTOR('',#6009,10.);
#1645=VECTOR('',#6010,10.);
#1646=VECTOR('',#6013,10.);
#1647=VECTOR('',#6014,10.);
#1648=VECTOR('',#6017,10.);
#1649=VECTOR('',#6018,10.);
#1650=VECTOR('',#6019,10.);
#1651=VECTOR('',#6020,10.);
#1652=VECTOR('',#6021,10.);
#1653=VECTOR('',#6024,10.);
#1654=VECTOR('',#6025,10.);
#1655=VECTOR('',#6026,10.);
#1656=B_SPLINE_CURVE_WITH_KNOTS('',3,(#6044,#6045,#6046,#6047,#6048,#6049,
#6050),.UNSPECIFIED.,.F.,.F.,(4,3,4),(-0.0285007859414646,-0.0142466230412089,
-1.73472347597681E-18),.UNSPECIFIED.);
#1657=B_SPLINE_CURVE_WITH_KNOTS('',3,(#6054,#6055,#6056,#6057,#6058,#6059,
#6060),.UNSPECIFIED.,.F.,.F.,(4,3,4),(0.,0.0142466230412089,0.0285007859414646),
 .UNSPECIFIED.);
#1658=B_SPLINE_CURVE_WITH_KNOTS('',3,(#6075,#6076,#6077,#6078,#6079,#6080,
#6081),.UNSPECIFIED.,.F.,.F.,(4,3,4),(-0.0293248576582753,-0.0146663075459771,
0.),.UNSPECIFIED.);
#1659=B_SPLINE_CURVE_WITH_KNOTS('',3,(#6083,#6084,#6085,#6086,#6087,#6088,
#6089),.UNSPECIFIED.,.F.,.F.,(4,3,4),(0.,0.0146663075459771,0.0293248576582753),
 .UNSPECIFIED.);
#1660=B_SPLINE_CURVE_WITH_KNOTS('',3,(#6105,#6106,#6107,#6108,#6109,#6110,
#6111),.UNSPECIFIED.,.F.,.F.,(4,3,4),(-0.0285007948679292,-0.0142466284919749,
0.),.UNSPECIFIED.);
#1661=B_SPLINE_CURVE_WITH_KNOTS('',3,(#6115,#6116,#6117,#6118,#6119,#6120,
#6121),.UNSPECIFIED.,.F.,.F.,(4,3,4),(0.,0.0142466284919749,0.0285007948679292),
 .UNSPECIFIED.);
#1662=B_SPLINE_CURVE_WITH_KNOTS('',3,(#6136,#6137,#6138,#6139,#6140,#6141,
#6142),.UNSPECIFIED.,.F.,.F.,(4,3,4),(-0.0293248472969345,-0.0146663022407182,
0.),.UNSPECIFIED.);
#1663=B_SPLINE_CURVE_WITH_KNOTS('',3,(#6144,#6145,#6146,#6147,#6148,#6149,
#6150),.UNSPECIFIED.,.F.,.F.,(4,3,4),(0.,0.0146663022407182,0.0293248472969345),
 .UNSPECIFIED.);
#1664=B_SPLINE_CURVE_WITH_KNOTS('',3,(#6166,#6167,#6168,#6169,#6170,#6171,
#6172),.UNSPECIFIED.,.F.,.F.,(4,3,4),(-0.0285008643296918,-0.0142466621658443,
0.),.UNSPECIFIED.);
#1665=B_SPLINE_CURVE_WITH_KNOTS('',3,(#6176,#6177,#6178,#6179,#6180,#6181,
#6182),.UNSPECIFIED.,.F.,.F.,(4,3,4),(0.,0.0142466621658443,0.0285008643296918),
 .UNSPECIFIED.);
#1666=B_SPLINE_CURVE_WITH_KNOTS('',3,(#6197,#6198,#6199,#6200,#6201,#6202,
#6203),.UNSPECIFIED.,.F.,.F.,(4,3,4),(-0.0293247852968021,-0.0146662708320133,
0.),.UNSPECIFIED.);
#1667=B_SPLINE_CURVE_WITH_KNOTS('',3,(#6205,#6206,#6207,#6208,#6209,#6210,
#6211),.UNSPECIFIED.,.F.,.F.,(4,3,4),(0.,0.0146662708320133,0.0293247852968021),
 .UNSPECIFIED.);
#1668=B_SPLINE_CURVE_WITH_KNOTS('',3,(#6227,#6228,#6229,#6230,#6231,#6232,
#6233),.UNSPECIFIED.,.F.,.F.,(4,3,4),(-0.0285008643296829,-0.0142466621658404,
0.),.UNSPECIFIED.);
#1669=B_SPLINE_CURVE_WITH_KNOTS('',3,(#6237,#6238,#6239,#6240,#6241,#6242,
#6243),.UNSPECIFIED.,.F.,.F.,(4,3,4),(0.,0.0142466621658404,0.0285008643296829),
 .UNSPECIFIED.);
#1670=B_SPLINE_CURVE_WITH_KNOTS('',3,(#6258,#6259,#6260,#6261,#6262,#6263,
#6264),.UNSPECIFIED.,.F.,.F.,(4,3,4),(-0.0293249313078507,-0.0146663448552227,
0.),.UNSPECIFIED.);
#1671=B_SPLINE_CURVE_WITH_KNOTS('',3,(#6266,#6267,#6268,#6269,#6270,#6271,
#6272),.UNSPECIFIED.,.F.,.F.,(4,3,4),(0.,0.0146663448552227,0.0293249313078507),
 .UNSPECIFIED.);
#1672=B_SPLINE_CURVE_WITH_KNOTS('',3,(#6288,#6289,#6290,#6291,#6292,#6293,
#6294),.UNSPECIFIED.,.F.,.F.,(4,3,4),(-0.0855025028579298,-0.0427399430007003,
0.),.UNSPECIFIED.);
#1673=B_SPLINE_CURVE_WITH_KNOTS('',3,(#6298,#6299,#6300,#6301,#6302,#6303,
#6304),.UNSPECIFIED.,.F.,.F.,(4,3,4),(0.,0.0427399430007003,0.0855025028579298),
 .UNSPECIFIED.);
#1674=B_SPLINE_CURVE_WITH_KNOTS('',3,(#6319,#6320,#6321,#6322,#6323,#6324,
#6325),.UNSPECIFIED.,.F.,.F.,(4,3,4),(-0.0879744798907821,-0.0439988753134989,
0.),.UNSPECIFIED.);
#1675=B_SPLINE_CURVE_WITH_KNOTS('',3,(#6327,#6328,#6329,#6330,#6331,#6332,
#6333),.UNSPECIFIED.,.F.,.F.,(4,3,4),(0.,0.0439988753134989,0.0879744798907821),
 .UNSPECIFIED.);
#1676=B_SPLINE_CURVE_WITH_KNOTS('',3,(#6349,#6350,#6351,#6352,#6353,#6354,
#6355),.UNSPECIFIED.,.F.,.F.,(4,3,4),(-0.0855025028579338,-0.042739943000703,
0.),.UNSPECIFIED.);
#1677=B_SPLINE_CURVE_WITH_KNOTS('',3,(#6359,#6360,#6361,#6362,#6363,#6364,
#6365),.UNSPECIFIED.,.F.,.F.,(4,3,4),(0.,0.042739943000703,0.0855025028579338),
 .UNSPECIFIED.);
#1678=B_SPLINE_CURVE_WITH_KNOTS('',3,(#6380,#6381,#6382,#6383,#6384,#6385,
#6386),.UNSPECIFIED.,.F.,.F.,(4,3,4),(-0.0879744798907831,-0.0439988753135,
0.),.UNSPECIFIED.);
#1679=B_SPLINE_CURVE_WITH_KNOTS('',3,(#6388,#6389,#6390,#6391,#6392,#6393,
#6394),.UNSPECIFIED.,.F.,.F.,(4,3,4),(0.,0.0439988753135,0.0879744798907831),
 .UNSPECIFIED.);
#1680=B_SPLINE_CURVE_WITH_KNOTS('',3,(#6410,#6411,#6412,#6413,#6414,#6415,
#6416),.UNSPECIFIED.,.F.,.F.,(4,3,4),(-0.0855024887316179,-0.042739934201418,
0.),.UNSPECIFIED.);
#1681=B_SPLINE_CURVE_WITH_KNOTS('',3,(#6420,#6421,#6422,#6423,#6424,#6425,
#6426),.UNSPECIFIED.,.F.,.F.,(4,3,4),(0.,0.042739934201418,0.0855024887316179),
 .UNSPECIFIED.);
#1682=B_SPLINE_CURVE_WITH_KNOTS('',3,(#6441,#6442,#6443,#6444,#6445,#6446,
#6447),.UNSPECIFIED.,.F.,.F.,(4,3,4),(-0.0879745591512442,-0.0439989158483194,
0.),.UNSPECIFIED.);
#1683=B_SPLINE_CURVE_WITH_KNOTS('',3,(#6449,#6450,#6451,#6452,#6453,#6454,
#6455),.UNSPECIFIED.,.F.,.F.,(4,3,4),(0.,0.0439989158483194,0.0879745591512442),
 .UNSPECIFIED.);
#1684=B_SPLINE_CURVE_WITH_KNOTS('',3,(#6471,#6472,#6473,#6474,#6475,#6476,
#6477),.UNSPECIFIED.,.F.,.F.,(4,3,4),(-0.0855025028579077,-0.0427399430006918,
0.),.UNSPECIFIED.);
#1685=B_SPLINE_CURVE_WITH_KNOTS('',3,(#6481,#6482,#6483,#6484,#6485,#6486,
#6487),.UNSPECIFIED.,.F.,.F.,(4,3,4),(0.,0.0427399430006918,0.0855025028579077),
 .UNSPECIFIED.);
#1686=B_SPLINE_CURVE_WITH_KNOTS('',3,(#6502,#6503,#6504,#6505,#6506,#6507,
#6508),.UNSPECIFIED.,.F.,.F.,(4,3,4),(-0.0879746384110405,-0.0439989563828402,
0.),.UNSPECIFIED.);
#1687=B_SPLINE_CURVE_WITH_KNOTS('',3,(#6510,#6511,#6512,#6513,#6514,#6515,
#6516),.UNSPECIFIED.,.F.,.F.,(4,3,4),(0.,0.0439989563828402,0.0879746384110405),
 .UNSPECIFIED.);
#1688=B_SPLINE_CURVE_WITH_KNOTS('',3,(#6540,#6541,#6542,#6543,#6544),
 .UNSPECIFIED.,.F.,.F.,(4,1,4),(0.,0.0136580966664163,0.0277754329603512),
 .UNSPECIFIED.);
#1689=B_SPLINE_CURVE_WITH_KNOTS('',3,(#6558,#6559,#6560,#6561,#6562),
 .UNSPECIFIED.,.F.,.F.,(4,1,4),(0.,0.0141172872874749,0.0277753839538912),
 .UNSPECIFIED.);
#1690=B_SPLINE_CURVE_WITH_KNOTS('',3,(#6579,#6580,#6581,#6582,#6583),
 .UNSPECIFIED.,.F.,.F.,(4,1,4),(0.,0.0136580966664163,0.0277754329603512),
 .UNSPECIFIED.);
#1691=B_SPLINE_CURVE_WITH_KNOTS('',3,(#6596,#6597,#6598,#6599,#6600),
 .UNSPECIFIED.,.F.,.F.,(4,1,4),(0.,0.0141173362939349,0.0277754212710436),
 .UNSPECIFIED.);
#1692=B_SPLINE_CURVE_WITH_KNOTS('',3,(#6618,#6619,#6620,#6621,#6622),
 .UNSPECIFIED.,.F.,.F.,(4,1,4),(0.,0.0409742315520877,0.0833261914274052),
 .UNSPECIFIED.);
#1693=B_SPLINE_CURVE_WITH_KNOTS('',3,(#6636,#6637,#6638,#6639,#6640),
 .UNSPECIFIED.,.F.,.F.,(4,1,4),(0.,0.0423519353720841,0.083326196147752),
 .UNSPECIFIED.);
#1694=B_SPLINE_CURVE_WITH_KNOTS('',3,(#6657,#6658,#6659,#6660,#6661),
 .UNSPECIFIED.,.F.,.F.,(4,1,4),(0.,0.0409742899992489,0.0833262008681064),
 .UNSPECIFIED.);
#1695=B_SPLINE_CURVE_WITH_KNOTS('',3,(#6674,#6675,#6676,#6677,#6678),
 .UNSPECIFIED.,.F.,.F.,(4,1,4),(0.,0.0423519598753175,0.0833261914274052),
 .UNSPECIFIED.);
#1696=B_SPLINE_CURVE_WITH_KNOTS('',3,(#6698,#6699,#6700,#6701,#6702),
 .UNSPECIFIED.,.F.,.F.,(4,1,4),(0.,0.0141173117906947,0.027775408457111),
 .UNSPECIFIED.);
#1697=B_SPLINE_CURVE_WITH_KNOTS('',3,(#6715,#6716,#6717,#6718,#6719),
 .UNSPECIFIED.,.F.,.F.,(4,1,4),(0.,0.0136580966664163,0.0277753669900939),
 .UNSPECIFIED.);
#1698=B_SPLINE_CURVE_WITH_KNOTS('',3,(#6736,#6737,#6738,#6739,#6740),
 .UNSPECIFIED.,.F.,.F.,(4,1,4),(0.,0.0141173193301965,0.0277754159966127),
 .UNSPECIFIED.);
#1699=B_SPLINE_CURVE_WITH_KNOTS('',3,(#6752,#6753,#6754,#6755,#6756),
 .UNSPECIFIED.,.F.,.F.,(4,1,4),(0.,0.0136580674428361,0.0277753698093367),
 .UNSPECIFIED.);
#1700=B_SPLINE_CURVE_WITH_KNOTS('',3,(#6772,#6773,#6774,#6775,#6776),
 .UNSPECIFIED.,.F.,.F.,(4,1,4),(0.,0.0423519108688575,0.0833262008681064),
 .UNSPECIFIED.);
#1701=B_SPLINE_CURVE_WITH_KNOTS('',3,(#6789,#6790,#6791,#6792,#6793),
 .UNSPECIFIED.,.F.,.F.,(4,1,4),(0.,0.0409742899992489,0.0833262008681064),
 .UNSPECIFIED.);
#1702=B_SPLINE_CURVE_WITH_KNOTS('',3,(#6810,#6811,#6812,#6813,#6814),
 .UNSPECIFIED.,.F.,.F.,(4,1,4),(0.,0.0423519108688575,0.0833262008681064),
 .UNSPECIFIED.);
#1703=B_SPLINE_CURVE_WITH_KNOTS('',3,(#6826,#6827,#6828,#6829,#6830),
 .UNSPECIFIED.,.F.,.F.,(4,1,4),(0.,0.0409742899992489,0.0833262008681064),
 .UNSPECIFIED.);
#1704=B_SPLINE_CURVE_WITH_KNOTS('',3,(#6846,#6847,#6848,#6849,#6850,#6851,
#6852),.UNSPECIFIED.,.F.,.F.,(4,3,4),(-0.0855025337973342,-0.0427399559498577,
0.),.UNSPECIFIED.);
#1705=B_SPLINE_CURVE_WITH_KNOTS('',3,(#6856,#6857,#6858,#6859,#6860,#6861,
#6862),.UNSPECIFIED.,.F.,.F.,(4,3,4),(0.,0.0427399559498577,0.0855025337973342),
 .UNSPECIFIED.);
#1706=B_SPLINE_CURVE_WITH_KNOTS('',3,(#6877,#6878,#6879,#6880,#6881,#6882,
#6883),.UNSPECIFIED.,.F.,.F.,(4,3,4),(-0.0879746051799999,-0.0439989387266098,
0.),.UNSPECIFIED.);
#1707=B_SPLINE_CURVE_WITH_KNOTS('',3,(#6885,#6886,#6887,#6888,#6889,#6890,
#6891),.UNSPECIFIED.,.F.,.F.,(4,3,4),(0.,0.0439989387266098,0.0879746051799999),
 .UNSPECIFIED.);
#1708=B_SPLINE_CURVE_WITH_KNOTS('',3,(#6907,#6908,#6909,#6910,#6911,#6912,
#6913),.UNSPECIFIED.,.F.,.F.,(4,3,4),(-0.0855023462546693,-0.0427398669120574,
0.),.UNSPECIFIED.);
#1709=B_SPLINE_CURVE_WITH_KNOTS('',3,(#6917,#6918,#6919,#6920,#6921,#6922,
#6923),.UNSPECIFIED.,.F.,.F.,(4,3,4),(0.,0.0427398669120574,0.0855023462546693),
 .UNSPECIFIED.);
#1710=B_SPLINE_CURVE_WITH_KNOTS('',3,(#6938,#6939,#6940,#6941,#6942,#6943,
#6944),.UNSPECIFIED.,.F.,.F.,(4,3,4),(-0.0879747624097658,-0.0439990191995692,
0.),.UNSPECIFIED.);
#1711=B_SPLINE_CURVE_WITH_KNOTS('',3,(#6946,#6947,#6948,#6949,#6950,#6951,
#6952),.UNSPECIFIED.,.F.,.F.,(4,3,4),(0.,0.0439990191995692,0.0879747624097658),
 .UNSPECIFIED.);
#1712=B_SPLINE_CURVE_WITH_KNOTS('',3,(#6968,#6969,#6970,#6971,#6972,#6973,
#6974),.UNSPECIFIED.,.F.,.F.,(4,3,4),(-0.0855025337973245,-0.0427399559498533,
0.),.UNSPECIFIED.);
#1713=B_SPLINE_CURVE_WITH_KNOTS('',3,(#6978,#6979,#6980,#6981,#6982,#6983,
#6984),.UNSPECIFIED.,.F.,.F.,(4,3,4),(0.,0.0427399559498533,0.0855025337973245),
 .UNSPECIFIED.);
#1714=B_SPLINE_CURVE_WITH_KNOTS('',3,(#6999,#7000,#7001,#7002,#7003,#7004,
#7005),.UNSPECIFIED.,.F.,.F.,(4,3,4),(-0.08797468443977,-0.0439989792611138,
0.),.UNSPECIFIED.);
#1715=B_SPLINE_CURVE_WITH_KNOTS('',3,(#7007,#7008,#7009,#7010,#7011,#7012,
#7013),.UNSPECIFIED.,.F.,.F.,(4,3,4),(0.,0.0439989792611138,0.08797468443977),
 .UNSPECIFIED.);
#1716=B_SPLINE_CURVE_WITH_KNOTS('',3,(#7028,#7029,#7030,#7031,#7032,#7033,
#7034),.UNSPECIFIED.,.F.,.F.,(4,3,4),(-0.0285007825326985,-0.0142466215291993,
0.),.UNSPECIFIED.);
#1717=B_SPLINE_CURVE_WITH_KNOTS('',3,(#7036,#7037,#7038,#7039,#7040,#7041,
#7042),.UNSPECIFIED.,.F.,.F.,(4,3,4),(0.,0.0142466215291993,0.0285007825326985),
 .UNSPECIFIED.);
#1718=B_SPLINE_CURVE_WITH_KNOTS('',3,(#7057,#7058,#7059,#7060,#7061,#7062,
#7063),.UNSPECIFIED.,.F.,.F.,(4,3,4),(-0.0293248231361435,-0.0146662892930872,
0.),.UNSPECIFIED.);
#1719=B_SPLINE_CURVE_WITH_KNOTS('',3,(#7065,#7066,#7067,#7068,#7069,#7070,
#7071),.UNSPECIFIED.,.F.,.F.,(4,3,4),(0.,0.0146662892930872,0.0293248231361435),
 .UNSPECIFIED.);
#1720=B_SPLINE_CURVE_WITH_KNOTS('',3,(#7086,#7087,#7088,#7089,#7090,#7091,
#7092),.UNSPECIFIED.,.F.,.F.,(4,3,4),(-0.0285008991254543,-0.0142466807880965,
0.),.UNSPECIFIED.);
#1721=B_SPLINE_CURVE_WITH_KNOTS('',3,(#7094,#7095,#7096,#7097,#7098,#7099,
#7100),.UNSPECIFIED.,.F.,.F.,(4,3,4),(0.,0.0142466807880965,0.0285008991254543),
 .UNSPECIFIED.);
#1722=B_SPLINE_CURVE_WITH_KNOTS('',3,(#7115,#7116,#7117,#7118,#7119,#7120,
#7121),.UNSPECIFIED.,.F.,.F.,(4,3,4),(-0.0293248100534783,-0.0146662836519627,
0.),.UNSPECIFIED.);
#1723=B_SPLINE_CURVE_WITH_KNOTS('',3,(#7123,#7124,#7125,#7126,#7127,#7128,
#7129),.UNSPECIFIED.,.F.,.F.,(4,3,4),(0.,0.0146662836519627,0.0293248100534783),
 .UNSPECIFIED.);
#1724=B_SPLINE_CURVE_WITH_KNOTS('',3,(#7144,#7145,#7146,#7147,#7148,#7149,
#7150),.UNSPECIFIED.,.F.,.F.,(4,3,4),(-0.0285007825327021,-0.0142466215292008,
0.),.UNSPECIFIED.);
#1725=B_SPLINE_CURVE_WITH_KNOTS('',3,(#7152,#7153,#7154,#7155,#7156,#7157,
#7158),.UNSPECIFIED.,.F.,.F.,(4,3,4),(0.,0.0142466215292008,0.0285007825327021),
 .UNSPECIFIED.);
#1726=B_SPLINE_CURVE_WITH_KNOTS('',3,(#7173,#7174,#7175,#7176,#7177,#7178,
#7179),.UNSPECIFIED.,.F.,.F.,(4,3,4),(-0.0293248231361223,-0.0146662892930794,
0.),.UNSPECIFIED.);
#1727=B_SPLINE_CURVE_WITH_KNOTS('',3,(#7181,#7182,#7183,#7184,#7185,#7186,
#7187),.UNSPECIFIED.,.F.,.F.,(4,3,4),(0.,0.0146662892930794,0.0293248231361223),
 .UNSPECIFIED.);
#1728=B_SPLINE_CURVE_WITH_KNOTS('',3,(#7203,#7204,#7205,#7206,#7207,#7208,
#7209),.UNSPECIFIED.,.F.,.F.,(4,3,4),(-0.0285008991254626,-0.0142466807880992,
1.73472347597681E-18),.UNSPECIFIED.);
#1729=B_SPLINE_CURVE_WITH_KNOTS('',3,(#7213,#7214,#7215,#7216,#7217,#7218,
#7219),.UNSPECIFIED.,.F.,.F.,(4,3,4),(0.,0.0142466807880992,0.0285008991254626),
 .UNSPECIFIED.);
#1730=B_SPLINE_CURVE_WITH_KNOTS('',3,(#7234,#7235,#7236,#7237,#7238,#7239,
#7240),.UNSPECIFIED.,.F.,.F.,(4,3,4),(-0.02932522316083,-0.0146664924785118,
0.),.UNSPECIFIED.);
#1731=B_SPLINE_CURVE_WITH_KNOTS('',3,(#7242,#7243,#7244,#7245,#7246,#7247,
#7248),.UNSPECIFIED.,.F.,.F.,(4,3,4),(0.,0.0146664924785118,0.02932522316083),
 .UNSPECIFIED.);
#1732=B_SPLINE_CURVE_WITH_KNOTS('',3,(#7264,#7265,#7266,#7267,#7268,#7269,
#7270),.UNSPECIFIED.,.F.,.F.,(4,3,4),(-0.0285008121286817,-0.0142466368030416,
0.),.UNSPECIFIED.);
#1733=B_SPLINE_CURVE_WITH_KNOTS('',3,(#7274,#7275,#7276,#7277,#7278,#7279,
#7280),.UNSPECIFIED.,.F.,.F.,(4,3,4),(0.,0.0142466368030416,0.0285008121286817),
 .UNSPECIFIED.);
#1734=B_SPLINE_CURVE_WITH_KNOTS('',3,(#7295,#7296,#7297,#7298,#7299,#7300,
#7301),.UNSPECIFIED.,.F.,.F.,(4,3,4),(-0.0293248747752785,-0.0146663153966947,
0.),.UNSPECIFIED.);
#1735=B_SPLINE_CURVE_WITH_KNOTS('',3,(#7303,#7304,#7305,#7306,#7307,#7308,
#7309),.UNSPECIFIED.,.F.,.F.,(4,3,4),(0.,0.0146663153966947,0.0293248747752785),
 .UNSPECIFIED.);
#1736=B_SPLINE_CURVE_WITH_KNOTS('',3,(#7325,#7326,#7327,#7328,#7329,#7330,
#7331),.UNSPECIFIED.,.F.,.F.,(4,3,4),(-0.0285009235216281,-0.0142466927135324,
0.),.UNSPECIFIED.);
#1737=B_SPLINE_CURVE_WITH_KNOTS('',3,(#7335,#7336,#7337,#7338,#7339,#7340,
#7341),.UNSPECIFIED.,.F.,.F.,(4,3,4),(0.,0.0142466927135324,0.0285009235216281),
 .UNSPECIFIED.);
#1738=B_SPLINE_CURVE_WITH_KNOTS('',3,(#7356,#7357,#7358,#7359,#7360,#7361,
#7362),.UNSPECIFIED.,.F.,.F.,(4,3,4),(-0.0293252851576017,-0.0146665238856753,
0.),.UNSPECIFIED.);
#1739=B_SPLINE_CURVE_WITH_KNOTS('',3,(#7364,#7365,#7366,#7367,#7368,#7369,
#7370),.UNSPECIFIED.,.F.,.F.,(4,3,4),(0.,0.0146665238856753,0.0293252851576017),
 .UNSPECIFIED.);
#1740=B_SPLINE_CURVE_WITH_KNOTS('',3,(#7385,#7386,#7387,#7388,#7389,#7390,
#7391),.UNSPECIFIED.,.F.,.F.,(4,3,4),(-0.0285007665744113,-0.0142466123046225,
0.),.UNSPECIFIED.);
#1741=B_SPLINE_CURVE_WITH_KNOTS('',3,(#7393,#7394,#7395,#7396,#7397,#7398,
#7399),.UNSPECIFIED.,.F.,.F.,(4,3,4),(0.,0.0142466123046225,0.0285007665744113),
 .UNSPECIFIED.);
#1742=B_SPLINE_CURVE_WITH_KNOTS('',3,(#7414,#7415,#7416,#7417,#7418,#7419,
#7420),.UNSPECIFIED.,.F.,.F.,(4,3,4),(-0.0293248747753074,-0.0146663153967066,
0.),.UNSPECIFIED.);
#1743=B_SPLINE_CURVE_WITH_KNOTS('',3,(#7422,#7423,#7424,#7425,#7426,#7427,
#7428),.UNSPECIFIED.,.F.,.F.,(4,3,4),(0.,0.0146663153967066,0.0293248747753074),
 .UNSPECIFIED.);
#1744=B_SPLINE_CURVE_WITH_KNOTS('',3,(#7443,#7444,#7445,#7446,#7447,#7448,
#7449),.UNSPECIFIED.,.F.,.F.,(4,3,4),(-0.028500923521632,-0.014246692713535,
0.),.UNSPECIFIED.);
#1745=B_SPLINE_CURVE_WITH_KNOTS('',3,(#7451,#7452,#7453,#7454,#7455,#7456,
#7457),.UNSPECIFIED.,.F.,.F.,(4,3,4),(0.,0.014246692713535,0.028500923521632),
 .UNSPECIFIED.);
#1746=B_SPLINE_CURVE_WITH_KNOTS('',3,(#7472,#7473,#7474,#7475,#7476,#7477,
#7478),.UNSPECIFIED.,.F.,.F.,(4,3,4),(-0.0293246600064596,-0.014666207418416,
0.),.UNSPECIFIED.);
#1747=B_SPLINE_CURVE_WITH_KNOTS('',3,(#7480,#7481,#7482,#7483,#7484,#7485,
#7486),.UNSPECIFIED.,.F.,.F.,(4,3,4),(0.,0.014666207418416,0.0293246600064596),
 .UNSPECIFIED.);
#1748=B_SPLINE_CURVE_WITH_KNOTS('',3,(#7501,#7502,#7503,#7504,#7505,#7506,
#7507),.UNSPECIFIED.,.F.,.F.,(4,3,4),(-0.0855023462546914,-0.0427398669120643,
0.),.UNSPECIFIED.);
#1749=B_SPLINE_CURVE_WITH_KNOTS('',3,(#7509,#7510,#7511,#7512,#7513,#7514,
#7515),.UNSPECIFIED.,.F.,.F.,(4,3,4),(0.,0.0427398669120643,0.0855023462546914),
 .UNSPECIFIED.);
#1750=B_SPLINE_CURVE_WITH_KNOTS('',3,(#7530,#7531,#7532,#7533,#7534,#7535,
#7536),.UNSPECIFIED.,.F.,.F.,(4,3,4),(-0.0879747624097612,-0.0439990191995647,
0.),.UNSPECIFIED.);
#1751=B_SPLINE_CURVE_WITH_KNOTS('',3,(#7538,#7539,#7540,#7541,#7542,#7543,
#7544),.UNSPECIFIED.,.F.,.F.,(4,3,4),(0.,0.0439990191995647,0.0879747624097612),
 .UNSPECIFIED.);
#1752=B_SPLINE_CURVE_WITH_KNOTS('',3,(#7566,#7567,#7568,#7569,#7570),
 .UNSPECIFIED.,.F.,.F.,(4,1,4),(0.,0.0136581551135841,0.0277754744437806),
 .UNSPECIFIED.);
#1753=B_SPLINE_CURVE_WITH_KNOTS('',3,(#7584,#7585,#7586,#7587,#7588),
 .UNSPECIFIED.,.F.,.F.,(4,1,4),(0.,0.0141174135741949,0.027775475173439),
 .UNSPECIFIED.);
#1754=B_SPLINE_CURVE_WITH_KNOTS('',3,(#7605,#7606,#7607,#7608,#7609),
 .UNSPECIFIED.,.F.,.F.,(4,1,4),(0.,0.0136581083559739,0.0277754107224745),
 .UNSPECIFIED.);
#1755=B_SPLINE_CURVE_WITH_KNOTS('',3,(#7622,#7623,#7624,#7625,#7626),
 .UNSPECIFIED.,.F.,.F.,(4,1,4),(0.,0.0141173362939349,0.027775491407519),
 .UNSPECIFIED.);
#1756=B_SPLINE_CURVE_WITH_KNOTS('',3,(#7643,#7644,#7645,#7646,#7647),
 .UNSPECIFIED.,.F.,.F.,(4,1,4),(0.,0.0136581551135841,0.027775491407519),
 .UNSPECIFIED.);
#1757=B_SPLINE_CURVE_WITH_KNOTS('',3,(#7660,#7661,#7662,#7663,#7664),
 .UNSPECIFIED.,.F.,.F.,(4,1,4),(0.,0.0141174380772584,0.0277754996765025),
 .UNSPECIFIED.);
#1758=B_SPLINE_CURVE_WITH_KNOTS('',3,(#7677,#7678,#7679,#7680,#7681),
 .UNSPECIFIED.,.F.,.F.,(4,1,4),(0.,0.0136580031519362,0.0277753055184368),
 .UNSPECIFIED.);
#1759=B_SPLINE_CURVE_WITH_KNOTS('',3,(#7694,#7695,#7696,#7697,#7698),
 .UNSPECIFIED.,.F.,.F.,(4,1,4),(0.,0.0141173362939349,0.027775491407519),
 .UNSPECIFIED.);
#1760=B_SPLINE_CURVE_WITH_KNOTS('',3,(#7711,#7712,#7713,#7714,#7715),
 .UNSPECIFIED.,.F.,.F.,(4,1,4),(0.,0.0136581551135841,0.027775491407519),
 .UNSPECIFIED.);
#1761=B_SPLINE_CURVE_WITH_KNOTS('',3,(#7728,#7729,#7730,#7731,#7732),
 .UNSPECIFIED.,.F.,.F.,(4,1,4),(0.,0.0141172533599229,0.0277753617158968),
 .UNSPECIFIED.);
#1762=B_SPLINE_CURVE_WITH_KNOTS('',3,(#7745,#7746,#7747,#7748,#7749),
 .UNSPECIFIED.,.F.,.F.,(4,1,4),(0.,0.0409743250679218,0.0833261341542409),
 .UNSPECIFIED.);
#1763=B_SPLINE_CURVE_WITH_KNOTS('',3,(#7762,#7763,#7764,#7765,#7766),
 .UNSPECIFIED.,.F.,.F.,(4,1,4),(0.,0.0423520088818046,0.0833262404338923),
 .UNSPECIFIED.);
#1764=B_SPLINE_CURVE_WITH_KNOTS('',3,(#7786,#7787,#7788,#7789,#7790),
 .UNSPECIFIED.,.F.,.F.,(4,1,4),(0.,0.0141173193301965,0.0277754744437806),
 .UNSPECIFIED.);
#1765=B_SPLINE_CURVE_WITH_KNOTS('',3,(#7803,#7804,#7805,#7806,#7807),
 .UNSPECIFIED.,.F.,.F.,(4,1,4),(0.,0.0136580791324188,0.0277753814989193),
 .UNSPECIFIED.);
#1766=B_SPLINE_CURVE_WITH_KNOTS('',3,(#7820,#7821,#7822,#7823,#7824),
 .UNSPECIFIED.,.F.,.F.,(4,1,4),(0.,0.0141172778632015,0.0277753394624456),
 .UNSPECIFIED.);
#1767=B_SPLINE_CURVE_WITH_KNOTS('',3,(#7837,#7838,#7839,#7840,#7841),
 .UNSPECIFIED.,.F.,.F.,(4,1,4),(0.,0.0136581551135841,0.0277754744437806),
 .UNSPECIFIED.);
#1768=B_SPLINE_CURVE_WITH_KNOTS('',3,(#7854,#7855,#7856,#7857,#7858),
 .UNSPECIFIED.,.F.,.F.,(4,1,4),(0.,0.0141173193301965,0.0277754744437806),
 .UNSPECIFIED.);
#1769=B_SPLINE_CURVE_WITH_KNOTS('',3,(#7871,#7872,#7873,#7874,#7875),
 .UNSPECIFIED.,.F.,.F.,(4,1,4),(0.,0.0136580791324188,0.0277753814989193),
 .UNSPECIFIED.);
#1770=B_SPLINE_CURVE_WITH_KNOTS('',3,(#7888,#7889,#7890,#7891,#7892),
 .UNSPECIFIED.,.F.,.F.,(4,1,4),(0.,0.0423519692996907,0.0833262183859593),
 .UNSPECIFIED.);
#1771=B_SPLINE_CURVE_WITH_KNOTS('',3,(#7905,#7906,#7907,#7908,#7909),
 .UNSPECIFIED.,.F.,.F.,(4,1,4),(0.,0.0409742315520877,0.0833262404338923),
 .UNSPECIFIED.);
#1772=B_SPLINE_CURVE_WITH_KNOTS('',3,(#7926,#7927,#7928,#7929,#7930),
 .UNSPECIFIED.,.F.,.F.,(4,1,4),(0.,0.0423520088818046,0.0833262404338923),
 .UNSPECIFIED.);
#1773=B_SPLINE_CURVE_WITH_KNOTS('',3,(#7943,#7944,#7945,#7946,#7947),
 .UNSPECIFIED.,.F.,.F.,(4,1,4),(0.,0.0409743250679218,0.0833261341542409),
 .UNSPECIFIED.);
#1774=B_SPLINE_CURVE_WITH_KNOTS('',3,(#7964,#7965,#7966,#7967,#7968),
 .UNSPECIFIED.,.F.,.F.,(4,1,4),(0.,0.0423519447964837,0.0833262231063417),
 .UNSPECIFIED.);
#1775=B_SPLINE_CURVE_WITH_KNOTS('',3,(#7980,#7981,#7982,#7983,#7984),
 .UNSPECIFIED.,.F.,.F.,(4,1,4),(0.,0.0409742315520877,0.0833262404338923),
 .UNSPECIFIED.);
#1776=B_SPLINE_CURVE_WITH_KNOTS('',3,(#8000,#8001,#8002,#8003,#8004,#8005,
#8006),.UNSPECIFIED.,.F.,.F.,(4,3,4),(-0.0285008051379888,-0.0142466316181525,
0.),.UNSPECIFIED.);
#1777=B_SPLINE_CURVE_WITH_KNOTS('',3,(#8010,#8011,#8012,#8013,#8014,#8015,
#8016),.UNSPECIFIED.,.F.,.F.,(4,3,4),(0.,0.0142466316181525,0.0285008051379888),
 .UNSPECIFIED.);
#1778=B_SPLINE_CURVE_WITH_KNOTS('',3,(#8031,#8032,#8033,#8034,#8035,#8036,
#8037),.UNSPECIFIED.,.F.,.F.,(4,3,4),(-0.0293247220076028,-0.0146662388275865,
0.),.UNSPECIFIED.);
#1779=B_SPLINE_CURVE_WITH_KNOTS('',3,(#8039,#8040,#8041,#8042,#8043,#8044,
#8045),.UNSPECIFIED.,.F.,.F.,(4,3,4),(0.,0.0146662388275865,0.0293247220076028),
 .UNSPECIFIED.);
#1780=B_SPLINE_CURVE_WITH_KNOTS('',3,(#8060,#8061,#8062,#8063,#8064,#8065,
#8066),.UNSPECIFIED.,.F.,.F.,(4,3,4),(-0.0285007825327076,-0.0142466215291997,
0.),.UNSPECIFIED.);
#1781=B_SPLINE_CURVE_WITH_KNOTS('',3,(#8068,#8069,#8070,#8071,#8072,#8073,
#8074),.UNSPECIFIED.,.F.,.F.,(4,3,4),(0.,0.0142466215291997,0.0285007825327076),
 .UNSPECIFIED.);
#1782=B_SPLINE_CURVE_WITH_KNOTS('',3,(#8089,#8090,#8091,#8092,#8093,#8094,
#8095),.UNSPECIFIED.,.F.,.F.,(4,3,4),(-0.0293249438155372,-0.0146663519006677,
0.),.UNSPECIFIED.);
#1783=B_SPLINE_CURVE_WITH_KNOTS('',3,(#8097,#8098,#8099,#8100,#8101,#8102,
#8103),.UNSPECIFIED.,.F.,.F.,(4,3,4),(0.,0.0146663519006677,0.0293249438155372),
 .UNSPECIFIED.);
#1784=B_SPLINE_CURVE_WITH_KNOTS('',3,(#8119,#8120,#8121,#8122,#8123,#8124,
#8125),.UNSPECIFIED.,.F.,.F.,(4,3,4),(-0.0285008051379947,-0.0142466316181556,
0.),.UNSPECIFIED.);
#1785=B_SPLINE_CURVE_WITH_KNOTS('',3,(#8129,#8130,#8131,#8132,#8133,#8134,
#8135),.UNSPECIFIED.,.F.,.F.,(4,3,4),(0.,0.0142466316181556,0.0285008051379947),
 .UNSPECIFIED.);
#1786=B_SPLINE_CURVE_WITH_KNOTS('',3,(#8150,#8151,#8152,#8153,#8154,#8155,
#8156),.UNSPECIFIED.,.F.,.F.,(4,3,4),(-0.0293252231608277,-0.0146664924785099,
-1.73472347597681E-18),.UNSPECIFIED.);
#1787=B_SPLINE_CURVE_WITH_KNOTS('',3,(#8158,#8159,#8160,#8161,#8162,#8163,
#8164),.UNSPECIFIED.,.F.,.F.,(4,3,4),(0.,0.0146664924785099,0.0293252231608277),
 .UNSPECIFIED.);
#1788=B_SPLINE_CURVE_WITH_KNOTS('',3,(#8180,#8181,#8182,#8183,#8184,#8185,
#8186),.UNSPECIFIED.,.F.,.F.,(4,3,4),(-0.0285006944694788,-0.0142465818691096,
0.),.UNSPECIFIED.);
#1789=B_SPLINE_CURVE_WITH_KNOTS('',3,(#8190,#8191,#8192,#8193,#8194,#8195,
#8196),.UNSPECIFIED.,.F.,.F.,(4,3,4),(0.,0.0142465818691096,0.0285006944694788),
 .UNSPECIFIED.);
#1790=B_SPLINE_CURVE_WITH_KNOTS('',3,(#8211,#8212,#8213,#8214,#8215,#8216,
#8217),.UNSPECIFIED.,.F.,.F.,(4,3,4),(-0.0293246254811425,-0.0146661891640964,
0.),.UNSPECIFIED.);
#1791=B_SPLINE_CURVE_WITH_KNOTS('',3,(#8219,#8220,#8221,#8222,#8223,#8224,
#8225),.UNSPECIFIED.,.F.,.F.,(4,3,4),(0.,0.0146661891640964,0.0293246254811425),
 .UNSPECIFIED.);
#1792=B_SPLINE_CURVE_WITH_KNOTS('',3,(#8240,#8241,#8242,#8243,#8244,#8245,
#8246),.UNSPECIFIED.,.F.,.F.,(4,3,4),(-0.028500752936805,-0.0142466062553585,
0.),.UNSPECIFIED.);
#1793=B_SPLINE_CURVE_WITH_KNOTS('',3,(#8248,#8249,#8250,#8251,#8252,#8253,
#8254),.UNSPECIFIED.,.F.,.F.,(4,3,4),(0.,0.0142466062553585,0.028500752936805),
 .UNSPECIFIED.);
#1794=B_SPLINE_CURVE_WITH_KNOTS('',3,(#8269,#8270,#8271,#8272,#8273,#8274,
#8275),.UNSPECIFIED.,.F.,.F.,(4,3,4),(-0.0293243787592428,-0.0146660641203893,
0.),.UNSPECIFIED.);
#1795=B_SPLINE_CURVE_WITH_KNOTS('',3,(#8277,#8278,#8279,#8280,#8281,#8282,
#8283),.UNSPECIFIED.,.F.,.F.,(4,3,4),(0.,0.0146660641203893,0.0293243787592428),
 .UNSPECIFIED.);
#1796=B_SPLINE_CURVE_WITH_KNOTS('',3,(#8299,#8300,#8301,#8302,#8303,#8304,
#8305),.UNSPECIFIED.,.F.,.F.,(4,3,4),(-0.0285008051379881,-0.0142466316181524,
0.),.UNSPECIFIED.);
#1797=B_SPLINE_CURVE_WITH_KNOTS('',3,(#8309,#8310,#8311,#8312,#8313,#8314,
#8315),.UNSPECIFIED.,.F.,.F.,(4,3,4),(0.,0.0142466316181524,0.0285008051379881),
 .UNSPECIFIED.);
#1798=B_SPLINE_CURVE_WITH_KNOTS('',3,(#8330,#8331,#8332,#8333,#8334,#8335,
#8336),.UNSPECIFIED.,.F.,.F.,(4,3,4),(-0.0293248185290858,-0.0146662884888437,
0.),.UNSPECIFIED.);
#1799=B_SPLINE_CURVE_WITH_KNOTS('',3,(#8338,#8339,#8340,#8341,#8342,#8343,
#8344),.UNSPECIFIED.,.F.,.F.,(4,3,4),(0.,0.0146662884888437,0.0293248185290858),
 .UNSPECIFIED.);
#1800=B_SPLINE_CURVE_WITH_KNOTS('',3,(#8359,#8360,#8361,#8362,#8363,#8364,
#8365),.UNSPECIFIED.,.F.,.F.,(4,3,4),(-0.0285008121286378,-0.0142466368030279,
0.),.UNSPECIFIED.);
#1801=B_SPLINE_CURVE_WITH_KNOTS('',3,(#8367,#8368,#8369,#8370,#8371,#8372,
#8373),.UNSPECIFIED.,.F.,.F.,(4,3,4),(0.,0.0142466368030279,0.0285008121286378),
 .UNSPECIFIED.);
#1802=B_SPLINE_CURVE_WITH_KNOTS('',3,(#8388,#8389,#8390,#8391,#8392,#8393,
#8394),.UNSPECIFIED.,.F.,.F.,(4,3,4),(-0.0293248405400876,-0.0146662996947351,
0.),.UNSPECIFIED.);
#1803=B_SPLINE_CURVE_WITH_KNOTS('',3,(#8396,#8397,#8398,#8399,#8400,#8401,
#8402),.UNSPECIFIED.,.F.,.F.,(4,3,4),(0.,0.0146662996947351,0.0293248405400876),
 .UNSPECIFIED.);
#1804=B_SPLINE_CURVE_WITH_KNOTS('',3,(#8428,#8429,#8430,#8431,#8432),
 .UNSPECIFIED.,.F.,.F.,(4,1,4),(0.,0.0136581551135841,0.0277752614542631),
 .UNSPECIFIED.);
#1805=B_SPLINE_CURVE_WITH_KNOTS('',3,(#8446,#8447,#8448,#8449,#8450),
 .UNSPECIFIED.,.F.,.F.,(4,1,4),(0.,0.0141172533599229,0.0277754201630146),
 .UNSPECIFIED.);
#1806=B_SPLINE_CURVE_WITH_KNOTS('',3,(#8463,#8464,#8465,#8466,#8467),
 .UNSPECIFIED.,.F.,.F.,(4,1,4),(0.,0.0136580499088661,0.0277753522753667),
 .UNSPECIFIED.);
#1807=B_SPLINE_CURVE_WITH_KNOTS('',3,(#8480,#8481,#8482,#8483,#8484),
 .UNSPECIFIED.,.F.,.F.,(4,1,4),(0.,0.0141171402685844,0.0277752953821685),
 .UNSPECIFIED.);
#1808=B_SPLINE_CURVE_WITH_KNOTS('',3,(#8501,#8502,#8503,#8504,#8505),
 .UNSPECIFIED.,.F.,.F.,(4,1,4),(0.,0.0136580382192585,0.0277753745131933),
 .UNSPECIFIED.);
#1809=B_SPLINE_CURVE_WITH_KNOTS('',3,(#8518,#8519,#8520,#8521,#8522),
 .UNSPECIFIED.,.F.,.F.,(4,1,4),(0.,0.0141173023665006,0.0277753522753667),
 .UNSPECIFIED.);
#1810=B_SPLINE_CURVE_WITH_KNOTS('',3,(#8535,#8536,#8537,#8538,#8539),
 .UNSPECIFIED.,.F.,.F.,(4,1,4),(0.,0.0136581083559739,0.0277754107224745),
 .UNSPECIFIED.);
#1811=B_SPLINE_CURVE_WITH_KNOTS('',3,(#8552,#8553,#8554,#8555,#8556),
 .UNSPECIFIED.,.F.,.F.,(4,1,4),(0.,0.0141173023665006,0.027775340585759),
 .UNSPECIFIED.);
#1812=B_SPLINE_CURVE_WITH_KNOTS('',3,(#8584,#8585,#8586,#8587,#8588),
 .UNSPECIFIED.,.F.,.F.,(4,1,4),(0.,0.0141174135741949,0.027775475173439),
 .UNSPECIFIED.);
#1813=B_SPLINE_CURVE_WITH_KNOTS('',3,(#8601,#8602,#8603,#8604,#8605),
 .UNSPECIFIED.,.F.,.F.,(4,1,4),(0.,0.0136580382192585,0.0277753745131933),
 .UNSPECIFIED.);
#1814=B_SPLINE_CURVE_WITH_KNOTS('',3,(#8622,#8623,#8624,#8625,#8626),
 .UNSPECIFIED.,.F.,.F.,(4,1,4),(0.,0.0141173362939349,0.0277753745131933),
 .UNSPECIFIED.);
#1815=B_SPLINE_CURVE_WITH_KNOTS('',3,(#8639,#8640,#8641,#8642,#8643),
 .UNSPECIFIED.,.F.,.F.,(4,1,4),(0.,0.0136580791324188,0.0277753814989193),
 .UNSPECIFIED.);
#1816=B_SPLINE_CURVE_WITH_KNOTS('',3,(#8656,#8657,#8658,#8659,#8660),
 .UNSPECIFIED.,.F.,.F.,(4,1,4),(0.,0.0141172778632015,0.0277753862191755),
 .UNSPECIFIED.);
#1817=B_SPLINE_CURVE_WITH_KNOTS('',3,(#8673,#8674,#8675,#8676,#8677),
 .UNSPECIFIED.,.F.,.F.,(4,1,4),(0.,0.0136580382192585,0.0277753745131933),
 .UNSPECIFIED.);
#1818=B_SPLINE_CURVE_WITH_KNOTS('',3,(#8878,#8879,#8880,#8881,#8882,#8883,
#8884),.UNSPECIFIED.,.F.,.F.,(4,3,4),(-0.0285007937921483,-0.0142466260334914,
0.),.UNSPECIFIED.);
#1819=B_SPLINE_CURVE_WITH_KNOTS('',3,(#8888,#8889,#8890,#8891,#8892,#8893,
#8894),.UNSPECIFIED.,.F.,.F.,(4,3,4),(0.,0.0142466260334914,0.0285007937921483),
 .UNSPECIFIED.);
#1820=B_SPLINE_CURVE_WITH_KNOTS('',3,(#8909,#8910,#8911,#8912,#8913,#8914,
#8915),.UNSPECIFIED.,.F.,.F.,(4,3,4),(-0.0293247220075822,-0.0146662388275781,
0.),.UNSPECIFIED.);
#1821=B_SPLINE_CURVE_WITH_KNOTS('',3,(#8917,#8918,#8919,#8920,#8921,#8922,
#8923),.UNSPECIFIED.,.F.,.F.,(4,3,4),(0.,0.0146662388275781,0.0293247220075822),
 .UNSPECIFIED.);
#1822=B_SPLINE_CURVE_WITH_KNOTS('',3,(#8938,#8939,#8940,#8941,#8942,#8943,
#8944),.UNSPECIFIED.,.F.,.F.,(4,3,4),(-0.0285007895958003,-0.0142466259287652,
0.),.UNSPECIFIED.);
#1823=B_SPLINE_CURVE_WITH_KNOTS('',3,(#8946,#8947,#8948,#8949,#8950,#8951,
#8952),.UNSPECIFIED.,.F.,.F.,(4,3,4),(0.,0.0142466259287652,0.0285007895958003),
 .UNSPECIFIED.);
#1824=B_SPLINE_CURVE_WITH_KNOTS('',3,(#8967,#8968,#8969,#8970,#8971,#8972,
#8973),.UNSPECIFIED.,.F.,.F.,(4,3,4),(-0.0293249438155292,-0.0146663519006643,
0.),.UNSPECIFIED.);
#1825=B_SPLINE_CURVE_WITH_KNOTS('',3,(#8975,#8976,#8977,#8978,#8979,#8980,
#8981),.UNSPECIFIED.,.F.,.F.,(4,3,4),(0.,0.0146663519006643,0.0293249438155292),
 .UNSPECIFIED.);
#1826=B_SPLINE_CURVE_WITH_KNOTS('',3,(#8996,#8997,#8998,#8999,#9000,#9001,
#9002),.UNSPECIFIED.,.F.,.F.,(4,3,4),(-0.0285008051379923,-0.0142466316181545,
0.),.UNSPECIFIED.);
#1827=B_SPLINE_CURVE_WITH_KNOTS('',3,(#9004,#9005,#9006,#9007,#9008,#9009,
#9010),.UNSPECIFIED.,.F.,.F.,(4,3,4),(0.,0.0142466316181545,0.0285008051379923),
 .UNSPECIFIED.);
#1828=B_SPLINE_CURVE_WITH_KNOTS('',3,(#9025,#9026,#9027,#9028,#9029,#9030,
#9031),.UNSPECIFIED.,.F.,.F.,(4,3,4),(-0.0293252231608274,-0.0146664924785097,
0.),.UNSPECIFIED.);
#1829=B_SPLINE_CURVE_WITH_KNOTS('',3,(#9033,#9034,#9035,#9036,#9037,#9038,
#9039),.UNSPECIFIED.,.F.,.F.,(4,3,4),(0.,0.0146664924785097,0.0293252231608274),
 .UNSPECIFIED.);
#1830=B_SPLINE_CURVE_WITH_KNOTS('',3,(#9054,#9055,#9056,#9057,#9058,#9059,
#9060),.UNSPECIFIED.,.F.,.F.,(4,3,4),(-0.028500786064241,-0.0142466237289868,
0.),.UNSPECIFIED.);
#1831=B_SPLINE_CURVE_WITH_KNOTS('',3,(#9062,#9063,#9064,#9065,#9066,#9067,
#9068),.UNSPECIFIED.,.F.,.F.,(4,3,4),(0.,0.0142466237289868,0.028500786064241),
 .UNSPECIFIED.);
#1832=B_SPLINE_CURVE_WITH_KNOTS('',3,(#9082,#9083,#9084,#9085,#9086,#9087,
#9088),.UNSPECIFIED.,.F.,.F.,(4,3,4),(-0.0293245751293538,-0.0146661636554358,
0.),.UNSPECIFIED.);
#1833=B_SPLINE_CURVE_WITH_KNOTS('',3,(#9089,#9090,#9091,#9092,#9093,#9094,
#9095),.UNSPECIFIED.,.F.,.F.,(4,3,4),(0.,0.0146661636554358,0.0293245751293538),
 .UNSPECIFIED.);
#1834=B_SPLINE_CURVE_WITH_KNOTS('',3,(#9110,#9111,#9112,#9113,#9114),
 .UNSPECIFIED.,.F.,.F.,(4,1,4),(0.,0.0136580382192585,0.0277753745131933),
 .UNSPECIFIED.);
#1835=B_SPLINE_CURVE_WITH_KNOTS('',3,(#9128,#9129,#9130,#9131,#9132),
 .UNSPECIFIED.,.F.,.F.,(4,1,4),(0.,0.0141174135741949,0.027775475173439),
 .UNSPECIFIED.);
#1836=B_SPLINE_CURVE_WITH_KNOTS('',3,(#9145,#9146,#9147,#9148,#9149),
 .UNSPECIFIED.,.F.,.F.,(4,1,4),(0.,0.013658093744196,0.0277753838590445),
 .UNSPECIFIED.);
#1837=B_SPLINE_CURVE_WITH_KNOTS('',3,(#9162,#9163,#9164,#9165,#9166),
 .UNSPECIFIED.,.F.,.F.,(4,1,4),(0.,0.0141172213172404,0.0277753764308245),
 .UNSPECIFIED.);
#1838=B_SPLINE_CURVE_WITH_KNOTS('',3,(#9178,#9179,#9180,#9181,#9182),
 .UNSPECIFIED.,.F.,.F.,(4,1,4),(0.,0.0141173362939349,0.0277753745131933),
 .UNSPECIFIED.);
#1839=B_SPLINE_CURVE_WITH_KNOTS('',3,(#9195,#9196,#9197,#9198,#9199),
 .UNSPECIFIED.,.F.,.F.,(4,1,4),(0.,0.0136581083559739,0.0277753862191755),
 .UNSPECIFIED.);
#1840=B_SPLINE_CURVE_WITH_KNOTS('',3,(#9212,#9213,#9214,#9215,#9216),
 .UNSPECIFIED.,.F.,.F.,(4,1,4),(0.,0.0141172778632015,0.0277753862191755),
 .UNSPECIFIED.);
#1841=B_SPLINE_CURVE_WITH_KNOTS('',3,(#9228,#9229,#9230,#9231,#9232),
 .UNSPECIFIED.,.F.,.F.,(4,1,4),(0.,0.0136580352968956,0.027775363108956),
 .UNSPECIFIED.);
#1842=B_SPLINE_CURVE_WITH_KNOTS('',3,(#9248,#9249,#9250,#9251,#9252,#9253,
#9254),.UNSPECIFIED.,.F.,.F.,(4,3,4),(-0.0285007807417496,-0.0142466196927459,
0.),.UNSPECIFIED.);
#1843=B_SPLINE_CURVE_WITH_KNOTS('',3,(#9258,#9259,#9260,#9261,#9262,#9263,
#9264),.UNSPECIFIED.,.F.,.F.,(4,3,4),(0.,0.0142466196927459,0.0285007807417496),
 .UNSPECIFIED.);
#1844=B_SPLINE_CURVE_WITH_KNOTS('',3,(#9279,#9280,#9281,#9282,#9283,#9284,
#9285),.UNSPECIFIED.,.F.,.F.,(4,3,4),(-0.0293249725856225,-0.0146663656535987,
0.),.UNSPECIFIED.);
#1845=B_SPLINE_CURVE_WITH_KNOTS('',3,(#9287,#9288,#9289,#9290,#9291,#9292,
#9293),.UNSPECIFIED.,.F.,.F.,(4,3,4),(0.,0.0146663656535987,0.0293249725856225),
 .UNSPECIFIED.);
#1846=B_SPLINE_CURVE_WITH_KNOTS('',3,(#9309,#9310,#9311,#9312,#9313,#9314,
#9315),.UNSPECIFIED.,.F.,.F.,(4,3,4),(-0.0285008121286382,-0.0142466368030281,
-1.73472347597681E-18),.UNSPECIFIED.);
#1847=B_SPLINE_CURVE_WITH_KNOTS('',3,(#9319,#9320,#9321,#9322,#9323,#9324,
#9325),.UNSPECIFIED.,.F.,.F.,(4,3,4),(0.,0.0142466368030281,0.0285008121286382),
 .UNSPECIFIED.);
#1848=B_SPLINE_CURVE_WITH_KNOTS('',3,(#9340,#9341,#9342,#9343,#9344,#9345,
#9346),.UNSPECIFIED.,.F.,.F.,(4,3,4),(-0.0293246267700477,-0.0146661897597667,
0.),.UNSPECIFIED.);
#1849=B_SPLINE_CURVE_WITH_KNOTS('',3,(#9348,#9349,#9350,#9351,#9352,#9353,
#9354),.UNSPECIFIED.,.F.,.F.,(4,3,4),(0.,0.0146661897597667,0.0293246267700477),
 .UNSPECIFIED.);
#1850=B_SPLINE_CURVE_WITH_KNOTS('',3,(#9370,#9371,#9372,#9373,#9374,#9375,
#9376),.UNSPECIFIED.,.F.,.F.,(4,3,4),(-0.085502443666026,-0.0427399124530117,
0.),.UNSPECIFIED.);
#1851=B_SPLINE_CURVE_WITH_KNOTS('',3,(#9380,#9381,#9382,#9383,#9384,#9385,
#9386),.UNSPECIFIED.,.F.,.F.,(4,3,4),(0.,0.0427399124530117,0.085502443666026),
 .UNSPECIFIED.);
#1852=B_SPLINE_CURVE_WITH_KNOTS('',3,(#9401,#9402,#9403,#9404,#9405,#9406,
#9407),.UNSPECIFIED.,.F.,.F.,(4,3,4),(-0.0879743546013723,-0.0439988119003152,
0.),.UNSPECIFIED.);
#1853=B_SPLINE_CURVE_WITH_KNOTS('',3,(#9409,#9410,#9411,#9412,#9413,#9414,
#9415),.UNSPECIFIED.,.F.,.F.,(4,3,4),(0.,0.0439988119003152,0.0879743546013723),
 .UNSPECIFIED.);
#1854=B_SPLINE_CURVE_WITH_KNOTS('',3,(#9431,#9432,#9433,#9434,#9435,#9436,
#9437),.UNSPECIFIED.,.F.,.F.,(4,3,4),(-0.0855025550597734,-0.0427399683639148,
0.),.UNSPECIFIED.);
#1855=B_SPLINE_CURVE_WITH_KNOTS('',3,(#9441,#9442,#9443,#9444,#9445,#9446,
#9447),.UNSPECIFIED.,.F.,.F.,(4,3,4),(0.,0.0427399683639148,0.0855025550597734),
 .UNSPECIFIED.);
#1856=B_SPLINE_CURVE_WITH_KNOTS('',3,(#9462,#9463,#9464,#9465,#9466,#9467,
#9468),.UNSPECIFIED.,.F.,.F.,(4,3,4),(-0.0879745144118426,-0.0439988935659036,
0.),.UNSPECIFIED.);
#1857=B_SPLINE_CURVE_WITH_KNOTS('',3,(#9470,#9471,#9472,#9473,#9474,#9475,
#9476),.UNSPECIFIED.,.F.,.F.,(4,3,4),(0.,0.0439988935659036,0.0879745144118426),
 .UNSPECIFIED.);
#1858=B_SPLINE_CURVE_WITH_KNOTS('',3,(#9492,#9493,#9494,#9495,#9496,#9497,
#9498),.UNSPECIFIED.,.F.,.F.,(4,3,4),(-0.0285007895958072,-0.0142466259287652,
0.),.UNSPECIFIED.);
#1859=B_SPLINE_CURVE_WITH_KNOTS('',3,(#9502,#9503,#9504,#9505,#9506,#9507,
#9508),.UNSPECIFIED.,.F.,.F.,(4,3,4),(0.,0.0142466259287652,0.0285007895958072),
 .UNSPECIFIED.);
#1860=B_SPLINE_CURVE_WITH_KNOTS('',3,(#9523,#9524,#9525,#9526,#9527,#9528,
#9529),.UNSPECIFIED.,.F.,.F.,(4,3,4),(-0.0293246267700616,-0.0146661897597722,
0.),.UNSPECIFIED.);
#1861=B_SPLINE_CURVE_WITH_KNOTS('',3,(#9531,#9532,#9533,#9534,#9535,#9536,
#9537),.UNSPECIFIED.,.F.,.F.,(4,3,4),(0.,0.0146661897597722,0.0293246267700616),
 .UNSPECIFIED.);
#1862=B_SPLINE_CURVE_WITH_KNOTS('',3,(#9552,#9553,#9554,#9555,#9556,#9557,
#9558),.UNSPECIFIED.,.F.,.F.,(4,3,4),(-0.0285008051380001,-0.0142466316181571,
0.),.UNSPECIFIED.);
#1863=B_SPLINE_CURVE_WITH_KNOTS('',3,(#9560,#9561,#9562,#9563,#9564,#9565,
#9566),.UNSPECIFIED.,.F.,.F.,(4,3,4),(0.,0.0142466316181571,0.0285008051380001),
 .UNSPECIFIED.);
#1864=B_SPLINE_CURVE_WITH_KNOTS('',3,(#9581,#9582,#9583,#9584,#9585,#9586,
#9587),.UNSPECIFIED.,.F.,.F.,(4,3,4),(-0.0293247220076496,-0.0146662388276057,
0.),.UNSPECIFIED.);
#1865=B_SPLINE_CURVE_WITH_KNOTS('',3,(#9589,#9590,#9591,#9592,#9593,#9594,
#9595),.UNSPECIFIED.,.F.,.F.,(4,3,4),(0.,0.0146662388276057,0.0293247220076496),
 .UNSPECIFIED.);
#1866=B_SPLINE_CURVE_WITH_KNOTS('',3,(#9611,#9612,#9613,#9614,#9615,#9616,
#9617),.UNSPECIFIED.,.F.,.F.,(4,3,4),(-0.0285007529368059,-0.0142466062553616,
0.),.UNSPECIFIED.);
#1867=B_SPLINE_CURVE_WITH_KNOTS('',3,(#9621,#9622,#9623,#9624,#9625,#9626,
#9627),.UNSPECIFIED.,.F.,.F.,(4,3,4),(0.,0.0142466062553616,0.0285007529368059),
 .UNSPECIFIED.);
#1868=B_SPLINE_CURVE_WITH_KNOTS('',3,(#9642,#9643,#9644,#9645,#9646,#9647,
#9648),.UNSPECIFIED.,.F.,.F.,(4,3,4),(-0.0293249438155427,-0.0146663519006709,
0.),.UNSPECIFIED.);
#1869=B_SPLINE_CURVE_WITH_KNOTS('',3,(#9650,#9651,#9652,#9653,#9654,#9655,
#9656),.UNSPECIFIED.,.F.,.F.,(4,3,4),(0.,0.0146663519006709,0.0293249438155427),
 .UNSPECIFIED.);
#1870=B_SPLINE_CURVE_WITH_KNOTS('',3,(#9684,#9685,#9686,#9687,#9688),
 .UNSPECIFIED.,.F.,.F.,(4,1,4),(0.,0.0141172382810965,0.0277753933946807),
 .UNSPECIFIED.);
#1871=B_SPLINE_CURVE_WITH_KNOTS('',3,(#9720,#9721,#9722,#9723,#9724),
 .UNSPECIFIED.,.F.,.F.,(4,1,4),(0.,0.0136581083559739,0.0277753862191755),
 .UNSPECIFIED.);
#1872=B_SPLINE_CURVE_WITH_KNOTS('',3,(#9737,#9738,#9739,#9740,#9741),
 .UNSPECIFIED.,.F.,.F.,(4,1,4),(0.,0.0141172382810965,0.0277753933946807),
 .UNSPECIFIED.);
#1873=B_SPLINE_CURVE_WITH_KNOTS('',3,(#9754,#9755,#9756,#9757,#9758),
 .UNSPECIFIED.,.F.,.F.,(4,1,4),(0.,0.0136580382192585,0.0277753745131933),
 .UNSPECIFIED.);
#1874=B_SPLINE_CURVE_WITH_KNOTS('',3,(#9771,#9772,#9773,#9774,#9775),
 .UNSPECIFIED.,.F.,.F.,(4,1,4),(0.,0.0141172778632015,0.0277753862191755),
 .UNSPECIFIED.);
#1875=B_SPLINE_CURVE_WITH_KNOTS('',3,(#9792,#9793,#9794,#9795,#9796),
 .UNSPECIFIED.,.F.,.F.,(4,1,4),(0.,0.0136580499088661,0.0277753522753667),
 .UNSPECIFIED.);
#1876=B_SPLINE_CURVE_WITH_KNOTS('',3,(#9809,#9810,#9811,#9812,#9813),
 .UNSPECIFIED.,.F.,.F.,(4,1,4),(0.,0.0141173362939349,0.0277753745131933),
 .UNSPECIFIED.);
#1877=B_SPLINE_CURVE_WITH_KNOTS('',3,(#9825,#9826,#9827,#9828,#9829),
 .UNSPECIFIED.,.F.,.F.,(4,1,4),(0.,0.0136581083559739,0.0277754107224745),
 .UNSPECIFIED.);
#1878=B_SPLINE_CURVE_WITH_KNOTS('',3,(#9846,#9847,#9848,#9849,#9850),
 .UNSPECIFIED.,.F.,.F.,(4,1,4),(0.,0.014117345718358,0.0277754306954668),
 .UNSPECIFIED.);
#1879=B_SPLINE_CURVE_WITH_KNOTS('',3,(#9862,#9863,#9864,#9865,#9866),
 .UNSPECIFIED.,.F.,.F.,(4,1,4),(0.,0.0136580382192585,0.0277753575494549),
 .UNSPECIFIED.);
#1880=B_SPLINE_CURVE_WITH_KNOTS('',3,(#9882,#9883,#9884,#9885,#9886),
 .UNSPECIFIED.,.F.,.F.,(4,1,4),(0.,0.0423519108688575,0.0833261424209452),
 .UNSPECIFIED.);
#1881=B_SPLINE_CURVE_WITH_KNOTS('',3,(#9899,#9900,#9901,#9902,#9903),
 .UNSPECIFIED.,.F.,.F.,(4,1,4),(0.,0.040974278309858,0.0833262231063417),
 .UNSPECIFIED.);
#1882=B_SPLINE_CURVE_WITH_KNOTS('',3,(#9920,#9921,#9922,#9923,#9924),
 .UNSPECIFIED.,.F.,.F.,(4,1,4),(0.,0.042351876941288,0.0833261786300112),
 .UNSPECIFIED.);
#1883=B_SPLINE_CURVE_WITH_KNOTS('',3,(#9937,#9938,#9939,#9940,#9941),
 .UNSPECIFIED.,.F.,.F.,(4,1,4),(0.,0.0409742315520877,0.0833261424209452),
 .UNSPECIFIED.);
#1884=B_SPLINE_CURVE_WITH_KNOTS('',3,(#9960,#9961,#9962,#9963,#9964,#9965,
#9966),.UNSPECIFIED.,.F.,.F.,(4,3,4),(-0.0285007529368104,-0.0142466062553634,
0.),.UNSPECIFIED.);
#1885=B_SPLINE_CURVE_WITH_KNOTS('',3,(#9970,#9971,#9972,#9973,#9974,#9975,
#9976),.UNSPECIFIED.,.F.,.F.,(4,3,4),(0.,0.0142466062553634,0.0285007529368104),
 .UNSPECIFIED.);
#1886=B_SPLINE_CURVE_WITH_KNOTS('',3,(#9991,#9992,#9993,#9994,#9995,#9996,
#9997),.UNSPECIFIED.,.F.,.F.,(4,3,4),(-0.0293249438155445,-0.0146663519006716,
0.),.UNSPECIFIED.);
#1887=B_SPLINE_CURVE_WITH_KNOTS('',3,(#9999,#10000,#10001,#10002,#10003,
#10004,#10005),.UNSPECIFIED.,.F.,.F.,(4,3,4),(0.,0.0146663519006716,0.0293249438155445),
 .UNSPECIFIED.);
#1888=B_SPLINE_CURVE_WITH_KNOTS('',3,(#10020,#10021,#10022,#10023,#10024,
#10025,#10026),.UNSPECIFIED.,.F.,.F.,(4,3,4),(-0.0285008051380004,-0.0142466316181575,
0.),.UNSPECIFIED.);
#1889=B_SPLINE_CURVE_WITH_KNOTS('',3,(#10028,#10029,#10030,#10031,#10032,
#10033,#10034),.UNSPECIFIED.,.F.,.F.,(4,3,4),(0.,0.0142466316181575,0.0285008051380004),
 .UNSPECIFIED.);
#1890=B_SPLINE_CURVE_WITH_KNOTS('',3,(#10049,#10050,#10051,#10052,#10053,
#10054,#10055),.UNSPECIFIED.,.F.,.F.,(4,3,4),(-0.0293249438155482,-0.0146663519006728,
0.),.UNSPECIFIED.);
#1891=B_SPLINE_CURVE_WITH_KNOTS('',3,(#10057,#10058,#10059,#10060,#10061,
#10062,#10063),.UNSPECIFIED.,.F.,.F.,(4,3,4),(0.,0.0146663519006728,0.0293249438155482),
 .UNSPECIFIED.);
#1892=B_SPLINE_CURVE_WITH_KNOTS('',3,(#10079,#10080,#10081,#10082,#10083,
#10084,#10085),.UNSPECIFIED.,.F.,.F.,(4,3,4),(-0.0285008347338247,-0.0142466468920046,
1.73472347597681E-18),.UNSPECIFIED.);
#1893=B_SPLINE_CURVE_WITH_KNOTS('',3,(#10089,#10090,#10091,#10092,#10093,
#10094,#10095),.UNSPECIFIED.,.F.,.F.,(4,3,4),(0.,0.0142466468920046,0.0285008347338247),
 .UNSPECIFIED.);
#1894=B_SPLINE_CURVE_WITH_KNOTS('',3,(#10110,#10111,#10112,#10113,#10114,
#10115,#10116),.UNSPECIFIED.,.F.,.F.,(4,3,4),(-0.0293249438155357,-0.0146663519006671,
0.),.UNSPECIFIED.);
#1895=B_SPLINE_CURVE_WITH_KNOTS('',3,(#10118,#10119,#10120,#10121,#10122,
#10123,#10124),.UNSPECIFIED.,.F.,.F.,(4,3,4),(0.,0.0146663519006671,0.0293249438155357),
 .UNSPECIFIED.);
#1896=B_SPLINE_CURVE_WITH_KNOTS('',3,(#10140,#10141,#10142,#10143,#10144,
#10145,#10146),.UNSPECIFIED.,.F.,.F.,(4,3,4),(-0.0855024436660339,-0.0427399124530153,
0.),.UNSPECIFIED.);
#1897=B_SPLINE_CURVE_WITH_KNOTS('',3,(#10150,#10151,#10152,#10153,#10154,
#10155,#10156),.UNSPECIFIED.,.F.,.F.,(4,3,4),(0.,0.0427399124530153,0.0855024436660339),
 .UNSPECIFIED.);
#1898=B_SPLINE_CURVE_WITH_KNOTS('',3,(#10171,#10172,#10173,#10174,#10175,
#10176,#10177),.UNSPECIFIED.,.F.,.F.,(4,3,4),(-0.0879746844398352,-0.0439989792611426,
0.),.UNSPECIFIED.);
#1899=B_SPLINE_CURVE_WITH_KNOTS('',3,(#10179,#10180,#10181,#10182,#10183,
#10184,#10185),.UNSPECIFIED.,.F.,.F.,(4,3,4),(0.,0.0439989792611426,0.0879746844398352),
 .UNSPECIFIED.);
#1900=B_SPLINE_CURVE_WITH_KNOTS('',3,(#10200,#10201,#10202,#10203,#10204,
#10205,#10206),.UNSPECIFIED.,.F.,.F.,(4,3,4),(-0.0285007825327011,-0.0142466215291982,
-1.73472347597681E-18),.UNSPECIFIED.);
#1901=B_SPLINE_CURVE_WITH_KNOTS('',3,(#10208,#10209,#10210,#10211,#10212,
#10213,#10214),.UNSPECIFIED.,.F.,.F.,(4,3,4),(0.,0.0142466215291982,0.0285007825327011),
 .UNSPECIFIED.);
#1902=B_SPLINE_CURVE_WITH_KNOTS('',3,(#10229,#10230,#10231,#10232,#10233,
#10234,#10235),.UNSPECIFIED.,.F.,.F.,(4,3,4),(-0.0293245751293647,-0.0146661636554411,
0.),.UNSPECIFIED.);
#1903=B_SPLINE_CURVE_WITH_KNOTS('',3,(#10237,#10238,#10239,#10240,#10241,
#10242,#10243),.UNSPECIFIED.,.F.,.F.,(4,3,4),(0.,0.0146661636554411,0.0293245751293647),
 .UNSPECIFIED.);
#1904=B_SPLINE_CURVE_WITH_KNOTS('',3,(#10258,#10259,#10260,#10261,#10262,
#10263,#10264),.UNSPECIFIED.,.F.,.F.,(4,3,4),(-0.0285008089949983,-0.0142466372912608,
-1.73472347597681E-18),.UNSPECIFIED.);
#1905=B_SPLINE_CURVE_WITH_KNOTS('',3,(#10266,#10267,#10268,#10269,#10270,
#10271,#10272),.UNSPECIFIED.,.F.,.F.,(4,3,4),(0.,0.0142466372912608,0.0285008089949983),
 .UNSPECIFIED.);
#1906=B_SPLINE_CURVE_WITH_KNOTS('',3,(#10287,#10288,#10289,#10290,#10291,
#10292,#10293),.UNSPECIFIED.,.F.,.F.,(4,3,4),(-0.0293249725855752,-0.0146663656535801,
0.),.UNSPECIFIED.);
#1907=B_SPLINE_CURVE_WITH_KNOTS('',3,(#10295,#10296,#10297,#10298,#10299,
#10300,#10301),.UNSPECIFIED.,.F.,.F.,(4,3,4),(0.,0.0146663656535801,0.0293249725855752),
 .UNSPECIFIED.);
#1908=B_SPLINE_CURVE_WITH_KNOTS('',3,(#10316,#10317,#10318,#10319,#10320,
#10321,#10322),.UNSPECIFIED.,.F.,.F.,(4,3,4),(-0.0285008869360646,-0.0142466722552995,
0.),.UNSPECIFIED.);
#1909=B_SPLINE_CURVE_WITH_KNOTS('',3,(#10324,#10325,#10326,#10327,#10328,
#10329,#10330),.UNSPECIFIED.,.F.,.F.,(4,3,4),(0.,0.0142466722552995,0.0285008869360646),
 .UNSPECIFIED.);
#1910=B_SPLINE_CURVE_WITH_KNOTS('',3,(#10345,#10346,#10347,#10348,#10349,
#10350,#10351),.UNSPECIFIED.,.F.,.F.,(4,3,4),(-0.0293248921778442,-0.014666325797712,
0.),.UNSPECIFIED.);
#1911=B_SPLINE_CURVE_WITH_KNOTS('',3,(#10353,#10354,#10355,#10356,#10357,
#10358,#10359),.UNSPECIFIED.,.F.,.F.,(4,3,4),(0.,0.014666325797712,0.0293248921778442),
 .UNSPECIFIED.);
#1912=B_SPLINE_CURVE_WITH_KNOTS('',3,(#10380,#10381,#10382,#10383,#10384),
 .UNSPECIFIED.,.F.,.F.,(4,1,4),(0.,0.0409742315520877,0.0833261424209452),
 .UNSPECIFIED.);
#1913=B_SPLINE_CURVE_WITH_KNOTS('',3,(#10398,#10399,#10400,#10401,#10402),
 .UNSPECIFIED.,.F.,.F.,(4,1,4),(0.,0.0423519692996907,0.0833262183859593),
 .UNSPECIFIED.);
#1914=B_SPLINE_CURVE_WITH_KNOTS('',3,(#10415,#10416,#10417,#10418,#10419),
 .UNSPECIFIED.,.F.,.F.,(4,1,4),(0.,0.0136580791324188,0.0277753814989193),
 .UNSPECIFIED.);
#1915=B_SPLINE_CURVE_WITH_KNOTS('',3,(#10432,#10433,#10434,#10435,#10436),
 .UNSPECIFIED.,.F.,.F.,(4,1,4),(0.,0.0141172213172404,0.0277753764308245),
 .UNSPECIFIED.);
#1916=B_SPLINE_CURVE_WITH_KNOTS('',3,(#10449,#10450,#10451,#10452,#10453),
 .UNSPECIFIED.,.F.,.F.,(4,1,4),(0.,0.0136581551135841,0.0277753764308245),
 .UNSPECIFIED.);
#1917=B_SPLINE_CURVE_WITH_KNOTS('',3,(#10466,#10467,#10468,#10469,#10470),
 .UNSPECIFIED.,.F.,.F.,(4,1,4),(0.,0.014117345718358,0.0277754306954668),
 .UNSPECIFIED.);
#1918=B_SPLINE_CURVE_WITH_KNOTS('',3,(#10483,#10484,#10485,#10486,#10487),
 .UNSPECIFIED.,.F.,.F.,(4,1,4),(0.,0.0136580557535036,0.0277754259750428),
 .UNSPECIFIED.);
#1919=B_SPLINE_CURVE_WITH_KNOTS('',3,(#10500,#10501,#10502,#10503,#10504),
 .UNSPECIFIED.,.F.,.F.,(4,1,4),(0.,0.0141173193301965,0.0277753575494549),
 .UNSPECIFIED.);
#1920=B_SPLINE_CURVE_WITH_KNOTS('',3,(#10524,#10525,#10526,#10527,#10528),
 .UNSPECIFIED.,.F.,.F.,(4,1,4),(0.,0.0141173362939349,0.0277753745131933),
 .UNSPECIFIED.);
#1921=B_SPLINE_CURVE_WITH_KNOTS('',3,(#10541,#10542,#10543,#10544,#10545),
 .UNSPECIFIED.,.F.,.F.,(4,1,4),(0.,0.0136580674428361,0.027775403736771),
 .UNSPECIFIED.);
#1922=B_SPLINE_CURVE_WITH_KNOTS('',3,(#10562,#10563,#10564,#10565,#10566),
 .UNSPECIFIED.,.F.,.F.,(4,1,4),(0.,0.0141173362939349,0.0277753745131933),
 .UNSPECIFIED.);
#1923=B_SPLINE_CURVE_WITH_KNOTS('',3,(#10579,#10580,#10581,#10582,#10583),
 .UNSPECIFIED.,.F.,.F.,(4,1,4),(0.,0.0136580382192585,0.0277753745131933),
 .UNSPECIFIED.);
#1924=B_SPLINE_CURVE_WITH_KNOTS('',3,(#10596,#10597,#10598,#10599,#10600),
 .UNSPECIFIED.,.F.,.F.,(4,1,4),(0.,0.0141173362939349,0.0277753745131933),
 .UNSPECIFIED.);
#1925=B_SPLINE_CURVE_WITH_KNOTS('',3,(#10613,#10614,#10615,#10616,#10617),
 .UNSPECIFIED.,.F.,.F.,(4,1,4),(0.,0.0136580499088661,0.0277753522753667),
 .UNSPECIFIED.);
#1926=B_SPLINE_CURVE_WITH_KNOTS('',3,(#10636,#10637,#10638,#10639,#10640,
#10641,#10642),.UNSPECIFIED.,.F.,.F.,(4,3,4),(-0.0285008343979093,-0.0142466474731738,
0.),.UNSPECIFIED.);
#1927=B_SPLINE_CURVE_WITH_KNOTS('',3,(#10646,#10647,#10648,#10649,#10650,
#10651,#10652),.UNSPECIFIED.,.F.,.F.,(4,3,4),(0.,0.0142466474731738,0.0285008343979093),
 .UNSPECIFIED.);
#1928=B_SPLINE_CURVE_WITH_KNOTS('',3,(#10667,#10668,#10669,#10670,#10671,
#10672,#10673),.UNSPECIFIED.,.F.,.F.,(4,3,4),(-0.029324930906103,-0.0146663453749246,
0.),.UNSPECIFIED.);
#1929=B_SPLINE_CURVE_WITH_KNOTS('',3,(#10675,#10676,#10677,#10678,#10679,
#10680,#10681),.UNSPECIFIED.,.F.,.F.,(4,3,4),(0.,0.0146663453749246,0.029324930906103),
 .UNSPECIFIED.);
#1930=B_SPLINE_CURVE_WITH_KNOTS('',3,(#10697,#10698,#10699,#10700,#10701,
#10702,#10703),.UNSPECIFIED.,.F.,.F.,(4,3,4),(-0.0285008356978338,-0.0142466483102705,
0.),.UNSPECIFIED.);
#1931=B_SPLINE_CURVE_WITH_KNOTS('',3,(#10707,#10708,#10709,#10710,#10711,
#10712,#10713),.UNSPECIFIED.,.F.,.F.,(4,3,4),(0.,0.0142466483102705,0.0285008356978338),
 .UNSPECIFIED.);
#1932=B_SPLINE_CURVE_WITH_KNOTS('',3,(#10728,#10729,#10730,#10731,#10732,
#10733,#10734),.UNSPECIFIED.,.F.,.F.,(4,3,4),(-0.0293248516120425,-0.0146663045222588,
0.),.UNSPECIFIED.);
#1933=B_SPLINE_CURVE_WITH_KNOTS('',3,(#10736,#10737,#10738,#10739,#10740,
#10741,#10742),.UNSPECIFIED.,.F.,.F.,(4,3,4),(0.,0.0146663045222588,0.0293248516120425),
 .UNSPECIFIED.);
#1934=B_SPLINE_CURVE_WITH_KNOTS('',3,(#10757,#10758,#10759,#10760,#10761,
#10762,#10763),.UNSPECIFIED.,.F.,.F.,(4,3,4),(-0.028500840031101,-0.0142466501917231,
0.),.UNSPECIFIED.);
#1935=B_SPLINE_CURVE_WITH_KNOTS('',3,(#10765,#10766,#10767,#10768,#10769,
#10770,#10771),.UNSPECIFIED.,.F.,.F.,(4,3,4),(0.,0.0142466501917231,0.028500840031101),
 .UNSPECIFIED.);
#1936=B_SPLINE_CURVE_WITH_KNOTS('',3,(#10787,#10788,#10789,#10790,#10791,
#10792,#10793),.UNSPECIFIED.,.F.,.F.,(4,3,4),(-0.0285008417968949,-0.0142466512916339,
0.),.UNSPECIFIED.);
#1937=B_SPLINE_CURVE_WITH_KNOTS('',3,(#10797,#10798,#10799,#10800,#10801,
#10802,#10803),.UNSPECIFIED.,.F.,.F.,(4,3,4),(0.,0.0142466512916339,0.0285008417968949),
 .UNSPECIFIED.);
#1938=B_SPLINE_CURVE_WITH_KNOTS('',3,(#10818,#10819,#10820,#10821,#10822,
#10823,#10824),.UNSPECIFIED.,.F.,.F.,(4,3,4),(-0.0293249092966841,-0.0146663336492565,
0.),.UNSPECIFIED.);
#1939=B_SPLINE_CURVE_WITH_KNOTS('',3,(#10826,#10827,#10828,#10829,#10830,
#10831,#10832),.UNSPECIFIED.,.F.,.F.,(4,3,4),(0.,0.0146663336492565,0.0293249092966841),
 .UNSPECIFIED.);
#1940=B_SPLINE_CURVE_WITH_KNOTS('',3,(#10847,#10848,#10849,#10850,#10851,
#10852,#10853),.UNSPECIFIED.,.F.,.F.,(4,3,4),(-0.0285008051379962,-0.0142466316181557,
0.),.UNSPECIFIED.);
#1941=B_SPLINE_CURVE_WITH_KNOTS('',3,(#10855,#10856,#10857,#10858,#10859,
#10860,#10861),.UNSPECIFIED.,.F.,.F.,(4,3,4),(0.,0.0142466316181557,0.0285008051379962),
 .UNSPECIFIED.);
#1942=B_SPLINE_CURVE_WITH_KNOTS('',3,(#10876,#10877,#10878,#10879,#10880,
#10881,#10882),.UNSPECIFIED.,.F.,.F.,(4,3,4),(-0.0293248472969296,-0.0146663022407164,
0.),.UNSPECIFIED.);
#1943=B_SPLINE_CURVE_WITH_KNOTS('',3,(#10884,#10885,#10886,#10887,#10888,
#10889,#10890),.UNSPECIFIED.,.F.,.F.,(4,3,4),(0.,0.0146663022407164,0.0293248472969296),
 .UNSPECIFIED.);
#1944=B_SPLINE_CURVE_WITH_KNOTS('',3,(#10906,#10907,#10908,#10909,#10910,
#10911,#10912),.UNSPECIFIED.,.F.,.F.,(4,3,4),(-0.0285008051380011,-0.014246631618157,
0.),.UNSPECIFIED.);
#1945=B_SPLINE_CURVE_WITH_KNOTS('',3,(#10916,#10917,#10918,#10919,#10920,
#10921,#10922),.UNSPECIFIED.,.F.,.F.,(4,3,4),(0.,0.014246631618157,0.0285008051380011),
 .UNSPECIFIED.);
#1946=B_SPLINE_CURVE_WITH_KNOTS('',3,(#10937,#10938,#10939,#10940,#10941,
#10942,#10943),.UNSPECIFIED.,.F.,.F.,(4,3,4),(-0.0293247852968071,-0.0146662708320153,
0.),.UNSPECIFIED.);
#1947=B_SPLINE_CURVE_WITH_KNOTS('',3,(#10945,#10946,#10947,#10948,#10949,
#10950,#10951),.UNSPECIFIED.,.F.,.F.,(4,3,4),(0.,0.0146662708320153,0.0293247852968071),
 .UNSPECIFIED.);
#1948=B_SPLINE_CURVE_WITH_KNOTS('',3,(#10966,#10967,#10968,#10969,#10970,
#10971,#10972),.UNSPECIFIED.,.F.,.F.,(4,3,4),(-0.0285008643296869,-0.0142466621658413,
0.),.UNSPECIFIED.);
#1949=B_SPLINE_CURVE_WITH_KNOTS('',3,(#10974,#10975,#10976,#10977,#10978,
#10979,#10980),.UNSPECIFIED.,.F.,.F.,(4,3,4),(0.,0.0142466621658413,0.0285008643296869),
 .UNSPECIFIED.);
#1950=B_SPLINE_CURVE_WITH_KNOTS('',3,(#10995,#10996,#10997,#10998,#10999,
#11000,#11001),.UNSPECIFIED.,.F.,.F.,(4,3,4),(-0.0293249438155308,-0.0146663519006662,
0.),.UNSPECIFIED.);
#1951=B_SPLINE_CURVE_WITH_KNOTS('',3,(#11003,#11004,#11005,#11006,#11007,
#11008,#11009),.UNSPECIFIED.,.F.,.F.,(4,3,4),(0.,0.0146663519006662,0.0293249438155308),
 .UNSPECIFIED.);
#1952=B_SPLINE_CURVE_WITH_KNOTS('',3,(#11025,#11026,#11027,#11028,#11029,
#11030,#11031),.UNSPECIFIED.,.F.,.F.,(4,3,4),(-0.0285007929398618,-0.0142466256554464,
0.),.UNSPECIFIED.);
#1953=B_SPLINE_CURVE_WITH_KNOTS('',3,(#11035,#11036,#11037,#11038,#11039,
#11040,#11041),.UNSPECIFIED.,.F.,.F.,(4,3,4),(0.,0.0142466256554464,0.0285007929398618),
 .UNSPECIFIED.);
#1954=B_SPLINE_CURVE_WITH_KNOTS('',3,(#11055,#11056,#11057,#11058,#11059,
#11060,#11061),.UNSPECIFIED.,.F.,.F.,(4,3,4),(-0.0293248671120029,-0.0146663123744028,
0.),.UNSPECIFIED.);
#1955=B_SPLINE_CURVE_WITH_KNOTS('',3,(#11062,#11063,#11064,#11065,#11066,
#11067,#11068),.UNSPECIFIED.,.F.,.F.,(4,3,4),(0.,0.0146663123744028,0.0293248671120029),
 .UNSPECIFIED.);
#1956=B_SPLINE_CURVE_WITH_KNOTS('',3,(#11093,#11094,#11095,#11096,#11097),
 .UNSPECIFIED.,.F.,.F.,(4,1,4),(0.,0.0141173117906947,0.027775408457111),
 .UNSPECIFIED.);
#1957=B_SPLINE_CURVE_WITH_KNOTS('',3,(#11115,#11116,#11117,#11118,#11119),
 .UNSPECIFIED.,.F.,.F.,(4,1,4),(0.,0.0136580382192585,0.0277753745131933),
 .UNSPECIFIED.);
#1958=B_SPLINE_CURVE_WITH_KNOTS('',3,(#11132,#11133,#11134,#11135,#11136),
 .UNSPECIFIED.,.F.,.F.,(4,1,4),(0.,0.0141172872874749,0.0277753839538912),
 .UNSPECIFIED.);
#1959=B_SPLINE_CURVE_WITH_KNOTS('',3,(#11149,#11150,#11151,#11152,#11153),
 .UNSPECIFIED.,.F.,.F.,(4,1,4),(0.,0.0136580966664163,0.0277754329603512),
 .UNSPECIFIED.);
#1960=B_SPLINE_CURVE_WITH_KNOTS('',3,(#11166,#11167,#11168,#11169,#11170),
 .UNSPECIFIED.,.F.,.F.,(4,1,4),(0.,0.0141173362939349,0.0277753745131933),
 .UNSPECIFIED.);
#1961=B_SPLINE_CURVE_WITH_KNOTS('',3,(#11195,#11196,#11197,#11198,#11199),
 .UNSPECIFIED.,.F.,.F.,(4,1,4),(0.,0.0136580382192585,0.0277753660313188),
 .UNSPECIFIED.);
#1962=B_SPLINE_CURVE_WITH_KNOTS('',3,(#11212,#11213,#11214,#11215,#11216),
 .UNSPECIFIED.,.F.,.F.,(4,1,4),(0.,0.0141173179165028,0.0277754072770238),
 .UNSPECIFIED.);
#1963=B_SPLINE_CURVE_WITH_KNOTS('',3,(#11228,#11229,#11230,#11231,#11232),
 .UNSPECIFIED.,.F.,.F.,(4,1,4),(0.,0.0136580382192585,0.0277753745131933),
 .UNSPECIFIED.);
#1964=B_SPLINE_CURVE_WITH_KNOTS('',3,(#11245,#11246,#11247,#11248,#11249),
 .UNSPECIFIED.,.F.,.F.,(4,1,4),(0.,0.0141173362939349,0.0277754329603512),
 .UNSPECIFIED.);
#1965=B_SPLINE_CURVE_WITH_KNOTS('',3,(#11262,#11263,#11264,#11265,#11266),
 .UNSPECIFIED.,.F.,.F.,(4,1,4),(0.,0.0136580966664163,0.027775408457111),
 .UNSPECIFIED.);
#1966=B_SPLINE_CURVE_WITH_KNOTS('',3,(#11287,#11288,#11289,#11290,#11291),
 .UNSPECIFIED.,.F.,.F.,(4,1,4),(0.,0.013658089360521,0.0277754072770238),
 .UNSPECIFIED.);
#1967=B_SPLINE_CURVE_WITH_KNOTS('',3,(#11304,#11305,#11306,#11307,#11308),
 .UNSPECIFIED.,.F.,.F.,(4,1,4),(0.,0.0141173117906947,0.0277754011512157),
 .UNSPECIFIED.);
#1968=B_SPLINE_CURVE_WITH_KNOTS('',3,(#11321,#11322,#11323,#11324,#11325),
 .UNSPECIFIED.,.F.,.F.,(4,1,4),(0.,0.0136580966664163,0.027775404216165),
 .UNSPECIFIED.);
#1969=B_SPLINE_CURVE_WITH_KNOTS('',3,(#11342,#11343,#11344,#11345,#11346),
 .UNSPECIFIED.,.F.,.F.,(4,1,4),(0.,0.0141173320529963,0.0277753702722547),
 .UNSPECIFIED.);
#1970=B_SPLINE_CURVE_WITH_KNOTS('',3,(#11358,#11359,#11360,#11361,#11362),
 .UNSPECIFIED.,.F.,.F.,(4,1,4),(0.,0.013658089360521,0.0277754011512157),
 .UNSPECIFIED.);
#1971=VERTEX_POINT('',#6042);
#1972=VERTEX_POINT('',#6043);
#1973=VERTEX_POINT('',#6051);
#1974=VERTEX_POINT('',#6053);
#1975=VERTEX_POINT('',#6074);
#1976=VERTEX_POINT('',#6082);
#1977=VERTEX_POINT('',#6103);
#1978=VERTEX_POINT('',#6104);
#1979=VERTEX_POINT('',#6112);
#1980=VERTEX_POINT('',#6114);
#1981=VERTEX_POINT('',#6135);
#1982=VERTEX_POINT('',#6143);
#1983=VERTEX_POINT('',#6164);
#1984=VERTEX_POINT('',#6165);
#1985=VERTEX_POINT('',#6173);
#1986=VERTEX_POINT('',#6175);
#1987=VERTEX_POINT('',#6196);
#1988=VERTEX_POINT('',#6204);
#1989=VERTEX_POINT('',#6225);
#1990=VERTEX_POINT('',#6226);
#1991=VERTEX_POINT('',#6234);
#1992=VERTEX_POINT('',#6236);
#1993=VERTEX_POINT('',#6257);
#1994=VERTEX_POINT('',#6265);
#1995=VERTEX_POINT('',#6286);
#1996=VERTEX_POINT('',#6287);
#1997=VERTEX_POINT('',#6295);
#1998=VERTEX_POINT('',#6297);
#1999=VERTEX_POINT('',#6318);
#2000=VERTEX_POINT('',#6326);
#2001=VERTEX_POINT('',#6347);
#2002=VERTEX_POINT('',#6348);
#2003=VERTEX_POINT('',#6356);
#2004=VERTEX_POINT('',#6358);
#2005=VERTEX_POINT('',#6379);
#2006=VERTEX_POINT('',#6387);
#2007=VERTEX_POINT('',#6408);
#2008=VERTEX_POINT('',#6409);
#2009=VERTEX_POINT('',#6417);
#2010=VERTEX_POINT('',#6419);
#2011=VERTEX_POINT('',#6440);
#2012=VERTEX_POINT('',#6448);
#2013=VERTEX_POINT('',#6469);
#2014=VERTEX_POINT('',#6470);
#2015=VERTEX_POINT('',#6478);
#2016=VERTEX_POINT('',#6480);
#2017=VERTEX_POINT('',#6501);
#2018=VERTEX_POINT('',#6509);
#2019=VERTEX_POINT('',#6537);
#2020=VERTEX_POINT('',#6539);
#2021=VERTEX_POINT('',#6556);
#2022=VERTEX_POINT('',#6564);
#2023=VERTEX_POINT('',#6577);
#2024=VERTEX_POINT('',#6594);
#2025=VERTEX_POINT('',#6602);
#2026=VERTEX_POINT('',#6615);
#2027=VERTEX_POINT('',#6617);
#2028=VERTEX_POINT('',#6634);
#2029=VERTEX_POINT('',#6642);
#2030=VERTEX_POINT('',#6655);
#2031=VERTEX_POINT('',#6672);
#2032=VERTEX_POINT('',#6680);
#2033=VERTEX_POINT('',#6684);
#2034=VERTEX_POINT('',#6697);
#2035=VERTEX_POINT('',#6714);
#2036=VERTEX_POINT('',#6722);
#2037=VERTEX_POINT('',#6735);
#2038=VERTEX_POINT('',#6758);
#2039=VERTEX_POINT('',#6771);
#2040=VERTEX_POINT('',#6788);
#2041=VERTEX_POINT('',#6796);
#2042=VERTEX_POINT('',#6809);
#2043=VERTEX_POINT('',#6844);
#2044=VERTEX_POINT('',#6845);
#2045=VERTEX_POINT('',#6853);
#2046=VERTEX_POINT('',#6855);
#2047=VERTEX_POINT('',#6876);
#2048=VERTEX_POINT('',#6884);
#2049=VERTEX_POINT('',#6905);
#2050=VERTEX_POINT('',#6906);
#2051=VERTEX_POINT('',#6914);
#2052=VERTEX_POINT('',#6916);
#2053=VERTEX_POINT('',#6937);
#2054=VERTEX_POINT('',#6945);
#2055=VERTEX_POINT('',#6966);
#2056=VERTEX_POINT('',#6967);
#2057=VERTEX_POINT('',#6975);
#2058=VERTEX_POINT('',#6977);
#2059=VERTEX_POINT('',#6998);
#2060=VERTEX_POINT('',#7006);
#2061=VERTEX_POINT('',#7027);
#2062=VERTEX_POINT('',#7035);
#2063=VERTEX_POINT('',#7056);
#2064=VERTEX_POINT('',#7064);
#2065=VERTEX_POINT('',#7085);
#2066=VERTEX_POINT('',#7093);
#2067=VERTEX_POINT('',#7114);
#2068=VERTEX_POINT('',#7122);
#2069=VERTEX_POINT('',#7143);
#2070=VERTEX_POINT('',#7151);
#2071=VERTEX_POINT('',#7172);
#2072=VERTEX_POINT('',#7180);
#2073=VERTEX_POINT('',#7201);
#2074=VERTEX_POINT('',#7202);
#2075=VERTEX_POINT('',#7210);
#2076=VERTEX_POINT('',#7212);
#2077=VERTEX_POINT('',#7233);
#2078=VERTEX_POINT('',#7241);
#2079=VERTEX_POINT('',#7262);
#2080=VERTEX_POINT('',#7263);
#2081=VERTEX_POINT('',#7271);
#2082=VERTEX_POINT('',#7273);
#2083=VERTEX_POINT('',#7294);
#2084=VERTEX_POINT('',#7302);
#2085=VERTEX_POINT('',#7323);
#2086=VERTEX_POINT('',#7324);
#2087=VERTEX_POINT('',#7332);
#2088=VERTEX_POINT('',#7334);
#2089=VERTEX_POINT('',#7355);
#2090=VERTEX_POINT('',#7363);
#2091=VERTEX_POINT('',#7384);
#2092=VERTEX_POINT('',#7392);
#2093=VERTEX_POINT('',#7413);
#2094=VERTEX_POINT('',#7421);
#2095=VERTEX_POINT('',#7442);
#2096=VERTEX_POINT('',#7450);
#2097=VERTEX_POINT('',#7471);
#2098=VERTEX_POINT('',#7479);
#2099=VERTEX_POINT('',#7500);
#2100=VERTEX_POINT('',#7508);
#2101=VERTEX_POINT('',#7529);
#2102=VERTEX_POINT('',#7537);
#2103=VERTEX_POINT('',#7563);
#2104=VERTEX_POINT('',#7565);
#2105=VERTEX_POINT('',#7582);
#2106=VERTEX_POINT('',#7590);
#2107=VERTEX_POINT('',#7603);
#2108=VERTEX_POINT('',#7620);
#2109=VERTEX_POINT('',#7628);
#2110=VERTEX_POINT('',#7641);
#2111=VERTEX_POINT('',#7658);
#2112=VERTEX_POINT('',#7675);
#2113=VERTEX_POINT('',#7692);
#2114=VERTEX_POINT('',#7709);
#2115=VERTEX_POINT('',#7726);
#2116=VERTEX_POINT('',#7743);
#2117=VERTEX_POINT('',#7760);
#2118=VERTEX_POINT('',#7768);
#2119=VERTEX_POINT('',#7772);
#2120=VERTEX_POINT('',#7785);
#2121=VERTEX_POINT('',#7802);
#2122=VERTEX_POINT('',#7819);
#2123=VERTEX_POINT('',#7836);
#2124=VERTEX_POINT('',#7853);
#2125=VERTEX_POINT('',#7870);
#2126=VERTEX_POINT('',#7887);
#2127=VERTEX_POINT('',#7904);
#2128=VERTEX_POINT('',#7912);
#2129=VERTEX_POINT('',#7925);
#2130=VERTEX_POINT('',#7942);
#2131=VERTEX_POINT('',#7950);
#2132=VERTEX_POINT('',#7963);
#2133=VERTEX_POINT('',#7998);
#2134=VERTEX_POINT('',#7999);
#2135=VERTEX_POINT('',#8007);
#2136=VERTEX_POINT('',#8009);
#2137=VERTEX_POINT('',#8030);
#2138=VERTEX_POINT('',#8038);
#2139=VERTEX_POINT('',#8059);
#2140=VERTEX_POINT('',#8067);
#2141=VERTEX_POINT('',#8088);
#2142=VERTEX_POINT('',#8096);
#2143=VERTEX_POINT('',#8117);
#2144=VERTEX_POINT('',#8118);
#2145=VERTEX_POINT('',#8126);
#2146=VERTEX_POINT('',#8128);
#2147=VERTEX_POINT('',#8149);
#2148=VERTEX_POINT('',#8157);
#2149=VERTEX_POINT('',#8178);
#2150=VERTEX_POINT('',#8179);
#2151=VERTEX_POINT('',#8187);
#2152=VERTEX_POINT('',#8189);
#2153=VERTEX_POINT('',#8210);
#2154=VERTEX_POINT('',#8218);
#2155=VERTEX_POINT('',#8239);
#2156=VERTEX_POINT('',#8247);
#2157=VERTEX_POINT('',#8268);
#2158=VERTEX_POINT('',#8276);
#2159=VERTEX_POINT('',#8297);
#2160=VERTEX_POINT('',#8298);
#2161=VERTEX_POINT('',#8306);
#2162=VERTEX_POINT('',#8308);
#2163=VERTEX_POINT('',#8329);
#2164=VERTEX_POINT('',#8337);
#2165=VERTEX_POINT('',#8358);
#2166=VERTEX_POINT('',#8366);
#2167=VERTEX_POINT('',#8387);
#2168=VERTEX_POINT('',#8395);
#2169=VERTEX_POINT('',#8405);
#2170=VERTEX_POINT('',#8406);
#2171=VERTEX_POINT('',#8410);
#2172=VERTEX_POINT('',#8425);
#2173=VERTEX_POINT('',#8427);
#2174=VERTEX_POINT('',#8444);
#2175=VERTEX_POINT('',#8461);
#2176=VERTEX_POINT('',#8478);
#2177=VERTEX_POINT('',#8486);
#2178=VERTEX_POINT('',#8499);
#2179=VERTEX_POINT('',#8516);
#2180=VERTEX_POINT('',#8533);
#2181=VERTEX_POINT('',#8550);
#2182=VERTEX_POINT('',#8558);
#2183=VERTEX_POINT('',#8562);
#2184=VERTEX_POINT('',#8566);
#2185=VERTEX_POINT('',#8570);
#2186=VERTEX_POINT('',#8583);
#2187=VERTEX_POINT('',#8600);
#2188=VERTEX_POINT('',#8608);
#2189=VERTEX_POINT('',#8621);
#2190=VERTEX_POINT('',#8638);
#2191=VERTEX_POINT('',#8655);
#2192=VERTEX_POINT('',#8672);
#2193=VERTEX_POINT('',#8683);
#2194=VERTEX_POINT('',#8684);
#2195=VERTEX_POINT('',#8686);
#2196=VERTEX_POINT('',#8688);
#2197=VERTEX_POINT('',#8692);
#2198=VERTEX_POINT('',#8694);
#2199=VERTEX_POINT('',#8698);
#2200=VERTEX_POINT('',#8702);
#2201=VERTEX_POINT('',#8709);
#2202=VERTEX_POINT('',#8710);
#2203=VERTEX_POINT('',#8712);
#2204=VERTEX_POINT('',#8714);
#2205=VERTEX_POINT('',#8718);
#2206=VERTEX_POINT('',#8720);
#2207=VERTEX_POINT('',#8724);
#2208=VERTEX_POINT('',#8728);
#2209=VERTEX_POINT('',#8735);
#2210=VERTEX_POINT('',#8736);
#2211=VERTEX_POINT('',#8738);
#2212=VERTEX_POINT('',#8740);
#2213=VERTEX_POINT('',#8744);
#2214=VERTEX_POINT('',#8746);
#2215=VERTEX_POINT('',#8750);
#2216=VERTEX_POINT('',#8754);
#2217=VERTEX_POINT('',#8761);
#2218=VERTEX_POINT('',#8762);
#2219=VERTEX_POINT('',#8764);
#2220=VERTEX_POINT('',#8766);
#2221=VERTEX_POINT('',#8770);
#2222=VERTEX_POINT('',#8772);
#2223=VERTEX_POINT('',#8776);
#2224=VERTEX_POINT('',#8780);
#2225=VERTEX_POINT('',#8787);
#2226=VERTEX_POINT('',#8788);
#2227=VERTEX_POINT('',#8790);
#2228=VERTEX_POINT('',#8792);
#2229=VERTEX_POINT('',#8796);
#2230=VERTEX_POINT('',#8798);
#2231=VERTEX_POINT('',#8802);
#2232=VERTEX_POINT('',#8806);
#2233=VERTEX_POINT('',#8813);
#2234=VERTEX_POINT('',#8814);
#2235=VERTEX_POINT('',#8816);
#2236=VERTEX_POINT('',#8818);
#2237=VERTEX_POINT('',#8822);
#2238=VERTEX_POINT('',#8824);
#2239=VERTEX_POINT('',#8828);
#2240=VERTEX_POINT('',#8832);
#2241=VERTEX_POINT('',#8839);
#2242=VERTEX_POINT('',#8840);
#2243=VERTEX_POINT('',#8842);
#2244=VERTEX_POINT('',#8844);
#2245=VERTEX_POINT('',#8848);
#2246=VERTEX_POINT('',#8850);
#2247=VERTEX_POINT('',#8854);
#2248=VERTEX_POINT('',#8858);
#2249=VERTEX_POINT('',#8876);
#2250=VERTEX_POINT('',#8877);
#2251=VERTEX_POINT('',#8885);
#2252=VERTEX_POINT('',#8887);
#2253=VERTEX_POINT('',#8908);
#2254=VERTEX_POINT('',#8916);
#2255=VERTEX_POINT('',#8937);
#2256=VERTEX_POINT('',#8945);
#2257=VERTEX_POINT('',#8966);
#2258=VERTEX_POINT('',#8974);
#2259=VERTEX_POINT('',#8995);
#2260=VERTEX_POINT('',#9003);
#2261=VERTEX_POINT('',#9024);
#2262=VERTEX_POINT('',#9032);
#2263=VERTEX_POINT('',#9053);
#2264=VERTEX_POINT('',#9061);
#2265=VERTEX_POINT('',#9107);
#2266=VERTEX_POINT('',#9109);
#2267=VERTEX_POINT('',#9126);
#2268=VERTEX_POINT('',#9143);
#2269=VERTEX_POINT('',#9160);
#2270=VERTEX_POINT('',#9177);
#2271=VERTEX_POINT('',#9194);
#2272=VERTEX_POINT('',#9211);
#2273=VERTEX_POINT('',#9246);
#2274=VERTEX_POINT('',#9247);
#2275=VERTEX_POINT('',#9255);
#2276=VERTEX_POINT('',#9257);
#2277=VERTEX_POINT('',#9278);
#2278=VERTEX_POINT('',#9286);
#2279=VERTEX_POINT('',#9307);
#2280=VERTEX_POINT('',#9308);
#2281=VERTEX_POINT('',#9316);
#2282=VERTEX_POINT('',#9318);
#2283=VERTEX_POINT('',#9339);
#2284=VERTEX_POINT('',#9347);
#2285=VERTEX_POINT('',#9368);
#2286=VERTEX_POINT('',#9369);
#2287=VERTEX_POINT('',#9377);
#2288=VERTEX_POINT('',#9379);
#2289=VERTEX_POINT('',#9400);
#2290=VERTEX_POINT('',#9408);
#2291=VERTEX_POINT('',#9429);
#2292=VERTEX_POINT('',#9430);
#2293=VERTEX_POINT('',#9438);
#2294=VERTEX_POINT('',#9440);
#2295=VERTEX_POINT('',#9461);
#2296=VERTEX_POINT('',#9469);
#2297=VERTEX_POINT('',#9490);
#2298=VERTEX_POINT('',#9491);
#2299=VERTEX_POINT('',#9499);
#2300=VERTEX_POINT('',#9501);
#2301=VERTEX_POINT('',#9522);
#2302=VERTEX_POINT('',#9530);
#2303=VERTEX_POINT('',#9551);
#2304=VERTEX_POINT('',#9559);
#2305=VERTEX_POINT('',#9580);
#2306=VERTEX_POINT('',#9588);
#2307=VERTEX_POINT('',#9609);
#2308=VERTEX_POINT('',#9610);
#2309=VERTEX_POINT('',#9618);
#2310=VERTEX_POINT('',#9620);
#2311=VERTEX_POINT('',#9641);
#2312=VERTEX_POINT('',#9649);
#2313=VERTEX_POINT('',#9660);
#2314=VERTEX_POINT('',#9665);
#2315=VERTEX_POINT('',#9667);
#2316=VERTEX_POINT('',#9681);
#2317=VERTEX_POINT('',#9683);
#2318=VERTEX_POINT('',#9691);
#2319=VERTEX_POINT('',#9695);
#2320=VERTEX_POINT('',#9699);
#2321=VERTEX_POINT('',#9703);
#2322=VERTEX_POINT('',#9705);
#2323=VERTEX_POINT('',#9718);
#2324=VERTEX_POINT('',#9735);
#2325=VERTEX_POINT('',#9752);
#2326=VERTEX_POINT('',#9769);
#2327=VERTEX_POINT('',#9777);
#2328=VERTEX_POINT('',#9790);
#2329=VERTEX_POINT('',#9807);
#2330=VERTEX_POINT('',#9824);
#2331=VERTEX_POINT('',#9832);
#2332=VERTEX_POINT('',#9845);
#2333=VERTEX_POINT('',#9868);
#2334=VERTEX_POINT('',#9881);
#2335=VERTEX_POINT('',#9898);
#2336=VERTEX_POINT('',#9906);
#2337=VERTEX_POINT('',#9919);
#2338=VERTEX_POINT('',#9936);
#2339=VERTEX_POINT('',#9958);
#2340=VERTEX_POINT('',#9959);
#2341=VERTEX_POINT('',#9967);
#2342=VERTEX_POINT('',#9969);
#2343=VERTEX_POINT('',#9990);
#2344=VERTEX_POINT('',#9998);
#2345=VERTEX_POINT('',#10019);
#2346=VERTEX_POINT('',#10027);
#2347=VERTEX_POINT('',#10048);
#2348=VERTEX_POINT('',#10056);
#2349=VERTEX_POINT('',#10077);
#2350=VERTEX_POINT('',#10078);
#2351=VERTEX_POINT('',#10086);
#2352=VERTEX_POINT('',#10088);
#2353=VERTEX_POINT('',#10109);
#2354=VERTEX_POINT('',#10117);
#2355=VERTEX_POINT('',#10138);
#2356=VERTEX_POINT('',#10139);
#2357=VERTEX_POINT('',#10147);
#2358=VERTEX_POINT('',#10149);
#2359=VERTEX_POINT('',#10170);
#2360=VERTEX_POINT('',#10178);
#2361=VERTEX_POINT('',#10199);
#2362=VERTEX_POINT('',#10207);
#2363=VERTEX_POINT('',#10228);
#2364=VERTEX_POINT('',#10236);
#2365=VERTEX_POINT('',#10257);
#2366=VERTEX_POINT('',#10265);
#2367=VERTEX_POINT('',#10286);
#2368=VERTEX_POINT('',#10294);
#2369=VERTEX_POINT('',#10315);
#2370=VERTEX_POINT('',#10323);
#2371=VERTEX_POINT('',#10344);
#2372=VERTEX_POINT('',#10352);
#2373=VERTEX_POINT('',#10362);
#2374=VERTEX_POINT('',#10377);
#2375=VERTEX_POINT('',#10379);
#2376=VERTEX_POINT('',#10396);
#2377=VERTEX_POINT('',#10413);
#2378=VERTEX_POINT('',#10430);
#2379=VERTEX_POINT('',#10447);
#2380=VERTEX_POINT('',#10464);
#2381=VERTEX_POINT('',#10481);
#2382=VERTEX_POINT('',#10498);
#2383=VERTEX_POINT('',#10506);
#2384=VERTEX_POINT('',#10510);
#2385=VERTEX_POINT('',#10523);
#2386=VERTEX_POINT('',#10540);
#2387=VERTEX_POINT('',#10548);
#2388=VERTEX_POINT('',#10561);
#2389=VERTEX_POINT('',#10578);
#2390=VERTEX_POINT('',#10595);
#2391=VERTEX_POINT('',#10612);
#2392=VERTEX_POINT('',#10634);
#2393=VERTEX_POINT('',#10635);
#2394=VERTEX_POINT('',#10643);
#2395=VERTEX_POINT('',#10645);
#2396=VERTEX_POINT('',#10666);
#2397=VERTEX_POINT('',#10674);
#2398=VERTEX_POINT('',#10695);
#2399=VERTEX_POINT('',#10696);
#2400=VERTEX_POINT('',#10704);
#2401=VERTEX_POINT('',#10706);
#2402=VERTEX_POINT('',#10727);
#2403=VERTEX_POINT('',#10735);
#2404=VERTEX_POINT('',#10756);
#2405=VERTEX_POINT('',#10764);
#2406=VERTEX_POINT('',#10785);
#2407=VERTEX_POINT('',#10786);
#2408=VERTEX_POINT('',#10794);
#2409=VERTEX_POINT('',#10796);
#2410=VERTEX_POINT('',#10817);
#2411=VERTEX_POINT('',#10825);
#2412=VERTEX_POINT('',#10846);
#2413=VERTEX_POINT('',#10854);
#2414=VERTEX_POINT('',#10875);
#2415=VERTEX_POINT('',#10883);
#2416=VERTEX_POINT('',#10904);
#2417=VERTEX_POINT('',#10905);
#2418=VERTEX_POINT('',#10913);
#2419=VERTEX_POINT('',#10915);
#2420=VERTEX_POINT('',#10936);
#2421=VERTEX_POINT('',#10944);
#2422=VERTEX_POINT('',#10965);
#2423=VERTEX_POINT('',#10973);
#2424=VERTEX_POINT('',#10994);
#2425=VERTEX_POINT('',#11002);
#2426=VERTEX_POINT('',#11023);
#2427=VERTEX_POINT('',#11024);
#2428=VERTEX_POINT('',#11032);
#2429=VERTEX_POINT('',#11034);
#2430=VERTEX_POINT('',#11070);
#2431=VERTEX_POINT('',#11072);
#2432=VERTEX_POINT('',#11076);
#2433=VERTEX_POINT('',#11090);
#2434=VERTEX_POINT('',#11092);
#2435=VERTEX_POINT('',#11100);
#2436=VERTEX_POINT('',#11113);
#2437=VERTEX_POINT('',#11130);
#2438=VERTEX_POINT('',#11147);
#2439=VERTEX_POINT('',#11164);
#2440=VERTEX_POINT('',#11172);
#2441=VERTEX_POINT('',#11176);
#2442=VERTEX_POINT('',#11180);
#2443=VERTEX_POINT('',#11193);
#2444=VERTEX_POINT('',#11210);
#2445=VERTEX_POINT('',#11227);
#2446=VERTEX_POINT('',#11244);
#2447=VERTEX_POINT('',#11261);
#2448=VERTEX_POINT('',#11269);
#2449=VERTEX_POINT('',#11273);
#2450=VERTEX_POINT('',#11286);
#2451=VERTEX_POINT('',#11303);
#2452=VERTEX_POINT('',#11320);
#2453=VERTEX_POINT('',#11328);
#2454=VERTEX_POINT('',#11341);
#2455=EDGE_CURVE('',#1971,#1972,#1656,.T.);
#2456=EDGE_CURVE('',#1971,#1973,#760,.T.);
#2457=EDGE_CURVE('',#1974,#1973,#1657,.T.);
#2458=EDGE_CURVE('',#1972,#1974,#761,.T.);
#2459=EDGE_CURVE('',#1972,#1975,#1658,.T.);
#2460=EDGE_CURVE('',#1976,#1974,#1659,.T.);
#2461=EDGE_CURVE('',#1975,#1976,#762,.T.);
#2462=EDGE_CURVE('',#1977,#1978,#1660,.T.);
#2463=EDGE_CURVE('',#1977,#1979,#763,.T.);
#2464=EDGE_CURVE('',#1980,#1979,#1661,.T.);
#2465=EDGE_CURVE('',#1978,#1980,#764,.T.);
#2466=EDGE_CURVE('',#1978,#1981,#1662,.T.);
#2467=EDGE_CURVE('',#1982,#1980,#1663,.T.);
#2468=EDGE_CURVE('',#1981,#1982,#765,.T.);
#2469=EDGE_CURVE('',#1983,#1984,#1664,.T.);
#2470=EDGE_CURVE('',#1983,#1985,#766,.T.);
#2471=EDGE_CURVE('',#1986,#1985,#1665,.T.);
#2472=EDGE_CURVE('',#1984,#1986,#767,.T.);
#2473=EDGE_CURVE('',#1984,#1987,#1666,.T.);
#2474=EDGE_CURVE('',#1988,#1986,#1667,.T.);
#2475=EDGE_CURVE('',#1987,#1988,#768,.T.);
#2476=EDGE_CURVE('',#1989,#1990,#1668,.T.);
#2477=EDGE_CURVE('',#1989,#1991,#769,.T.);
#2478=EDGE_CURVE('',#1992,#1991,#1669,.T.);
#2479=EDGE_CURVE('',#1990,#1992,#770,.T.);
#2480=EDGE_CURVE('',#1990,#1993,#1670,.T.);
#2481=EDGE_CURVE('',#1994,#1992,#1671,.T.);
#2482=EDGE_CURVE('',#1993,#1994,#771,.T.);
#2483=EDGE_CURVE('',#1995,#1996,#1672,.T.);
#2484=EDGE_CURVE('',#1995,#1997,#772,.T.);
#2485=EDGE_CURVE('',#1998,#1997,#1673,.T.);
#2486=EDGE_CURVE('',#1996,#1998,#773,.T.);
#2487=EDGE_CURVE('',#1996,#1999,#1674,.T.);
#2488=EDGE_CURVE('',#2000,#1998,#1675,.T.);
#2489=EDGE_CURVE('',#1999,#2000,#774,.T.);
#2490=EDGE_CURVE('',#2001,#2002,#1676,.T.);
#2491=EDGE_CURVE('',#2001,#2003,#775,.T.);
#2492=EDGE_CURVE('',#2004,#2003,#1677,.T.);
#2493=EDGE_CURVE('',#2002,#2004,#776,.T.);
#2494=EDGE_CURVE('',#2002,#2005,#1678,.T.);
#2495=EDGE_CURVE('',#2006,#2004,#1679,.T.);
#2496=EDGE_CURVE('',#2005,#2006,#777,.T.);
#2497=EDGE_CURVE('',#2007,#2008,#1680,.T.);
#2498=EDGE_CURVE('',#2007,#2009,#778,.T.);
#2499=EDGE_CURVE('',#2010,#2009,#1681,.T.);
#2500=EDGE_CURVE('',#2008,#2010,#779,.T.);
#2501=EDGE_CURVE('',#2008,#2011,#1682,.T.);
#2502=EDGE_CURVE('',#2012,#2010,#1683,.T.);
#2503=EDGE_CURVE('',#2011,#2012,#780,.T.);
#2504=EDGE_CURVE('',#2013,#2014,#1684,.T.);
#2505=EDGE_CURVE('',#2013,#2015,#781,.T.);
#2506=EDGE_CURVE('',#2016,#2015,#1685,.T.);
#2507=EDGE_CURVE('',#2014,#2016,#782,.T.);
#2508=EDGE_CURVE('',#2014,#2017,#1686,.T.);
#2509=EDGE_CURVE('',#2018,#2016,#1687,.T.);
#2510=EDGE_CURVE('',#2017,#2018,#783,.T.);
#2511=EDGE_CURVE('',#1997,#2018,#784,.T.);
#2512=EDGE_CURVE('',#2015,#2012,#785,.T.);
#2513=EDGE_CURVE('',#2009,#2006,#786,.T.);
#2514=EDGE_CURVE('',#2003,#2000,#787,.T.);
#2515=EDGE_CURVE('',#1973,#1994,#788,.T.);
#2516=EDGE_CURVE('',#1991,#1988,#789,.T.);
#2517=EDGE_CURVE('',#1985,#1982,#790,.T.);
#2518=EDGE_CURVE('',#1979,#1976,#791,.T.);
#2519=EDGE_CURVE('',#1984,#2019,#792,.T.);
#2520=EDGE_CURVE('',#2020,#2019,#1688,.T.);
#2521=EDGE_CURVE('',#1983,#2020,#793,.T.);
#2522=EDGE_CURVE('',#1987,#2021,#794,.T.);
#2523=EDGE_CURVE('',#2019,#2021,#1689,.T.);
#2524=EDGE_CURVE('',#1989,#2022,#795,.T.);
#2525=EDGE_CURVE('',#2021,#2022,#796,.T.);
#2526=EDGE_CURVE('',#1990,#2023,#797,.T.);
#2527=EDGE_CURVE('',#2022,#2023,#1690,.T.);
#2528=EDGE_CURVE('',#1993,#2024,#798,.T.);
#2529=EDGE_CURVE('',#2023,#2024,#1691,.T.);
#2530=EDGE_CURVE('',#1971,#2025,#799,.T.);
#2531=EDGE_CURVE('',#2024,#2025,#800,.T.);
#2532=EDGE_CURVE('',#2008,#2026,#801,.T.);
#2533=EDGE_CURVE('',#2027,#2026,#1692,.T.);
#2534=EDGE_CURVE('',#2007,#2027,#802,.T.);
#2535=EDGE_CURVE('',#2011,#2028,#803,.T.);
#2536=EDGE_CURVE('',#2026,#2028,#1693,.T.);
#2537=EDGE_CURVE('',#2013,#2029,#804,.T.);
#2538=EDGE_CURVE('',#2028,#2029,#805,.T.);
#2539=EDGE_CURVE('',#2014,#2030,#806,.T.);
#2540=EDGE_CURVE('',#2029,#2030,#1694,.T.);
#2541=EDGE_CURVE('',#2017,#2031,#807,.T.);
#2542=EDGE_CURVE('',#2030,#2031,#1695,.T.);
#2543=EDGE_CURVE('',#1995,#2032,#808,.T.);
#2544=EDGE_CURVE('',#2031,#2032,#809,.T.);
#2545=EDGE_CURVE('',#2033,#2020,#810,.T.);
#2546=EDGE_CURVE('',#1981,#2033,#811,.T.);
#2547=EDGE_CURVE('',#2034,#2033,#1696,.T.);
#2548=EDGE_CURVE('',#1978,#2034,#812,.T.);
#2549=EDGE_CURVE('',#2035,#2034,#1697,.T.);
#2550=EDGE_CURVE('',#1977,#2035,#813,.T.);
#2551=EDGE_CURVE('',#2036,#2035,#814,.T.);
#2552=EDGE_CURVE('',#1975,#2036,#815,.T.);
#2553=EDGE_CURVE('',#2037,#2036,#1698,.T.);
#2554=EDGE_CURVE('',#1972,#2037,#816,.T.);
#2555=EDGE_CURVE('',#2025,#2037,#1699,.T.);
#2556=EDGE_CURVE('',#2038,#2027,#817,.T.);
#2557=EDGE_CURVE('',#2005,#2038,#818,.T.);
#2558=EDGE_CURVE('',#2039,#2038,#1700,.T.);
#2559=EDGE_CURVE('',#2002,#2039,#819,.T.);
#2560=EDGE_CURVE('',#2040,#2039,#1701,.T.);
#2561=EDGE_CURVE('',#2001,#2040,#820,.T.);
#2562=EDGE_CURVE('',#2041,#2040,#821,.T.);
#2563=EDGE_CURVE('',#1999,#2041,#822,.T.);
#2564=EDGE_CURVE('',#2042,#2041,#1702,.T.);
#2565=EDGE_CURVE('',#1996,#2042,#823,.T.);
#2566=EDGE_CURVE('',#2032,#2042,#1703,.T.);
#2567=EDGE_CURVE('',#2043,#2044,#1704,.T.);
#2568=EDGE_CURVE('',#2043,#2045,#824,.T.);
#2569=EDGE_CURVE('',#2046,#2045,#1705,.T.);
#2570=EDGE_CURVE('',#2044,#2046,#825,.T.);
#2571=EDGE_CURVE('',#2044,#2047,#1706,.T.);
#2572=EDGE_CURVE('',#2048,#2046,#1707,.T.);
#2573=EDGE_CURVE('',#2047,#2048,#826,.T.);
#2574=EDGE_CURVE('',#2049,#2050,#1708,.T.);
#2575=EDGE_CURVE('',#2049,#2051,#827,.T.);
#2576=EDGE_CURVE('',#2052,#2051,#1709,.T.);
#2577=EDGE_CURVE('',#2050,#2052,#828,.T.);
#2578=EDGE_CURVE('',#2050,#2053,#1710,.T.);
#2579=EDGE_CURVE('',#2054,#2052,#1711,.T.);
#2580=EDGE_CURVE('',#2053,#2054,#829,.T.);
#2581=EDGE_CURVE('',#2055,#2056,#1712,.T.);
#2582=EDGE_CURVE('',#2055,#2057,#830,.T.);
#2583=EDGE_CURVE('',#2058,#2057,#1713,.T.);
#2584=EDGE_CURVE('',#2056,#2058,#831,.T.);
#2585=EDGE_CURVE('',#2056,#2059,#1714,.T.);
#2586=EDGE_CURVE('',#2060,#2058,#1715,.T.);
#2587=EDGE_CURVE('',#2059,#2060,#832,.T.);
#2588=EDGE_CURVE('',#2059,#2061,#1716,.T.);
#2589=EDGE_CURVE('',#2062,#2060,#1717,.T.);
#2590=EDGE_CURVE('',#2061,#2062,#833,.T.);
#2591=EDGE_CURVE('',#2061,#2063,#1718,.T.);
#2592=EDGE_CURVE('',#2064,#2062,#1719,.T.);
#2593=EDGE_CURVE('',#2063,#2064,#834,.T.);
#2594=EDGE_CURVE('',#2063,#2065,#1720,.T.);
#2595=EDGE_CURVE('',#2066,#2064,#1721,.T.);
#2596=EDGE_CURVE('',#2065,#2066,#835,.T.);
#2597=EDGE_CURVE('',#2065,#2067,#1722,.T.);
#2598=EDGE_CURVE('',#2068,#2066,#1723,.T.);
#2599=EDGE_CURVE('',#2067,#2068,#836,.T.);
#2600=EDGE_CURVE('',#2067,#2069,#1724,.T.);
#2601=EDGE_CURVE('',#2070,#2068,#1725,.T.);
#2602=EDGE_CURVE('',#2069,#2070,#837,.T.);
#2603=EDGE_CURVE('',#2069,#2071,#1726,.T.);
#2604=EDGE_CURVE('',#2072,#2070,#1727,.T.);
#2605=EDGE_CURVE('',#2071,#2072,#838,.T.);
#2606=EDGE_CURVE('',#2073,#2074,#1728,.T.);
#2607=EDGE_CURVE('',#2073,#2075,#839,.T.);
#2608=EDGE_CURVE('',#2076,#2075,#1729,.T.);
#2609=EDGE_CURVE('',#2074,#2076,#840,.T.);
#2610=EDGE_CURVE('',#2074,#2077,#1730,.T.);
#2611=EDGE_CURVE('',#2078,#2076,#1731,.T.);
#2612=EDGE_CURVE('',#2077,#2078,#841,.T.);
#2613=EDGE_CURVE('',#2079,#2080,#1732,.T.);
#2614=EDGE_CURVE('',#2079,#2081,#842,.T.);
#2615=EDGE_CURVE('',#2082,#2081,#1733,.T.);
#2616=EDGE_CURVE('',#2080,#2082,#843,.T.);
#2617=EDGE_CURVE('',#2080,#2083,#1734,.T.);
#2618=EDGE_CURVE('',#2084,#2082,#1735,.T.);
#2619=EDGE_CURVE('',#2083,#2084,#844,.T.);
#2620=EDGE_CURVE('',#2085,#2086,#1736,.T.);
#2621=EDGE_CURVE('',#2085,#2087,#845,.T.);
#2622=EDGE_CURVE('',#2088,#2087,#1737,.T.);
#2623=EDGE_CURVE('',#2086,#2088,#846,.T.);
#2624=EDGE_CURVE('',#2086,#2089,#1738,.T.);
#2625=EDGE_CURVE('',#2090,#2088,#1739,.T.);
#2626=EDGE_CURVE('',#2089,#2090,#847,.T.);
#2627=EDGE_CURVE('',#2089,#2091,#1740,.T.);
#2628=EDGE_CURVE('',#2092,#2090,#1741,.T.);
#2629=EDGE_CURVE('',#2091,#2092,#848,.T.);
#2630=EDGE_CURVE('',#2091,#2093,#1742,.T.);
#2631=EDGE_CURVE('',#2094,#2092,#1743,.T.);
#2632=EDGE_CURVE('',#2093,#2094,#849,.T.);
#2633=EDGE_CURVE('',#2093,#2095,#1744,.T.);
#2634=EDGE_CURVE('',#2096,#2094,#1745,.T.);
#2635=EDGE_CURVE('',#2095,#2096,#850,.T.);
#2636=EDGE_CURVE('',#2095,#2097,#1746,.T.);
#2637=EDGE_CURVE('',#2098,#2096,#1747,.T.);
#2638=EDGE_CURVE('',#2097,#2098,#851,.T.);
#2639=EDGE_CURVE('',#2097,#2099,#1748,.T.);
#2640=EDGE_CURVE('',#2100,#2098,#1749,.T.);
#2641=EDGE_CURVE('',#2099,#2100,#852,.T.);
#2642=EDGE_CURVE('',#2099,#2101,#1750,.T.);
#2643=EDGE_CURVE('',#2102,#2100,#1751,.T.);
#2644=EDGE_CURVE('',#2101,#2102,#853,.T.);
#2645=EDGE_CURVE('',#2045,#2102,#854,.T.);
#2646=EDGE_CURVE('',#2087,#2084,#855,.T.);
#2647=EDGE_CURVE('',#2081,#2078,#856,.T.);
#2648=EDGE_CURVE('',#2075,#2072,#857,.T.);
#2649=EDGE_CURVE('',#2057,#2054,#858,.T.);
#2650=EDGE_CURVE('',#2051,#2048,#859,.T.);
#2651=EDGE_CURVE('',#2074,#2103,#860,.T.);
#2652=EDGE_CURVE('',#2104,#2103,#1752,.T.);
#2653=EDGE_CURVE('',#2073,#2104,#861,.T.);
#2654=EDGE_CURVE('',#2077,#2105,#862,.T.);
#2655=EDGE_CURVE('',#2103,#2105,#1753,.T.);
#2656=EDGE_CURVE('',#2079,#2106,#863,.T.);
#2657=EDGE_CURVE('',#2105,#2106,#864,.T.);
#2658=EDGE_CURVE('',#2080,#2107,#865,.T.);
#2659=EDGE_CURVE('',#2106,#2107,#1754,.T.);
#2660=EDGE_CURVE('',#2083,#2108,#866,.T.);
#2661=EDGE_CURVE('',#2107,#2108,#1755,.T.);
#2662=EDGE_CURVE('',#2085,#2109,#867,.T.);
#2663=EDGE_CURVE('',#2108,#2109,#868,.T.);
#2664=EDGE_CURVE('',#2086,#2110,#869,.T.);
#2665=EDGE_CURVE('',#2109,#2110,#1756,.T.);
#2666=EDGE_CURVE('',#2089,#2111,#870,.T.);
#2667=EDGE_CURVE('',#2110,#2111,#1757,.T.);
#2668=EDGE_CURVE('',#2091,#2112,#871,.T.);
#2669=EDGE_CURVE('',#2111,#2112,#1758,.T.);
#2670=EDGE_CURVE('',#2093,#2113,#872,.T.);
#2671=EDGE_CURVE('',#2112,#2113,#1759,.T.);
#2672=EDGE_CURVE('',#2095,#2114,#873,.T.);
#2673=EDGE_CURVE('',#2113,#2114,#1760,.T.);
#2674=EDGE_CURVE('',#2097,#2115,#874,.T.);
#2675=EDGE_CURVE('',#2114,#2115,#1761,.T.);
#2676=EDGE_CURVE('',#2099,#2116,#875,.T.);
#2677=EDGE_CURVE('',#2115,#2116,#1762,.T.);
#2678=EDGE_CURVE('',#2101,#2117,#876,.T.);
#2679=EDGE_CURVE('',#2116,#2117,#1763,.T.);
#2680=EDGE_CURVE('',#2043,#2118,#877,.T.);
#2681=EDGE_CURVE('',#2117,#2118,#878,.T.);
#2682=EDGE_CURVE('',#2119,#2104,#879,.T.);
#2683=EDGE_CURVE('',#2071,#2119,#880,.T.);
#2684=EDGE_CURVE('',#2120,#2119,#1764,.T.);
#2685=EDGE_CURVE('',#2069,#2120,#881,.T.);
#2686=EDGE_CURVE('',#2121,#2120,#1765,.T.);
#2687=EDGE_CURVE('',#2067,#2121,#882,.T.);
#2688=EDGE_CURVE('',#2122,#2121,#1766,.T.);
#2689=EDGE_CURVE('',#2065,#2122,#883,.T.);
#2690=EDGE_CURVE('',#2123,#2122,#1767,.T.);
#2691=EDGE_CURVE('',#2063,#2123,#884,.T.);
#2692=EDGE_CURVE('',#2124,#2123,#1768,.T.);
#2693=EDGE_CURVE('',#2061,#2124,#885,.T.);
#2694=EDGE_CURVE('',#2125,#2124,#1769,.T.);
#2695=EDGE_CURVE('',#2059,#2125,#886,.T.);
#2696=EDGE_CURVE('',#2126,#2125,#1770,.T.);
#2697=EDGE_CURVE('',#2056,#2126,#887,.T.);
#2698=EDGE_CURVE('',#2127,#2126,#1771,.T.);
#2699=EDGE_CURVE('',#2055,#2127,#888,.T.);
#2700=EDGE_CURVE('',#2128,#2127,#889,.T.);
#2701=EDGE_CURVE('',#2053,#2128,#890,.T.);
#2702=EDGE_CURVE('',#2129,#2128,#1772,.T.);
#2703=EDGE_CURVE('',#2050,#2129,#891,.T.);
#2704=EDGE_CURVE('',#2130,#2129,#1773,.T.);
#2705=EDGE_CURVE('',#2049,#2130,#892,.T.);
#2706=EDGE_CURVE('',#2131,#2130,#893,.T.);
#2707=EDGE_CURVE('',#2047,#2131,#894,.T.);
#2708=EDGE_CURVE('',#2132,#2131,#1774,.T.);
#2709=EDGE_CURVE('',#2044,#2132,#895,.T.);
#2710=EDGE_CURVE('',#2118,#2132,#1775,.T.);
#2711=EDGE_CURVE('',#2133,#2134,#1776,.T.);
#2712=EDGE_CURVE('',#2133,#2135,#896,.T.);
#2713=EDGE_CURVE('',#2136,#2135,#1777,.T.);
#2714=EDGE_CURVE('',#2134,#2136,#897,.T.);
#2715=EDGE_CURVE('',#2134,#2137,#1778,.T.);
#2716=EDGE_CURVE('',#2138,#2136,#1779,.T.);
#2717=EDGE_CURVE('',#2137,#2138,#898,.T.);
#2718=EDGE_CURVE('',#2137,#2139,#1780,.T.);
#2719=EDGE_CURVE('',#2140,#2138,#1781,.T.);
#2720=EDGE_CURVE('',#2139,#2140,#899,.T.);
#2721=EDGE_CURVE('',#2139,#2141,#1782,.T.);
#2722=EDGE_CURVE('',#2142,#2140,#1783,.T.);
#2723=EDGE_CURVE('',#2141,#2142,#900,.T.);
#2724=EDGE_CURVE('',#2143,#2144,#1784,.T.);
#2725=EDGE_CURVE('',#2143,#2145,#901,.T.);
#2726=EDGE_CURVE('',#2146,#2145,#1785,.T.);
#2727=EDGE_CURVE('',#2144,#2146,#902,.T.);
#2728=EDGE_CURVE('',#2144,#2147,#1786,.T.);
#2729=EDGE_CURVE('',#2148,#2146,#1787,.T.);
#2730=EDGE_CURVE('',#2147,#2148,#903,.T.);
#2731=EDGE_CURVE('',#2149,#2150,#1788,.T.);
#2732=EDGE_CURVE('',#2149,#2151,#904,.T.);
#2733=EDGE_CURVE('',#2152,#2151,#1789,.T.);
#2734=EDGE_CURVE('',#2150,#2152,#905,.T.);
#2735=EDGE_CURVE('',#2150,#2153,#1790,.T.);
#2736=EDGE_CURVE('',#2154,#2152,#1791,.T.);
#2737=EDGE_CURVE('',#2153,#2154,#906,.T.);
#2738=EDGE_CURVE('',#2153,#2155,#1792,.T.);
#2739=EDGE_CURVE('',#2156,#2154,#1793,.T.);
#2740=EDGE_CURVE('',#2155,#2156,#907,.T.);
#2741=EDGE_CURVE('',#2155,#2157,#1794,.T.);
#2742=EDGE_CURVE('',#2158,#2156,#1795,.T.);
#2743=EDGE_CURVE('',#2157,#2158,#908,.T.);
#2744=EDGE_CURVE('',#2159,#2160,#1796,.T.);
#2745=EDGE_CURVE('',#2159,#2161,#909,.T.);
#2746=EDGE_CURVE('',#2162,#2161,#1797,.T.);
#2747=EDGE_CURVE('',#2160,#2162,#910,.T.);
#2748=EDGE_CURVE('',#2160,#2163,#1798,.T.);
#2749=EDGE_CURVE('',#2164,#2162,#1799,.T.);
#2750=EDGE_CURVE('',#2163,#2164,#911,.T.);
#2751=EDGE_CURVE('',#2163,#2165,#1800,.T.);
#2752=EDGE_CURVE('',#2166,#2164,#1801,.T.);
#2753=EDGE_CURVE('',#2165,#2166,#912,.T.);
#2754=EDGE_CURVE('',#2165,#2167,#1802,.T.);
#2755=EDGE_CURVE('',#2168,#2166,#1803,.T.);
#2756=EDGE_CURVE('',#2167,#2168,#913,.T.);
#2757=EDGE_CURVE('',#2169,#2170,#914,.T.);
#2758=EDGE_CURVE('',#2170,#2168,#915,.T.);
#2759=EDGE_CURVE('',#2161,#2158,#916,.T.);
#2760=EDGE_CURVE('',#2151,#2171,#917,.T.);
#2761=EDGE_CURVE('',#2171,#2148,#918,.T.);
#2762=EDGE_CURVE('',#2145,#2142,#919,.T.);
#2763=EDGE_CURVE('',#2135,#2169,#920,.T.);
#2764=EDGE_CURVE('',#2150,#2172,#921,.T.);
#2765=EDGE_CURVE('',#2173,#2172,#1804,.T.);
#2766=EDGE_CURVE('',#2149,#2173,#922,.T.);
#2767=EDGE_CURVE('',#2153,#2174,#923,.T.);
#2768=EDGE_CURVE('',#2172,#2174,#1805,.T.);
#2769=EDGE_CURVE('',#2155,#2175,#924,.T.);
#2770=EDGE_CURVE('',#2174,#2175,#1806,.T.);
#2771=EDGE_CURVE('',#2157,#2176,#925,.T.);
#2772=EDGE_CURVE('',#2175,#2176,#1807,.T.);
#2773=EDGE_CURVE('',#2159,#2177,#926,.T.);
#2774=EDGE_CURVE('',#2176,#2177,#927,.T.);
#2775=EDGE_CURVE('',#2160,#2178,#928,.T.);
#2776=EDGE_CURVE('',#2177,#2178,#1808,.T.);
#2777=EDGE_CURVE('',#2163,#2179,#929,.T.);
#2778=EDGE_CURVE('',#2178,#2179,#1809,.T.);
#2779=EDGE_CURVE('',#2165,#2180,#930,.T.);
#2780=EDGE_CURVE('',#2179,#2180,#1810,.T.);
#2781=EDGE_CURVE('',#2167,#2181,#931,.T.);
#2782=EDGE_CURVE('',#2180,#2181,#1811,.T.);
#2783=EDGE_CURVE('',#2170,#2182,#932,.T.);
#2784=EDGE_CURVE('',#2181,#2182,#933,.T.);
#2785=EDGE_CURVE('',#2169,#2183,#934,.T.);
#2786=EDGE_CURVE('',#2182,#2183,#935,.T.);
#2787=EDGE_CURVE('',#2184,#2173,#936,.T.);
#2788=EDGE_CURVE('',#2171,#2184,#937,.T.);
#2789=EDGE_CURVE('',#2185,#2184,#938,.T.);
#2790=EDGE_CURVE('',#2147,#2185,#939,.T.);
#2791=EDGE_CURVE('',#2186,#2185,#1812,.T.);
#2792=EDGE_CURVE('',#2144,#2186,#940,.T.);
#2793=EDGE_CURVE('',#2187,#2186,#1813,.T.);
#2794=EDGE_CURVE('',#2143,#2187,#941,.T.);
#2795=EDGE_CURVE('',#2188,#2187,#942,.T.);
#2796=EDGE_CURVE('',#2141,#2188,#943,.T.);
#2797=EDGE_CURVE('',#2189,#2188,#1814,.T.);
#2798=EDGE_CURVE('',#2139,#2189,#944,.T.);
#2799=EDGE_CURVE('',#2190,#2189,#1815,.T.);
#2800=EDGE_CURVE('',#2137,#2190,#945,.T.);
#2801=EDGE_CURVE('',#2191,#2190,#1816,.T.);
#2802=EDGE_CURVE('',#2134,#2191,#946,.T.);
#2803=EDGE_CURVE('',#2192,#2191,#1817,.T.);
#2804=EDGE_CURVE('',#2133,#2192,#947,.T.);
#2805=EDGE_CURVE('',#2183,#2192,#948,.T.);
#2806=EDGE_CURVE('',#2193,#2194,#949,.T.);
#2807=EDGE_CURVE('',#2194,#2195,#950,.T.);
#2808=EDGE_CURVE('',#2195,#2196,#951,.T.);
#2809=EDGE_CURVE('',#2196,#2193,#952,.T.);
#2810=EDGE_CURVE('',#2194,#2197,#953,.T.);
#2811=EDGE_CURVE('',#2198,#2197,#954,.T.);
#2812=EDGE_CURVE('',#2195,#2198,#955,.T.);
#2813=EDGE_CURVE('',#2193,#2199,#956,.T.);
#2814=EDGE_CURVE('',#2197,#2199,#957,.T.);
#2815=EDGE_CURVE('',#2200,#2198,#958,.T.);
#2816=EDGE_CURVE('',#2196,#2200,#959,.T.);
#2817=EDGE_CURVE('',#2199,#2200,#960,.T.);
#2818=EDGE_CURVE('',#2201,#2202,#961,.T.);
#2819=EDGE_CURVE('',#2202,#2203,#962,.T.);
#2820=EDGE_CURVE('',#2203,#2204,#963,.T.);
#2821=EDGE_CURVE('',#2204,#2201,#964,.T.);
#2822=EDGE_CURVE('',#2202,#2205,#965,.T.);
#2823=EDGE_CURVE('',#2206,#2205,#966,.T.);
#2824=EDGE_CURVE('',#2203,#2206,#967,.T.);
#2825=EDGE_CURVE('',#2201,#2207,#968,.T.);
#2826=EDGE_CURVE('',#2205,#2207,#969,.T.);
#2827=EDGE_CURVE('',#2208,#2206,#970,.T.);
#2828=EDGE_CURVE('',#2204,#2208,#971,.T.);
#2829=EDGE_CURVE('',#2207,#2208,#972,.T.);
#2830=EDGE_CURVE('',#2209,#2210,#973,.T.);
#2831=EDGE_CURVE('',#2210,#2211,#974,.T.);
#2832=EDGE_CURVE('',#2211,#2212,#975,.T.);
#2833=EDGE_CURVE('',#2212,#2209,#976,.T.);
#2834=EDGE_CURVE('',#2210,#2213,#977,.T.);
#2835=EDGE_CURVE('',#2214,#2213,#978,.T.);
#2836=EDGE_CURVE('',#2211,#2214,#979,.T.);
#2837=EDGE_CURVE('',#2209,#2215,#980,.T.);
#2838=EDGE_CURVE('',#2213,#2215,#981,.T.);
#2839=EDGE_CURVE('',#2216,#2214,#982,.T.);
#2840=EDGE_CURVE('',#2212,#2216,#983,.T.);
#2841=EDGE_CURVE('',#2215,#2216,#984,.T.);
#2842=EDGE_CURVE('',#2217,#2218,#985,.T.);
#2843=EDGE_CURVE('',#2218,#2219,#986,.T.);
#2844=EDGE_CURVE('',#2219,#2220,#987,.T.);
#2845=EDGE_CURVE('',#2220,#2217,#988,.T.);
#2846=EDGE_CURVE('',#2218,#2221,#989,.T.);
#2847=EDGE_CURVE('',#2222,#2221,#990,.T.);
#2848=EDGE_CURVE('',#2219,#2222,#991,.T.);
#2849=EDGE_CURVE('',#2217,#2223,#992,.T.);
#2850=EDGE_CURVE('',#2221,#2223,#993,.T.);
#2851=EDGE_CURVE('',#2224,#2222,#994,.T.);
#2852=EDGE_CURVE('',#2220,#2224,#995,.T.);
#2853=EDGE_CURVE('',#2223,#2224,#996,.T.);
#2854=EDGE_CURVE('',#2225,#2226,#997,.T.);
#2855=EDGE_CURVE('',#2226,#2227,#998,.T.);
#2856=EDGE_CURVE('',#2227,#2228,#999,.T.);
#2857=EDGE_CURVE('',#2228,#2225,#1000,.T.);
#2858=EDGE_CURVE('',#2226,#2229,#1001,.T.);
#2859=EDGE_CURVE('',#2230,#2229,#1002,.T.);
#2860=EDGE_CURVE('',#2227,#2230,#1003,.T.);
#2861=EDGE_CURVE('',#2225,#2231,#1004,.T.);
#2862=EDGE_CURVE('',#2229,#2231,#1005,.T.);
#2863=EDGE_CURVE('',#2232,#2230,#1006,.T.);
#2864=EDGE_CURVE('',#2228,#2232,#1007,.T.);
#2865=EDGE_CURVE('',#2231,#2232,#1008,.T.);
#2866=EDGE_CURVE('',#2233,#2234,#1009,.T.);
#2867=EDGE_CURVE('',#2234,#2235,#1010,.T.);
#2868=EDGE_CURVE('',#2235,#2236,#1011,.T.);
#2869=EDGE_CURVE('',#2236,#2233,#1012,.T.);
#2870=EDGE_CURVE('',#2234,#2237,#1013,.T.);
#2871=EDGE_CURVE('',#2238,#2237,#1014,.T.);
#2872=EDGE_CURVE('',#2235,#2238,#1015,.T.);
#2873=EDGE_CURVE('',#2233,#2239,#1016,.T.);
#2874=EDGE_CURVE('',#2237,#2239,#1017,.T.);
#2875=EDGE_CURVE('',#2240,#2238,#1018,.T.);
#2876=EDGE_CURVE('',#2236,#2240,#1019,.T.);
#2877=EDGE_CURVE('',#2239,#2240,#1020,.T.);
#2878=EDGE_CURVE('',#2241,#2242,#1021,.T.);
#2879=EDGE_CURVE('',#2242,#2243,#1022,.T.);
#2880=EDGE_CURVE('',#2243,#2244,#1023,.T.);
#2881=EDGE_CURVE('',#2244,#2241,#1024,.T.);
#2882=EDGE_CURVE('',#2242,#2245,#1025,.T.);
#2883=EDGE_CURVE('',#2246,#2245,#1026,.T.);
#2884=EDGE_CURVE('',#2243,#2246,#1027,.T.);
#2885=EDGE_CURVE('',#2241,#2247,#1028,.T.);
#2886=EDGE_CURVE('',#2245,#2247,#1029,.T.);
#2887=EDGE_CURVE('',#2248,#2246,#1030,.T.);
#2888=EDGE_CURVE('',#2244,#2248,#1031,.T.);
#2889=EDGE_CURVE('',#2247,#2248,#1032,.T.);
#2890=EDGE_CURVE('',#2249,#2250,#1818,.T.);
#2891=EDGE_CURVE('',#2249,#2251,#1033,.T.);
#2892=EDGE_CURVE('',#2252,#2251,#1819,.T.);
#2893=EDGE_CURVE('',#2250,#2252,#1034,.T.);
#2894=EDGE_CURVE('',#2250,#2253,#1820,.T.);
#2895=EDGE_CURVE('',#2254,#2252,#1821,.T.);
#2896=EDGE_CURVE('',#2253,#2254,#1035,.T.);
#2897=EDGE_CURVE('',#2253,#2255,#1822,.T.);
#2898=EDGE_CURVE('',#2256,#2254,#1823,.T.);
#2899=EDGE_CURVE('',#2255,#2256,#1036,.T.);
#2900=EDGE_CURVE('',#2255,#2257,#1824,.T.);
#2901=EDGE_CURVE('',#2258,#2256,#1825,.T.);
#2902=EDGE_CURVE('',#2257,#2258,#1037,.T.);
#2903=EDGE_CURVE('',#2257,#2259,#1826,.T.);
#2904=EDGE_CURVE('',#2260,#2258,#1827,.T.);
#2905=EDGE_CURVE('',#2259,#2260,#1038,.T.);
#2906=EDGE_CURVE('',#2259,#2261,#1828,.T.);
#2907=EDGE_CURVE('',#2262,#2260,#1829,.T.);
#2908=EDGE_CURVE('',#2261,#2262,#1039,.T.);
#2909=EDGE_CURVE('',#2261,#2263,#1830,.T.);
#2910=EDGE_CURVE('',#2264,#2262,#1831,.T.);
#2911=EDGE_CURVE('',#2263,#2264,#1040,.T.);
#2912=EDGE_CURVE('',#2263,#2249,#1832,.T.);
#2913=EDGE_CURVE('',#2251,#2264,#1833,.T.);
#2914=EDGE_CURVE('',#2259,#2265,#1041,.T.);
#2915=EDGE_CURVE('',#2266,#2265,#1834,.T.);
#2916=EDGE_CURVE('',#2257,#2266,#1042,.T.);
#2917=EDGE_CURVE('',#2261,#2267,#1043,.T.);
#2918=EDGE_CURVE('',#2265,#2267,#1835,.T.);
#2919=EDGE_CURVE('',#2263,#2268,#1044,.T.);
#2920=EDGE_CURVE('',#2267,#2268,#1836,.T.);
#2921=EDGE_CURVE('',#2249,#2269,#1045,.T.);
#2922=EDGE_CURVE('',#2268,#2269,#1837,.T.);
#2923=EDGE_CURVE('',#2270,#2266,#1838,.T.);
#2924=EDGE_CURVE('',#2255,#2270,#1046,.T.);
#2925=EDGE_CURVE('',#2271,#2270,#1839,.T.);
#2926=EDGE_CURVE('',#2253,#2271,#1047,.T.);
#2927=EDGE_CURVE('',#2272,#2271,#1840,.T.);
#2928=EDGE_CURVE('',#2250,#2272,#1048,.T.);
#2929=EDGE_CURVE('',#2269,#2272,#1841,.T.);
#2930=EDGE_CURVE('',#2273,#2274,#1842,.T.);
#2931=EDGE_CURVE('',#2273,#2275,#1049,.T.);
#2932=EDGE_CURVE('',#2276,#2275,#1843,.T.);
#2933=EDGE_CURVE('',#2274,#2276,#1050,.T.);
#2934=EDGE_CURVE('',#2274,#2277,#1844,.T.);
#2935=EDGE_CURVE('',#2278,#2276,#1845,.T.);
#2936=EDGE_CURVE('',#2277,#2278,#1051,.T.);
#2937=EDGE_CURVE('',#2279,#2280,#1846,.T.);
#2938=EDGE_CURVE('',#2279,#2281,#1052,.T.);
#2939=EDGE_CURVE('',#2282,#2281,#1847,.T.);
#2940=EDGE_CURVE('',#2280,#2282,#1053,.T.);
#2941=EDGE_CURVE('',#2280,#2283,#1848,.T.);
#2942=EDGE_CURVE('',#2284,#2282,#1849,.T.);
#2943=EDGE_CURVE('',#2283,#2284,#1054,.T.);
#2944=EDGE_CURVE('',#2285,#2286,#1850,.T.);
#2945=EDGE_CURVE('',#2285,#2287,#1055,.T.);
#2946=EDGE_CURVE('',#2288,#2287,#1851,.T.);
#2947=EDGE_CURVE('',#2286,#2288,#1056,.T.);
#2948=EDGE_CURVE('',#2286,#2289,#1852,.T.);
#2949=EDGE_CURVE('',#2290,#2288,#1853,.T.);
#2950=EDGE_CURVE('',#2289,#2290,#1057,.T.);
#2951=EDGE_CURVE('',#2291,#2292,#1854,.T.);
#2952=EDGE_CURVE('',#2291,#2293,#1058,.T.);
#2953=EDGE_CURVE('',#2294,#2293,#1855,.T.);
#2954=EDGE_CURVE('',#2292,#2294,#1059,.T.);
#2955=EDGE_CURVE('',#2292,#2295,#1856,.T.);
#2956=EDGE_CURVE('',#2296,#2294,#1857,.T.);
#2957=EDGE_CURVE('',#2295,#2296,#1060,.T.);
#2958=EDGE_CURVE('',#2297,#2298,#1858,.T.);
#2959=EDGE_CURVE('',#2297,#2299,#1061,.T.);
#2960=EDGE_CURVE('',#2300,#2299,#1859,.T.);
#2961=EDGE_CURVE('',#2298,#2300,#1062,.T.);
#2962=EDGE_CURVE('',#2298,#2301,#1860,.T.);
#2963=EDGE_CURVE('',#2302,#2300,#1861,.T.);
#2964=EDGE_CURVE('',#2301,#2302,#1063,.T.);
#2965=EDGE_CURVE('',#2301,#2303,#1862,.T.);
#2966=EDGE_CURVE('',#2304,#2302,#1863,.T.);
#2967=EDGE_CURVE('',#2303,#2304,#1064,.T.);
#2968=EDGE_CURVE('',#2303,#2305,#1864,.T.);
#2969=EDGE_CURVE('',#2306,#2304,#1865,.T.);
#2970=EDGE_CURVE('',#2305,#2306,#1065,.T.);
#2971=EDGE_CURVE('',#2307,#2308,#1866,.T.);
#2972=EDGE_CURVE('',#2307,#2309,#1066,.T.);
#2973=EDGE_CURVE('',#2310,#2309,#1867,.T.);
#2974=EDGE_CURVE('',#2308,#2310,#1067,.T.);
#2975=EDGE_CURVE('',#2308,#2311,#1868,.T.);
#2976=EDGE_CURVE('',#2312,#2310,#1869,.T.);
#2977=EDGE_CURVE('',#2311,#2312,#1068,.T.);
#2978=EDGE_CURVE('',#2309,#2306,#1069,.T.);
#2979=EDGE_CURVE('',#2299,#2313,#1070,.T.);
#2980=EDGE_CURVE('',#2313,#2296,#1071,.T.);
#2981=EDGE_CURVE('',#2293,#2290,#1072,.T.);
#2982=EDGE_CURVE('',#2287,#2312,#1073,.T.);
#2983=EDGE_CURVE('',#2275,#2314,#1074,.T.);
#2984=EDGE_CURVE('',#2314,#2315,#1075,.T.);
#2985=EDGE_CURVE('',#2315,#2284,#1076,.T.);
#2986=EDGE_CURVE('',#2281,#2278,#1077,.T.);
#2987=EDGE_CURVE('',#2283,#2316,#1078,.T.);
#2988=EDGE_CURVE('',#2317,#2316,#1870,.T.);
#2989=EDGE_CURVE('',#2280,#2317,#1079,.T.);
#2990=EDGE_CURVE('',#2315,#2318,#1080,.T.);
#2991=EDGE_CURVE('',#2316,#2318,#1081,.T.);
#2992=EDGE_CURVE('',#2314,#2319,#1082,.T.);
#2993=EDGE_CURVE('',#2318,#2319,#1083,.T.);
#2994=EDGE_CURVE('',#2273,#2320,#1084,.T.);
#2995=EDGE_CURVE('',#2319,#2320,#1085,.T.);
#2996=EDGE_CURVE('',#2297,#2321,#1086,.T.);
#2997=EDGE_CURVE('',#2322,#2321,#1087,.T.);
#2998=EDGE_CURVE('',#2313,#2322,#1088,.T.);
#2999=EDGE_CURVE('',#2298,#2323,#1089,.T.);
#3000=EDGE_CURVE('',#2321,#2323,#1871,.T.);
#3001=EDGE_CURVE('',#2301,#2324,#1090,.T.);
#3002=EDGE_CURVE('',#2323,#2324,#1872,.T.);
#3003=EDGE_CURVE('',#2303,#2325,#1091,.T.);
#3004=EDGE_CURVE('',#2324,#2325,#1873,.T.);
#3005=EDGE_CURVE('',#2305,#2326,#1092,.T.);
#3006=EDGE_CURVE('',#2325,#2326,#1874,.T.);
#3007=EDGE_CURVE('',#2307,#2327,#1093,.T.);
#3008=EDGE_CURVE('',#2326,#2327,#1094,.T.);
#3009=EDGE_CURVE('',#2308,#2328,#1095,.T.);
#3010=EDGE_CURVE('',#2327,#2328,#1875,.T.);
#3011=EDGE_CURVE('',#2311,#2329,#1096,.T.);
#3012=EDGE_CURVE('',#2328,#2329,#1876,.T.);
#3013=EDGE_CURVE('',#2330,#2317,#1877,.T.);
#3014=EDGE_CURVE('',#2279,#2330,#1097,.T.);
#3015=EDGE_CURVE('',#2331,#2330,#1098,.T.);
#3016=EDGE_CURVE('',#2277,#2331,#1099,.T.);
#3017=EDGE_CURVE('',#2332,#2331,#1878,.T.);
#3018=EDGE_CURVE('',#2274,#2332,#1100,.T.);
#3019=EDGE_CURVE('',#2320,#2332,#1879,.T.);
#3020=EDGE_CURVE('',#2333,#2322,#1101,.T.);
#3021=EDGE_CURVE('',#2295,#2333,#1102,.T.);
#3022=EDGE_CURVE('',#2334,#2333,#1880,.T.);
#3023=EDGE_CURVE('',#2292,#2334,#1103,.T.);
#3024=EDGE_CURVE('',#2335,#2334,#1881,.T.);
#3025=EDGE_CURVE('',#2291,#2335,#1104,.T.);
#3026=EDGE_CURVE('',#2336,#2335,#1105,.T.);
#3027=EDGE_CURVE('',#2289,#2336,#1106,.T.);
#3028=EDGE_CURVE('',#2337,#2336,#1882,.T.);
#3029=EDGE_CURVE('',#2286,#2337,#1107,.T.);
#3030=EDGE_CURVE('',#2338,#2337,#1883,.T.);
#3031=EDGE_CURVE('',#2285,#2338,#1108,.T.);
#3032=EDGE_CURVE('',#2329,#2338,#1109,.T.);
#3033=EDGE_CURVE('',#2339,#2340,#1884,.T.);
#3034=EDGE_CURVE('',#2339,#2341,#1110,.T.);
#3035=EDGE_CURVE('',#2342,#2341,#1885,.T.);
#3036=EDGE_CURVE('',#2340,#2342,#1111,.T.);
#3037=EDGE_CURVE('',#2340,#2343,#1886,.T.);
#3038=EDGE_CURVE('',#2344,#2342,#1887,.T.);
#3039=EDGE_CURVE('',#2343,#2344,#1112,.T.);
#3040=EDGE_CURVE('',#2343,#2345,#1888,.T.);
#3041=EDGE_CURVE('',#2346,#2344,#1889,.T.);
#3042=EDGE_CURVE('',#2345,#2346,#1113,.T.);
#3043=EDGE_CURVE('',#2345,#2347,#1890,.T.);
#3044=EDGE_CURVE('',#2348,#2346,#1891,.T.);
#3045=EDGE_CURVE('',#2347,#2348,#1114,.T.);
#3046=EDGE_CURVE('',#2349,#2350,#1892,.T.);
#3047=EDGE_CURVE('',#2349,#2351,#1115,.T.);
#3048=EDGE_CURVE('',#2352,#2351,#1893,.T.);
#3049=EDGE_CURVE('',#2350,#2352,#1116,.T.);
#3050=EDGE_CURVE('',#2350,#2353,#1894,.T.);
#3051=EDGE_CURVE('',#2354,#2352,#1895,.T.);
#3052=EDGE_CURVE('',#2353,#2354,#1117,.T.);
#3053=EDGE_CURVE('',#2355,#2356,#1896,.T.);
#3054=EDGE_CURVE('',#2355,#2357,#1118,.T.);
#3055=EDGE_CURVE('',#2358,#2357,#1897,.T.);
#3056=EDGE_CURVE('',#2356,#2358,#1119,.T.);
#3057=EDGE_CURVE('',#2356,#2359,#1898,.T.);
#3058=EDGE_CURVE('',#2360,#2358,#1899,.T.);
#3059=EDGE_CURVE('',#2359,#2360,#1120,.T.);
#3060=EDGE_CURVE('',#2359,#2361,#1900,.T.);
#3061=EDGE_CURVE('',#2362,#2360,#1901,.T.);
#3062=EDGE_CURVE('',#2361,#2362,#1121,.T.);
#3063=EDGE_CURVE('',#2361,#2363,#1902,.T.);
#3064=EDGE_CURVE('',#2364,#2362,#1903,.T.);
#3065=EDGE_CURVE('',#2363,#2364,#1122,.T.);
#3066=EDGE_CURVE('',#2363,#2365,#1904,.T.);
#3067=EDGE_CURVE('',#2366,#2364,#1905,.T.);
#3068=EDGE_CURVE('',#2365,#2366,#1123,.T.);
#3069=EDGE_CURVE('',#2365,#2367,#1906,.T.);
#3070=EDGE_CURVE('',#2368,#2366,#1907,.T.);
#3071=EDGE_CURVE('',#2367,#2368,#1124,.T.);
#3072=EDGE_CURVE('',#2367,#2369,#1908,.T.);
#3073=EDGE_CURVE('',#2370,#2368,#1909,.T.);
#3074=EDGE_CURVE('',#2369,#2370,#1125,.T.);
#3075=EDGE_CURVE('',#2369,#2371,#1910,.T.);
#3076=EDGE_CURVE('',#2372,#2370,#1911,.T.);
#3077=EDGE_CURVE('',#2371,#2372,#1126,.T.);
#3078=EDGE_CURVE('',#2373,#2372,#1127,.T.);
#3079=EDGE_CURVE('',#2357,#2354,#1128,.T.);
#3080=EDGE_CURVE('',#2351,#2348,#1129,.T.);
#3081=EDGE_CURVE('',#2341,#2373,#1130,.T.);
#3082=EDGE_CURVE('',#2356,#2374,#1131,.T.);
#3083=EDGE_CURVE('',#2375,#2374,#1912,.T.);
#3084=EDGE_CURVE('',#2355,#2375,#1132,.T.);
#3085=EDGE_CURVE('',#2359,#2376,#1133,.T.);
#3086=EDGE_CURVE('',#2374,#2376,#1913,.T.);
#3087=EDGE_CURVE('',#2361,#2377,#1134,.T.);
#3088=EDGE_CURVE('',#2376,#2377,#1914,.T.);
#3089=EDGE_CURVE('',#2363,#2378,#1135,.T.);
#3090=EDGE_CURVE('',#2377,#2378,#1915,.T.);
#3091=EDGE_CURVE('',#2365,#2379,#1136,.T.);
#3092=EDGE_CURVE('',#2378,#2379,#1916,.T.);
#3093=EDGE_CURVE('',#2367,#2380,#1137,.T.);
#3094=EDGE_CURVE('',#2379,#2380,#1917,.T.);
#3095=EDGE_CURVE('',#2369,#2381,#1138,.T.);
#3096=EDGE_CURVE('',#2380,#2381,#1918,.T.);
#3097=EDGE_CURVE('',#2371,#2382,#1139,.T.);
#3098=EDGE_CURVE('',#2381,#2382,#1919,.T.);
#3099=EDGE_CURVE('',#2373,#2383,#1140,.T.);
#3100=EDGE_CURVE('',#2382,#2383,#1141,.T.);
#3101=EDGE_CURVE('',#2384,#2375,#1142,.T.);
#3102=EDGE_CURVE('',#2353,#2384,#1143,.T.);
#3103=EDGE_CURVE('',#2385,#2384,#1920,.T.);
#3104=EDGE_CURVE('',#2350,#2385,#1144,.T.);
#3105=EDGE_CURVE('',#2386,#2385,#1921,.T.);
#3106=EDGE_CURVE('',#2349,#2386,#1145,.T.);
#3107=EDGE_CURVE('',#2387,#2386,#1146,.T.);
#3108=EDGE_CURVE('',#2347,#2387,#1147,.T.);
#3109=EDGE_CURVE('',#2388,#2387,#1922,.T.);
#3110=EDGE_CURVE('',#2345,#2388,#1148,.T.);
#3111=EDGE_CURVE('',#2389,#2388,#1923,.T.);
#3112=EDGE_CURVE('',#2343,#2389,#1149,.T.);
#3113=EDGE_CURVE('',#2390,#2389,#1924,.T.);
#3114=EDGE_CURVE('',#2340,#2390,#1150,.T.);
#3115=EDGE_CURVE('',#2391,#2390,#1925,.T.);
#3116=EDGE_CURVE('',#2339,#2391,#1151,.T.);
#3117=EDGE_CURVE('',#2383,#2391,#1152,.T.);
#3118=EDGE_CURVE('',#2392,#2393,#1926,.T.);
#3119=EDGE_CURVE('',#2392,#2394,#1153,.T.);
#3120=EDGE_CURVE('',#2395,#2394,#1927,.T.);
#3121=EDGE_CURVE('',#2393,#2395,#1154,.T.);
#3122=EDGE_CURVE('',#2393,#2396,#1928,.T.);
#3123=EDGE_CURVE('',#2397,#2395,#1929,.T.);
#3124=EDGE_CURVE('',#2396,#2397,#1155,.T.);
#3125=EDGE_CURVE('',#2398,#2399,#1930,.T.);
#3126=EDGE_CURVE('',#2398,#2400,#1156,.T.);
#3127=EDGE_CURVE('',#2401,#2400,#1931,.T.);
#3128=EDGE_CURVE('',#2399,#2401,#1157,.T.);
#3129=EDGE_CURVE('',#2399,#2402,#1932,.T.);
#3130=EDGE_CURVE('',#2403,#2401,#1933,.T.);
#3131=EDGE_CURVE('',#2402,#2403,#1158,.T.);
#3132=EDGE_CURVE('',#2402,#2404,#1934,.T.);
#3133=EDGE_CURVE('',#2405,#2403,#1935,.T.);
#3134=EDGE_CURVE('',#2404,#2405,#1159,.T.);
#3135=EDGE_CURVE('',#2406,#2407,#1936,.T.);
#3136=EDGE_CURVE('',#2406,#2408,#1160,.T.);
#3137=EDGE_CURVE('',#2409,#2408,#1937,.T.);
#3138=EDGE_CURVE('',#2407,#2409,#1161,.T.);
#3139=EDGE_CURVE('',#2407,#2410,#1938,.T.);
#3140=EDGE_CURVE('',#2411,#2409,#1939,.T.);
#3141=EDGE_CURVE('',#2410,#2411,#1162,.T.);
#3142=EDGE_CURVE('',#2410,#2412,#1940,.T.);
#3143=EDGE_CURVE('',#2413,#2411,#1941,.T.);
#3144=EDGE_CURVE('',#2412,#2413,#1163,.T.);
#3145=EDGE_CURVE('',#2412,#2414,#1942,.T.);
#3146=EDGE_CURVE('',#2415,#2413,#1943,.T.);
#3147=EDGE_CURVE('',#2414,#2415,#1164,.T.);
#3148=EDGE_CURVE('',#2416,#2417,#1944,.T.);
#3149=EDGE_CURVE('',#2416,#2418,#1165,.T.);
#3150=EDGE_CURVE('',#2419,#2418,#1945,.T.);
#3151=EDGE_CURVE('',#2417,#2419,#1166,.T.);
#3152=EDGE_CURVE('',#2417,#2420,#1946,.T.);
#3153=EDGE_CURVE('',#2421,#2419,#1947,.T.);
#3154=EDGE_CURVE('',#2420,#2421,#1167,.T.);
#3155=EDGE_CURVE('',#2420,#2422,#1948,.T.);
#3156=EDGE_CURVE('',#2423,#2421,#1949,.T.);
#3157=EDGE_CURVE('',#2422,#2423,#1168,.T.);
#3158=EDGE_CURVE('',#2422,#2424,#1950,.T.);
#3159=EDGE_CURVE('',#2425,#2423,#1951,.T.);
#3160=EDGE_CURVE('',#2424,#2425,#1169,.T.);
#3161=EDGE_CURVE('',#2426,#2427,#1952,.T.);
#3162=EDGE_CURVE('',#2426,#2428,#1170,.T.);
#3163=EDGE_CURVE('',#2429,#2428,#1953,.T.);
#3164=EDGE_CURVE('',#2427,#2429,#1171,.T.);
#3165=EDGE_CURVE('',#2427,#2392,#1954,.T.);
#3166=EDGE_CURVE('',#2394,#2429,#1955,.T.);
#3167=EDGE_CURVE('',#2428,#2430,#1172,.T.);
#3168=EDGE_CURVE('',#2430,#2431,#1173,.T.);
#3169=EDGE_CURVE('',#2431,#2425,#1174,.T.);
#3170=EDGE_CURVE('',#2418,#2415,#1175,.T.);
#3171=EDGE_CURVE('',#2408,#2432,#1176,.T.);
#3172=EDGE_CURVE('',#2432,#2405,#1177,.T.);
#3173=EDGE_CURVE('',#2400,#2397,#1178,.T.);
#3174=EDGE_CURVE('',#2414,#2433,#1179,.T.);
#3175=EDGE_CURVE('',#2434,#2433,#1956,.T.);
#3176=EDGE_CURVE('',#2412,#2434,#1180,.T.);
#3177=EDGE_CURVE('',#2416,#2435,#1181,.T.);
#3178=EDGE_CURVE('',#2433,#2435,#1182,.T.);
#3179=EDGE_CURVE('',#2417,#2436,#1183,.T.);
#3180=EDGE_CURVE('',#2435,#2436,#1957,.T.);
#3181=EDGE_CURVE('',#2420,#2437,#1184,.T.);
#3182=EDGE_CURVE('',#2436,#2437,#1958,.T.);
#3183=EDGE_CURVE('',#2422,#2438,#1185,.T.);
#3184=EDGE_CURVE('',#2437,#2438,#1959,.T.);
#3185=EDGE_CURVE('',#2424,#2439,#1186,.T.);
#3186=EDGE_CURVE('',#2438,#2439,#1960,.T.);
#3187=EDGE_CURVE('',#2431,#2440,#1187,.T.);
#3188=EDGE_CURVE('',#2439,#2440,#1188,.T.);
#3189=EDGE_CURVE('',#2430,#2441,#1189,.T.);
#3190=EDGE_CURVE('',#2440,#2441,#1190,.T.);
#3191=EDGE_CURVE('',#2426,#2442,#1191,.T.);
#3192=EDGE_CURVE('',#2441,#2442,#1192,.T.);
#3193=EDGE_CURVE('',#2427,#2443,#1193,.T.);
#3194=EDGE_CURVE('',#2442,#2443,#1961,.T.);
#3195=EDGE_CURVE('',#2392,#2444,#1194,.T.);
#3196=EDGE_CURVE('',#2443,#2444,#1962,.T.);
#3197=EDGE_CURVE('',#2445,#2434,#1963,.T.);
#3198=EDGE_CURVE('',#2410,#2445,#1195,.T.);
#3199=EDGE_CURVE('',#2446,#2445,#1964,.T.);
#3200=EDGE_CURVE('',#2407,#2446,#1196,.T.);
#3201=EDGE_CURVE('',#2447,#2446,#1965,.T.);
#3202=EDGE_CURVE('',#2406,#2447,#1197,.T.);
#3203=EDGE_CURVE('',#2448,#2447,#1198,.T.);
#3204=EDGE_CURVE('',#2432,#2448,#1199,.T.);
#3205=EDGE_CURVE('',#2449,#2448,#1200,.T.);
#3206=EDGE_CURVE('',#2404,#2449,#1201,.T.);
#3207=EDGE_CURVE('',#2450,#2449,#1966,.T.);
#3208=EDGE_CURVE('',#2402,#2450,#1202,.T.);
#3209=EDGE_CURVE('',#2451,#2450,#1967,.T.);
#3210=EDGE_CURVE('',#2399,#2451,#1203,.T.);
#3211=EDGE_CURVE('',#2452,#2451,#1968,.T.);
#3212=EDGE_CURVE('',#2398,#2452,#1204,.T.);
#3213=EDGE_CURVE('',#2453,#2452,#1205,.T.);
#3214=EDGE_CURVE('',#2396,#2453,#1206,.T.);
#3215=EDGE_CURVE('',#2454,#2453,#1969,.T.);
#3216=EDGE_CURVE('',#2393,#2454,#1207,.T.);
#3217=EDGE_CURVE('',#2444,#2454,#1970,.T.);
#3218=ORIENTED_EDGE('',*,*,#2455,.F.);
#3219=ORIENTED_EDGE('',*,*,#2456,.T.);
#3220=ORIENTED_EDGE('',*,*,#2457,.F.);
#3221=ORIENTED_EDGE('',*,*,#2458,.F.);
#3222=ORIENTED_EDGE('',*,*,#2459,.F.);
#3223=ORIENTED_EDGE('',*,*,#2458,.T.);
#3224=ORIENTED_EDGE('',*,*,#2460,.F.);
#3225=ORIENTED_EDGE('',*,*,#2461,.F.);
#3226=ORIENTED_EDGE('',*,*,#2462,.F.);
#3227=ORIENTED_EDGE('',*,*,#2463,.T.);
#3228=ORIENTED_EDGE('',*,*,#2464,.F.);
#3229=ORIENTED_EDGE('',*,*,#2465,.F.);
#3230=ORIENTED_EDGE('',*,*,#2466,.F.);
#3231=ORIENTED_EDGE('',*,*,#2465,.T.);
#3232=ORIENTED_EDGE('',*,*,#2467,.F.);
#3233=ORIENTED_EDGE('',*,*,#2468,.F.);
#3234=ORIENTED_EDGE('',*,*,#2469,.F.);
#3235=ORIENTED_EDGE('',*,*,#2470,.T.);
#3236=ORIENTED_EDGE('',*,*,#2471,.F.);
#3237=ORIENTED_EDGE('',*,*,#2472,.F.);
#3238=ORIENTED_EDGE('',*,*,#2473,.F.);
#3239=ORIENTED_EDGE('',*,*,#2472,.T.);
#3240=ORIENTED_EDGE('',*,*,#2474,.F.);
#3241=ORIENTED_EDGE('',*,*,#2475,.F.);
#3242=ORIENTED_EDGE('',*,*,#2476,.F.);
#3243=ORIENTED_EDGE('',*,*,#2477,.T.);
#3244=ORIENTED_EDGE('',*,*,#2478,.F.);
#3245=ORIENTED_EDGE('',*,*,#2479,.F.);
#3246=ORIENTED_EDGE('',*,*,#2480,.F.);
#3247=ORIENTED_EDGE('',*,*,#2479,.T.);
#3248=ORIENTED_EDGE('',*,*,#2481,.F.);
#3249=ORIENTED_EDGE('',*,*,#2482,.F.);
#3250=ORIENTED_EDGE('',*,*,#2483,.F.);
#3251=ORIENTED_EDGE('',*,*,#2484,.T.);
#3252=ORIENTED_EDGE('',*,*,#2485,.F.);
#3253=ORIENTED_EDGE('',*,*,#2486,.F.);
#3254=ORIENTED_EDGE('',*,*,#2487,.F.);
#3255=ORIENTED_EDGE('',*,*,#2486,.T.);
#3256=ORIENTED_EDGE('',*,*,#2488,.F.);
#3257=ORIENTED_EDGE('',*,*,#2489,.F.);
#3258=ORIENTED_EDGE('',*,*,#2490,.F.);
#3259=ORIENTED_EDGE('',*,*,#2491,.T.);
#3260=ORIENTED_EDGE('',*,*,#2492,.F.);
#3261=ORIENTED_EDGE('',*,*,#2493,.F.);
#3262=ORIENTED_EDGE('',*,*,#2494,.F.);
#3263=ORIENTED_EDGE('',*,*,#2493,.T.);
#3264=ORIENTED_EDGE('',*,*,#2495,.F.);
#3265=ORIENTED_EDGE('',*,*,#2496,.F.);
#3266=ORIENTED_EDGE('',*,*,#2497,.F.);
#3267=ORIENTED_EDGE('',*,*,#2498,.T.);
#3268=ORIENTED_EDGE('',*,*,#2499,.F.);
#3269=ORIENTED_EDGE('',*,*,#2500,.F.);
#3270=ORIENTED_EDGE('',*,*,#2501,.F.);
#3271=ORIENTED_EDGE('',*,*,#2500,.T.);
#3272=ORIENTED_EDGE('',*,*,#2502,.F.);
#3273=ORIENTED_EDGE('',*,*,#2503,.F.);
#3274=ORIENTED_EDGE('',*,*,#2504,.F.);
#3275=ORIENTED_EDGE('',*,*,#2505,.T.);
#3276=ORIENTED_EDGE('',*,*,#2506,.F.);
#3277=ORIENTED_EDGE('',*,*,#2507,.F.);
#3278=ORIENTED_EDGE('',*,*,#2508,.F.);
#3279=ORIENTED_EDGE('',*,*,#2507,.T.);
#3280=ORIENTED_EDGE('',*,*,#2509,.F.);
#3281=ORIENTED_EDGE('',*,*,#2510,.F.);
#3282=ORIENTED_EDGE('',*,*,#2511,.T.);
#3283=ORIENTED_EDGE('',*,*,#2509,.T.);
#3284=ORIENTED_EDGE('',*,*,#2506,.T.);
#3285=ORIENTED_EDGE('',*,*,#2512,.T.);
#3286=ORIENTED_EDGE('',*,*,#2502,.T.);
#3287=ORIENTED_EDGE('',*,*,#2499,.T.);
#3288=ORIENTED_EDGE('',*,*,#2513,.T.);
#3289=ORIENTED_EDGE('',*,*,#2495,.T.);
#3290=ORIENTED_EDGE('',*,*,#2492,.T.);
#3291=ORIENTED_EDGE('',*,*,#2514,.T.);
#3292=ORIENTED_EDGE('',*,*,#2488,.T.);
#3293=ORIENTED_EDGE('',*,*,#2485,.T.);
#3294=ORIENTED_EDGE('',*,*,#2515,.T.);
#3295=ORIENTED_EDGE('',*,*,#2481,.T.);
#3296=ORIENTED_EDGE('',*,*,#2478,.T.);
#3297=ORIENTED_EDGE('',*,*,#2516,.T.);
#3298=ORIENTED_EDGE('',*,*,#2474,.T.);
#3299=ORIENTED_EDGE('',*,*,#2471,.T.);
#3300=ORIENTED_EDGE('',*,*,#2517,.T.);
#3301=ORIENTED_EDGE('',*,*,#2467,.T.);
#3302=ORIENTED_EDGE('',*,*,#2464,.T.);
#3303=ORIENTED_EDGE('',*,*,#2518,.T.);
#3304=ORIENTED_EDGE('',*,*,#2460,.T.);
#3305=ORIENTED_EDGE('',*,*,#2457,.T.);
#3306=ORIENTED_EDGE('',*,*,#2469,.T.);
#3307=ORIENTED_EDGE('',*,*,#2519,.T.);
#3308=ORIENTED_EDGE('',*,*,#2520,.F.);
#3309=ORIENTED_EDGE('',*,*,#2521,.F.);
#3310=ORIENTED_EDGE('',*,*,#2473,.T.);
#3311=ORIENTED_EDGE('',*,*,#2522,.T.);
#3312=ORIENTED_EDGE('',*,*,#2523,.F.);
#3313=ORIENTED_EDGE('',*,*,#2519,.F.);
#3314=ORIENTED_EDGE('',*,*,#2524,.T.);
#3315=ORIENTED_EDGE('',*,*,#2525,.F.);
#3316=ORIENTED_EDGE('',*,*,#2522,.F.);
#3317=ORIENTED_EDGE('',*,*,#2475,.T.);
#3318=ORIENTED_EDGE('',*,*,#2516,.F.);
#3319=ORIENTED_EDGE('',*,*,#2477,.F.);
#3320=ORIENTED_EDGE('',*,*,#2476,.T.);
#3321=ORIENTED_EDGE('',*,*,#2526,.T.);
#3322=ORIENTED_EDGE('',*,*,#2527,.F.);
#3323=ORIENTED_EDGE('',*,*,#2524,.F.);
#3324=ORIENTED_EDGE('',*,*,#2480,.T.);
#3325=ORIENTED_EDGE('',*,*,#2528,.T.);
#3326=ORIENTED_EDGE('',*,*,#2529,.F.);
#3327=ORIENTED_EDGE('',*,*,#2526,.F.);
#3328=ORIENTED_EDGE('',*,*,#2530,.T.);
#3329=ORIENTED_EDGE('',*,*,#2531,.F.);
#3330=ORIENTED_EDGE('',*,*,#2528,.F.);
#3331=ORIENTED_EDGE('',*,*,#2482,.T.);
#3332=ORIENTED_EDGE('',*,*,#2515,.F.);
#3333=ORIENTED_EDGE('',*,*,#2456,.F.);
#3334=ORIENTED_EDGE('',*,*,#2497,.T.);
#3335=ORIENTED_EDGE('',*,*,#2532,.T.);
#3336=ORIENTED_EDGE('',*,*,#2533,.F.);
#3337=ORIENTED_EDGE('',*,*,#2534,.F.);
#3338=ORIENTED_EDGE('',*,*,#2501,.T.);
#3339=ORIENTED_EDGE('',*,*,#2535,.T.);
#3340=ORIENTED_EDGE('',*,*,#2536,.F.);
#3341=ORIENTED_EDGE('',*,*,#2532,.F.);
#3342=ORIENTED_EDGE('',*,*,#2537,.T.);
#3343=ORIENTED_EDGE('',*,*,#2538,.F.);
#3344=ORIENTED_EDGE('',*,*,#2535,.F.);
#3345=ORIENTED_EDGE('',*,*,#2503,.T.);
#3346=ORIENTED_EDGE('',*,*,#2512,.F.);
#3347=ORIENTED_EDGE('',*,*,#2505,.F.);
#3348=ORIENTED_EDGE('',*,*,#2504,.T.);
#3349=ORIENTED_EDGE('',*,*,#2539,.T.);
#3350=ORIENTED_EDGE('',*,*,#2540,.F.);
#3351=ORIENTED_EDGE('',*,*,#2537,.F.);
#3352=ORIENTED_EDGE('',*,*,#2508,.T.);
#3353=ORIENTED_EDGE('',*,*,#2541,.T.);
#3354=ORIENTED_EDGE('',*,*,#2542,.F.);
#3355=ORIENTED_EDGE('',*,*,#2539,.F.);
#3356=ORIENTED_EDGE('',*,*,#2543,.T.);
#3357=ORIENTED_EDGE('',*,*,#2544,.F.);
#3358=ORIENTED_EDGE('',*,*,#2541,.F.);
#3359=ORIENTED_EDGE('',*,*,#2510,.T.);
#3360=ORIENTED_EDGE('',*,*,#2511,.F.);
#3361=ORIENTED_EDGE('',*,*,#2484,.F.);
#3362=ORIENTED_EDGE('',*,*,#2521,.T.);
#3363=ORIENTED_EDGE('',*,*,#2545,.F.);
#3364=ORIENTED_EDGE('',*,*,#2546,.F.);
#3365=ORIENTED_EDGE('',*,*,#2468,.T.);
#3366=ORIENTED_EDGE('',*,*,#2517,.F.);
#3367=ORIENTED_EDGE('',*,*,#2470,.F.);
#3368=ORIENTED_EDGE('',*,*,#2466,.T.);
#3369=ORIENTED_EDGE('',*,*,#2546,.T.);
#3370=ORIENTED_EDGE('',*,*,#2547,.F.);
#3371=ORIENTED_EDGE('',*,*,#2548,.F.);
#3372=ORIENTED_EDGE('',*,*,#2462,.T.);
#3373=ORIENTED_EDGE('',*,*,#2548,.T.);
#3374=ORIENTED_EDGE('',*,*,#2549,.F.);
#3375=ORIENTED_EDGE('',*,*,#2550,.F.);
#3376=ORIENTED_EDGE('',*,*,#2550,.T.);
#3377=ORIENTED_EDGE('',*,*,#2551,.F.);
#3378=ORIENTED_EDGE('',*,*,#2552,.F.);
#3379=ORIENTED_EDGE('',*,*,#2461,.T.);
#3380=ORIENTED_EDGE('',*,*,#2518,.F.);
#3381=ORIENTED_EDGE('',*,*,#2463,.F.);
#3382=ORIENTED_EDGE('',*,*,#2459,.T.);
#3383=ORIENTED_EDGE('',*,*,#2552,.T.);
#3384=ORIENTED_EDGE('',*,*,#2553,.F.);
#3385=ORIENTED_EDGE('',*,*,#2554,.F.);
#3386=ORIENTED_EDGE('',*,*,#2455,.T.);
#3387=ORIENTED_EDGE('',*,*,#2554,.T.);
#3388=ORIENTED_EDGE('',*,*,#2555,.F.);
#3389=ORIENTED_EDGE('',*,*,#2530,.F.);
#3390=ORIENTED_EDGE('',*,*,#2534,.T.);
#3391=ORIENTED_EDGE('',*,*,#2556,.F.);
#3392=ORIENTED_EDGE('',*,*,#2557,.F.);
#3393=ORIENTED_EDGE('',*,*,#2496,.T.);
#3394=ORIENTED_EDGE('',*,*,#2513,.F.);
#3395=ORIENTED_EDGE('',*,*,#2498,.F.);
#3396=ORIENTED_EDGE('',*,*,#2494,.T.);
#3397=ORIENTED_EDGE('',*,*,#2557,.T.);
#3398=ORIENTED_EDGE('',*,*,#2558,.F.);
#3399=ORIENTED_EDGE('',*,*,#2559,.F.);
#3400=ORIENTED_EDGE('',*,*,#2490,.T.);
#3401=ORIENTED_EDGE('',*,*,#2559,.T.);
#3402=ORIENTED_EDGE('',*,*,#2560,.F.);
#3403=ORIENTED_EDGE('',*,*,#2561,.F.);
#3404=ORIENTED_EDGE('',*,*,#2561,.T.);
#3405=ORIENTED_EDGE('',*,*,#2562,.F.);
#3406=ORIENTED_EDGE('',*,*,#2563,.F.);
#3407=ORIENTED_EDGE('',*,*,#2489,.T.);
#3408=ORIENTED_EDGE('',*,*,#2514,.F.);
#3409=ORIENTED_EDGE('',*,*,#2491,.F.);
#3410=ORIENTED_EDGE('',*,*,#2487,.T.);
#3411=ORIENTED_EDGE('',*,*,#2563,.T.);
#3412=ORIENTED_EDGE('',*,*,#2564,.F.);
#3413=ORIENTED_EDGE('',*,*,#2565,.F.);
#3414=ORIENTED_EDGE('',*,*,#2483,.T.);
#3415=ORIENTED_EDGE('',*,*,#2565,.T.);
#3416=ORIENTED_EDGE('',*,*,#2566,.F.);
#3417=ORIENTED_EDGE('',*,*,#2543,.F.);
#3418=ORIENTED_EDGE('',*,*,#2544,.T.);
#3419=ORIENTED_EDGE('',*,*,#2566,.T.);
#3420=ORIENTED_EDGE('',*,*,#2564,.T.);
#3421=ORIENTED_EDGE('',*,*,#2562,.T.);
#3422=ORIENTED_EDGE('',*,*,#2560,.T.);
#3423=ORIENTED_EDGE('',*,*,#2558,.T.);
#3424=ORIENTED_EDGE('',*,*,#2556,.T.);
#3425=ORIENTED_EDGE('',*,*,#2533,.T.);
#3426=ORIENTED_EDGE('',*,*,#2536,.T.);
#3427=ORIENTED_EDGE('',*,*,#2538,.T.);
#3428=ORIENTED_EDGE('',*,*,#2540,.T.);
#3429=ORIENTED_EDGE('',*,*,#2542,.T.);
#3430=ORIENTED_EDGE('',*,*,#2531,.T.);
#3431=ORIENTED_EDGE('',*,*,#2555,.T.);
#3432=ORIENTED_EDGE('',*,*,#2553,.T.);
#3433=ORIENTED_EDGE('',*,*,#2551,.T.);
#3434=ORIENTED_EDGE('',*,*,#2549,.T.);
#3435=ORIENTED_EDGE('',*,*,#2547,.T.);
#3436=ORIENTED_EDGE('',*,*,#2545,.T.);
#3437=ORIENTED_EDGE('',*,*,#2520,.T.);
#3438=ORIENTED_EDGE('',*,*,#2523,.T.);
#3439=ORIENTED_EDGE('',*,*,#2525,.T.);
#3440=ORIENTED_EDGE('',*,*,#2527,.T.);
#3441=ORIENTED_EDGE('',*,*,#2529,.T.);
#3442=ORIENTED_EDGE('',*,*,#2567,.F.);
#3443=ORIENTED_EDGE('',*,*,#2568,.T.);
#3444=ORIENTED_EDGE('',*,*,#2569,.F.);
#3445=ORIENTED_EDGE('',*,*,#2570,.F.);
#3446=ORIENTED_EDGE('',*,*,#2571,.F.);
#3447=ORIENTED_EDGE('',*,*,#2570,.T.);
#3448=ORIENTED_EDGE('',*,*,#2572,.F.);
#3449=ORIENTED_EDGE('',*,*,#2573,.F.);
#3450=ORIENTED_EDGE('',*,*,#2574,.F.);
#3451=ORIENTED_EDGE('',*,*,#2575,.T.);
#3452=ORIENTED_EDGE('',*,*,#2576,.F.);
#3453=ORIENTED_EDGE('',*,*,#2577,.F.);
#3454=ORIENTED_EDGE('',*,*,#2578,.F.);
#3455=ORIENTED_EDGE('',*,*,#2577,.T.);
#3456=ORIENTED_EDGE('',*,*,#2579,.F.);
#3457=ORIENTED_EDGE('',*,*,#2580,.F.);
#3458=ORIENTED_EDGE('',*,*,#2581,.F.);
#3459=ORIENTED_EDGE('',*,*,#2582,.T.);
#3460=ORIENTED_EDGE('',*,*,#2583,.F.);
#3461=ORIENTED_EDGE('',*,*,#2584,.F.);
#3462=ORIENTED_EDGE('',*,*,#2585,.F.);
#3463=ORIENTED_EDGE('',*,*,#2584,.T.);
#3464=ORIENTED_EDGE('',*,*,#2586,.F.);
#3465=ORIENTED_EDGE('',*,*,#2587,.F.);
#3466=ORIENTED_EDGE('',*,*,#2588,.F.);
#3467=ORIENTED_EDGE('',*,*,#2587,.T.);
#3468=ORIENTED_EDGE('',*,*,#2589,.F.);
#3469=ORIENTED_EDGE('',*,*,#2590,.F.);
#3470=ORIENTED_EDGE('',*,*,#2591,.F.);
#3471=ORIENTED_EDGE('',*,*,#2590,.T.);
#3472=ORIENTED_EDGE('',*,*,#2592,.F.);
#3473=ORIENTED_EDGE('',*,*,#2593,.F.);
#3474=ORIENTED_EDGE('',*,*,#2594,.F.);
#3475=ORIENTED_EDGE('',*,*,#2593,.T.);
#3476=ORIENTED_EDGE('',*,*,#2595,.F.);
#3477=ORIENTED_EDGE('',*,*,#2596,.F.);
#3478=ORIENTED_EDGE('',*,*,#2597,.F.);
#3479=ORIENTED_EDGE('',*,*,#2596,.T.);
#3480=ORIENTED_EDGE('',*,*,#2598,.F.);
#3481=ORIENTED_EDGE('',*,*,#2599,.F.);
#3482=ORIENTED_EDGE('',*,*,#2600,.F.);
#3483=ORIENTED_EDGE('',*,*,#2599,.T.);
#3484=ORIENTED_EDGE('',*,*,#2601,.F.);
#3485=ORIENTED_EDGE('',*,*,#2602,.F.);
#3486=ORIENTED_EDGE('',*,*,#2603,.F.);
#3487=ORIENTED_EDGE('',*,*,#2602,.T.);
#3488=ORIENTED_EDGE('',*,*,#2604,.F.);
#3489=ORIENTED_EDGE('',*,*,#2605,.F.);
#3490=ORIENTED_EDGE('',*,*,#2606,.F.);
#3491=ORIENTED_EDGE('',*,*,#2607,.T.);
#3492=ORIENTED_EDGE('',*,*,#2608,.F.);
#3493=ORIENTED_EDGE('',*,*,#2609,.F.);
#3494=ORIENTED_EDGE('',*,*,#2610,.F.);
#3495=ORIENTED_EDGE('',*,*,#2609,.T.);
#3496=ORIENTED_EDGE('',*,*,#2611,.F.);
#3497=ORIENTED_EDGE('',*,*,#2612,.F.);
#3498=ORIENTED_EDGE('',*,*,#2613,.F.);
#3499=ORIENTED_EDGE('',*,*,#2614,.T.);
#3500=ORIENTED_EDGE('',*,*,#2615,.F.);
#3501=ORIENTED_EDGE('',*,*,#2616,.F.);
#3502=ORIENTED_EDGE('',*,*,#2617,.F.);
#3503=ORIENTED_EDGE('',*,*,#2616,.T.);
#3504=ORIENTED_EDGE('',*,*,#2618,.F.);
#3505=ORIENTED_EDGE('',*,*,#2619,.F.);
#3506=ORIENTED_EDGE('',*,*,#2620,.F.);
#3507=ORIENTED_EDGE('',*,*,#2621,.T.);
#3508=ORIENTED_EDGE('',*,*,#2622,.F.);
#3509=ORIENTED_EDGE('',*,*,#2623,.F.);
#3510=ORIENTED_EDGE('',*,*,#2624,.F.);
#3511=ORIENTED_EDGE('',*,*,#2623,.T.);
#3512=ORIENTED_EDGE('',*,*,#2625,.F.);
#3513=ORIENTED_EDGE('',*,*,#2626,.F.);
#3514=ORIENTED_EDGE('',*,*,#2627,.F.);
#3515=ORIENTED_EDGE('',*,*,#2626,.T.);
#3516=ORIENTED_EDGE('',*,*,#2628,.F.);
#3517=ORIENTED_EDGE('',*,*,#2629,.F.);
#3518=ORIENTED_EDGE('',*,*,#2630,.F.);
#3519=ORIENTED_EDGE('',*,*,#2629,.T.);
#3520=ORIENTED_EDGE('',*,*,#2631,.F.);
#3521=ORIENTED_EDGE('',*,*,#2632,.F.);
#3522=ORIENTED_EDGE('',*,*,#2633,.F.);
#3523=ORIENTED_EDGE('',*,*,#2632,.T.);
#3524=ORIENTED_EDGE('',*,*,#2634,.F.);
#3525=ORIENTED_EDGE('',*,*,#2635,.F.);
#3526=ORIENTED_EDGE('',*,*,#2636,.F.);
#3527=ORIENTED_EDGE('',*,*,#2635,.T.);
#3528=ORIENTED_EDGE('',*,*,#2637,.F.);
#3529=ORIENTED_EDGE('',*,*,#2638,.F.);
#3530=ORIENTED_EDGE('',*,*,#2639,.F.);
#3531=ORIENTED_EDGE('',*,*,#2638,.T.);
#3532=ORIENTED_EDGE('',*,*,#2640,.F.);
#3533=ORIENTED_EDGE('',*,*,#2641,.F.);
#3534=ORIENTED_EDGE('',*,*,#2642,.F.);
#3535=ORIENTED_EDGE('',*,*,#2641,.T.);
#3536=ORIENTED_EDGE('',*,*,#2643,.F.);
#3537=ORIENTED_EDGE('',*,*,#2644,.F.);
#3538=ORIENTED_EDGE('',*,*,#2645,.T.);
#3539=ORIENTED_EDGE('',*,*,#2643,.T.);
#3540=ORIENTED_EDGE('',*,*,#2640,.T.);
#3541=ORIENTED_EDGE('',*,*,#2637,.T.);
#3542=ORIENTED_EDGE('',*,*,#2634,.T.);
#3543=ORIENTED_EDGE('',*,*,#2631,.T.);
#3544=ORIENTED_EDGE('',*,*,#2628,.T.);
#3545=ORIENTED_EDGE('',*,*,#2625,.T.);
#3546=ORIENTED_EDGE('',*,*,#2622,.T.);
#3547=ORIENTED_EDGE('',*,*,#2646,.T.);
#3548=ORIENTED_EDGE('',*,*,#2618,.T.);
#3549=ORIENTED_EDGE('',*,*,#2615,.T.);
#3550=ORIENTED_EDGE('',*,*,#2647,.T.);
#3551=ORIENTED_EDGE('',*,*,#2611,.T.);
#3552=ORIENTED_EDGE('',*,*,#2608,.T.);
#3553=ORIENTED_EDGE('',*,*,#2648,.T.);
#3554=ORIENTED_EDGE('',*,*,#2604,.T.);
#3555=ORIENTED_EDGE('',*,*,#2601,.T.);
#3556=ORIENTED_EDGE('',*,*,#2598,.T.);
#3557=ORIENTED_EDGE('',*,*,#2595,.T.);
#3558=ORIENTED_EDGE('',*,*,#2592,.T.);
#3559=ORIENTED_EDGE('',*,*,#2589,.T.);
#3560=ORIENTED_EDGE('',*,*,#2586,.T.);
#3561=ORIENTED_EDGE('',*,*,#2583,.T.);
#3562=ORIENTED_EDGE('',*,*,#2649,.T.);
#3563=ORIENTED_EDGE('',*,*,#2579,.T.);
#3564=ORIENTED_EDGE('',*,*,#2576,.T.);
#3565=ORIENTED_EDGE('',*,*,#2650,.T.);
#3566=ORIENTED_EDGE('',*,*,#2572,.T.);
#3567=ORIENTED_EDGE('',*,*,#2569,.T.);
#3568=ORIENTED_EDGE('',*,*,#2606,.T.);
#3569=ORIENTED_EDGE('',*,*,#2651,.T.);
#3570=ORIENTED_EDGE('',*,*,#2652,.F.);
#3571=ORIENTED_EDGE('',*,*,#2653,.F.);
#3572=ORIENTED_EDGE('',*,*,#2610,.T.);
#3573=ORIENTED_EDGE('',*,*,#2654,.T.);
#3574=ORIENTED_EDGE('',*,*,#2655,.F.);
#3575=ORIENTED_EDGE('',*,*,#2651,.F.);
#3576=ORIENTED_EDGE('',*,*,#2656,.T.);
#3577=ORIENTED_EDGE('',*,*,#2657,.F.);
#3578=ORIENTED_EDGE('',*,*,#2654,.F.);
#3579=ORIENTED_EDGE('',*,*,#2612,.T.);
#3580=ORIENTED_EDGE('',*,*,#2647,.F.);
#3581=ORIENTED_EDGE('',*,*,#2614,.F.);
#3582=ORIENTED_EDGE('',*,*,#2613,.T.);
#3583=ORIENTED_EDGE('',*,*,#2658,.T.);
#3584=ORIENTED_EDGE('',*,*,#2659,.F.);
#3585=ORIENTED_EDGE('',*,*,#2656,.F.);
#3586=ORIENTED_EDGE('',*,*,#2617,.T.);
#3587=ORIENTED_EDGE('',*,*,#2660,.T.);
#3588=ORIENTED_EDGE('',*,*,#2661,.F.);
#3589=ORIENTED_EDGE('',*,*,#2658,.F.);
#3590=ORIENTED_EDGE('',*,*,#2662,.T.);
#3591=ORIENTED_EDGE('',*,*,#2663,.F.);
#3592=ORIENTED_EDGE('',*,*,#2660,.F.);
#3593=ORIENTED_EDGE('',*,*,#2619,.T.);
#3594=ORIENTED_EDGE('',*,*,#2646,.F.);
#3595=ORIENTED_EDGE('',*,*,#2621,.F.);
#3596=ORIENTED_EDGE('',*,*,#2620,.T.);
#3597=ORIENTED_EDGE('',*,*,#2664,.T.);
#3598=ORIENTED_EDGE('',*,*,#2665,.F.);
#3599=ORIENTED_EDGE('',*,*,#2662,.F.);
#3600=ORIENTED_EDGE('',*,*,#2624,.T.);
#3601=ORIENTED_EDGE('',*,*,#2666,.T.);
#3602=ORIENTED_EDGE('',*,*,#2667,.F.);
#3603=ORIENTED_EDGE('',*,*,#2664,.F.);
#3604=ORIENTED_EDGE('',*,*,#2627,.T.);
#3605=ORIENTED_EDGE('',*,*,#2668,.T.);
#3606=ORIENTED_EDGE('',*,*,#2669,.F.);
#3607=ORIENTED_EDGE('',*,*,#2666,.F.);
#3608=ORIENTED_EDGE('',*,*,#2630,.T.);
#3609=ORIENTED_EDGE('',*,*,#2670,.T.);
#3610=ORIENTED_EDGE('',*,*,#2671,.F.);
#3611=ORIENTED_EDGE('',*,*,#2668,.F.);
#3612=ORIENTED_EDGE('',*,*,#2633,.T.);
#3613=ORIENTED_EDGE('',*,*,#2672,.T.);
#3614=ORIENTED_EDGE('',*,*,#2673,.F.);
#3615=ORIENTED_EDGE('',*,*,#2670,.F.);
#3616=ORIENTED_EDGE('',*,*,#2636,.T.);
#3617=ORIENTED_EDGE('',*,*,#2674,.T.);
#3618=ORIENTED_EDGE('',*,*,#2675,.F.);
#3619=ORIENTED_EDGE('',*,*,#2672,.F.);
#3620=ORIENTED_EDGE('',*,*,#2639,.T.);
#3621=ORIENTED_EDGE('',*,*,#2676,.T.);
#3622=ORIENTED_EDGE('',*,*,#2677,.F.);
#3623=ORIENTED_EDGE('',*,*,#2674,.F.);
#3624=ORIENTED_EDGE('',*,*,#2642,.T.);
#3625=ORIENTED_EDGE('',*,*,#2678,.T.);
#3626=ORIENTED_EDGE('',*,*,#2679,.F.);
#3627=ORIENTED_EDGE('',*,*,#2676,.F.);
#3628=ORIENTED_EDGE('',*,*,#2680,.T.);
#3629=ORIENTED_EDGE('',*,*,#2681,.F.);
#3630=ORIENTED_EDGE('',*,*,#2678,.F.);
#3631=ORIENTED_EDGE('',*,*,#2644,.T.);
#3632=ORIENTED_EDGE('',*,*,#2645,.F.);
#3633=ORIENTED_EDGE('',*,*,#2568,.F.);
#3634=ORIENTED_EDGE('',*,*,#2653,.T.);
#3635=ORIENTED_EDGE('',*,*,#2682,.F.);
#3636=ORIENTED_EDGE('',*,*,#2683,.F.);
#3637=ORIENTED_EDGE('',*,*,#2605,.T.);
#3638=ORIENTED_EDGE('',*,*,#2648,.F.);
#3639=ORIENTED_EDGE('',*,*,#2607,.F.);
#3640=ORIENTED_EDGE('',*,*,#2603,.T.);
#3641=ORIENTED_EDGE('',*,*,#2683,.T.);
#3642=ORIENTED_EDGE('',*,*,#2684,.F.);
#3643=ORIENTED_EDGE('',*,*,#2685,.F.);
#3644=ORIENTED_EDGE('',*,*,#2600,.T.);
#3645=ORIENTED_EDGE('',*,*,#2685,.T.);
#3646=ORIENTED_EDGE('',*,*,#2686,.F.);
#3647=ORIENTED_EDGE('',*,*,#2687,.F.);
#3648=ORIENTED_EDGE('',*,*,#2597,.T.);
#3649=ORIENTED_EDGE('',*,*,#2687,.T.);
#3650=ORIENTED_EDGE('',*,*,#2688,.F.);
#3651=ORIENTED_EDGE('',*,*,#2689,.F.);
#3652=ORIENTED_EDGE('',*,*,#2594,.T.);
#3653=ORIENTED_EDGE('',*,*,#2689,.T.);
#3654=ORIENTED_EDGE('',*,*,#2690,.F.);
#3655=ORIENTED_EDGE('',*,*,#2691,.F.);
#3656=ORIENTED_EDGE('',*,*,#2591,.T.);
#3657=ORIENTED_EDGE('',*,*,#2691,.T.);
#3658=ORIENTED_EDGE('',*,*,#2692,.F.);
#3659=ORIENTED_EDGE('',*,*,#2693,.F.);
#3660=ORIENTED_EDGE('',*,*,#2588,.T.);
#3661=ORIENTED_EDGE('',*,*,#2693,.T.);
#3662=ORIENTED_EDGE('',*,*,#2694,.F.);
#3663=ORIENTED_EDGE('',*,*,#2695,.F.);
#3664=ORIENTED_EDGE('',*,*,#2585,.T.);
#3665=ORIENTED_EDGE('',*,*,#2695,.T.);
#3666=ORIENTED_EDGE('',*,*,#2696,.F.);
#3667=ORIENTED_EDGE('',*,*,#2697,.F.);
#3668=ORIENTED_EDGE('',*,*,#2581,.T.);
#3669=ORIENTED_EDGE('',*,*,#2697,.T.);
#3670=ORIENTED_EDGE('',*,*,#2698,.F.);
#3671=ORIENTED_EDGE('',*,*,#2699,.F.);
#3672=ORIENTED_EDGE('',*,*,#2699,.T.);
#3673=ORIENTED_EDGE('',*,*,#2700,.F.);
#3674=ORIENTED_EDGE('',*,*,#2701,.F.);
#3675=ORIENTED_EDGE('',*,*,#2580,.T.);
#3676=ORIENTED_EDGE('',*,*,#2649,.F.);
#3677=ORIENTED_EDGE('',*,*,#2582,.F.);
#3678=ORIENTED_EDGE('',*,*,#2578,.T.);
#3679=ORIENTED_EDGE('',*,*,#2701,.T.);
#3680=ORIENTED_EDGE('',*,*,#2702,.F.);
#3681=ORIENTED_EDGE('',*,*,#2703,.F.);
#3682=ORIENTED_EDGE('',*,*,#2574,.T.);
#3683=ORIENTED_EDGE('',*,*,#2703,.T.);
#3684=ORIENTED_EDGE('',*,*,#2704,.F.);
#3685=ORIENTED_EDGE('',*,*,#2705,.F.);
#3686=ORIENTED_EDGE('',*,*,#2705,.T.);
#3687=ORIENTED_EDGE('',*,*,#2706,.F.);
#3688=ORIENTED_EDGE('',*,*,#2707,.F.);
#3689=ORIENTED_EDGE('',*,*,#2573,.T.);
#3690=ORIENTED_EDGE('',*,*,#2650,.F.);
#3691=ORIENTED_EDGE('',*,*,#2575,.F.);
#3692=ORIENTED_EDGE('',*,*,#2571,.T.);
#3693=ORIENTED_EDGE('',*,*,#2707,.T.);
#3694=ORIENTED_EDGE('',*,*,#2708,.F.);
#3695=ORIENTED_EDGE('',*,*,#2709,.F.);
#3696=ORIENTED_EDGE('',*,*,#2567,.T.);
#3697=ORIENTED_EDGE('',*,*,#2709,.T.);
#3698=ORIENTED_EDGE('',*,*,#2710,.F.);
#3699=ORIENTED_EDGE('',*,*,#2680,.F.);
#3700=ORIENTED_EDGE('',*,*,#2681,.T.);
#3701=ORIENTED_EDGE('',*,*,#2710,.T.);
#3702=ORIENTED_EDGE('',*,*,#2708,.T.);
#3703=ORIENTED_EDGE('',*,*,#2706,.T.);
#3704=ORIENTED_EDGE('',*,*,#2704,.T.);
#3705=ORIENTED_EDGE('',*,*,#2702,.T.);
#3706=ORIENTED_EDGE('',*,*,#2700,.T.);
#3707=ORIENTED_EDGE('',*,*,#2698,.T.);
#3708=ORIENTED_EDGE('',*,*,#2696,.T.);
#3709=ORIENTED_EDGE('',*,*,#2694,.T.);
#3710=ORIENTED_EDGE('',*,*,#2692,.T.);
#3711=ORIENTED_EDGE('',*,*,#2690,.T.);
#3712=ORIENTED_EDGE('',*,*,#2688,.T.);
#3713=ORIENTED_EDGE('',*,*,#2686,.T.);
#3714=ORIENTED_EDGE('',*,*,#2684,.T.);
#3715=ORIENTED_EDGE('',*,*,#2682,.T.);
#3716=ORIENTED_EDGE('',*,*,#2652,.T.);
#3717=ORIENTED_EDGE('',*,*,#2655,.T.);
#3718=ORIENTED_EDGE('',*,*,#2657,.T.);
#3719=ORIENTED_EDGE('',*,*,#2659,.T.);
#3720=ORIENTED_EDGE('',*,*,#2661,.T.);
#3721=ORIENTED_EDGE('',*,*,#2663,.T.);
#3722=ORIENTED_EDGE('',*,*,#2665,.T.);
#3723=ORIENTED_EDGE('',*,*,#2667,.T.);
#3724=ORIENTED_EDGE('',*,*,#2669,.T.);
#3725=ORIENTED_EDGE('',*,*,#2671,.T.);
#3726=ORIENTED_EDGE('',*,*,#2673,.T.);
#3727=ORIENTED_EDGE('',*,*,#2675,.T.);
#3728=ORIENTED_EDGE('',*,*,#2677,.T.);
#3729=ORIENTED_EDGE('',*,*,#2679,.T.);
#3730=ORIENTED_EDGE('',*,*,#2711,.F.);
#3731=ORIENTED_EDGE('',*,*,#2712,.T.);
#3732=ORIENTED_EDGE('',*,*,#2713,.F.);
#3733=ORIENTED_EDGE('',*,*,#2714,.F.);
#3734=ORIENTED_EDGE('',*,*,#2715,.F.);
#3735=ORIENTED_EDGE('',*,*,#2714,.T.);
#3736=ORIENTED_EDGE('',*,*,#2716,.F.);
#3737=ORIENTED_EDGE('',*,*,#2717,.F.);
#3738=ORIENTED_EDGE('',*,*,#2718,.F.);
#3739=ORIENTED_EDGE('',*,*,#2717,.T.);
#3740=ORIENTED_EDGE('',*,*,#2719,.F.);
#3741=ORIENTED_EDGE('',*,*,#2720,.F.);
#3742=ORIENTED_EDGE('',*,*,#2721,.F.);
#3743=ORIENTED_EDGE('',*,*,#2720,.T.);
#3744=ORIENTED_EDGE('',*,*,#2722,.F.);
#3745=ORIENTED_EDGE('',*,*,#2723,.F.);
#3746=ORIENTED_EDGE('',*,*,#2724,.F.);
#3747=ORIENTED_EDGE('',*,*,#2725,.T.);
#3748=ORIENTED_EDGE('',*,*,#2726,.F.);
#3749=ORIENTED_EDGE('',*,*,#2727,.F.);
#3750=ORIENTED_EDGE('',*,*,#2728,.F.);
#3751=ORIENTED_EDGE('',*,*,#2727,.T.);
#3752=ORIENTED_EDGE('',*,*,#2729,.F.);
#3753=ORIENTED_EDGE('',*,*,#2730,.F.);
#3754=ORIENTED_EDGE('',*,*,#2731,.F.);
#3755=ORIENTED_EDGE('',*,*,#2732,.T.);
#3756=ORIENTED_EDGE('',*,*,#2733,.F.);
#3757=ORIENTED_EDGE('',*,*,#2734,.F.);
#3758=ORIENTED_EDGE('',*,*,#2735,.F.);
#3759=ORIENTED_EDGE('',*,*,#2734,.T.);
#3760=ORIENTED_EDGE('',*,*,#2736,.F.);
#3761=ORIENTED_EDGE('',*,*,#2737,.F.);
#3762=ORIENTED_EDGE('',*,*,#2738,.F.);
#3763=ORIENTED_EDGE('',*,*,#2737,.T.);
#3764=ORIENTED_EDGE('',*,*,#2739,.F.);
#3765=ORIENTED_EDGE('',*,*,#2740,.F.);
#3766=ORIENTED_EDGE('',*,*,#2741,.F.);
#3767=ORIENTED_EDGE('',*,*,#2740,.T.);
#3768=ORIENTED_EDGE('',*,*,#2742,.F.);
#3769=ORIENTED_EDGE('',*,*,#2743,.F.);
#3770=ORIENTED_EDGE('',*,*,#2744,.F.);
#3771=ORIENTED_EDGE('',*,*,#2745,.T.);
#3772=ORIENTED_EDGE('',*,*,#2746,.F.);
#3773=ORIENTED_EDGE('',*,*,#2747,.F.);
#3774=ORIENTED_EDGE('',*,*,#2748,.F.);
#3775=ORIENTED_EDGE('',*,*,#2747,.T.);
#3776=ORIENTED_EDGE('',*,*,#2749,.F.);
#3777=ORIENTED_EDGE('',*,*,#2750,.F.);
#3778=ORIENTED_EDGE('',*,*,#2751,.F.);
#3779=ORIENTED_EDGE('',*,*,#2750,.T.);
#3780=ORIENTED_EDGE('',*,*,#2752,.F.);
#3781=ORIENTED_EDGE('',*,*,#2753,.F.);
#3782=ORIENTED_EDGE('',*,*,#2754,.F.);
#3783=ORIENTED_EDGE('',*,*,#2753,.T.);
#3784=ORIENTED_EDGE('',*,*,#2755,.F.);
#3785=ORIENTED_EDGE('',*,*,#2756,.F.);
#3786=ORIENTED_EDGE('',*,*,#2757,.T.);
#3787=ORIENTED_EDGE('',*,*,#2758,.T.);
#3788=ORIENTED_EDGE('',*,*,#2755,.T.);
#3789=ORIENTED_EDGE('',*,*,#2752,.T.);
#3790=ORIENTED_EDGE('',*,*,#2749,.T.);
#3791=ORIENTED_EDGE('',*,*,#2746,.T.);
#3792=ORIENTED_EDGE('',*,*,#2759,.T.);
#3793=ORIENTED_EDGE('',*,*,#2742,.T.);
#3794=ORIENTED_EDGE('',*,*,#2739,.T.);
#3795=ORIENTED_EDGE('',*,*,#2736,.T.);
#3796=ORIENTED_EDGE('',*,*,#2733,.T.);
#3797=ORIENTED_EDGE('',*,*,#2760,.T.);
#3798=ORIENTED_EDGE('',*,*,#2761,.T.);
#3799=ORIENTED_EDGE('',*,*,#2729,.T.);
#3800=ORIENTED_EDGE('',*,*,#2726,.T.);
#3801=ORIENTED_EDGE('',*,*,#2762,.T.);
#3802=ORIENTED_EDGE('',*,*,#2722,.T.);
#3803=ORIENTED_EDGE('',*,*,#2719,.T.);
#3804=ORIENTED_EDGE('',*,*,#2716,.T.);
#3805=ORIENTED_EDGE('',*,*,#2713,.T.);
#3806=ORIENTED_EDGE('',*,*,#2763,.T.);
#3807=ORIENTED_EDGE('',*,*,#2731,.T.);
#3808=ORIENTED_EDGE('',*,*,#2764,.T.);
#3809=ORIENTED_EDGE('',*,*,#2765,.F.);
#3810=ORIENTED_EDGE('',*,*,#2766,.F.);
#3811=ORIENTED_EDGE('',*,*,#2735,.T.);
#3812=ORIENTED_EDGE('',*,*,#2767,.T.);
#3813=ORIENTED_EDGE('',*,*,#2768,.F.);
#3814=ORIENTED_EDGE('',*,*,#2764,.F.);
#3815=ORIENTED_EDGE('',*,*,#2738,.T.);
#3816=ORIENTED_EDGE('',*,*,#2769,.T.);
#3817=ORIENTED_EDGE('',*,*,#2770,.F.);
#3818=ORIENTED_EDGE('',*,*,#2767,.F.);
#3819=ORIENTED_EDGE('',*,*,#2741,.T.);
#3820=ORIENTED_EDGE('',*,*,#2771,.T.);
#3821=ORIENTED_EDGE('',*,*,#2772,.F.);
#3822=ORIENTED_EDGE('',*,*,#2769,.F.);
#3823=ORIENTED_EDGE('',*,*,#2773,.T.);
#3824=ORIENTED_EDGE('',*,*,#2774,.F.);
#3825=ORIENTED_EDGE('',*,*,#2771,.F.);
#3826=ORIENTED_EDGE('',*,*,#2743,.T.);
#3827=ORIENTED_EDGE('',*,*,#2759,.F.);
#3828=ORIENTED_EDGE('',*,*,#2745,.F.);
#3829=ORIENTED_EDGE('',*,*,#2744,.T.);
#3830=ORIENTED_EDGE('',*,*,#2775,.T.);
#3831=ORIENTED_EDGE('',*,*,#2776,.F.);
#3832=ORIENTED_EDGE('',*,*,#2773,.F.);
#3833=ORIENTED_EDGE('',*,*,#2748,.T.);
#3834=ORIENTED_EDGE('',*,*,#2777,.T.);
#3835=ORIENTED_EDGE('',*,*,#2778,.F.);
#3836=ORIENTED_EDGE('',*,*,#2775,.F.);
#3837=ORIENTED_EDGE('',*,*,#2751,.T.);
#3838=ORIENTED_EDGE('',*,*,#2779,.T.);
#3839=ORIENTED_EDGE('',*,*,#2780,.F.);
#3840=ORIENTED_EDGE('',*,*,#2777,.F.);
#3841=ORIENTED_EDGE('',*,*,#2754,.T.);
#3842=ORIENTED_EDGE('',*,*,#2781,.T.);
#3843=ORIENTED_EDGE('',*,*,#2782,.F.);
#3844=ORIENTED_EDGE('',*,*,#2779,.F.);
#3845=ORIENTED_EDGE('',*,*,#2783,.T.);
#3846=ORIENTED_EDGE('',*,*,#2784,.F.);
#3847=ORIENTED_EDGE('',*,*,#2781,.F.);
#3848=ORIENTED_EDGE('',*,*,#2756,.T.);
#3849=ORIENTED_EDGE('',*,*,#2758,.F.);
#3850=ORIENTED_EDGE('',*,*,#2785,.T.);
#3851=ORIENTED_EDGE('',*,*,#2786,.F.);
#3852=ORIENTED_EDGE('',*,*,#2783,.F.);
#3853=ORIENTED_EDGE('',*,*,#2757,.F.);
#3854=ORIENTED_EDGE('',*,*,#2766,.T.);
#3855=ORIENTED_EDGE('',*,*,#2787,.F.);
#3856=ORIENTED_EDGE('',*,*,#2788,.F.);
#3857=ORIENTED_EDGE('',*,*,#2760,.F.);
#3858=ORIENTED_EDGE('',*,*,#2732,.F.);
#3859=ORIENTED_EDGE('',*,*,#2788,.T.);
#3860=ORIENTED_EDGE('',*,*,#2789,.F.);
#3861=ORIENTED_EDGE('',*,*,#2790,.F.);
#3862=ORIENTED_EDGE('',*,*,#2730,.T.);
#3863=ORIENTED_EDGE('',*,*,#2761,.F.);
#3864=ORIENTED_EDGE('',*,*,#2728,.T.);
#3865=ORIENTED_EDGE('',*,*,#2790,.T.);
#3866=ORIENTED_EDGE('',*,*,#2791,.F.);
#3867=ORIENTED_EDGE('',*,*,#2792,.F.);
#3868=ORIENTED_EDGE('',*,*,#2724,.T.);
#3869=ORIENTED_EDGE('',*,*,#2792,.T.);
#3870=ORIENTED_EDGE('',*,*,#2793,.F.);
#3871=ORIENTED_EDGE('',*,*,#2794,.F.);
#3872=ORIENTED_EDGE('',*,*,#2794,.T.);
#3873=ORIENTED_EDGE('',*,*,#2795,.F.);
#3874=ORIENTED_EDGE('',*,*,#2796,.F.);
#3875=ORIENTED_EDGE('',*,*,#2723,.T.);
#3876=ORIENTED_EDGE('',*,*,#2762,.F.);
#3877=ORIENTED_EDGE('',*,*,#2725,.F.);
#3878=ORIENTED_EDGE('',*,*,#2721,.T.);
#3879=ORIENTED_EDGE('',*,*,#2796,.T.);
#3880=ORIENTED_EDGE('',*,*,#2797,.F.);
#3881=ORIENTED_EDGE('',*,*,#2798,.F.);
#3882=ORIENTED_EDGE('',*,*,#2718,.T.);
#3883=ORIENTED_EDGE('',*,*,#2798,.T.);
#3884=ORIENTED_EDGE('',*,*,#2799,.F.);
#3885=ORIENTED_EDGE('',*,*,#2800,.F.);
#3886=ORIENTED_EDGE('',*,*,#2715,.T.);
#3887=ORIENTED_EDGE('',*,*,#2800,.T.);
#3888=ORIENTED_EDGE('',*,*,#2801,.F.);
#3889=ORIENTED_EDGE('',*,*,#2802,.F.);
#3890=ORIENTED_EDGE('',*,*,#2711,.T.);
#3891=ORIENTED_EDGE('',*,*,#2802,.T.);
#3892=ORIENTED_EDGE('',*,*,#2803,.F.);
#3893=ORIENTED_EDGE('',*,*,#2804,.F.);
#3894=ORIENTED_EDGE('',*,*,#2804,.T.);
#3895=ORIENTED_EDGE('',*,*,#2805,.F.);
#3896=ORIENTED_EDGE('',*,*,#2785,.F.);
#3897=ORIENTED_EDGE('',*,*,#2763,.F.);
#3898=ORIENTED_EDGE('',*,*,#2712,.F.);
#3899=ORIENTED_EDGE('',*,*,#2786,.T.);
#3900=ORIENTED_EDGE('',*,*,#2805,.T.);
#3901=ORIENTED_EDGE('',*,*,#2803,.T.);
#3902=ORIENTED_EDGE('',*,*,#2801,.T.);
#3903=ORIENTED_EDGE('',*,*,#2799,.T.);
#3904=ORIENTED_EDGE('',*,*,#2797,.T.);
#3905=ORIENTED_EDGE('',*,*,#2795,.T.);
#3906=ORIENTED_EDGE('',*,*,#2793,.T.);
#3907=ORIENTED_EDGE('',*,*,#2791,.T.);
#3908=ORIENTED_EDGE('',*,*,#2789,.T.);
#3909=ORIENTED_EDGE('',*,*,#2787,.T.);
#3910=ORIENTED_EDGE('',*,*,#2765,.T.);
#3911=ORIENTED_EDGE('',*,*,#2768,.T.);
#3912=ORIENTED_EDGE('',*,*,#2770,.T.);
#3913=ORIENTED_EDGE('',*,*,#2772,.T.);
#3914=ORIENTED_EDGE('',*,*,#2774,.T.);
#3915=ORIENTED_EDGE('',*,*,#2776,.T.);
#3916=ORIENTED_EDGE('',*,*,#2778,.T.);
#3917=ORIENTED_EDGE('',*,*,#2780,.T.);
#3918=ORIENTED_EDGE('',*,*,#2782,.T.);
#3919=ORIENTED_EDGE('',*,*,#2784,.T.);
#3920=ORIENTED_EDGE('',*,*,#2806,.T.);
#3921=ORIENTED_EDGE('',*,*,#2807,.T.);
#3922=ORIENTED_EDGE('',*,*,#2808,.T.);
#3923=ORIENTED_EDGE('',*,*,#2809,.T.);
#3924=ORIENTED_EDGE('',*,*,#2810,.T.);
#3925=ORIENTED_EDGE('',*,*,#2811,.F.);
#3926=ORIENTED_EDGE('',*,*,#2812,.F.);
#3927=ORIENTED_EDGE('',*,*,#2807,.F.);
#3928=ORIENTED_EDGE('',*,*,#2813,.T.);
#3929=ORIENTED_EDGE('',*,*,#2814,.F.);
#3930=ORIENTED_EDGE('',*,*,#2810,.F.);
#3931=ORIENTED_EDGE('',*,*,#2806,.F.);
#3932=ORIENTED_EDGE('',*,*,#2812,.T.);
#3933=ORIENTED_EDGE('',*,*,#2815,.F.);
#3934=ORIENTED_EDGE('',*,*,#2816,.F.);
#3935=ORIENTED_EDGE('',*,*,#2808,.F.);
#3936=ORIENTED_EDGE('',*,*,#2816,.T.);
#3937=ORIENTED_EDGE('',*,*,#2817,.F.);
#3938=ORIENTED_EDGE('',*,*,#2813,.F.);
#3939=ORIENTED_EDGE('',*,*,#2809,.F.);
#3940=ORIENTED_EDGE('',*,*,#2814,.T.);
#3941=ORIENTED_EDGE('',*,*,#2817,.T.);
#3942=ORIENTED_EDGE('',*,*,#2815,.T.);
#3943=ORIENTED_EDGE('',*,*,#2811,.T.);
#3944=ORIENTED_EDGE('',*,*,#2818,.T.);
#3945=ORIENTED_EDGE('',*,*,#2819,.T.);
#3946=ORIENTED_EDGE('',*,*,#2820,.T.);
#3947=ORIENTED_EDGE('',*,*,#2821,.T.);
#3948=ORIENTED_EDGE('',*,*,#2822,.T.);
#3949=ORIENTED_EDGE('',*,*,#2823,.F.);
#3950=ORIENTED_EDGE('',*,*,#2824,.F.);
#3951=ORIENTED_EDGE('',*,*,#2819,.F.);
#3952=ORIENTED_EDGE('',*,*,#2825,.T.);
#3953=ORIENTED_EDGE('',*,*,#2826,.F.);
#3954=ORIENTED_EDGE('',*,*,#2822,.F.);
#3955=ORIENTED_EDGE('',*,*,#2818,.F.);
#3956=ORIENTED_EDGE('',*,*,#2824,.T.);
#3957=ORIENTED_EDGE('',*,*,#2827,.F.);
#3958=ORIENTED_EDGE('',*,*,#2828,.F.);
#3959=ORIENTED_EDGE('',*,*,#2820,.F.);
#3960=ORIENTED_EDGE('',*,*,#2828,.T.);
#3961=ORIENTED_EDGE('',*,*,#2829,.F.);
#3962=ORIENTED_EDGE('',*,*,#2825,.F.);
#3963=ORIENTED_EDGE('',*,*,#2821,.F.);
#3964=ORIENTED_EDGE('',*,*,#2826,.T.);
#3965=ORIENTED_EDGE('',*,*,#2829,.T.);
#3966=ORIENTED_EDGE('',*,*,#2827,.T.);
#3967=ORIENTED_EDGE('',*,*,#2823,.T.);
#3968=ORIENTED_EDGE('',*,*,#2830,.T.);
#3969=ORIENTED_EDGE('',*,*,#2831,.T.);
#3970=ORIENTED_EDGE('',*,*,#2832,.T.);
#3971=ORIENTED_EDGE('',*,*,#2833,.T.);
#3972=ORIENTED_EDGE('',*,*,#2834,.T.);
#3973=ORIENTED_EDGE('',*,*,#2835,.F.);
#3974=ORIENTED_EDGE('',*,*,#2836,.F.);
#3975=ORIENTED_EDGE('',*,*,#2831,.F.);
#3976=ORIENTED_EDGE('',*,*,#2837,.T.);
#3977=ORIENTED_EDGE('',*,*,#2838,.F.);
#3978=ORIENTED_EDGE('',*,*,#2834,.F.);
#3979=ORIENTED_EDGE('',*,*,#2830,.F.);
#3980=ORIENTED_EDGE('',*,*,#2836,.T.);
#3981=ORIENTED_EDGE('',*,*,#2839,.F.);
#3982=ORIENTED_EDGE('',*,*,#2840,.F.);
#3983=ORIENTED_EDGE('',*,*,#2832,.F.);
#3984=ORIENTED_EDGE('',*,*,#2840,.T.);
#3985=ORIENTED_EDGE('',*,*,#2841,.F.);
#3986=ORIENTED_EDGE('',*,*,#2837,.F.);
#3987=ORIENTED_EDGE('',*,*,#2833,.F.);
#3988=ORIENTED_EDGE('',*,*,#2838,.T.);
#3989=ORIENTED_EDGE('',*,*,#2841,.T.);
#3990=ORIENTED_EDGE('',*,*,#2839,.T.);
#3991=ORIENTED_EDGE('',*,*,#2835,.T.);
#3992=ORIENTED_EDGE('',*,*,#2842,.T.);
#3993=ORIENTED_EDGE('',*,*,#2843,.T.);
#3994=ORIENTED_EDGE('',*,*,#2844,.T.);
#3995=ORIENTED_EDGE('',*,*,#2845,.T.);
#3996=ORIENTED_EDGE('',*,*,#2846,.T.);
#3997=ORIENTED_EDGE('',*,*,#2847,.F.);
#3998=ORIENTED_EDGE('',*,*,#2848,.F.);
#3999=ORIENTED_EDGE('',*,*,#2843,.F.);
#4000=ORIENTED_EDGE('',*,*,#2849,.T.);
#4001=ORIENTED_EDGE('',*,*,#2850,.F.);
#4002=ORIENTED_EDGE('',*,*,#2846,.F.);
#4003=ORIENTED_EDGE('',*,*,#2842,.F.);
#4004=ORIENTED_EDGE('',*,*,#2848,.T.);
#4005=ORIENTED_EDGE('',*,*,#2851,.F.);
#4006=ORIENTED_EDGE('',*,*,#2852,.F.);
#4007=ORIENTED_EDGE('',*,*,#2844,.F.);
#4008=ORIENTED_EDGE('',*,*,#2852,.T.);
#4009=ORIENTED_EDGE('',*,*,#2853,.F.);
#4010=ORIENTED_EDGE('',*,*,#2849,.F.);
#4011=ORIENTED_EDGE('',*,*,#2845,.F.);
#4012=ORIENTED_EDGE('',*,*,#2850,.T.);
#4013=ORIENTED_EDGE('',*,*,#2853,.T.);
#4014=ORIENTED_EDGE('',*,*,#2851,.T.);
#4015=ORIENTED_EDGE('',*,*,#2847,.T.);
#4016=ORIENTED_EDGE('',*,*,#2854,.T.);
#4017=ORIENTED_EDGE('',*,*,#2855,.T.);
#4018=ORIENTED_EDGE('',*,*,#2856,.T.);
#4019=ORIENTED_EDGE('',*,*,#2857,.T.);
#4020=ORIENTED_EDGE('',*,*,#2858,.T.);
#4021=ORIENTED_EDGE('',*,*,#2859,.F.);
#4022=ORIENTED_EDGE('',*,*,#2860,.F.);
#4023=ORIENTED_EDGE('',*,*,#2855,.F.);
#4024=ORIENTED_EDGE('',*,*,#2861,.T.);
#4025=ORIENTED_EDGE('',*,*,#2862,.F.);
#4026=ORIENTED_EDGE('',*,*,#2858,.F.);
#4027=ORIENTED_EDGE('',*,*,#2854,.F.);
#4028=ORIENTED_EDGE('',*,*,#2860,.T.);
#4029=ORIENTED_EDGE('',*,*,#2863,.F.);
#4030=ORIENTED_EDGE('',*,*,#2864,.F.);
#4031=ORIENTED_EDGE('',*,*,#2856,.F.);
#4032=ORIENTED_EDGE('',*,*,#2864,.T.);
#4033=ORIENTED_EDGE('',*,*,#2865,.F.);
#4034=ORIENTED_EDGE('',*,*,#2861,.F.);
#4035=ORIENTED_EDGE('',*,*,#2857,.F.);
#4036=ORIENTED_EDGE('',*,*,#2862,.T.);
#4037=ORIENTED_EDGE('',*,*,#2865,.T.);
#4038=ORIENTED_EDGE('',*,*,#2863,.T.);
#4039=ORIENTED_EDGE('',*,*,#2859,.T.);
#4040=ORIENTED_EDGE('',*,*,#2866,.T.);
#4041=ORIENTED_EDGE('',*,*,#2867,.T.);
#4042=ORIENTED_EDGE('',*,*,#2868,.T.);
#4043=ORIENTED_EDGE('',*,*,#2869,.T.);
#4044=ORIENTED_EDGE('',*,*,#2870,.T.);
#4045=ORIENTED_EDGE('',*,*,#2871,.F.);
#4046=ORIENTED_EDGE('',*,*,#2872,.F.);
#4047=ORIENTED_EDGE('',*,*,#2867,.F.);
#4048=ORIENTED_EDGE('',*,*,#2873,.T.);
#4049=ORIENTED_EDGE('',*,*,#2874,.F.);
#4050=ORIENTED_EDGE('',*,*,#2870,.F.);
#4051=ORIENTED_EDGE('',*,*,#2866,.F.);
#4052=ORIENTED_EDGE('',*,*,#2872,.T.);
#4053=ORIENTED_EDGE('',*,*,#2875,.F.);
#4054=ORIENTED_EDGE('',*,*,#2876,.F.);
#4055=ORIENTED_EDGE('',*,*,#2868,.F.);
#4056=ORIENTED_EDGE('',*,*,#2876,.T.);
#4057=ORIENTED_EDGE('',*,*,#2877,.F.);
#4058=ORIENTED_EDGE('',*,*,#2873,.F.);
#4059=ORIENTED_EDGE('',*,*,#2869,.F.);
#4060=ORIENTED_EDGE('',*,*,#2874,.T.);
#4061=ORIENTED_EDGE('',*,*,#2877,.T.);
#4062=ORIENTED_EDGE('',*,*,#2875,.T.);
#4063=ORIENTED_EDGE('',*,*,#2871,.T.);
#4064=ORIENTED_EDGE('',*,*,#2878,.T.);
#4065=ORIENTED_EDGE('',*,*,#2879,.T.);
#4066=ORIENTED_EDGE('',*,*,#2880,.T.);
#4067=ORIENTED_EDGE('',*,*,#2881,.T.);
#4068=ORIENTED_EDGE('',*,*,#2882,.T.);
#4069=ORIENTED_EDGE('',*,*,#2883,.F.);
#4070=ORIENTED_EDGE('',*,*,#2884,.F.);
#4071=ORIENTED_EDGE('',*,*,#2879,.F.);
#4072=ORIENTED_EDGE('',*,*,#2885,.T.);
#4073=ORIENTED_EDGE('',*,*,#2886,.F.);
#4074=ORIENTED_EDGE('',*,*,#2882,.F.);
#4075=ORIENTED_EDGE('',*,*,#2878,.F.);
#4076=ORIENTED_EDGE('',*,*,#2884,.T.);
#4077=ORIENTED_EDGE('',*,*,#2887,.F.);
#4078=ORIENTED_EDGE('',*,*,#2888,.F.);
#4079=ORIENTED_EDGE('',*,*,#2880,.F.);
#4080=ORIENTED_EDGE('',*,*,#2888,.T.);
#4081=ORIENTED_EDGE('',*,*,#2889,.F.);
#4082=ORIENTED_EDGE('',*,*,#2885,.F.);
#4083=ORIENTED_EDGE('',*,*,#2881,.F.);
#4084=ORIENTED_EDGE('',*,*,#2886,.T.);
#4085=ORIENTED_EDGE('',*,*,#2889,.T.);
#4086=ORIENTED_EDGE('',*,*,#2887,.T.);
#4087=ORIENTED_EDGE('',*,*,#2883,.T.);
#4088=ORIENTED_EDGE('',*,*,#2890,.F.);
#4089=ORIENTED_EDGE('',*,*,#2891,.T.);
#4090=ORIENTED_EDGE('',*,*,#2892,.F.);
#4091=ORIENTED_EDGE('',*,*,#2893,.F.);
#4092=ORIENTED_EDGE('',*,*,#2894,.F.);
#4093=ORIENTED_EDGE('',*,*,#2893,.T.);
#4094=ORIENTED_EDGE('',*,*,#2895,.F.);
#4095=ORIENTED_EDGE('',*,*,#2896,.F.);
#4096=ORIENTED_EDGE('',*,*,#2897,.F.);
#4097=ORIENTED_EDGE('',*,*,#2896,.T.);
#4098=ORIENTED_EDGE('',*,*,#2898,.F.);
#4099=ORIENTED_EDGE('',*,*,#2899,.F.);
#4100=ORIENTED_EDGE('',*,*,#2900,.F.);
#4101=ORIENTED_EDGE('',*,*,#2899,.T.);
#4102=ORIENTED_EDGE('',*,*,#2901,.F.);
#4103=ORIENTED_EDGE('',*,*,#2902,.F.);
#4104=ORIENTED_EDGE('',*,*,#2903,.F.);
#4105=ORIENTED_EDGE('',*,*,#2902,.T.);
#4106=ORIENTED_EDGE('',*,*,#2904,.F.);
#4107=ORIENTED_EDGE('',*,*,#2905,.F.);
#4108=ORIENTED_EDGE('',*,*,#2906,.F.);
#4109=ORIENTED_EDGE('',*,*,#2905,.T.);
#4110=ORIENTED_EDGE('',*,*,#2907,.F.);
#4111=ORIENTED_EDGE('',*,*,#2908,.F.);
#4112=ORIENTED_EDGE('',*,*,#2909,.F.);
#4113=ORIENTED_EDGE('',*,*,#2908,.T.);
#4114=ORIENTED_EDGE('',*,*,#2910,.F.);
#4115=ORIENTED_EDGE('',*,*,#2911,.F.);
#4116=ORIENTED_EDGE('',*,*,#2912,.F.);
#4117=ORIENTED_EDGE('',*,*,#2911,.T.);
#4118=ORIENTED_EDGE('',*,*,#2913,.F.);
#4119=ORIENTED_EDGE('',*,*,#2891,.F.);
#4120=ORIENTED_EDGE('',*,*,#2913,.T.);
#4121=ORIENTED_EDGE('',*,*,#2910,.T.);
#4122=ORIENTED_EDGE('',*,*,#2907,.T.);
#4123=ORIENTED_EDGE('',*,*,#2904,.T.);
#4124=ORIENTED_EDGE('',*,*,#2901,.T.);
#4125=ORIENTED_EDGE('',*,*,#2898,.T.);
#4126=ORIENTED_EDGE('',*,*,#2895,.T.);
#4127=ORIENTED_EDGE('',*,*,#2892,.T.);
#4128=ORIENTED_EDGE('',*,*,#2903,.T.);
#4129=ORIENTED_EDGE('',*,*,#2914,.T.);
#4130=ORIENTED_EDGE('',*,*,#2915,.F.);
#4131=ORIENTED_EDGE('',*,*,#2916,.F.);
#4132=ORIENTED_EDGE('',*,*,#2906,.T.);
#4133=ORIENTED_EDGE('',*,*,#2917,.T.);
#4134=ORIENTED_EDGE('',*,*,#2918,.F.);
#4135=ORIENTED_EDGE('',*,*,#2914,.F.);
#4136=ORIENTED_EDGE('',*,*,#2909,.T.);
#4137=ORIENTED_EDGE('',*,*,#2919,.T.);
#4138=ORIENTED_EDGE('',*,*,#2920,.F.);
#4139=ORIENTED_EDGE('',*,*,#2917,.F.);
#4140=ORIENTED_EDGE('',*,*,#2912,.T.);
#4141=ORIENTED_EDGE('',*,*,#2921,.T.);
#4142=ORIENTED_EDGE('',*,*,#2922,.F.);
#4143=ORIENTED_EDGE('',*,*,#2919,.F.);
#4144=ORIENTED_EDGE('',*,*,#2900,.T.);
#4145=ORIENTED_EDGE('',*,*,#2916,.T.);
#4146=ORIENTED_EDGE('',*,*,#2923,.F.);
#4147=ORIENTED_EDGE('',*,*,#2924,.F.);
#4148=ORIENTED_EDGE('',*,*,#2897,.T.);
#4149=ORIENTED_EDGE('',*,*,#2924,.T.);
#4150=ORIENTED_EDGE('',*,*,#2925,.F.);
#4151=ORIENTED_EDGE('',*,*,#2926,.F.);
#4152=ORIENTED_EDGE('',*,*,#2894,.T.);
#4153=ORIENTED_EDGE('',*,*,#2926,.T.);
#4154=ORIENTED_EDGE('',*,*,#2927,.F.);
#4155=ORIENTED_EDGE('',*,*,#2928,.F.);
#4156=ORIENTED_EDGE('',*,*,#2890,.T.);
#4157=ORIENTED_EDGE('',*,*,#2928,.T.);
#4158=ORIENTED_EDGE('',*,*,#2929,.F.);
#4159=ORIENTED_EDGE('',*,*,#2921,.F.);
#4160=ORIENTED_EDGE('',*,*,#2922,.T.);
#4161=ORIENTED_EDGE('',*,*,#2929,.T.);
#4162=ORIENTED_EDGE('',*,*,#2927,.T.);
#4163=ORIENTED_EDGE('',*,*,#2925,.T.);
#4164=ORIENTED_EDGE('',*,*,#2923,.T.);
#4165=ORIENTED_EDGE('',*,*,#2915,.T.);
#4166=ORIENTED_EDGE('',*,*,#2918,.T.);
#4167=ORIENTED_EDGE('',*,*,#2920,.T.);
#4168=ORIENTED_EDGE('',*,*,#2930,.F.);
#4169=ORIENTED_EDGE('',*,*,#2931,.T.);
#4170=ORIENTED_EDGE('',*,*,#2932,.F.);
#4171=ORIENTED_EDGE('',*,*,#2933,.F.);
#4172=ORIENTED_EDGE('',*,*,#2934,.F.);
#4173=ORIENTED_EDGE('',*,*,#2933,.T.);
#4174=ORIENTED_EDGE('',*,*,#2935,.F.);
#4175=ORIENTED_EDGE('',*,*,#2936,.F.);
#4176=ORIENTED_EDGE('',*,*,#2937,.F.);
#4177=ORIENTED_EDGE('',*,*,#2938,.T.);
#4178=ORIENTED_EDGE('',*,*,#2939,.F.);
#4179=ORIENTED_EDGE('',*,*,#2940,.F.);
#4180=ORIENTED_EDGE('',*,*,#2941,.F.);
#4181=ORIENTED_EDGE('',*,*,#2940,.T.);
#4182=ORIENTED_EDGE('',*,*,#2942,.F.);
#4183=ORIENTED_EDGE('',*,*,#2943,.F.);
#4184=ORIENTED_EDGE('',*,*,#2944,.F.);
#4185=ORIENTED_EDGE('',*,*,#2945,.T.);
#4186=ORIENTED_EDGE('',*,*,#2946,.F.);
#4187=ORIENTED_EDGE('',*,*,#2947,.F.);
#4188=ORIENTED_EDGE('',*,*,#2948,.F.);
#4189=ORIENTED_EDGE('',*,*,#2947,.T.);
#4190=ORIENTED_EDGE('',*,*,#2949,.F.);
#4191=ORIENTED_EDGE('',*,*,#2950,.F.);
#4192=ORIENTED_EDGE('',*,*,#2951,.F.);
#4193=ORIENTED_EDGE('',*,*,#2952,.T.);
#4194=ORIENTED_EDGE('',*,*,#2953,.F.);
#4195=ORIENTED_EDGE('',*,*,#2954,.F.);
#4196=ORIENTED_EDGE('',*,*,#2955,.F.);
#4197=ORIENTED_EDGE('',*,*,#2954,.T.);
#4198=ORIENTED_EDGE('',*,*,#2956,.F.);
#4199=ORIENTED_EDGE('',*,*,#2957,.F.);
#4200=ORIENTED_EDGE('',*,*,#2958,.F.);
#4201=ORIENTED_EDGE('',*,*,#2959,.T.);
#4202=ORIENTED_EDGE('',*,*,#2960,.F.);
#4203=ORIENTED_EDGE('',*,*,#2961,.F.);
#4204=ORIENTED_EDGE('',*,*,#2962,.F.);
#4205=ORIENTED_EDGE('',*,*,#2961,.T.);
#4206=ORIENTED_EDGE('',*,*,#2963,.F.);
#4207=ORIENTED_EDGE('',*,*,#2964,.F.);
#4208=ORIENTED_EDGE('',*,*,#2965,.F.);
#4209=ORIENTED_EDGE('',*,*,#2964,.T.);
#4210=ORIENTED_EDGE('',*,*,#2966,.F.);
#4211=ORIENTED_EDGE('',*,*,#2967,.F.);
#4212=ORIENTED_EDGE('',*,*,#2968,.F.);
#4213=ORIENTED_EDGE('',*,*,#2967,.T.);
#4214=ORIENTED_EDGE('',*,*,#2969,.F.);
#4215=ORIENTED_EDGE('',*,*,#2970,.F.);
#4216=ORIENTED_EDGE('',*,*,#2971,.F.);
#4217=ORIENTED_EDGE('',*,*,#2972,.T.);
#4218=ORIENTED_EDGE('',*,*,#2973,.F.);
#4219=ORIENTED_EDGE('',*,*,#2974,.F.);
#4220=ORIENTED_EDGE('',*,*,#2975,.F.);
#4221=ORIENTED_EDGE('',*,*,#2974,.T.);
#4222=ORIENTED_EDGE('',*,*,#2976,.F.);
#4223=ORIENTED_EDGE('',*,*,#2977,.F.);
#4224=ORIENTED_EDGE('',*,*,#2976,.T.);
#4225=ORIENTED_EDGE('',*,*,#2973,.T.);
#4226=ORIENTED_EDGE('',*,*,#2978,.T.);
#4227=ORIENTED_EDGE('',*,*,#2969,.T.);
#4228=ORIENTED_EDGE('',*,*,#2966,.T.);
#4229=ORIENTED_EDGE('',*,*,#2963,.T.);
#4230=ORIENTED_EDGE('',*,*,#2960,.T.);
#4231=ORIENTED_EDGE('',*,*,#2979,.T.);
#4232=ORIENTED_EDGE('',*,*,#2980,.T.);
#4233=ORIENTED_EDGE('',*,*,#2956,.T.);
#4234=ORIENTED_EDGE('',*,*,#2953,.T.);
#4235=ORIENTED_EDGE('',*,*,#2981,.T.);
#4236=ORIENTED_EDGE('',*,*,#2949,.T.);
#4237=ORIENTED_EDGE('',*,*,#2946,.T.);
#4238=ORIENTED_EDGE('',*,*,#2982,.T.);
#4239=ORIENTED_EDGE('',*,*,#2983,.T.);
#4240=ORIENTED_EDGE('',*,*,#2984,.T.);
#4241=ORIENTED_EDGE('',*,*,#2985,.T.);
#4242=ORIENTED_EDGE('',*,*,#2942,.T.);
#4243=ORIENTED_EDGE('',*,*,#2939,.T.);
#4244=ORIENTED_EDGE('',*,*,#2986,.T.);
#4245=ORIENTED_EDGE('',*,*,#2935,.T.);
#4246=ORIENTED_EDGE('',*,*,#2932,.T.);
#4247=ORIENTED_EDGE('',*,*,#2941,.T.);
#4248=ORIENTED_EDGE('',*,*,#2987,.T.);
#4249=ORIENTED_EDGE('',*,*,#2988,.F.);
#4250=ORIENTED_EDGE('',*,*,#2989,.F.);
#4251=ORIENTED_EDGE('',*,*,#2990,.T.);
#4252=ORIENTED_EDGE('',*,*,#2991,.F.);
#4253=ORIENTED_EDGE('',*,*,#2987,.F.);
#4254=ORIENTED_EDGE('',*,*,#2943,.T.);
#4255=ORIENTED_EDGE('',*,*,#2985,.F.);
#4256=ORIENTED_EDGE('',*,*,#2992,.T.);
#4257=ORIENTED_EDGE('',*,*,#2993,.F.);
#4258=ORIENTED_EDGE('',*,*,#2990,.F.);
#4259=ORIENTED_EDGE('',*,*,#2984,.F.);
#4260=ORIENTED_EDGE('',*,*,#2994,.T.);
#4261=ORIENTED_EDGE('',*,*,#2995,.F.);
#4262=ORIENTED_EDGE('',*,*,#2992,.F.);
#4263=ORIENTED_EDGE('',*,*,#2983,.F.);
#4264=ORIENTED_EDGE('',*,*,#2931,.F.);
#4265=ORIENTED_EDGE('',*,*,#2996,.T.);
#4266=ORIENTED_EDGE('',*,*,#2997,.F.);
#4267=ORIENTED_EDGE('',*,*,#2998,.F.);
#4268=ORIENTED_EDGE('',*,*,#2979,.F.);
#4269=ORIENTED_EDGE('',*,*,#2959,.F.);
#4270=ORIENTED_EDGE('',*,*,#2958,.T.);
#4271=ORIENTED_EDGE('',*,*,#2999,.T.);
#4272=ORIENTED_EDGE('',*,*,#3000,.F.);
#4273=ORIENTED_EDGE('',*,*,#2996,.F.);
#4274=ORIENTED_EDGE('',*,*,#2962,.T.);
#4275=ORIENTED_EDGE('',*,*,#3001,.T.);
#4276=ORIENTED_EDGE('',*,*,#3002,.F.);
#4277=ORIENTED_EDGE('',*,*,#2999,.F.);
#4278=ORIENTED_EDGE('',*,*,#2965,.T.);
#4279=ORIENTED_EDGE('',*,*,#3003,.T.);
#4280=ORIENTED_EDGE('',*,*,#3004,.F.);
#4281=ORIENTED_EDGE('',*,*,#3001,.F.);
#4282=ORIENTED_EDGE('',*,*,#2968,.T.);
#4283=ORIENTED_EDGE('',*,*,#3005,.T.);
#4284=ORIENTED_EDGE('',*,*,#3006,.F.);
#4285=ORIENTED_EDGE('',*,*,#3003,.F.);
#4286=ORIENTED_EDGE('',*,*,#3007,.T.);
#4287=ORIENTED_EDGE('',*,*,#3008,.F.);
#4288=ORIENTED_EDGE('',*,*,#3005,.F.);
#4289=ORIENTED_EDGE('',*,*,#2970,.T.);
#4290=ORIENTED_EDGE('',*,*,#2978,.F.);
#4291=ORIENTED_EDGE('',*,*,#2972,.F.);
#4292=ORIENTED_EDGE('',*,*,#2971,.T.);
#4293=ORIENTED_EDGE('',*,*,#3009,.T.);
#4294=ORIENTED_EDGE('',*,*,#3010,.F.);
#4295=ORIENTED_EDGE('',*,*,#3007,.F.);
#4296=ORIENTED_EDGE('',*,*,#2975,.T.);
#4297=ORIENTED_EDGE('',*,*,#3011,.T.);
#4298=ORIENTED_EDGE('',*,*,#3012,.F.);
#4299=ORIENTED_EDGE('',*,*,#3009,.F.);
#4300=ORIENTED_EDGE('',*,*,#2937,.T.);
#4301=ORIENTED_EDGE('',*,*,#2989,.T.);
#4302=ORIENTED_EDGE('',*,*,#3013,.F.);
#4303=ORIENTED_EDGE('',*,*,#3014,.F.);
#4304=ORIENTED_EDGE('',*,*,#3014,.T.);
#4305=ORIENTED_EDGE('',*,*,#3015,.F.);
#4306=ORIENTED_EDGE('',*,*,#3016,.F.);
#4307=ORIENTED_EDGE('',*,*,#2936,.T.);
#4308=ORIENTED_EDGE('',*,*,#2986,.F.);
#4309=ORIENTED_EDGE('',*,*,#2938,.F.);
#4310=ORIENTED_EDGE('',*,*,#2934,.T.);
#4311=ORIENTED_EDGE('',*,*,#3016,.T.);
#4312=ORIENTED_EDGE('',*,*,#3017,.F.);
#4313=ORIENTED_EDGE('',*,*,#3018,.F.);
#4314=ORIENTED_EDGE('',*,*,#2930,.T.);
#4315=ORIENTED_EDGE('',*,*,#3018,.T.);
#4316=ORIENTED_EDGE('',*,*,#3019,.F.);
#4317=ORIENTED_EDGE('',*,*,#2994,.F.);
#4318=ORIENTED_EDGE('',*,*,#2998,.T.);
#4319=ORIENTED_EDGE('',*,*,#3020,.F.);
#4320=ORIENTED_EDGE('',*,*,#3021,.F.);
#4321=ORIENTED_EDGE('',*,*,#2957,.T.);
#4322=ORIENTED_EDGE('',*,*,#2980,.F.);
#4323=ORIENTED_EDGE('',*,*,#2955,.T.);
#4324=ORIENTED_EDGE('',*,*,#3021,.T.);
#4325=ORIENTED_EDGE('',*,*,#3022,.F.);
#4326=ORIENTED_EDGE('',*,*,#3023,.F.);
#4327=ORIENTED_EDGE('',*,*,#2951,.T.);
#4328=ORIENTED_EDGE('',*,*,#3023,.T.);
#4329=ORIENTED_EDGE('',*,*,#3024,.F.);
#4330=ORIENTED_EDGE('',*,*,#3025,.F.);
#4331=ORIENTED_EDGE('',*,*,#3025,.T.);
#4332=ORIENTED_EDGE('',*,*,#3026,.F.);
#4333=ORIENTED_EDGE('',*,*,#3027,.F.);
#4334=ORIENTED_EDGE('',*,*,#2950,.T.);
#4335=ORIENTED_EDGE('',*,*,#2981,.F.);
#4336=ORIENTED_EDGE('',*,*,#2952,.F.);
#4337=ORIENTED_EDGE('',*,*,#2948,.T.);
#4338=ORIENTED_EDGE('',*,*,#3027,.T.);
#4339=ORIENTED_EDGE('',*,*,#3028,.F.);
#4340=ORIENTED_EDGE('',*,*,#3029,.F.);
#4341=ORIENTED_EDGE('',*,*,#2944,.T.);
#4342=ORIENTED_EDGE('',*,*,#3029,.T.);
#4343=ORIENTED_EDGE('',*,*,#3030,.F.);
#4344=ORIENTED_EDGE('',*,*,#3031,.F.);
#4345=ORIENTED_EDGE('',*,*,#3031,.T.);
#4346=ORIENTED_EDGE('',*,*,#3032,.F.);
#4347=ORIENTED_EDGE('',*,*,#3011,.F.);
#4348=ORIENTED_EDGE('',*,*,#2977,.T.);
#4349=ORIENTED_EDGE('',*,*,#2982,.F.);
#4350=ORIENTED_EDGE('',*,*,#2945,.F.);
#4351=ORIENTED_EDGE('',*,*,#3012,.T.);
#4352=ORIENTED_EDGE('',*,*,#3032,.T.);
#4353=ORIENTED_EDGE('',*,*,#3030,.T.);
#4354=ORIENTED_EDGE('',*,*,#3028,.T.);
#4355=ORIENTED_EDGE('',*,*,#3026,.T.);
#4356=ORIENTED_EDGE('',*,*,#3024,.T.);
#4357=ORIENTED_EDGE('',*,*,#3022,.T.);
#4358=ORIENTED_EDGE('',*,*,#3020,.T.);
#4359=ORIENTED_EDGE('',*,*,#2997,.T.);
#4360=ORIENTED_EDGE('',*,*,#3000,.T.);
#4361=ORIENTED_EDGE('',*,*,#3002,.T.);
#4362=ORIENTED_EDGE('',*,*,#3004,.T.);
#4363=ORIENTED_EDGE('',*,*,#3006,.T.);
#4364=ORIENTED_EDGE('',*,*,#3008,.T.);
#4365=ORIENTED_EDGE('',*,*,#3010,.T.);
#4366=ORIENTED_EDGE('',*,*,#2995,.T.);
#4367=ORIENTED_EDGE('',*,*,#3019,.T.);
#4368=ORIENTED_EDGE('',*,*,#3017,.T.);
#4369=ORIENTED_EDGE('',*,*,#3015,.T.);
#4370=ORIENTED_EDGE('',*,*,#3013,.T.);
#4371=ORIENTED_EDGE('',*,*,#2988,.T.);
#4372=ORIENTED_EDGE('',*,*,#2991,.T.);
#4373=ORIENTED_EDGE('',*,*,#2993,.T.);
#4374=ORIENTED_EDGE('',*,*,#3033,.F.);
#4375=ORIENTED_EDGE('',*,*,#3034,.T.);
#4376=ORIENTED_EDGE('',*,*,#3035,.F.);
#4377=ORIENTED_EDGE('',*,*,#3036,.F.);
#4378=ORIENTED_EDGE('',*,*,#3037,.F.);
#4379=ORIENTED_EDGE('',*,*,#3036,.T.);
#4380=ORIENTED_EDGE('',*,*,#3038,.F.);
#4381=ORIENTED_EDGE('',*,*,#3039,.F.);
#4382=ORIENTED_EDGE('',*,*,#3040,.F.);
#4383=ORIENTED_EDGE('',*,*,#3039,.T.);
#4384=ORIENTED_EDGE('',*,*,#3041,.F.);
#4385=ORIENTED_EDGE('',*,*,#3042,.F.);
#4386=ORIENTED_EDGE('',*,*,#3043,.F.);
#4387=ORIENTED_EDGE('',*,*,#3042,.T.);
#4388=ORIENTED_EDGE('',*,*,#3044,.F.);
#4389=ORIENTED_EDGE('',*,*,#3045,.F.);
#4390=ORIENTED_EDGE('',*,*,#3046,.F.);
#4391=ORIENTED_EDGE('',*,*,#3047,.T.);
#4392=ORIENTED_EDGE('',*,*,#3048,.F.);
#4393=ORIENTED_EDGE('',*,*,#3049,.F.);
#4394=ORIENTED_EDGE('',*,*,#3050,.F.);
#4395=ORIENTED_EDGE('',*,*,#3049,.T.);
#4396=ORIENTED_EDGE('',*,*,#3051,.F.);
#4397=ORIENTED_EDGE('',*,*,#3052,.F.);
#4398=ORIENTED_EDGE('',*,*,#3053,.F.);
#4399=ORIENTED_EDGE('',*,*,#3054,.T.);
#4400=ORIENTED_EDGE('',*,*,#3055,.F.);
#4401=ORIENTED_EDGE('',*,*,#3056,.F.);
#4402=ORIENTED_EDGE('',*,*,#3057,.F.);
#4403=ORIENTED_EDGE('',*,*,#3056,.T.);
#4404=ORIENTED_EDGE('',*,*,#3058,.F.);
#4405=ORIENTED_EDGE('',*,*,#3059,.F.);
#4406=ORIENTED_EDGE('',*,*,#3060,.F.);
#4407=ORIENTED_EDGE('',*,*,#3059,.T.);
#4408=ORIENTED_EDGE('',*,*,#3061,.F.);
#4409=ORIENTED_EDGE('',*,*,#3062,.F.);
#4410=ORIENTED_EDGE('',*,*,#3063,.F.);
#4411=ORIENTED_EDGE('',*,*,#3062,.T.);
#4412=ORIENTED_EDGE('',*,*,#3064,.F.);
#4413=ORIENTED_EDGE('',*,*,#3065,.F.);
#4414=ORIENTED_EDGE('',*,*,#3066,.F.);
#4415=ORIENTED_EDGE('',*,*,#3065,.T.);
#4416=ORIENTED_EDGE('',*,*,#3067,.F.);
#4417=ORIENTED_EDGE('',*,*,#3068,.F.);
#4418=ORIENTED_EDGE('',*,*,#3069,.F.);
#4419=ORIENTED_EDGE('',*,*,#3068,.T.);
#4420=ORIENTED_EDGE('',*,*,#3070,.F.);
#4421=ORIENTED_EDGE('',*,*,#3071,.F.);
#4422=ORIENTED_EDGE('',*,*,#3072,.F.);
#4423=ORIENTED_EDGE('',*,*,#3071,.T.);
#4424=ORIENTED_EDGE('',*,*,#3073,.F.);
#4425=ORIENTED_EDGE('',*,*,#3074,.F.);
#4426=ORIENTED_EDGE('',*,*,#3075,.F.);
#4427=ORIENTED_EDGE('',*,*,#3074,.T.);
#4428=ORIENTED_EDGE('',*,*,#3076,.F.);
#4429=ORIENTED_EDGE('',*,*,#3077,.F.);
#4430=ORIENTED_EDGE('',*,*,#3078,.T.);
#4431=ORIENTED_EDGE('',*,*,#3076,.T.);
#4432=ORIENTED_EDGE('',*,*,#3073,.T.);
#4433=ORIENTED_EDGE('',*,*,#3070,.T.);
#4434=ORIENTED_EDGE('',*,*,#3067,.T.);
#4435=ORIENTED_EDGE('',*,*,#3064,.T.);
#4436=ORIENTED_EDGE('',*,*,#3061,.T.);
#4437=ORIENTED_EDGE('',*,*,#3058,.T.);
#4438=ORIENTED_EDGE('',*,*,#3055,.T.);
#4439=ORIENTED_EDGE('',*,*,#3079,.T.);
#4440=ORIENTED_EDGE('',*,*,#3051,.T.);
#4441=ORIENTED_EDGE('',*,*,#3048,.T.);
#4442=ORIENTED_EDGE('',*,*,#3080,.T.);
#4443=ORIENTED_EDGE('',*,*,#3044,.T.);
#4444=ORIENTED_EDGE('',*,*,#3041,.T.);
#4445=ORIENTED_EDGE('',*,*,#3038,.T.);
#4446=ORIENTED_EDGE('',*,*,#3035,.T.);
#4447=ORIENTED_EDGE('',*,*,#3081,.T.);
#4448=ORIENTED_EDGE('',*,*,#3053,.T.);
#4449=ORIENTED_EDGE('',*,*,#3082,.T.);
#4450=ORIENTED_EDGE('',*,*,#3083,.F.);
#4451=ORIENTED_EDGE('',*,*,#3084,.F.);
#4452=ORIENTED_EDGE('',*,*,#3057,.T.);
#4453=ORIENTED_EDGE('',*,*,#3085,.T.);
#4454=ORIENTED_EDGE('',*,*,#3086,.F.);
#4455=ORIENTED_EDGE('',*,*,#3082,.F.);
#4456=ORIENTED_EDGE('',*,*,#3060,.T.);
#4457=ORIENTED_EDGE('',*,*,#3087,.T.);
#4458=ORIENTED_EDGE('',*,*,#3088,.F.);
#4459=ORIENTED_EDGE('',*,*,#3085,.F.);
#4460=ORIENTED_EDGE('',*,*,#3063,.T.);
#4461=ORIENTED_EDGE('',*,*,#3089,.T.);
#4462=ORIENTED_EDGE('',*,*,#3090,.F.);
#4463=ORIENTED_EDGE('',*,*,#3087,.F.);
#4464=ORIENTED_EDGE('',*,*,#3066,.T.);
#4465=ORIENTED_EDGE('',*,*,#3091,.T.);
#4466=ORIENTED_EDGE('',*,*,#3092,.F.);
#4467=ORIENTED_EDGE('',*,*,#3089,.F.);
#4468=ORIENTED_EDGE('',*,*,#3069,.T.);
#4469=ORIENTED_EDGE('',*,*,#3093,.T.);
#4470=ORIENTED_EDGE('',*,*,#3094,.F.);
#4471=ORIENTED_EDGE('',*,*,#3091,.F.);
#4472=ORIENTED_EDGE('',*,*,#3072,.T.);
#4473=ORIENTED_EDGE('',*,*,#3095,.T.);
#4474=ORIENTED_EDGE('',*,*,#3096,.F.);
#4475=ORIENTED_EDGE('',*,*,#3093,.F.);
#4476=ORIENTED_EDGE('',*,*,#3075,.T.);
#4477=ORIENTED_EDGE('',*,*,#3097,.T.);
#4478=ORIENTED_EDGE('',*,*,#3098,.F.);
#4479=ORIENTED_EDGE('',*,*,#3095,.F.);
#4480=ORIENTED_EDGE('',*,*,#3099,.T.);
#4481=ORIENTED_EDGE('',*,*,#3100,.F.);
#4482=ORIENTED_EDGE('',*,*,#3097,.F.);
#4483=ORIENTED_EDGE('',*,*,#3077,.T.);
#4484=ORIENTED_EDGE('',*,*,#3078,.F.);
#4485=ORIENTED_EDGE('',*,*,#3084,.T.);
#4486=ORIENTED_EDGE('',*,*,#3101,.F.);
#4487=ORIENTED_EDGE('',*,*,#3102,.F.);
#4488=ORIENTED_EDGE('',*,*,#3052,.T.);
#4489=ORIENTED_EDGE('',*,*,#3079,.F.);
#4490=ORIENTED_EDGE('',*,*,#3054,.F.);
#4491=ORIENTED_EDGE('',*,*,#3050,.T.);
#4492=ORIENTED_EDGE('',*,*,#3102,.T.);
#4493=ORIENTED_EDGE('',*,*,#3103,.F.);
#4494=ORIENTED_EDGE('',*,*,#3104,.F.);
#4495=ORIENTED_EDGE('',*,*,#3046,.T.);
#4496=ORIENTED_EDGE('',*,*,#3104,.T.);
#4497=ORIENTED_EDGE('',*,*,#3105,.F.);
#4498=ORIENTED_EDGE('',*,*,#3106,.F.);
#4499=ORIENTED_EDGE('',*,*,#3106,.T.);
#4500=ORIENTED_EDGE('',*,*,#3107,.F.);
#4501=ORIENTED_EDGE('',*,*,#3108,.F.);
#4502=ORIENTED_EDGE('',*,*,#3045,.T.);
#4503=ORIENTED_EDGE('',*,*,#3080,.F.);
#4504=ORIENTED_EDGE('',*,*,#3047,.F.);
#4505=ORIENTED_EDGE('',*,*,#3043,.T.);
#4506=ORIENTED_EDGE('',*,*,#3108,.T.);
#4507=ORIENTED_EDGE('',*,*,#3109,.F.);
#4508=ORIENTED_EDGE('',*,*,#3110,.F.);
#4509=ORIENTED_EDGE('',*,*,#3040,.T.);
#4510=ORIENTED_EDGE('',*,*,#3110,.T.);
#4511=ORIENTED_EDGE('',*,*,#3111,.F.);
#4512=ORIENTED_EDGE('',*,*,#3112,.F.);
#4513=ORIENTED_EDGE('',*,*,#3037,.T.);
#4514=ORIENTED_EDGE('',*,*,#3112,.T.);
#4515=ORIENTED_EDGE('',*,*,#3113,.F.);
#4516=ORIENTED_EDGE('',*,*,#3114,.F.);
#4517=ORIENTED_EDGE('',*,*,#3033,.T.);
#4518=ORIENTED_EDGE('',*,*,#3114,.T.);
#4519=ORIENTED_EDGE('',*,*,#3115,.F.);
#4520=ORIENTED_EDGE('',*,*,#3116,.F.);
#4521=ORIENTED_EDGE('',*,*,#3116,.T.);
#4522=ORIENTED_EDGE('',*,*,#3117,.F.);
#4523=ORIENTED_EDGE('',*,*,#3099,.F.);
#4524=ORIENTED_EDGE('',*,*,#3081,.F.);
#4525=ORIENTED_EDGE('',*,*,#3034,.F.);
#4526=ORIENTED_EDGE('',*,*,#3100,.T.);
#4527=ORIENTED_EDGE('',*,*,#3117,.T.);
#4528=ORIENTED_EDGE('',*,*,#3115,.T.);
#4529=ORIENTED_EDGE('',*,*,#3113,.T.);
#4530=ORIENTED_EDGE('',*,*,#3111,.T.);
#4531=ORIENTED_EDGE('',*,*,#3109,.T.);
#4532=ORIENTED_EDGE('',*,*,#3107,.T.);
#4533=ORIENTED_EDGE('',*,*,#3105,.T.);
#4534=ORIENTED_EDGE('',*,*,#3103,.T.);
#4535=ORIENTED_EDGE('',*,*,#3101,.T.);
#4536=ORIENTED_EDGE('',*,*,#3083,.T.);
#4537=ORIENTED_EDGE('',*,*,#3086,.T.);
#4538=ORIENTED_EDGE('',*,*,#3088,.T.);
#4539=ORIENTED_EDGE('',*,*,#3090,.T.);
#4540=ORIENTED_EDGE('',*,*,#3092,.T.);
#4541=ORIENTED_EDGE('',*,*,#3094,.T.);
#4542=ORIENTED_EDGE('',*,*,#3096,.T.);
#4543=ORIENTED_EDGE('',*,*,#3098,.T.);
#4544=ORIENTED_EDGE('',*,*,#3118,.F.);
#4545=ORIENTED_EDGE('',*,*,#3119,.T.);
#4546=ORIENTED_EDGE('',*,*,#3120,.F.);
#4547=ORIENTED_EDGE('',*,*,#3121,.F.);
#4548=ORIENTED_EDGE('',*,*,#3122,.F.);
#4549=ORIENTED_EDGE('',*,*,#3121,.T.);
#4550=ORIENTED_EDGE('',*,*,#3123,.F.);
#4551=ORIENTED_EDGE('',*,*,#3124,.F.);
#4552=ORIENTED_EDGE('',*,*,#3125,.F.);
#4553=ORIENTED_EDGE('',*,*,#3126,.T.);
#4554=ORIENTED_EDGE('',*,*,#3127,.F.);
#4555=ORIENTED_EDGE('',*,*,#3128,.F.);
#4556=ORIENTED_EDGE('',*,*,#3129,.F.);
#4557=ORIENTED_EDGE('',*,*,#3128,.T.);
#4558=ORIENTED_EDGE('',*,*,#3130,.F.);
#4559=ORIENTED_EDGE('',*,*,#3131,.F.);
#4560=ORIENTED_EDGE('',*,*,#3132,.F.);
#4561=ORIENTED_EDGE('',*,*,#3131,.T.);
#4562=ORIENTED_EDGE('',*,*,#3133,.F.);
#4563=ORIENTED_EDGE('',*,*,#3134,.F.);
#4564=ORIENTED_EDGE('',*,*,#3135,.F.);
#4565=ORIENTED_EDGE('',*,*,#3136,.T.);
#4566=ORIENTED_EDGE('',*,*,#3137,.F.);
#4567=ORIENTED_EDGE('',*,*,#3138,.F.);
#4568=ORIENTED_EDGE('',*,*,#3139,.F.);
#4569=ORIENTED_EDGE('',*,*,#3138,.T.);
#4570=ORIENTED_EDGE('',*,*,#3140,.F.);
#4571=ORIENTED_EDGE('',*,*,#3141,.F.);
#4572=ORIENTED_EDGE('',*,*,#3142,.F.);
#4573=ORIENTED_EDGE('',*,*,#3141,.T.);
#4574=ORIENTED_EDGE('',*,*,#3143,.F.);
#4575=ORIENTED_EDGE('',*,*,#3144,.F.);
#4576=ORIENTED_EDGE('',*,*,#3145,.F.);
#4577=ORIENTED_EDGE('',*,*,#3144,.T.);
#4578=ORIENTED_EDGE('',*,*,#3146,.F.);
#4579=ORIENTED_EDGE('',*,*,#3147,.F.);
#4580=ORIENTED_EDGE('',*,*,#3148,.F.);
#4581=ORIENTED_EDGE('',*,*,#3149,.T.);
#4582=ORIENTED_EDGE('',*,*,#3150,.F.);
#4583=ORIENTED_EDGE('',*,*,#3151,.F.);
#4584=ORIENTED_EDGE('',*,*,#3152,.F.);
#4585=ORIENTED_EDGE('',*,*,#3151,.T.);
#4586=ORIENTED_EDGE('',*,*,#3153,.F.);
#4587=ORIENTED_EDGE('',*,*,#3154,.F.);
#4588=ORIENTED_EDGE('',*,*,#3155,.F.);
#4589=ORIENTED_EDGE('',*,*,#3154,.T.);
#4590=ORIENTED_EDGE('',*,*,#3156,.F.);
#4591=ORIENTED_EDGE('',*,*,#3157,.F.);
#4592=ORIENTED_EDGE('',*,*,#3158,.F.);
#4593=ORIENTED_EDGE('',*,*,#3157,.T.);
#4594=ORIENTED_EDGE('',*,*,#3159,.F.);
#4595=ORIENTED_EDGE('',*,*,#3160,.F.);
#4596=ORIENTED_EDGE('',*,*,#3161,.F.);
#4597=ORIENTED_EDGE('',*,*,#3162,.T.);
#4598=ORIENTED_EDGE('',*,*,#3163,.F.);
#4599=ORIENTED_EDGE('',*,*,#3164,.F.);
#4600=ORIENTED_EDGE('',*,*,#3165,.F.);
#4601=ORIENTED_EDGE('',*,*,#3164,.T.);
#4602=ORIENTED_EDGE('',*,*,#3166,.F.);
#4603=ORIENTED_EDGE('',*,*,#3119,.F.);
#4604=ORIENTED_EDGE('',*,*,#3166,.T.);
#4605=ORIENTED_EDGE('',*,*,#3163,.T.);
#4606=ORIENTED_EDGE('',*,*,#3167,.T.);
#4607=ORIENTED_EDGE('',*,*,#3168,.T.);
#4608=ORIENTED_EDGE('',*,*,#3169,.T.);
#4609=ORIENTED_EDGE('',*,*,#3159,.T.);
#4610=ORIENTED_EDGE('',*,*,#3156,.T.);
#4611=ORIENTED_EDGE('',*,*,#3153,.T.);
#4612=ORIENTED_EDGE('',*,*,#3150,.T.);
#4613=ORIENTED_EDGE('',*,*,#3170,.T.);
#4614=ORIENTED_EDGE('',*,*,#3146,.T.);
#4615=ORIENTED_EDGE('',*,*,#3143,.T.);
#4616=ORIENTED_EDGE('',*,*,#3140,.T.);
#4617=ORIENTED_EDGE('',*,*,#3137,.T.);
#4618=ORIENTED_EDGE('',*,*,#3171,.T.);
#4619=ORIENTED_EDGE('',*,*,#3172,.T.);
#4620=ORIENTED_EDGE('',*,*,#3133,.T.);
#4621=ORIENTED_EDGE('',*,*,#3130,.T.);
#4622=ORIENTED_EDGE('',*,*,#3127,.T.);
#4623=ORIENTED_EDGE('',*,*,#3173,.T.);
#4624=ORIENTED_EDGE('',*,*,#3123,.T.);
#4625=ORIENTED_EDGE('',*,*,#3120,.T.);
#4626=ORIENTED_EDGE('',*,*,#3145,.T.);
#4627=ORIENTED_EDGE('',*,*,#3174,.T.);
#4628=ORIENTED_EDGE('',*,*,#3175,.F.);
#4629=ORIENTED_EDGE('',*,*,#3176,.F.);
#4630=ORIENTED_EDGE('',*,*,#3177,.T.);
#4631=ORIENTED_EDGE('',*,*,#3178,.F.);
#4632=ORIENTED_EDGE('',*,*,#3174,.F.);
#4633=ORIENTED_EDGE('',*,*,#3147,.T.);
#4634=ORIENTED_EDGE('',*,*,#3170,.F.);
#4635=ORIENTED_EDGE('',*,*,#3149,.F.);
#4636=ORIENTED_EDGE('',*,*,#3148,.T.);
#4637=ORIENTED_EDGE('',*,*,#3179,.T.);
#4638=ORIENTED_EDGE('',*,*,#3180,.F.);
#4639=ORIENTED_EDGE('',*,*,#3177,.F.);
#4640=ORIENTED_EDGE('',*,*,#3152,.T.);
#4641=ORIENTED_EDGE('',*,*,#3181,.T.);
#4642=ORIENTED_EDGE('',*,*,#3182,.F.);
#4643=ORIENTED_EDGE('',*,*,#3179,.F.);
#4644=ORIENTED_EDGE('',*,*,#3155,.T.);
#4645=ORIENTED_EDGE('',*,*,#3183,.T.);
#4646=ORIENTED_EDGE('',*,*,#3184,.F.);
#4647=ORIENTED_EDGE('',*,*,#3181,.F.);
#4648=ORIENTED_EDGE('',*,*,#3158,.T.);
#4649=ORIENTED_EDGE('',*,*,#3185,.T.);
#4650=ORIENTED_EDGE('',*,*,#3186,.F.);
#4651=ORIENTED_EDGE('',*,*,#3183,.F.);
#4652=ORIENTED_EDGE('',*,*,#3187,.T.);
#4653=ORIENTED_EDGE('',*,*,#3188,.F.);
#4654=ORIENTED_EDGE('',*,*,#3185,.F.);
#4655=ORIENTED_EDGE('',*,*,#3160,.T.);
#4656=ORIENTED_EDGE('',*,*,#3169,.F.);
#4657=ORIENTED_EDGE('',*,*,#3189,.T.);
#4658=ORIENTED_EDGE('',*,*,#3190,.F.);
#4659=ORIENTED_EDGE('',*,*,#3187,.F.);
#4660=ORIENTED_EDGE('',*,*,#3168,.F.);
#4661=ORIENTED_EDGE('',*,*,#3191,.T.);
#4662=ORIENTED_EDGE('',*,*,#3192,.F.);
#4663=ORIENTED_EDGE('',*,*,#3189,.F.);
#4664=ORIENTED_EDGE('',*,*,#3167,.F.);
#4665=ORIENTED_EDGE('',*,*,#3162,.F.);
#4666=ORIENTED_EDGE('',*,*,#3161,.T.);
#4667=ORIENTED_EDGE('',*,*,#3193,.T.);
#4668=ORIENTED_EDGE('',*,*,#3194,.F.);
#4669=ORIENTED_EDGE('',*,*,#3191,.F.);
#4670=ORIENTED_EDGE('',*,*,#3165,.T.);
#4671=ORIENTED_EDGE('',*,*,#3195,.T.);
#4672=ORIENTED_EDGE('',*,*,#3196,.F.);
#4673=ORIENTED_EDGE('',*,*,#3193,.F.);
#4674=ORIENTED_EDGE('',*,*,#3142,.T.);
#4675=ORIENTED_EDGE('',*,*,#3176,.T.);
#4676=ORIENTED_EDGE('',*,*,#3197,.F.);
#4677=ORIENTED_EDGE('',*,*,#3198,.F.);
#4678=ORIENTED_EDGE('',*,*,#3139,.T.);
#4679=ORIENTED_EDGE('',*,*,#3198,.T.);
#4680=ORIENTED_EDGE('',*,*,#3199,.F.);
#4681=ORIENTED_EDGE('',*,*,#3200,.F.);
#4682=ORIENTED_EDGE('',*,*,#3135,.T.);
#4683=ORIENTED_EDGE('',*,*,#3200,.T.);
#4684=ORIENTED_EDGE('',*,*,#3201,.F.);
#4685=ORIENTED_EDGE('',*,*,#3202,.F.);
#4686=ORIENTED_EDGE('',*,*,#3202,.T.);
#4687=ORIENTED_EDGE('',*,*,#3203,.F.);
#4688=ORIENTED_EDGE('',*,*,#3204,.F.);
#4689=ORIENTED_EDGE('',*,*,#3171,.F.);
#4690=ORIENTED_EDGE('',*,*,#3136,.F.);
#4691=ORIENTED_EDGE('',*,*,#3204,.T.);
#4692=ORIENTED_EDGE('',*,*,#3205,.F.);
#4693=ORIENTED_EDGE('',*,*,#3206,.F.);
#4694=ORIENTED_EDGE('',*,*,#3134,.T.);
#4695=ORIENTED_EDGE('',*,*,#3172,.F.);
#4696=ORIENTED_EDGE('',*,*,#3132,.T.);
#4697=ORIENTED_EDGE('',*,*,#3206,.T.);
#4698=ORIENTED_EDGE('',*,*,#3207,.F.);
#4699=ORIENTED_EDGE('',*,*,#3208,.F.);
#4700=ORIENTED_EDGE('',*,*,#3129,.T.);
#4701=ORIENTED_EDGE('',*,*,#3208,.T.);
#4702=ORIENTED_EDGE('',*,*,#3209,.F.);
#4703=ORIENTED_EDGE('',*,*,#3210,.F.);
#4704=ORIENTED_EDGE('',*,*,#3125,.T.);
#4705=ORIENTED_EDGE('',*,*,#3210,.T.);
#4706=ORIENTED_EDGE('',*,*,#3211,.F.);
#4707=ORIENTED_EDGE('',*,*,#3212,.F.);
#4708=ORIENTED_EDGE('',*,*,#3212,.T.);
#4709=ORIENTED_EDGE('',*,*,#3213,.F.);
#4710=ORIENTED_EDGE('',*,*,#3214,.F.);
#4711=ORIENTED_EDGE('',*,*,#3124,.T.);
#4712=ORIENTED_EDGE('',*,*,#3173,.F.);
#4713=ORIENTED_EDGE('',*,*,#3126,.F.);
#4714=ORIENTED_EDGE('',*,*,#3122,.T.);
#4715=ORIENTED_EDGE('',*,*,#3214,.T.);
#4716=ORIENTED_EDGE('',*,*,#3215,.F.);
#4717=ORIENTED_EDGE('',*,*,#3216,.F.);
#4718=ORIENTED_EDGE('',*,*,#3118,.T.);
#4719=ORIENTED_EDGE('',*,*,#3216,.T.);
#4720=ORIENTED_EDGE('',*,*,#3217,.F.);
#4721=ORIENTED_EDGE('',*,*,#3195,.F.);
#4722=ORIENTED_EDGE('',*,*,#3196,.T.);
#4723=ORIENTED_EDGE('',*,*,#3217,.T.);
#4724=ORIENTED_EDGE('',*,*,#3215,.T.);
#4725=ORIENTED_EDGE('',*,*,#3213,.T.);
#4726=ORIENTED_EDGE('',*,*,#3211,.T.);
#4727=ORIENTED_EDGE('',*,*,#3209,.T.);
#4728=ORIENTED_EDGE('',*,*,#3207,.T.);
#4729=ORIENTED_EDGE('',*,*,#3205,.T.);
#4730=ORIENTED_EDGE('',*,*,#3203,.T.);
#4731=ORIENTED_EDGE('',*,*,#3201,.T.);
#4732=ORIENTED_EDGE('',*,*,#3199,.T.);
#4733=ORIENTED_EDGE('',*,*,#3197,.T.);
#4734=ORIENTED_EDGE('',*,*,#3175,.T.);
#4735=ORIENTED_EDGE('',*,*,#3178,.T.);
#4736=ORIENTED_EDGE('',*,*,#3180,.T.);
#4737=ORIENTED_EDGE('',*,*,#3182,.T.);
#4738=ORIENTED_EDGE('',*,*,#3184,.T.);
#4739=ORIENTED_EDGE('',*,*,#3186,.T.);
#4740=ORIENTED_EDGE('',*,*,#3188,.T.);
#4741=ORIENTED_EDGE('',*,*,#3190,.T.);
#4742=ORIENTED_EDGE('',*,*,#3192,.T.);
#4743=ORIENTED_EDGE('',*,*,#3194,.T.);
#4744=B_SPLINE_SURFACE_WITH_KNOTS('',3,1,((#6030,#6031),(#6032,#6033),(#6034,
#6035),(#6036,#6037),(#6038,#6039),(#6040,#6041)),.UNSPECIFIED.,.F.,.F.,
 .F.,(4,2,4),(2,2),(0.,0.0142466230412089,0.0285007859414646),(0.,0.0299999999999998),
 .UNSPECIFIED.);
#4745=B_SPLINE_SURFACE_WITH_KNOTS('',3,1,((#6062,#6063),(#6064,#6065),(#6066,
#6067),(#6068,#6069),(#6070,#6071),(#6072,#6073)),.UNSPECIFIED.,.F.,.F.,
 .F.,(4,2,4),(2,2),(0.,0.0146663075459771,0.0293248576582753),(0.,0.0299999999999998),
 .UNSPECIFIED.);
#4746=B_SPLINE_SURFACE_WITH_KNOTS('',3,1,((#6091,#6092),(#6093,#6094),(#6095,
#6096),(#6097,#6098),(#6099,#6100),(#6101,#6102)),.UNSPECIFIED.,.F.,.F.,
 .F.,(4,2,4),(2,2),(0.,0.0142466284919749,0.0285007948679292),(0.,0.0299999999999998),
 .UNSPECIFIED.);
#4747=B_SPLINE_SURFACE_WITH_KNOTS('',3,1,((#6123,#6124),(#6125,#6126),(#6127,
#6128),(#6129,#6130),(#6131,#6132),(#6133,#6134)),.UNSPECIFIED.,.F.,.F.,
 .F.,(4,2,4),(2,2),(0.,0.0146663022407182,0.0293248472969345),(0.,0.0299999999999998),
 .UNSPECIFIED.);
#4748=B_SPLINE_SURFACE_WITH_KNOTS('',3,1,((#6152,#6153),(#6154,#6155),(#6156,
#6157),(#6158,#6159),(#6160,#6161),(#6162,#6163)),.UNSPECIFIED.,.F.,.F.,
 .F.,(4,2,4),(2,2),(0.,0.0142466621658443,0.0285008643296918),(0.,0.0299999999999998),
 .UNSPECIFIED.);
#4749=B_SPLINE_SURFACE_WITH_KNOTS('',3,1,((#6184,#6185),(#6186,#6187),(#6188,
#6189),(#6190,#6191),(#6192,#6193),(#6194,#6195)),.UNSPECIFIED.,.F.,.F.,
 .F.,(4,2,4),(2,2),(0.,0.0146662708320133,0.0293247852968021),(0.,0.0299999999999998),
 .UNSPECIFIED.);
#4750=B_SPLINE_SURFACE_WITH_KNOTS('',3,1,((#6213,#6214),(#6215,#6216),(#6217,
#6218),(#6219,#6220),(#6221,#6222),(#6223,#6224)),.UNSPECIFIED.,.F.,.F.,
 .F.,(4,2,4),(2,2),(0.,0.0142466621658404,0.0285008643296829),(0.,0.0299999999999998),
 .UNSPECIFIED.);
#4751=B_SPLINE_SURFACE_WITH_KNOTS('',3,1,((#6245,#6246),(#6247,#6248),(#6249,
#6250),(#6251,#6252),(#6253,#6254),(#6255,#6256)),.UNSPECIFIED.,.F.,.F.,
 .F.,(4,2,4),(2,2),(0.,0.0146663448552227,0.0293249313078507),(0.,0.0299999999999998),
 .UNSPECIFIED.);
#4752=B_SPLINE_SURFACE_WITH_KNOTS('',3,1,((#6274,#6275),(#6276,#6277),(#6278,
#6279),(#6280,#6281),(#6282,#6283),(#6284,#6285)),.UNSPECIFIED.,.F.,.F.,
 .F.,(4,2,4),(2,2),(0.,0.0427399430007003,0.0855025028579298),(0.,0.0299999999999998),
 .UNSPECIFIED.);
#4753=B_SPLINE_SURFACE_WITH_KNOTS('',3,1,((#6306,#6307),(#6308,#6309),(#6310,
#6311),(#6312,#6313),(#6314,#6315),(#6316,#6317)),.UNSPECIFIED.,.F.,.F.,
 .F.,(4,2,4),(2,2),(0.,0.0439988753134989,0.0879744798907821),(0.,0.0299999999999998),
 .UNSPECIFIED.);
#4754=B_SPLINE_SURFACE_WITH_KNOTS('',3,1,((#6335,#6336),(#6337,#6338),(#6339,
#6340),(#6341,#6342),(#6343,#6344),(#6345,#6346)),.UNSPECIFIED.,.F.,.F.,
 .F.,(4,2,4),(2,2),(0.,0.042739943000703,0.0855025028579338),(0.,0.0299999999999998),
 .UNSPECIFIED.);
#4755=B_SPLINE_SURFACE_WITH_KNOTS('',3,1,((#6367,#6368),(#6369,#6370),(#6371,
#6372),(#6373,#6374),(#6375,#6376),(#6377,#6378)),.UNSPECIFIED.,.F.,.F.,
 .F.,(4,2,4),(2,2),(0.,0.0439988753135,0.0879744798907831),(0.,0.0299999999999998),
 .UNSPECIFIED.);
#4756=B_SPLINE_SURFACE_WITH_KNOTS('',3,1,((#6396,#6397),(#6398,#6399),(#6400,
#6401),(#6402,#6403),(#6404,#6405),(#6406,#6407)),.UNSPECIFIED.,.F.,.F.,
 .F.,(4,2,4),(2,2),(0.,0.042739934201418,0.0855024887316179),(0.,0.0299999999999998),
 .UNSPECIFIED.);
#4757=B_SPLINE_SURFACE_WITH_KNOTS('',3,1,((#6428,#6429),(#6430,#6431),(#6432,
#6433),(#6434,#6435),(#6436,#6437),(#6438,#6439)),.UNSPECIFIED.,.F.,.F.,
 .F.,(4,2,4),(2,2),(0.,0.0439989158483194,0.0879745591512442),(0.,0.0299999999999998),
 .UNSPECIFIED.);
#4758=B_SPLINE_SURFACE_WITH_KNOTS('',3,1,((#6457,#6458),(#6459,#6460),(#6461,
#6462),(#6463,#6464),(#6465,#6466),(#6467,#6468)),.UNSPECIFIED.,.F.,.F.,
 .F.,(4,2,4),(2,2),(0.,0.0427399430006918,0.0855025028579077),(0.,0.0299999999999998),
 .UNSPECIFIED.);
#4759=B_SPLINE_SURFACE_WITH_KNOTS('',3,1,((#6489,#6490),(#6491,#6492),(#6493,
#6494),(#6495,#6496),(#6497,#6498),(#6499,#6500)),.UNSPECIFIED.,.F.,.F.,
 .F.,(4,2,4),(2,2),(0.,0.0439989563828402,0.0879746384110405),(0.,0.0299999999999998),
 .UNSPECIFIED.);
#4760=B_SPLINE_SURFACE_WITH_KNOTS('',3,1,((#6527,#6528),(#6529,#6530),(#6531,
#6532),(#6533,#6534),(#6535,#6536)),.UNSPECIFIED.,.F.,.F.,.F.,(4,1,4),(2,
2),(0.,0.0136580966664163,0.0277754329603512),(0.,0.0499999999999998),
 .UNSPECIFIED.);
#4761=B_SPLINE_SURFACE_WITH_KNOTS('',3,1,((#6546,#6547),(#6548,#6549),(#6550,
#6551),(#6552,#6553),(#6554,#6555)),.UNSPECIFIED.,.F.,.F.,.F.,(4,1,4),(2,
2),(0.,0.0141172872874749,0.0277753839538912),(0.,0.0499999999999998),
 .UNSPECIFIED.);
#4762=B_SPLINE_SURFACE_WITH_KNOTS('',3,1,((#6567,#6568),(#6569,#6570),(#6571,
#6572),(#6573,#6574),(#6575,#6576)),.UNSPECIFIED.,.F.,.F.,.F.,(4,1,4),(2,
2),(0.,0.0136580966664163,0.0277754329603512),(0.,0.0499999999999998),
 .UNSPECIFIED.);
#4763=B_SPLINE_SURFACE_WITH_KNOTS('',3,1,((#6584,#6585),(#6586,#6587),(#6588,
#6589),(#6590,#6591),(#6592,#6593)),.UNSPECIFIED.,.F.,.F.,.F.,(4,1,4),(2,
2),(0.,0.0141173362939349,0.0277754212710436),(0.,0.0499999999999998),
 .UNSPECIFIED.);
#4764=B_SPLINE_SURFACE_WITH_KNOTS('',3,1,((#6605,#6606),(#6607,#6608),(#6609,
#6610),(#6611,#6612),(#6613,#6614)),.UNSPECIFIED.,.F.,.F.,.F.,(4,1,4),(2,
2),(0.,0.0409742315520877,0.0833261914274052),(0.,0.0499999999999998),
 .UNSPECIFIED.);
#4765=B_SPLINE_SURFACE_WITH_KNOTS('',3,1,((#6624,#6625),(#6626,#6627),(#6628,
#6629),(#6630,#6631),(#6632,#6633)),.UNSPECIFIED.,.F.,.F.,.F.,(4,1,4),(2,
2),(0.,0.0423519353720841,0.083326196147752),(0.,0.0499999999999998),
 .UNSPECIFIED.);
#4766=B_SPLINE_SURFACE_WITH_KNOTS('',3,1,((#6645,#6646),(#6647,#6648),(#6649,
#6650),(#6651,#6652),(#6653,#6654)),.UNSPECIFIED.,.F.,.F.,.F.,(4,1,4),(2,
2),(0.,0.0409742899992489,0.0833262008681064),(0.,0.0499999999999998),
 .UNSPECIFIED.);
#4767=B_SPLINE_SURFACE_WITH_KNOTS('',3,1,((#6662,#6663),(#6664,#6665),(#6666,
#6667),(#6668,#6669),(#6670,#6671)),.UNSPECIFIED.,.F.,.F.,.F.,(4,1,4),(2,
2),(0.,0.0423519598753175,0.0833261914274052),(0.,0.0499999999999998),
 .UNSPECIFIED.);
#4768=B_SPLINE_SURFACE_WITH_KNOTS('',3,1,((#6687,#6688),(#6689,#6690),(#6691,
#6692),(#6693,#6694),(#6695,#6696)),.UNSPECIFIED.,.F.,.F.,.F.,(4,1,4),(2,
2),(0.,0.0141173117906947,0.027775408457111),(0.,0.0499999999999998),
 .UNSPECIFIED.);
#4769=B_SPLINE_SURFACE_WITH_KNOTS('',3,1,((#6704,#6705),(#6706,#6707),(#6708,
#6709),(#6710,#6711),(#6712,#6713)),.UNSPECIFIED.,.F.,.F.,.F.,(4,1,4),(2,
2),(0.,0.0136580966664163,0.0277753669900939),(0.,0.0499999999999998),
 .UNSPECIFIED.);
#4770=B_SPLINE_SURFACE_WITH_KNOTS('',3,1,((#6725,#6726),(#6727,#6728),(#6729,
#6730),(#6731,#6732),(#6733,#6734)),.UNSPECIFIED.,.F.,.F.,.F.,(4,1,4),(2,
2),(0.,0.0141173193301965,0.0277754159966127),(0.,0.0499999999999998),
 .UNSPECIFIED.);
#4771=B_SPLINE_SURFACE_WITH_KNOTS('',3,1,((#6742,#6743),(#6744,#6745),(#6746,
#6747),(#6748,#6749),(#6750,#6751)),.UNSPECIFIED.,.F.,.F.,.F.,(4,1,4),(2,
2),(0.,0.0136580674428361,0.0277753698093367),(0.,0.0499999999999998),
 .UNSPECIFIED.);
#4772=B_SPLINE_SURFACE_WITH_KNOTS('',3,1,((#6761,#6762),(#6763,#6764),(#6765,
#6766),(#6767,#6768),(#6769,#6770)),.UNSPECIFIED.,.F.,.F.,.F.,(4,1,4),(2,
2),(0.,0.0423519108688575,0.0833262008681064),(0.,0.0499999999999998),
 .UNSPECIFIED.);
#4773=B_SPLINE_SURFACE_WITH_KNOTS('',3,1,((#6778,#6779),(#6780,#6781),(#6782,
#6783),(#6784,#6785),(#6786,#6787)),.UNSPECIFIED.,.F.,.F.,.F.,(4,1,4),(2,
2),(0.,0.0409742899992489,0.0833262008681064),(0.,0.0499999999999998),
 .UNSPECIFIED.);
#4774=B_SPLINE_SURFACE_WITH_KNOTS('',3,1,((#6799,#6800),(#6801,#6802),(#6803,
#6804),(#6805,#6806),(#6807,#6808)),.UNSPECIFIED.,.F.,.F.,.F.,(4,1,4),(2,
2),(0.,0.0423519108688575,0.0833262008681064),(0.,0.0499999999999998),
 .UNSPECIFIED.);
#4775=B_SPLINE_SURFACE_WITH_KNOTS('',3,1,((#6816,#6817),(#6818,#6819),(#6820,
#6821),(#6822,#6823),(#6824,#6825)),.UNSPECIFIED.,.F.,.F.,.F.,(4,1,4),(2,
2),(0.,0.0409742899992489,0.0833262008681064),(0.,0.0499999999999998),
 .UNSPECIFIED.);
#4776=B_SPLINE_SURFACE_WITH_KNOTS('',3,1,((#6832,#6833),(#6834,#6835),(#6836,
#6837),(#6838,#6839),(#6840,#6841),(#6842,#6843)),.UNSPECIFIED.,.F.,.F.,
 .F.,(4,2,4),(2,2),(0.,0.0427399559498577,0.0855025337973342),(0.,0.0299999999999998),
 .UNSPECIFIED.);
#4777=B_SPLINE_SURFACE_WITH_KNOTS('',3,1,((#6864,#6865),(#6866,#6867),(#6868,
#6869),(#6870,#6871),(#6872,#6873),(#6874,#6875)),.UNSPECIFIED.,.F.,.F.,
 .F.,(4,2,4),(2,2),(0.,0.0439989387266098,0.0879746051799999),(0.,0.0299999999999998),
 .UNSPECIFIED.);
#4778=B_SPLINE_SURFACE_WITH_KNOTS('',3,1,((#6893,#6894),(#6895,#6896),(#6897,
#6898),(#6899,#6900),(#6901,#6902),(#6903,#6904)),.UNSPECIFIED.,.F.,.F.,
 .F.,(4,2,4),(2,2),(0.,0.0427398669120574,0.0855023462546693),(0.,0.0299999999999998),
 .UNSPECIFIED.);
#4779=B_SPLINE_SURFACE_WITH_KNOTS('',3,1,((#6925,#6926),(#6927,#6928),(#6929,
#6930),(#6931,#6932),(#6933,#6934),(#6935,#6936)),.UNSPECIFIED.,.F.,.F.,
 .F.,(4,2,4),(2,2),(0.,0.0439990191995692,0.0879747624097658),(0.,0.0299999999999998),
 .UNSPECIFIED.);
#4780=B_SPLINE_SURFACE_WITH_KNOTS('',3,1,((#6954,#6955),(#6956,#6957),(#6958,
#6959),(#6960,#6961),(#6962,#6963),(#6964,#6965)),.UNSPECIFIED.,.F.,.F.,
 .F.,(4,2,4),(2,2),(0.,0.0427399559498533,0.0855025337973245),(0.,0.0299999999999998),
 .UNSPECIFIED.);
#4781=B_SPLINE_SURFACE_WITH_KNOTS('',3,1,((#6986,#6987),(#6988,#6989),(#6990,
#6991),(#6992,#6993),(#6994,#6995),(#6996,#6997)),.UNSPECIFIED.,.F.,.F.,
 .F.,(4,2,4),(2,2),(0.,0.0439989792611138,0.08797468443977),(0.,0.0299999999999998),
 .UNSPECIFIED.);
#4782=B_SPLINE_SURFACE_WITH_KNOTS('',3,1,((#7015,#7016),(#7017,#7018),(#7019,
#7020),(#7021,#7022),(#7023,#7024),(#7025,#7026)),.UNSPECIFIED.,.F.,.F.,
 .F.,(4,2,4),(2,2),(0.,0.0142466215291993,0.0285007825326985),(0.,0.0299999999999998),
 .UNSPECIFIED.);
#4783=B_SPLINE_SURFACE_WITH_KNOTS('',3,1,((#7044,#7045),(#7046,#7047),(#7048,
#7049),(#7050,#7051),(#7052,#7053),(#7054,#7055)),.UNSPECIFIED.,.F.,.F.,
 .F.,(4,2,4),(2,2),(0.,0.0146662892930872,0.0293248231361435),(0.,0.0299999999999998),
 .UNSPECIFIED.);
#4784=B_SPLINE_SURFACE_WITH_KNOTS('',3,1,((#7073,#7074),(#7075,#7076),(#7077,
#7078),(#7079,#7080),(#7081,#7082),(#7083,#7084)),.UNSPECIFIED.,.F.,.F.,
 .F.,(4,2,4),(2,2),(0.,0.0142466807880965,0.0285008991254543),(0.,0.0299999999999998),
 .UNSPECIFIED.);
#4785=B_SPLINE_SURFACE_WITH_KNOTS('',3,1,((#7102,#7103),(#7104,#7105),(#7106,
#7107),(#7108,#7109),(#7110,#7111),(#7112,#7113)),.UNSPECIFIED.,.F.,.F.,
 .F.,(4,2,4),(2,2),(0.,0.0146662836519627,0.0293248100534783),(0.,0.0299999999999998),
 .UNSPECIFIED.);
#4786=B_SPLINE_SURFACE_WITH_KNOTS('',3,1,((#7131,#7132),(#7133,#7134),(#7135,
#7136),(#7137,#7138),(#7139,#7140),(#7141,#7142)),.UNSPECIFIED.,.F.,.F.,
 .F.,(4,2,4),(2,2),(0.,0.0142466215292008,0.0285007825327021),(0.,0.0299999999999998),
 .UNSPECIFIED.);
#4787=B_SPLINE_SURFACE_WITH_KNOTS('',3,1,((#7160,#7161),(#7162,#7163),(#7164,
#7165),(#7166,#7167),(#7168,#7169),(#7170,#7171)),.UNSPECIFIED.,.F.,.F.,
 .F.,(4,2,4),(2,2),(0.,0.0146662892930794,0.0293248231361223),(0.,0.0299999999999998),
 .UNSPECIFIED.);
#4788=B_SPLINE_SURFACE_WITH_KNOTS('',3,1,((#7189,#7190),(#7191,#7192),(#7193,
#7194),(#7195,#7196),(#7197,#7198),(#7199,#7200)),.UNSPECIFIED.,.F.,.F.,
 .F.,(4,2,4),(2,2),(0.,0.0142466807880992,0.0285008991254626),(0.,0.0299999999999998),
 .UNSPECIFIED.);
#4789=B_SPLINE_SURFACE_WITH_KNOTS('',3,1,((#7221,#7222),(#7223,#7224),(#7225,
#7226),(#7227,#7228),(#7229,#7230),(#7231,#7232)),.UNSPECIFIED.,.F.,.F.,
 .F.,(4,2,4),(2,2),(0.,0.0146664924785118,0.02932522316083),(0.,0.0299999999999998),
 .UNSPECIFIED.);
#4790=B_SPLINE_SURFACE_WITH_KNOTS('',3,1,((#7250,#7251),(#7252,#7253),(#7254,
#7255),(#7256,#7257),(#7258,#7259),(#7260,#7261)),.UNSPECIFIED.,.F.,.F.,
 .F.,(4,2,4),(2,2),(0.,0.0142466368030416,0.0285008121286817),(0.,0.0299999999999998),
 .UNSPECIFIED.);
#4791=B_SPLINE_SURFACE_WITH_KNOTS('',3,1,((#7282,#7283),(#7284,#7285),(#7286,
#7287),(#7288,#7289),(#7290,#7291),(#7292,#7293)),.UNSPECIFIED.,.F.,.F.,
 .F.,(4,2,4),(2,2),(0.,0.0146663153966947,0.0293248747752785),(0.,0.0299999999999998),
 .UNSPECIFIED.);
#4792=B_SPLINE_SURFACE_WITH_KNOTS('',3,1,((#7311,#7312),(#7313,#7314),(#7315,
#7316),(#7317,#7318),(#7319,#7320),(#7321,#7322)),.UNSPECIFIED.,.F.,.F.,
 .F.,(4,2,4),(2,2),(0.,0.0142466927135324,0.0285009235216281),(0.,0.0299999999999998),
 .UNSPECIFIED.);
#4793=B_SPLINE_SURFACE_WITH_KNOTS('',3,1,((#7343,#7344),(#7345,#7346),(#7347,
#7348),(#7349,#7350),(#7351,#7352),(#7353,#7354)),.UNSPECIFIED.,.F.,.F.,
 .F.,(4,2,4),(2,2),(0.,0.0146665238856753,0.0293252851576017),(0.,0.0299999999999998),
 .UNSPECIFIED.);
#4794=B_SPLINE_SURFACE_WITH_KNOTS('',3,1,((#7372,#7373),(#7374,#7375),(#7376,
#7377),(#7378,#7379),(#7380,#7381),(#7382,#7383)),.UNSPECIFIED.,.F.,.F.,
 .F.,(4,2,4),(2,2),(0.,0.0142466123046225,0.0285007665744113),(0.,0.0299999999999998),
 .UNSPECIFIED.);
#4795=B_SPLINE_SURFACE_WITH_KNOTS('',3,1,((#7401,#7402),(#7403,#7404),(#7405,
#7406),(#7407,#7408),(#7409,#7410),(#7411,#7412)),.UNSPECIFIED.,.F.,.F.,
 .F.,(4,2,4),(2,2),(0.,0.0146663153967066,0.0293248747753074),(0.,0.0299999999999998),
 .UNSPECIFIED.);
#4796=B_SPLINE_SURFACE_WITH_KNOTS('',3,1,((#7430,#7431),(#7432,#7433),(#7434,
#7435),(#7436,#7437),(#7438,#7439),(#7440,#7441)),.UNSPECIFIED.,.F.,.F.,
 .F.,(4,2,4),(2,2),(0.,0.014246692713535,0.028500923521632),(0.,0.0299999999999998),
 .UNSPECIFIED.);
#4797=B_SPLINE_SURFACE_WITH_KNOTS('',3,1,((#7459,#7460),(#7461,#7462),(#7463,
#7464),(#7465,#7466),(#7467,#7468),(#7469,#7470)),.UNSPECIFIED.,.F.,.F.,
 .F.,(4,2,4),(2,2),(0.,0.014666207418416,0.0293246600064596),(0.,0.0299999999999998),
 .UNSPECIFIED.);
#4798=B_SPLINE_SURFACE_WITH_KNOTS('',3,1,((#7488,#7489),(#7490,#7491),(#7492,
#7493),(#7494,#7495),(#7496,#7497),(#7498,#7499)),.UNSPECIFIED.,.F.,.F.,
 .F.,(4,2,4),(2,2),(0.,0.0427398669120643,0.0855023462546914),(0.,0.0299999999999998),
 .UNSPECIFIED.);
#4799=B_SPLINE_SURFACE_WITH_KNOTS('',3,1,((#7517,#7518),(#7519,#7520),(#7521,
#7522),(#7523,#7524),(#7525,#7526),(#7527,#7528)),.UNSPECIFIED.,.F.,.F.,
 .F.,(4,2,4),(2,2),(0.,0.0439990191995647,0.0879747624097612),(0.,0.0299999999999998),
 .UNSPECIFIED.);
#4800=B_SPLINE_SURFACE_WITH_KNOTS('',3,1,((#7553,#7554),(#7555,#7556),(#7557,
#7558),(#7559,#7560),(#7561,#7562)),.UNSPECIFIED.,.F.,.F.,.F.,(4,1,4),(2,
2),(0.,0.0136581551135841,0.0277754744437806),(0.,0.0499999999999998),
 .UNSPECIFIED.);
#4801=B_SPLINE_SURFACE_WITH_KNOTS('',3,1,((#7572,#7573),(#7574,#7575),(#7576,
#7577),(#7578,#7579),(#7580,#7581)),.UNSPECIFIED.,.F.,.F.,.F.,(4,1,4),(2,
2),(0.,0.0141174135741949,0.027775475173439),(0.,0.0499999999999998),
 .UNSPECIFIED.);
#4802=B_SPLINE_SURFACE_WITH_KNOTS('',3,1,((#7593,#7594),(#7595,#7596),(#7597,
#7598),(#7599,#7600),(#7601,#7602)),.UNSPECIFIED.,.F.,.F.,.F.,(4,1,4),(2,
2),(0.,0.0136581083559739,0.0277754107224745),(0.,0.0499999999999998),
 .UNSPECIFIED.);
#4803=B_SPLINE_SURFACE_WITH_KNOTS('',3,1,((#7610,#7611),(#7612,#7613),(#7614,
#7615),(#7616,#7617),(#7618,#7619)),.UNSPECIFIED.,.F.,.F.,.F.,(4,1,4),(2,
2),(0.,0.0141173362939349,0.027775491407519),(0.,0.0499999999999998),
 .UNSPECIFIED.);
#4804=B_SPLINE_SURFACE_WITH_KNOTS('',3,1,((#7631,#7632),(#7633,#7634),(#7635,
#7636),(#7637,#7638),(#7639,#7640)),.UNSPECIFIED.,.F.,.F.,.F.,(4,1,4),(2,
2),(0.,0.0136581551135841,0.027775491407519),(0.,0.0499999999999998),
 .UNSPECIFIED.);
#4805=B_SPLINE_SURFACE_WITH_KNOTS('',3,1,((#7648,#7649),(#7650,#7651),(#7652,
#7653),(#7654,#7655),(#7656,#7657)),.UNSPECIFIED.,.F.,.F.,.F.,(4,1,4),(2,
2),(0.,0.0141174380772584,0.0277754996765025),(0.,0.0499999999999998),
 .UNSPECIFIED.);
#4806=B_SPLINE_SURFACE_WITH_KNOTS('',3,1,((#7665,#7666),(#7667,#7668),(#7669,
#7670),(#7671,#7672),(#7673,#7674)),.UNSPECIFIED.,.F.,.F.,.F.,(4,1,4),(2,
2),(0.,0.0136580031519362,0.0277753055184368),(0.,0.0499999999999998),
 .UNSPECIFIED.);
#4807=B_SPLINE_SURFACE_WITH_KNOTS('',3,1,((#7682,#7683),(#7684,#7685),(#7686,
#7687),(#7688,#7689),(#7690,#7691)),.UNSPECIFIED.,.F.,.F.,.F.,(4,1,4),(2,
2),(0.,0.0141173362939349,0.027775491407519),(0.,0.0499999999999998),
 .UNSPECIFIED.);
#4808=B_SPLINE_SURFACE_WITH_KNOTS('',3,1,((#7699,#7700),(#7701,#7702),(#7703,
#7704),(#7705,#7706),(#7707,#7708)),.UNSPECIFIED.,.F.,.F.,.F.,(4,1,4),(2,
2),(0.,0.0136581551135841,0.027775491407519),(0.,0.0499999999999998),
 .UNSPECIFIED.);
#4809=B_SPLINE_SURFACE_WITH_KNOTS('',3,1,((#7716,#7717),(#7718,#7719),(#7720,
#7721),(#7722,#7723),(#7724,#7725)),.UNSPECIFIED.,.F.,.F.,.F.,(4,1,4),(2,
2),(0.,0.0141172533599229,0.0277753617158968),(0.,0.0499999999999998),
 .UNSPECIFIED.);
#4810=B_SPLINE_SURFACE_WITH_KNOTS('',3,1,((#7733,#7734),(#7735,#7736),(#7737,
#7738),(#7739,#7740),(#7741,#7742)),.UNSPECIFIED.,.F.,.F.,.F.,(4,1,4),(2,
2),(0.,0.0409743250679218,0.0833261341542409),(0.,0.0499999999999998),
 .UNSPECIFIED.);
#4811=B_SPLINE_SURFACE_WITH_KNOTS('',3,1,((#7750,#7751),(#7752,#7753),(#7754,
#7755),(#7756,#7757),(#7758,#7759)),.UNSPECIFIED.,.F.,.F.,.F.,(4,1,4),(2,
2),(0.,0.0423520088818046,0.0833262404338923),(0.,0.0499999999999998),
 .UNSPECIFIED.);
#4812=B_SPLINE_SURFACE_WITH_KNOTS('',3,1,((#7775,#7776),(#7777,#7778),(#7779,
#7780),(#7781,#7782),(#7783,#7784)),.UNSPECIFIED.,.F.,.F.,.F.,(4,1,4),(2,
2),(0.,0.0141173193301965,0.0277754744437806),(0.,0.0499999999999998),
 .UNSPECIFIED.);
#4813=B_SPLINE_SURFACE_WITH_KNOTS('',3,1,((#7792,#7793),(#7794,#7795),(#7796,
#7797),(#7798,#7799),(#7800,#7801)),.UNSPECIFIED.,.F.,.F.,.F.,(4,1,4),(2,
2),(0.,0.0136580791324188,0.0277753814989193),(0.,0.0499999999999998),
 .UNSPECIFIED.);
#4814=B_SPLINE_SURFACE_WITH_KNOTS('',3,1,((#7809,#7810),(#7811,#7812),(#7813,
#7814),(#7815,#7816),(#7817,#7818)),.UNSPECIFIED.,.F.,.F.,.F.,(4,1,4),(2,
2),(0.,0.0141172778632015,0.0277753394624456),(0.,0.0499999999999998),
 .UNSPECIFIED.);
#4815=B_SPLINE_SURFACE_WITH_KNOTS('',3,1,((#7826,#7827),(#7828,#7829),(#7830,
#7831),(#7832,#7833),(#7834,#7835)),.UNSPECIFIED.,.F.,.F.,.F.,(4,1,4),(2,
2),(0.,0.0136581551135841,0.0277754744437806),(0.,0.0499999999999998),
 .UNSPECIFIED.);
#4816=B_SPLINE_SURFACE_WITH_KNOTS('',3,1,((#7843,#7844),(#7845,#7846),(#7847,
#7848),(#7849,#7850),(#7851,#7852)),.UNSPECIFIED.,.F.,.F.,.F.,(4,1,4),(2,
2),(0.,0.0141173193301965,0.0277754744437806),(0.,0.0499999999999998),
 .UNSPECIFIED.);
#4817=B_SPLINE_SURFACE_WITH_KNOTS('',3,1,((#7860,#7861),(#7862,#7863),(#7864,
#7865),(#7866,#7867),(#7868,#7869)),.UNSPECIFIED.,.F.,.F.,.F.,(4,1,4),(2,
2),(0.,0.0136580791324188,0.0277753814989193),(0.,0.0499999999999998),
 .UNSPECIFIED.);
#4818=B_SPLINE_SURFACE_WITH_KNOTS('',3,1,((#7877,#7878),(#7879,#7880),(#7881,
#7882),(#7883,#7884),(#7885,#7886)),.UNSPECIFIED.,.F.,.F.,.F.,(4,1,4),(2,
2),(0.,0.0423519692996907,0.0833262183859593),(0.,0.0499999999999998),
 .UNSPECIFIED.);
#4819=B_SPLINE_SURFACE_WITH_KNOTS('',3,1,((#7894,#7895),(#7896,#7897),(#7898,
#7899),(#7900,#7901),(#7902,#7903)),.UNSPECIFIED.,.F.,.F.,.F.,(4,1,4),(2,
2),(0.,0.0409742315520877,0.0833262404338923),(0.,0.0499999999999998),
 .UNSPECIFIED.);
#4820=B_SPLINE_SURFACE_WITH_KNOTS('',3,1,((#7915,#7916),(#7917,#7918),(#7919,
#7920),(#7921,#7922),(#7923,#7924)),.UNSPECIFIED.,.F.,.F.,.F.,(4,1,4),(2,
2),(0.,0.0423520088818046,0.0833262404338923),(0.,0.0499999999999998),
 .UNSPECIFIED.);
#4821=B_SPLINE_SURFACE_WITH_KNOTS('',3,1,((#7932,#7933),(#7934,#7935),(#7936,
#7937),(#7938,#7939),(#7940,#7941)),.UNSPECIFIED.,.F.,.F.,.F.,(4,1,4),(2,
2),(0.,0.0409743250679218,0.0833261341542409),(0.,0.0499999999999998),
 .UNSPECIFIED.);
#4822=B_SPLINE_SURFACE_WITH_KNOTS('',3,1,((#7953,#7954),(#7955,#7956),(#7957,
#7958),(#7959,#7960),(#7961,#7962)),.UNSPECIFIED.,.F.,.F.,.F.,(4,1,4),(2,
2),(0.,0.0423519447964837,0.0833262231063417),(0.,0.0499999999999998),
 .UNSPECIFIED.);
#4823=B_SPLINE_SURFACE_WITH_KNOTS('',3,1,((#7970,#7971),(#7972,#7973),(#7974,
#7975),(#7976,#7977),(#7978,#7979)),.UNSPECIFIED.,.F.,.F.,.F.,(4,1,4),(2,
2),(0.,0.0409742315520877,0.0833262404338923),(0.,0.0499999999999998),
 .UNSPECIFIED.);
#4824=B_SPLINE_SURFACE_WITH_KNOTS('',3,1,((#7986,#7987),(#7988,#7989),(#7990,
#7991),(#7992,#7993),(#7994,#7995),(#7996,#7997)),.UNSPECIFIED.,.F.,.F.,
 .F.,(4,2,4),(2,2),(0.,0.0142466316181525,0.0285008051379888),(0.,0.0299999999999998),
 .UNSPECIFIED.);
#4825=B_SPLINE_SURFACE_WITH_KNOTS('',3,1,((#8018,#8019),(#8020,#8021),(#8022,
#8023),(#8024,#8025),(#8026,#8027),(#8028,#8029)),.UNSPECIFIED.,.F.,.F.,
 .F.,(4,2,4),(2,2),(0.,0.0146662388275865,0.0293247220076028),(0.,0.0299999999999998),
 .UNSPECIFIED.);
#4826=B_SPLINE_SURFACE_WITH_KNOTS('',3,1,((#8047,#8048),(#8049,#8050),(#8051,
#8052),(#8053,#8054),(#8055,#8056),(#8057,#8058)),.UNSPECIFIED.,.F.,.F.,
 .F.,(4,2,4),(2,2),(0.,0.0142466215291997,0.0285007825327076),(0.,0.0299999999999998),
 .UNSPECIFIED.);
#4827=B_SPLINE_SURFACE_WITH_KNOTS('',3,1,((#8076,#8077),(#8078,#8079),(#8080,
#8081),(#8082,#8083),(#8084,#8085),(#8086,#8087)),.UNSPECIFIED.,.F.,.F.,
 .F.,(4,2,4),(2,2),(0.,0.0146663519006677,0.0293249438155372),(0.,0.0299999999999998),
 .UNSPECIFIED.);
#4828=B_SPLINE_SURFACE_WITH_KNOTS('',3,1,((#8105,#8106),(#8107,#8108),(#8109,
#8110),(#8111,#8112),(#8113,#8114),(#8115,#8116)),.UNSPECIFIED.,.F.,.F.,
 .F.,(4,2,4),(2,2),(0.,0.0142466316181556,0.0285008051379947),(0.,0.0299999999999998),
 .UNSPECIFIED.);
#4829=B_SPLINE_SURFACE_WITH_KNOTS('',3,1,((#8137,#8138),(#8139,#8140),(#8141,
#8142),(#8143,#8144),(#8145,#8146),(#8147,#8148)),.UNSPECIFIED.,.F.,.F.,
 .F.,(4,2,4),(2,2),(0.,0.0146664924785099,0.0293252231608277),(0.,0.0299999999999998),
 .UNSPECIFIED.);
#4830=B_SPLINE_SURFACE_WITH_KNOTS('',3,1,((#8166,#8167),(#8168,#8169),(#8170,
#8171),(#8172,#8173),(#8174,#8175),(#8176,#8177)),.UNSPECIFIED.,.F.,.F.,
 .F.,(4,2,4),(2,2),(0.,0.0142465818691096,0.0285006944694788),(0.,0.0299999999999998),
 .UNSPECIFIED.);
#4831=B_SPLINE_SURFACE_WITH_KNOTS('',3,1,((#8198,#8199),(#8200,#8201),(#8202,
#8203),(#8204,#8205),(#8206,#8207),(#8208,#8209)),.UNSPECIFIED.,.F.,.F.,
 .F.,(4,2,4),(2,2),(0.,0.0146661891640964,0.0293246254811425),(0.,0.0299999999999998),
 .UNSPECIFIED.);
#4832=B_SPLINE_SURFACE_WITH_KNOTS('',3,1,((#8227,#8228),(#8229,#8230),(#8231,
#8232),(#8233,#8234),(#8235,#8236),(#8237,#8238)),.UNSPECIFIED.,.F.,.F.,
 .F.,(4,2,4),(2,2),(0.,0.0142466062553585,0.028500752936805),(0.,0.0299999999999998),
 .UNSPECIFIED.);
#4833=B_SPLINE_SURFACE_WITH_KNOTS('',3,1,((#8256,#8257),(#8258,#8259),(#8260,
#8261),(#8262,#8263),(#8264,#8265),(#8266,#8267)),.UNSPECIFIED.,.F.,.F.,
 .F.,(4,2,4),(2,2),(0.,0.0146660641203893,0.0293243787592428),(0.,0.0299999999999998),
 .UNSPECIFIED.);
#4834=B_SPLINE_SURFACE_WITH_KNOTS('',3,1,((#8285,#8286),(#8287,#8288),(#8289,
#8290),(#8291,#8292),(#8293,#8294),(#8295,#8296)),.UNSPECIFIED.,.F.,.F.,
 .F.,(4,2,4),(2,2),(0.,0.0142466316181524,0.0285008051379881),(0.,0.0299999999999998),
 .UNSPECIFIED.);
#4835=B_SPLINE_SURFACE_WITH_KNOTS('',3,1,((#8317,#8318),(#8319,#8320),(#8321,
#8322),(#8323,#8324),(#8325,#8326),(#8327,#8328)),.UNSPECIFIED.,.F.,.F.,
 .F.,(4,2,4),(2,2),(0.,0.0146662884888437,0.0293248185290858),(0.,0.0299999999999998),
 .UNSPECIFIED.);
#4836=B_SPLINE_SURFACE_WITH_KNOTS('',3,1,((#8346,#8347),(#8348,#8349),(#8350,
#8351),(#8352,#8353),(#8354,#8355),(#8356,#8357)),.UNSPECIFIED.,.F.,.F.,
 .F.,(4,2,4),(2,2),(0.,0.0142466368030279,0.0285008121286378),(0.,0.0299999999999998),
 .UNSPECIFIED.);
#4837=B_SPLINE_SURFACE_WITH_KNOTS('',3,1,((#8375,#8376),(#8377,#8378),(#8379,
#8380),(#8381,#8382),(#8383,#8384),(#8385,#8386)),.UNSPECIFIED.,.F.,.F.,
 .F.,(4,2,4),(2,2),(0.,0.0146662996947351,0.0293248405400876),(0.,0.0299999999999998),
 .UNSPECIFIED.);
#4838=B_SPLINE_SURFACE_WITH_KNOTS('',3,1,((#8415,#8416),(#8417,#8418),(#8419,
#8420),(#8421,#8422),(#8423,#8424)),.UNSPECIFIED.,.F.,.F.,.F.,(4,1,4),(2,
2),(0.,0.0136581551135841,0.0277752614542631),(0.,0.0499999999999998),
 .UNSPECIFIED.);
#4839=B_SPLINE_SURFACE_WITH_KNOTS('',3,1,((#8434,#8435),(#8436,#8437),(#8438,
#8439),(#8440,#8441),(#8442,#8443)),.UNSPECIFIED.,.F.,.F.,.F.,(4,1,4),(2,
2),(0.,0.0141172533599229,0.0277754201630146),(0.,0.0499999999999998),
 .UNSPECIFIED.);
#4840=B_SPLINE_SURFACE_WITH_KNOTS('',3,1,((#8451,#8452),(#8453,#8454),(#8455,
#8456),(#8457,#8458),(#8459,#8460)),.UNSPECIFIED.,.F.,.F.,.F.,(4,1,4),(2,
2),(0.,0.0136580499088661,0.0277753522753667),(0.,0.0499999999999998),
 .UNSPECIFIED.);
#4841=B_SPLINE_SURFACE_WITH_KNOTS('',3,1,((#8468,#8469),(#8470,#8471),(#8472,
#8473),(#8474,#8475),(#8476,#8477)),.UNSPECIFIED.,.F.,.F.,.F.,(4,1,4),(2,
2),(0.,0.0141171402685844,0.0277752953821685),(0.,0.0499999999999998),
 .UNSPECIFIED.);
#4842=B_SPLINE_SURFACE_WITH_KNOTS('',3,1,((#8489,#8490),(#8491,#8492),(#8493,
#8494),(#8495,#8496),(#8497,#8498)),.UNSPECIFIED.,.F.,.F.,.F.,(4,1,4),(2,
2),(0.,0.0136580382192585,0.0277753745131933),(0.,0.0499999999999998),
 .UNSPECIFIED.);
#4843=B_SPLINE_SURFACE_WITH_KNOTS('',3,1,((#8506,#8507),(#8508,#8509),(#8510,
#8511),(#8512,#8513),(#8514,#8515)),.UNSPECIFIED.,.F.,.F.,.F.,(4,1,4),(2,
2),(0.,0.0141173023665006,0.0277753522753667),(0.,0.0499999999999998),
 .UNSPECIFIED.);
#4844=B_SPLINE_SURFACE_WITH_KNOTS('',3,1,((#8523,#8524),(#8525,#8526),(#8527,
#8528),(#8529,#8530),(#8531,#8532)),.UNSPECIFIED.,.F.,.F.,.F.,(4,1,4),(2,
2),(0.,0.0136581083559739,0.0277754107224745),(0.,0.0499999999999998),
 .UNSPECIFIED.);
#4845=B_SPLINE_SURFACE_WITH_KNOTS('',3,1,((#8540,#8541),(#8542,#8543),(#8544,
#8545),(#8546,#8547),(#8548,#8549)),.UNSPECIFIED.,.F.,.F.,.F.,(4,1,4),(2,
2),(0.,0.0141173023665006,0.027775340585759),(0.,0.0499999999999998),
 .UNSPECIFIED.);
#4846=B_SPLINE_SURFACE_WITH_KNOTS('',3,1,((#8573,#8574),(#8575,#8576),(#8577,
#8578),(#8579,#8580),(#8581,#8582)),.UNSPECIFIED.,.F.,.F.,.F.,(4,1,4),(2,
2),(0.,0.0141174135741949,0.027775475173439),(0.,0.0499999999999998),
 .UNSPECIFIED.);
#4847=B_SPLINE_SURFACE_WITH_KNOTS('',3,1,((#8590,#8591),(#8592,#8593),(#8594,
#8595),(#8596,#8597),(#8598,#8599)),.UNSPECIFIED.,.F.,.F.,.F.,(4,1,4),(2,
2),(0.,0.0136580382192585,0.0277753745131933),(0.,0.0499999999999998),
 .UNSPECIFIED.);
#4848=B_SPLINE_SURFACE_WITH_KNOTS('',3,1,((#8611,#8612),(#8613,#8614),(#8615,
#8616),(#8617,#8618),(#8619,#8620)),.UNSPECIFIED.,.F.,.F.,.F.,(4,1,4),(2,
2),(0.,0.0141173362939349,0.0277753745131933),(0.,0.0499999999999998),
 .UNSPECIFIED.);
#4849=B_SPLINE_SURFACE_WITH_KNOTS('',3,1,((#8628,#8629),(#8630,#8631),(#8632,
#8633),(#8634,#8635),(#8636,#8637)),.UNSPECIFIED.,.F.,.F.,.F.,(4,1,4),(2,
2),(0.,0.0136580791324188,0.0277753814989193),(0.,0.0499999999999998),
 .UNSPECIFIED.);
#4850=B_SPLINE_SURFACE_WITH_KNOTS('',3,1,((#8645,#8646),(#8647,#8648),(#8649,
#8650),(#8651,#8652),(#8653,#8654)),.UNSPECIFIED.,.F.,.F.,.F.,(4,1,4),(2,
2),(0.,0.0141172778632015,0.0277753862191755),(0.,0.0499999999999998),
 .UNSPECIFIED.);
#4851=B_SPLINE_SURFACE_WITH_KNOTS('',3,1,((#8662,#8663),(#8664,#8665),(#8666,
#8667),(#8668,#8669),(#8670,#8671)),.UNSPECIFIED.,.F.,.F.,.F.,(4,1,4),(2,
2),(0.,0.0136580382192585,0.0277753745131933),(0.,0.0499999999999998),
 .UNSPECIFIED.);
#4852=B_SPLINE_SURFACE_WITH_KNOTS('',3,1,((#8864,#8865),(#8866,#8867),(#8868,
#8869),(#8870,#8871),(#8872,#8873),(#8874,#8875)),.UNSPECIFIED.,.F.,.F.,
 .F.,(4,2,4),(2,2),(0.,0.0142466260334914,0.0285007937921483),(0.,0.0299999999999998),
 .UNSPECIFIED.);
#4853=B_SPLINE_SURFACE_WITH_KNOTS('',3,1,((#8896,#8897),(#8898,#8899),(#8900,
#8901),(#8902,#8903),(#8904,#8905),(#8906,#8907)),.UNSPECIFIED.,.F.,.F.,
 .F.,(4,2,4),(2,2),(0.,0.0146662388275781,0.0293247220075822),(0.,0.0299999999999998),
 .UNSPECIFIED.);
#4854=B_SPLINE_SURFACE_WITH_KNOTS('',3,1,((#8925,#8926),(#8927,#8928),(#8929,
#8930),(#8931,#8932),(#8933,#8934),(#8935,#8936)),.UNSPECIFIED.,.F.,.F.,
 .F.,(4,2,4),(2,2),(0.,0.0142466259287652,0.0285007895958003),(0.,0.0299999999999998),
 .UNSPECIFIED.);
#4855=B_SPLINE_SURFACE_WITH_KNOTS('',3,1,((#8954,#8955),(#8956,#8957),(#8958,
#8959),(#8960,#8961),(#8962,#8963),(#8964,#8965)),.UNSPECIFIED.,.F.,.F.,
 .F.,(4,2,4),(2,2),(0.,0.0146663519006643,0.0293249438155292),(0.,0.0299999999999998),
 .UNSPECIFIED.);
#4856=B_SPLINE_SURFACE_WITH_KNOTS('',3,1,((#8983,#8984),(#8985,#8986),(#8987,
#8988),(#8989,#8990),(#8991,#8992),(#8993,#8994)),.UNSPECIFIED.,.F.,.F.,
 .F.,(4,2,4),(2,2),(0.,0.0142466316181545,0.0285008051379923),(0.,0.0299999999999998),
 .UNSPECIFIED.);
#4857=B_SPLINE_SURFACE_WITH_KNOTS('',3,1,((#9012,#9013),(#9014,#9015),(#9016,
#9017),(#9018,#9019),(#9020,#9021),(#9022,#9023)),.UNSPECIFIED.,.F.,.F.,
 .F.,(4,2,4),(2,2),(0.,0.0146664924785097,0.0293252231608274),(0.,0.0299999999999998),
 .UNSPECIFIED.);
#4858=B_SPLINE_SURFACE_WITH_KNOTS('',3,1,((#9041,#9042),(#9043,#9044),(#9045,
#9046),(#9047,#9048),(#9049,#9050),(#9051,#9052)),.UNSPECIFIED.,.F.,.F.,
 .F.,(4,2,4),(2,2),(0.,0.0142466237289868,0.028500786064241),(0.,0.0299999999999998),
 .UNSPECIFIED.);
#4859=B_SPLINE_SURFACE_WITH_KNOTS('',3,1,((#9070,#9071),(#9072,#9073),(#9074,
#9075),(#9076,#9077),(#9078,#9079),(#9080,#9081)),.UNSPECIFIED.,.F.,.F.,
 .F.,(4,2,4),(2,2),(0.,0.0146661636554358,0.0293245751293538),(0.,0.0299999999999998),
 .UNSPECIFIED.);
#4860=B_SPLINE_SURFACE_WITH_KNOTS('',3,1,((#9097,#9098),(#9099,#9100),(#9101,
#9102),(#9103,#9104),(#9105,#9106)),.UNSPECIFIED.,.F.,.F.,.F.,(4,1,4),(2,
2),(0.,0.0136580382192585,0.0277753745131933),(0.,0.0499999999999998),
 .UNSPECIFIED.);
#4861=B_SPLINE_SURFACE_WITH_KNOTS('',3,1,((#9116,#9117),(#9118,#9119),(#9120,
#9121),(#9122,#9123),(#9124,#9125)),.UNSPECIFIED.,.F.,.F.,.F.,(4,1,4),(2,
2),(0.,0.0141174135741949,0.027775475173439),(0.,0.0499999999999998),
 .UNSPECIFIED.);
#4862=B_SPLINE_SURFACE_WITH_KNOTS('',3,1,((#9133,#9134),(#9135,#9136),(#9137,
#9138),(#9139,#9140),(#9141,#9142)),.UNSPECIFIED.,.F.,.F.,.F.,(4,1,4),(2,
2),(0.,0.013658093744196,0.0277753838590445),(0.,0.0499999999999998),
 .UNSPECIFIED.);
#4863=B_SPLINE_SURFACE_WITH_KNOTS('',3,1,((#9150,#9151),(#9152,#9153),(#9154,
#9155),(#9156,#9157),(#9158,#9159)),.UNSPECIFIED.,.F.,.F.,.F.,(4,1,4),(2,
2),(0.,0.0141172213172404,0.0277753764308245),(0.,0.0499999999999998),
 .UNSPECIFIED.);
#4864=B_SPLINE_SURFACE_WITH_KNOTS('',3,1,((#9167,#9168),(#9169,#9170),(#9171,
#9172),(#9173,#9174),(#9175,#9176)),.UNSPECIFIED.,.F.,.F.,.F.,(4,1,4),(2,
2),(0.,0.0141173362939349,0.0277753745131933),(0.,0.0499999999999998),
 .UNSPECIFIED.);
#4865=B_SPLINE_SURFACE_WITH_KNOTS('',3,1,((#9184,#9185),(#9186,#9187),(#9188,
#9189),(#9190,#9191),(#9192,#9193)),.UNSPECIFIED.,.F.,.F.,.F.,(4,1,4),(2,
2),(0.,0.0136581083559739,0.0277753862191755),(0.,0.0499999999999998),
 .UNSPECIFIED.);
#4866=B_SPLINE_SURFACE_WITH_KNOTS('',3,1,((#9201,#9202),(#9203,#9204),(#9205,
#9206),(#9207,#9208),(#9209,#9210)),.UNSPECIFIED.,.F.,.F.,.F.,(4,1,4),(2,
2),(0.,0.0141172778632015,0.0277753862191755),(0.,0.0499999999999998),
 .UNSPECIFIED.);
#4867=B_SPLINE_SURFACE_WITH_KNOTS('',3,1,((#9218,#9219),(#9220,#9221),(#9222,
#9223),(#9224,#9225),(#9226,#9227)),.UNSPECIFIED.,.F.,.F.,.F.,(4,1,4),(2,
2),(0.,0.0136580352968956,0.027775363108956),(0.,0.0499999999999998),
 .UNSPECIFIED.);
#4868=B_SPLINE_SURFACE_WITH_KNOTS('',3,1,((#9234,#9235),(#9236,#9237),(#9238,
#9239),(#9240,#9241),(#9242,#9243),(#9244,#9245)),.UNSPECIFIED.,.F.,.F.,
 .F.,(4,2,4),(2,2),(0.,0.0142466196927459,0.0285007807417496),(0.,0.0299999999999998),
 .UNSPECIFIED.);
#4869=B_SPLINE_SURFACE_WITH_KNOTS('',3,1,((#9266,#9267),(#9268,#9269),(#9270,
#9271),(#9272,#9273),(#9274,#9275),(#9276,#9277)),.UNSPECIFIED.,.F.,.F.,
 .F.,(4,2,4),(2,2),(0.,0.0146663656535987,0.0293249725856225),(0.,0.0299999999999998),
 .UNSPECIFIED.);
#4870=B_SPLINE_SURFACE_WITH_KNOTS('',3,1,((#9295,#9296),(#9297,#9298),(#9299,
#9300),(#9301,#9302),(#9303,#9304),(#9305,#9306)),.UNSPECIFIED.,.F.,.F.,
 .F.,(4,2,4),(2,2),(0.,0.0142466368030281,0.0285008121286382),(0.,0.0299999999999998),
 .UNSPECIFIED.);
#4871=B_SPLINE_SURFACE_WITH_KNOTS('',3,1,((#9327,#9328),(#9329,#9330),(#9331,
#9332),(#9333,#9334),(#9335,#9336),(#9337,#9338)),.UNSPECIFIED.,.F.,.F.,
 .F.,(4,2,4),(2,2),(0.,0.0146661897597667,0.0293246267700477),(0.,0.0299999999999998),
 .UNSPECIFIED.);
#4872=B_SPLINE_SURFACE_WITH_KNOTS('',3,1,((#9356,#9357),(#9358,#9359),(#9360,
#9361),(#9362,#9363),(#9364,#9365),(#9366,#9367)),.UNSPECIFIED.,.F.,.F.,
 .F.,(4,2,4),(2,2),(0.,0.0427399124530117,0.085502443666026),(0.,0.0299999999999998),
 .UNSPECIFIED.);
#4873=B_SPLINE_SURFACE_WITH_KNOTS('',3,1,((#9388,#9389),(#9390,#9391),(#9392,
#9393),(#9394,#9395),(#9396,#9397),(#9398,#9399)),.UNSPECIFIED.,.F.,.F.,
 .F.,(4,2,4),(2,2),(0.,0.0439988119003152,0.0879743546013723),(0.,0.0299999999999998),
 .UNSPECIFIED.);
#4874=B_SPLINE_SURFACE_WITH_KNOTS('',3,1,((#9417,#9418),(#9419,#9420),(#9421,
#9422),(#9423,#9424),(#9425,#9426),(#9427,#9428)),.UNSPECIFIED.,.F.,.F.,
 .F.,(4,2,4),(2,2),(0.,0.0427399683639148,0.0855025550597734),(0.,0.0299999999999998),
 .UNSPECIFIED.);
#4875=B_SPLINE_SURFACE_WITH_KNOTS('',3,1,((#9449,#9450),(#9451,#9452),(#9453,
#9454),(#9455,#9456),(#9457,#9458),(#9459,#9460)),.UNSPECIFIED.,.F.,.F.,
 .F.,(4,2,4),(2,2),(0.,0.0439988935659036,0.0879745144118426),(0.,0.0299999999999998),
 .UNSPECIFIED.);
#4876=B_SPLINE_SURFACE_WITH_KNOTS('',3,1,((#9478,#9479),(#9480,#9481),(#9482,
#9483),(#9484,#9485),(#9486,#9487),(#9488,#9489)),.UNSPECIFIED.,.F.,.F.,
 .F.,(4,2,4),(2,2),(0.,0.0142466259287652,0.0285007895958072),(0.,0.0299999999999998),
 .UNSPECIFIED.);
#4877=B_SPLINE_SURFACE_WITH_KNOTS('',3,1,((#9510,#9511),(#9512,#9513),(#9514,
#9515),(#9516,#9517),(#9518,#9519),(#9520,#9521)),.UNSPECIFIED.,.F.,.F.,
 .F.,(4,2,4),(2,2),(0.,0.0146661897597722,0.0293246267700616),(0.,0.0299999999999998),
 .UNSPECIFIED.);
#4878=B_SPLINE_SURFACE_WITH_KNOTS('',3,1,((#9539,#9540),(#9541,#9542),(#9543,
#9544),(#9545,#9546),(#9547,#9548),(#9549,#9550)),.UNSPECIFIED.,.F.,.F.,
 .F.,(4,2,4),(2,2),(0.,0.0142466316181571,0.0285008051380001),(0.,0.0299999999999998),
 .UNSPECIFIED.);
#4879=B_SPLINE_SURFACE_WITH_KNOTS('',3,1,((#9568,#9569),(#9570,#9571),(#9572,
#9573),(#9574,#9575),(#9576,#9577),(#9578,#9579)),.UNSPECIFIED.,.F.,.F.,
 .F.,(4,2,4),(2,2),(0.,0.0146662388276057,0.0293247220076496),(0.,0.0299999999999998),
 .UNSPECIFIED.);
#4880=B_SPLINE_SURFACE_WITH_KNOTS('',3,1,((#9597,#9598),(#9599,#9600),(#9601,
#9602),(#9603,#9604),(#9605,#9606),(#9607,#9608)),.UNSPECIFIED.,.F.,.F.,
 .F.,(4,2,4),(2,2),(0.,0.0142466062553616,0.0285007529368059),(0.,0.0299999999999998),
 .UNSPECIFIED.);
#4881=B_SPLINE_SURFACE_WITH_KNOTS('',3,1,((#9629,#9630),(#9631,#9632),(#9633,
#9634),(#9635,#9636),(#9637,#9638),(#9639,#9640)),.UNSPECIFIED.,.F.,.F.,
 .F.,(4,2,4),(2,2),(0.,0.0146663519006709,0.0293249438155427),(0.,0.0299999999999998),
 .UNSPECIFIED.);
#4882=B_SPLINE_SURFACE_WITH_KNOTS('',3,1,((#9671,#9672),(#9673,#9674),(#9675,
#9676),(#9677,#9678),(#9679,#9680)),.UNSPECIFIED.,.F.,.F.,.F.,(4,1,4),(2,
2),(0.,0.0141172382810965,0.0277753933946807),(0.,0.0499999999999998),
 .UNSPECIFIED.);
#4883=B_SPLINE_SURFACE_WITH_KNOTS('',3,1,((#9708,#9709),(#9710,#9711),(#9712,
#9713),(#9714,#9715),(#9716,#9717)),.UNSPECIFIED.,.F.,.F.,.F.,(4,1,4),(2,
2),(0.,0.0136581083559739,0.0277753862191755),(0.,0.0499999999999998),
 .UNSPECIFIED.);
#4884=B_SPLINE_SURFACE_WITH_KNOTS('',3,1,((#9725,#9726),(#9727,#9728),(#9729,
#9730),(#9731,#9732),(#9733,#9734)),.UNSPECIFIED.,.F.,.F.,.F.,(4,1,4),(2,
2),(0.,0.0141172382810965,0.0277753933946807),(0.,0.0499999999999998),
 .UNSPECIFIED.);
#4885=B_SPLINE_SURFACE_WITH_KNOTS('',3,1,((#9742,#9743),(#9744,#9745),(#9746,
#9747),(#9748,#9749),(#9750,#9751)),.UNSPECIFIED.,.F.,.F.,.F.,(4,1,4),(2,
2),(0.,0.0136580382192585,0.0277753745131933),(0.,0.0499999999999998),
 .UNSPECIFIED.);
#4886=B_SPLINE_SURFACE_WITH_KNOTS('',3,1,((#9759,#9760),(#9761,#9762),(#9763,
#9764),(#9765,#9766),(#9767,#9768)),.UNSPECIFIED.,.F.,.F.,.F.,(4,1,4),(2,
2),(0.,0.0141172778632015,0.0277753862191755),(0.,0.0499999999999998),
 .UNSPECIFIED.);
#4887=B_SPLINE_SURFACE_WITH_KNOTS('',3,1,((#9780,#9781),(#9782,#9783),(#9784,
#9785),(#9786,#9787),(#9788,#9789)),.UNSPECIFIED.,.F.,.F.,.F.,(4,1,4),(2,
2),(0.,0.0136580499088661,0.0277753522753667),(0.,0.0499999999999998),
 .UNSPECIFIED.);
#4888=B_SPLINE_SURFACE_WITH_KNOTS('',3,1,((#9797,#9798),(#9799,#9800),(#9801,
#9802),(#9803,#9804),(#9805,#9806)),.UNSPECIFIED.,.F.,.F.,.F.,(4,1,4),(2,
2),(0.,0.0141173362939349,0.0277753745131933),(0.,0.0499999999999998),
 .UNSPECIFIED.);
#4889=B_SPLINE_SURFACE_WITH_KNOTS('',3,1,((#9814,#9815),(#9816,#9817),(#9818,
#9819),(#9820,#9821),(#9822,#9823)),.UNSPECIFIED.,.F.,.F.,.F.,(4,1,4),(2,
2),(0.,0.0136581083559739,0.0277754107224745),(0.,0.0499999999999998),
 .UNSPECIFIED.);
#4890=B_SPLINE_SURFACE_WITH_KNOTS('',3,1,((#9835,#9836),(#9837,#9838),(#9839,
#9840),(#9841,#9842),(#9843,#9844)),.UNSPECIFIED.,.F.,.F.,.F.,(4,1,4),(2,
2),(0.,0.014117345718358,0.0277754306954668),(0.,0.0499999999999998),
 .UNSPECIFIED.);
#4891=B_SPLINE_SURFACE_WITH_KNOTS('',3,1,((#9852,#9853),(#9854,#9855),(#9856,
#9857),(#9858,#9859),(#9860,#9861)),.UNSPECIFIED.,.F.,.F.,.F.,(4,1,4),(2,
2),(0.,0.0136580382192585,0.0277753575494549),(0.,0.0499999999999998),
 .UNSPECIFIED.);
#4892=B_SPLINE_SURFACE_WITH_KNOTS('',3,1,((#9871,#9872),(#9873,#9874),(#9875,
#9876),(#9877,#9878),(#9879,#9880)),.UNSPECIFIED.,.F.,.F.,.F.,(4,1,4),(2,
2),(0.,0.0423519108688575,0.0833261424209452),(0.,0.0499999999999998),
 .UNSPECIFIED.);
#4893=B_SPLINE_SURFACE_WITH_KNOTS('',3,1,((#9888,#9889),(#9890,#9891),(#9892,
#9893),(#9894,#9895),(#9896,#9897)),.UNSPECIFIED.,.F.,.F.,.F.,(4,1,4),(2,
2),(0.,0.040974278309858,0.0833262231063417),(0.,0.0499999999999998),
 .UNSPECIFIED.);
#4894=B_SPLINE_SURFACE_WITH_KNOTS('',3,1,((#9909,#9910),(#9911,#9912),(#9913,
#9914),(#9915,#9916),(#9917,#9918)),.UNSPECIFIED.,.F.,.F.,.F.,(4,1,4),(2,
2),(0.,0.042351876941288,0.0833261786300112),(0.,0.0499999999999998),
 .UNSPECIFIED.);
#4895=B_SPLINE_SURFACE_WITH_KNOTS('',3,1,((#9926,#9927),(#9928,#9929),(#9930,
#9931),(#9932,#9933),(#9934,#9935)),.UNSPECIFIED.,.F.,.F.,.F.,(4,1,4),(2,
2),(0.,0.0409742315520877,0.0833261424209452),(0.,0.0499999999999998),
 .UNSPECIFIED.);
#4896=B_SPLINE_SURFACE_WITH_KNOTS('',3,1,((#9946,#9947),(#9948,#9949),(#9950,
#9951),(#9952,#9953),(#9954,#9955),(#9956,#9957)),.UNSPECIFIED.,.F.,.F.,
 .F.,(4,2,4),(2,2),(0.,0.0142466062553634,0.0285007529368104),(0.,0.0299999999999998),
 .UNSPECIFIED.);
#4897=B_SPLINE_SURFACE_WITH_KNOTS('',3,1,((#9978,#9979),(#9980,#9981),(#9982,
#9983),(#9984,#9985),(#9986,#9987),(#9988,#9989)),.UNSPECIFIED.,.F.,.F.,
 .F.,(4,2,4),(2,2),(0.,0.0146663519006716,0.0293249438155445),(0.,0.0299999999999998),
 .UNSPECIFIED.);
#4898=B_SPLINE_SURFACE_WITH_KNOTS('',3,1,((#10007,#10008),(#10009,#10010),
(#10011,#10012),(#10013,#10014),(#10015,#10016),(#10017,#10018)),
 .UNSPECIFIED.,.F.,.F.,.F.,(4,2,4),(2,2),(0.,0.0142466316181575,0.0285008051380004),
(0.,0.0299999999999998),.UNSPECIFIED.);
#4899=B_SPLINE_SURFACE_WITH_KNOTS('',3,1,((#10036,#10037),(#10038,#10039),
(#10040,#10041),(#10042,#10043),(#10044,#10045),(#10046,#10047)),
 .UNSPECIFIED.,.F.,.F.,.F.,(4,2,4),(2,2),(0.,0.0146663519006728,0.0293249438155482),
(0.,0.0299999999999998),.UNSPECIFIED.);
#4900=B_SPLINE_SURFACE_WITH_KNOTS('',3,1,((#10065,#10066),(#10067,#10068),
(#10069,#10070),(#10071,#10072),(#10073,#10074),(#10075,#10076)),
 .UNSPECIFIED.,.F.,.F.,.F.,(4,2,4),(2,2),(0.,0.0142466468920046,0.0285008347338247),
(0.,0.0299999999999998),.UNSPECIFIED.);
#4901=B_SPLINE_SURFACE_WITH_KNOTS('',3,1,((#10097,#10098),(#10099,#10100),
(#10101,#10102),(#10103,#10104),(#10105,#10106),(#10107,#10108)),
 .UNSPECIFIED.,.F.,.F.,.F.,(4,2,4),(2,2),(0.,0.0146663519006671,0.0293249438155357),
(0.,0.0299999999999998),.UNSPECIFIED.);
#4902=B_SPLINE_SURFACE_WITH_KNOTS('',3,1,((#10126,#10127),(#10128,#10129),
(#10130,#10131),(#10132,#10133),(#10134,#10135),(#10136,#10137)),
 .UNSPECIFIED.,.F.,.F.,.F.,(4,2,4),(2,2),(0.,0.0427399124530153,0.0855024436660339),
(0.,0.0299999999999998),.UNSPECIFIED.);
#4903=B_SPLINE_SURFACE_WITH_KNOTS('',3,1,((#10158,#10159),(#10160,#10161),
(#10162,#10163),(#10164,#10165),(#10166,#10167),(#10168,#10169)),
 .UNSPECIFIED.,.F.,.F.,.F.,(4,2,4),(2,2),(0.,0.0439989792611427,0.0879746844398352),
(0.,0.0299999999999998),.UNSPECIFIED.);
#4904=B_SPLINE_SURFACE_WITH_KNOTS('',3,1,((#10187,#10188),(#10189,#10190),
(#10191,#10192),(#10193,#10194),(#10195,#10196),(#10197,#10198)),
 .UNSPECIFIED.,.F.,.F.,.F.,(4,2,4),(2,2),(0.,0.0142466215291982,0.0285007825327011),
(0.,0.0299999999999998),.UNSPECIFIED.);
#4905=B_SPLINE_SURFACE_WITH_KNOTS('',3,1,((#10216,#10217),(#10218,#10219),
(#10220,#10221),(#10222,#10223),(#10224,#10225),(#10226,#10227)),
 .UNSPECIFIED.,.F.,.F.,.F.,(4,2,4),(2,2),(0.,0.0146661636554411,0.0293245751293647),
(0.,0.0299999999999998),.UNSPECIFIED.);
#4906=B_SPLINE_SURFACE_WITH_KNOTS('',3,1,((#10245,#10246),(#10247,#10248),
(#10249,#10250),(#10251,#10252),(#10253,#10254),(#10255,#10256)),
 .UNSPECIFIED.,.F.,.F.,.F.,(4,2,4),(2,2),(0.,0.0142466372912608,0.0285008089949983),
(0.,0.0299999999999998),.UNSPECIFIED.);
#4907=B_SPLINE_SURFACE_WITH_KNOTS('',3,1,((#10274,#10275),(#10276,#10277),
(#10278,#10279),(#10280,#10281),(#10282,#10283),(#10284,#10285)),
 .UNSPECIFIED.,.F.,.F.,.F.,(4,2,4),(2,2),(0.,0.0146663656535801,0.0293249725855752),
(0.,0.0299999999999998),.UNSPECIFIED.);
#4908=B_SPLINE_SURFACE_WITH_KNOTS('',3,1,((#10303,#10304),(#10305,#10306),
(#10307,#10308),(#10309,#10310),(#10311,#10312),(#10313,#10314)),
 .UNSPECIFIED.,.F.,.F.,.F.,(4,2,4),(2,2),(0.,0.0142466722552995,0.0285008869360646),
(0.,0.0299999999999998),.UNSPECIFIED.);
#4909=B_SPLINE_SURFACE_WITH_KNOTS('',3,1,((#10332,#10333),(#10334,#10335),
(#10336,#10337),(#10338,#10339),(#10340,#10341),(#10342,#10343)),
 .UNSPECIFIED.,.F.,.F.,.F.,(4,2,4),(2,2),(0.,0.014666325797712,0.0293248921778442),
(0.,0.0299999999999998),.UNSPECIFIED.);
#4910=B_SPLINE_SURFACE_WITH_KNOTS('',3,1,((#10367,#10368),(#10369,#10370),
(#10371,#10372),(#10373,#10374),(#10375,#10376)),.UNSPECIFIED.,.F.,.F.,
 .F.,(4,1,4),(2,2),(0.,0.0409742315520877,0.0833261424209452),(0.,0.0499999999999998),
 .UNSPECIFIED.);
#4911=B_SPLINE_SURFACE_WITH_KNOTS('',3,1,((#10386,#10387),(#10388,#10389),
(#10390,#10391),(#10392,#10393),(#10394,#10395)),.UNSPECIFIED.,.F.,.F.,
 .F.,(4,1,4),(2,2),(0.,0.0423519692996907,0.0833262183859593),(0.,0.0499999999999998),
 .UNSPECIFIED.);
#4912=B_SPLINE_SURFACE_WITH_KNOTS('',3,1,((#10403,#10404),(#10405,#10406),
(#10407,#10408),(#10409,#10410),(#10411,#10412)),.UNSPECIFIED.,.F.,.F.,
 .F.,(4,1,4),(2,2),(0.,0.0136580791324188,0.0277753814989193),(0.,0.0499999999999998),
 .UNSPECIFIED.);
#4913=B_SPLINE_SURFACE_WITH_KNOTS('',3,1,((#10420,#10421),(#10422,#10423),
(#10424,#10425),(#10426,#10427),(#10428,#10429)),.UNSPECIFIED.,.F.,.F.,
 .F.,(4,1,4),(2,2),(0.,0.0141172213172404,0.0277753764308245),(0.,0.0499999999999998),
 .UNSPECIFIED.);
#4914=B_SPLINE_SURFACE_WITH_KNOTS('',3,1,((#10437,#10438),(#10439,#10440),
(#10441,#10442),(#10443,#10444),(#10445,#10446)),.UNSPECIFIED.,.F.,.F.,
 .F.,(4,1,4),(2,2),(0.,0.0136581551135841,0.0277753764308245),(0.,0.0499999999999998),
 .UNSPECIFIED.);
#4915=B_SPLINE_SURFACE_WITH_KNOTS('',3,1,((#10454,#10455),(#10456,#10457),
(#10458,#10459),(#10460,#10461),(#10462,#10463)),.UNSPECIFIED.,.F.,.F.,
 .F.,(4,1,4),(2,2),(0.,0.014117345718358,0.0277754306954668),(0.,0.0499999999999998),
 .UNSPECIFIED.);
#4916=B_SPLINE_SURFACE_WITH_KNOTS('',3,1,((#10471,#10472),(#10473,#10474),
(#10475,#10476),(#10477,#10478),(#10479,#10480)),.UNSPECIFIED.,.F.,.F.,
 .F.,(4,1,4),(2,2),(0.,0.0136580557535036,0.0277754259750428),(0.,0.0499999999999998),
 .UNSPECIFIED.);
#4917=B_SPLINE_SURFACE_WITH_KNOTS('',3,1,((#10488,#10489),(#10490,#10491),
(#10492,#10493),(#10494,#10495),(#10496,#10497)),.UNSPECIFIED.,.F.,.F.,
 .F.,(4,1,4),(2,2),(0.,0.0141173193301965,0.0277753575494549),(0.,0.0499999999999998),
 .UNSPECIFIED.);
#4918=B_SPLINE_SURFACE_WITH_KNOTS('',3,1,((#10513,#10514),(#10515,#10516),
(#10517,#10518),(#10519,#10520),(#10521,#10522)),.UNSPECIFIED.,.F.,.F.,
 .F.,(4,1,4),(2,2),(0.,0.0141173362939349,0.0277753745131933),(0.,0.0499999999999998),
 .UNSPECIFIED.);
#4919=B_SPLINE_SURFACE_WITH_KNOTS('',3,1,((#10530,#10531),(#10532,#10533),
(#10534,#10535),(#10536,#10537),(#10538,#10539)),.UNSPECIFIED.,.F.,.F.,
 .F.,(4,1,4),(2,2),(0.,0.0136580674428361,0.027775403736771),(0.,0.0499999999999998),
 .UNSPECIFIED.);
#4920=B_SPLINE_SURFACE_WITH_KNOTS('',3,1,((#10551,#10552),(#10553,#10554),
(#10555,#10556),(#10557,#10558),(#10559,#10560)),.UNSPECIFIED.,.F.,.F.,
 .F.,(4,1,4),(2,2),(0.,0.0141173362939349,0.0277753745131933),(0.,0.0499999999999998),
 .UNSPECIFIED.);
#4921=B_SPLINE_SURFACE_WITH_KNOTS('',3,1,((#10568,#10569),(#10570,#10571),
(#10572,#10573),(#10574,#10575),(#10576,#10577)),.UNSPECIFIED.,.F.,.F.,
 .F.,(4,1,4),(2,2),(0.,0.0136580382192585,0.0277753745131933),(0.,0.0499999999999998),
 .UNSPECIFIED.);
#4922=B_SPLINE_SURFACE_WITH_KNOTS('',3,1,((#10585,#10586),(#10587,#10588),
(#10589,#10590),(#10591,#10592),(#10593,#10594)),.UNSPECIFIED.,.F.,.F.,
 .F.,(4,1,4),(2,2),(0.,0.0141173362939349,0.0277753745131933),(0.,0.0499999999999998),
 .UNSPECIFIED.);
#4923=B_SPLINE_SURFACE_WITH_KNOTS('',3,1,((#10602,#10603),(#10604,#10605),
(#10606,#10607),(#10608,#10609),(#10610,#10611)),.UNSPECIFIED.,.F.,.F.,
 .F.,(4,1,4),(2,2),(0.,0.0136580499088661,0.0277753522753667),(0.,0.0499999999999998),
 .UNSPECIFIED.);
#4924=B_SPLINE_SURFACE_WITH_KNOTS('',3,1,((#10622,#10623),(#10624,#10625),
(#10626,#10627),(#10628,#10629),(#10630,#10631),(#10632,#10633)),
 .UNSPECIFIED.,.F.,.F.,.F.,(4,2,4),(2,2),(0.,0.0142466474731738,0.0285008343979093),
(0.,0.0299999999999998),.UNSPECIFIED.);
#4925=B_SPLINE_SURFACE_WITH_KNOTS('',3,1,((#10654,#10655),(#10656,#10657),
(#10658,#10659),(#10660,#10661),(#10662,#10663),(#10664,#10665)),
 .UNSPECIFIED.,.F.,.F.,.F.,(4,2,4),(2,2),(0.,0.0146663453749246,0.029324930906103),
(0.,0.0299999999999998),.UNSPECIFIED.);
#4926=B_SPLINE_SURFACE_WITH_KNOTS('',3,1,((#10683,#10684),(#10685,#10686),
(#10687,#10688),(#10689,#10690),(#10691,#10692),(#10693,#10694)),
 .UNSPECIFIED.,.F.,.F.,.F.,(4,2,4),(2,2),(0.,0.0142466483102705,0.0285008356978338),
(0.,0.0299999999999998),.UNSPECIFIED.);
#4927=B_SPLINE_SURFACE_WITH_KNOTS('',3,1,((#10715,#10716),(#10717,#10718),
(#10719,#10720),(#10721,#10722),(#10723,#10724),(#10725,#10726)),
 .UNSPECIFIED.,.F.,.F.,.F.,(4,2,4),(2,2),(0.,0.0146663045222588,0.0293248516120425),
(0.,0.0299999999999998),.UNSPECIFIED.);
#4928=B_SPLINE_SURFACE_WITH_KNOTS('',3,1,((#10744,#10745),(#10746,#10747),
(#10748,#10749),(#10750,#10751),(#10752,#10753),(#10754,#10755)),
 .UNSPECIFIED.,.F.,.F.,.F.,(4,2,4),(2,2),(0.,0.0142466501917231,0.028500840031101),
(0.,0.0299999999999998),.UNSPECIFIED.);
#4929=B_SPLINE_SURFACE_WITH_KNOTS('',3,1,((#10773,#10774),(#10775,#10776),
(#10777,#10778),(#10779,#10780),(#10781,#10782),(#10783,#10784)),
 .UNSPECIFIED.,.F.,.F.,.F.,(4,2,4),(2,2),(0.,0.0142466512916339,0.0285008417968949),
(0.,0.0299999999999998),.UNSPECIFIED.);
#4930=B_SPLINE_SURFACE_WITH_KNOTS('',3,1,((#10805,#10806),(#10807,#10808),
(#10809,#10810),(#10811,#10812),(#10813,#10814),(#10815,#10816)),
 .UNSPECIFIED.,.F.,.F.,.F.,(4,2,4),(2,2),(0.,0.0146663336492565,0.0293249092966841),
(0.,0.0299999999999998),.UNSPECIFIED.);
#4931=B_SPLINE_SURFACE_WITH_KNOTS('',3,1,((#10834,#10835),(#10836,#10837),
(#10838,#10839),(#10840,#10841),(#10842,#10843),(#10844,#10845)),
 .UNSPECIFIED.,.F.,.F.,.F.,(4,2,4),(2,2),(0.,0.0142466316181557,0.0285008051379962),
(0.,0.0299999999999998),.UNSPECIFIED.);
#4932=B_SPLINE_SURFACE_WITH_KNOTS('',3,1,((#10863,#10864),(#10865,#10866),
(#10867,#10868),(#10869,#10870),(#10871,#10872),(#10873,#10874)),
 .UNSPECIFIED.,.F.,.F.,.F.,(4,2,4),(2,2),(0.,0.0146663022407164,0.0293248472969296),
(0.,0.0299999999999998),.UNSPECIFIED.);
#4933=B_SPLINE_SURFACE_WITH_KNOTS('',3,1,((#10892,#10893),(#10894,#10895),
(#10896,#10897),(#10898,#10899),(#10900,#10901),(#10902,#10903)),
 .UNSPECIFIED.,.F.,.F.,.F.,(4,2,4),(2,2),(0.,0.014246631618157,0.0285008051380011),
(0.,0.0299999999999998),.UNSPECIFIED.);
#4934=B_SPLINE_SURFACE_WITH_KNOTS('',3,1,((#10924,#10925),(#10926,#10927),
(#10928,#10929),(#10930,#10931),(#10932,#10933),(#10934,#10935)),
 .UNSPECIFIED.,.F.,.F.,.F.,(4,2,4),(2,2),(0.,0.0146662708320153,0.0293247852968071),
(0.,0.0299999999999998),.UNSPECIFIED.);
#4935=B_SPLINE_SURFACE_WITH_KNOTS('',3,1,((#10953,#10954),(#10955,#10956),
(#10957,#10958),(#10959,#10960),(#10961,#10962),(#10963,#10964)),
 .UNSPECIFIED.,.F.,.F.,.F.,(4,2,4),(2,2),(0.,0.0142466621658413,0.0285008643296869),
(0.,0.0299999999999998),.UNSPECIFIED.);
#4936=B_SPLINE_SURFACE_WITH_KNOTS('',3,1,((#10982,#10983),(#10984,#10985),
(#10986,#10987),(#10988,#10989),(#10990,#10991),(#10992,#10993)),
 .UNSPECIFIED.,.F.,.F.,.F.,(4,2,4),(2,2),(0.,0.0146663519006662,0.0293249438155308),
(0.,0.0299999999999998),.UNSPECIFIED.);
#4937=B_SPLINE_SURFACE_WITH_KNOTS('',3,1,((#11011,#11012),(#11013,#11014),
(#11015,#11016),(#11017,#11018),(#11019,#11020),(#11021,#11022)),
 .UNSPECIFIED.,.F.,.F.,.F.,(4,2,4),(2,2),(0.,0.0142466256554464,0.0285007929398618),
(0.,0.0299999999999998),.UNSPECIFIED.);
#4938=B_SPLINE_SURFACE_WITH_KNOTS('',3,1,((#11043,#11044),(#11045,#11046),
(#11047,#11048),(#11049,#11050),(#11051,#11052),(#11053,#11054)),
 .UNSPECIFIED.,.F.,.F.,.F.,(4,2,4),(2,2),(0.,0.0146663123744028,0.0293248671120029),
(0.,0.0299999999999998),.UNSPECIFIED.);
#4939=B_SPLINE_SURFACE_WITH_KNOTS('',3,1,((#11080,#11081),(#11082,#11083),
(#11084,#11085),(#11086,#11087),(#11088,#11089)),.UNSPECIFIED.,.F.,.F.,
 .F.,(4,1,4),(2,2),(0.,0.0141173117906947,0.027775408457111),(0.,0.0499999999999998),
 .UNSPECIFIED.);
#4940=B_SPLINE_SURFACE_WITH_KNOTS('',3,1,((#11103,#11104),(#11105,#11106),
(#11107,#11108),(#11109,#11110),(#11111,#11112)),.UNSPECIFIED.,.F.,.F.,
 .F.,(4,1,4),(2,2),(0.,0.0136580382192585,0.0277753745131933),(0.,0.0499999999999998),
 .UNSPECIFIED.);
#4941=B_SPLINE_SURFACE_WITH_KNOTS('',3,1,((#11120,#11121),(#11122,#11123),
(#11124,#11125),(#11126,#11127),(#11128,#11129)),.UNSPECIFIED.,.F.,.F.,
 .F.,(4,1,4),(2,2),(0.,0.0141172872874749,0.0277753839538912),(0.,0.0499999999999998),
 .UNSPECIFIED.);
#4942=B_SPLINE_SURFACE_WITH_KNOTS('',3,1,((#11137,#11138),(#11139,#11140),
(#11141,#11142),(#11143,#11144),(#11145,#11146)),.UNSPECIFIED.,.F.,.F.,
 .F.,(4,1,4),(2,2),(0.,0.0136580966664163,0.0277754329603512),(0.,0.0499999999999998),
 .UNSPECIFIED.);
#4943=B_SPLINE_SURFACE_WITH_KNOTS('',3,1,((#11154,#11155),(#11156,#11157),
(#11158,#11159),(#11160,#11161),(#11162,#11163)),.UNSPECIFIED.,.F.,.F.,
 .F.,(4,1,4),(2,2),(0.,0.0141173362939349,0.0277753745131933),(0.,0.0499999999999998),
 .UNSPECIFIED.);
#4944=B_SPLINE_SURFACE_WITH_KNOTS('',3,1,((#11183,#11184),(#11185,#11186),
(#11187,#11188),(#11189,#11190),(#11191,#11192)),.UNSPECIFIED.,.F.,.F.,
 .F.,(4,1,4),(2,2),(0.,0.0136580382192585,0.0277753660313188),(0.,0.0499999999999998),
 .UNSPECIFIED.);
#4945=B_SPLINE_SURFACE_WITH_KNOTS('',3,1,((#11200,#11201),(#11202,#11203),
(#11204,#11205),(#11206,#11207),(#11208,#11209)),.UNSPECIFIED.,.F.,.F.,
 .F.,(4,1,4),(2,2),(0.,0.0141173179165028,0.0277754072770238),(0.,0.0499999999999998),
 .UNSPECIFIED.);
#4946=B_SPLINE_SURFACE_WITH_KNOTS('',3,1,((#11217,#11218),(#11219,#11220),
(#11221,#11222),(#11223,#11224),(#11225,#11226)),.UNSPECIFIED.,.F.,.F.,
 .F.,(4,1,4),(2,2),(0.,0.0136580382192585,0.0277753745131933),(0.,0.0499999999999998),
 .UNSPECIFIED.);
#4947=B_SPLINE_SURFACE_WITH_KNOTS('',3,1,((#11234,#11235),(#11236,#11237),
(#11238,#11239),(#11240,#11241),(#11242,#11243)),.UNSPECIFIED.,.F.,.F.,
 .F.,(4,1,4),(2,2),(0.,0.0141173362939349,0.0277754329603512),(0.,0.0499999999999998),
 .UNSPECIFIED.);
#4948=B_SPLINE_SURFACE_WITH_KNOTS('',3,1,((#11251,#11252),(#11253,#11254),
(#11255,#11256),(#11257,#11258),(#11259,#11260)),.UNSPECIFIED.,.F.,.F.,
 .F.,(4,1,4),(2,2),(0.,0.0136580966664163,0.027775408457111),(0.,0.0499999999999998),
 .UNSPECIFIED.);
#4949=B_SPLINE_SURFACE_WITH_KNOTS('',3,1,((#11276,#11277),(#11278,#11279),
(#11280,#11281),(#11282,#11283),(#11284,#11285)),.UNSPECIFIED.,.F.,.F.,
 .F.,(4,1,4),(2,2),(0.,0.013658089360521,0.0277754072770238),(0.,0.0499999999999998),
 .UNSPECIFIED.);
#4950=B_SPLINE_SURFACE_WITH_KNOTS('',3,1,((#11293,#11294),(#11295,#11296),
(#11297,#11298),(#11299,#11300),(#11301,#11302)),.UNSPECIFIED.,.F.,.F.,
 .F.,(4,1,4),(2,2),(0.,0.0141173117906947,0.0277754011512157),(0.,0.0499999999999998),
 .UNSPECIFIED.);
#4951=B_SPLINE_SURFACE_WITH_KNOTS('',3,1,((#11310,#11311),(#11312,#11313),
(#11314,#11315),(#11316,#11317),(#11318,#11319)),.UNSPECIFIED.,.F.,.F.,
 .F.,(4,1,4),(2,2),(0.,0.0136580966664163,0.027775404216165),(0.,0.0499999999999998),
 .UNSPECIFIED.);
#4952=B_SPLINE_SURFACE_WITH_KNOTS('',3,1,((#11331,#11332),(#11333,#11334),
(#11335,#11336),(#11337,#11338),(#11339,#11340)),.UNSPECIFIED.,.F.,.F.,
 .F.,(4,1,4),(2,2),(0.,0.0141173320529963,0.0277753702722547),(0.,0.0499999999999998),
 .UNSPECIFIED.);
#4953=B_SPLINE_SURFACE_WITH_KNOTS('',3,1,((#11348,#11349),(#11350,#11351),
(#11352,#11353),(#11354,#11355),(#11356,#11357)),.UNSPECIFIED.,.F.,.F.,
 .F.,(4,1,4),(2,2),(0.,0.013658089360521,0.0277754011512157),(0.,0.0499999999999998),
 .UNSPECIFIED.);
#4954=ADVANCED_FACE('',(#142),#4744,.T.);
#4955=ADVANCED_FACE('',(#143),#4745,.T.);
#4956=ADVANCED_FACE('',(#144),#4746,.T.);
#4957=ADVANCED_FACE('',(#145),#4747,.T.);
#4958=ADVANCED_FACE('',(#146),#4748,.T.);
#4959=ADVANCED_FACE('',(#147),#4749,.T.);
#4960=ADVANCED_FACE('',(#148),#4750,.T.);
#4961=ADVANCED_FACE('',(#149),#4751,.T.);
#4962=ADVANCED_FACE('',(#150),#4752,.T.);
#4963=ADVANCED_FACE('',(#151),#4753,.T.);
#4964=ADVANCED_FACE('',(#152),#4754,.T.);
#4965=ADVANCED_FACE('',(#153),#4755,.T.);
#4966=ADVANCED_FACE('',(#154),#4756,.T.);
#4967=ADVANCED_FACE('',(#155),#4757,.T.);
#4968=ADVANCED_FACE('',(#156),#4758,.T.);
#4969=ADVANCED_FACE('',(#157),#4759,.T.);
#4970=ADVANCED_FACE('',(#158,#41),#45,.T.);
#4971=ADVANCED_FACE('',(#159),#4760,.T.);
#4972=ADVANCED_FACE('',(#160),#4761,.T.);
#4973=ADVANCED_FACE('',(#161),#46,.T.);
#4974=ADVANCED_FACE('',(#162),#4762,.T.);
#4975=ADVANCED_FACE('',(#163),#4763,.T.);
#4976=ADVANCED_FACE('',(#164),#47,.T.);
#4977=ADVANCED_FACE('',(#165),#4764,.T.);
#4978=ADVANCED_FACE('',(#166),#4765,.T.);
#4979=ADVANCED_FACE('',(#167),#48,.T.);
#4980=ADVANCED_FACE('',(#168),#4766,.T.);
#4981=ADVANCED_FACE('',(#169),#4767,.T.);
#4982=ADVANCED_FACE('',(#170),#49,.T.);
#4983=ADVANCED_FACE('',(#171),#50,.T.);
#4984=ADVANCED_FACE('',(#172),#4768,.T.);
#4985=ADVANCED_FACE('',(#173),#4769,.T.);
#4986=ADVANCED_FACE('',(#174),#51,.T.);
#4987=ADVANCED_FACE('',(#175),#4770,.T.);
#4988=ADVANCED_FACE('',(#176),#4771,.T.);
#4989=ADVANCED_FACE('',(#177),#52,.T.);
#4990=ADVANCED_FACE('',(#178),#4772,.T.);
#4991=ADVANCED_FACE('',(#179),#4773,.T.);
#4992=ADVANCED_FACE('',(#180),#53,.T.);
#4993=ADVANCED_FACE('',(#181),#4774,.T.);
#4994=ADVANCED_FACE('',(#182),#4775,.T.);
#4995=ADVANCED_FACE('',(#183,#42),#54,.F.);
#4996=ADVANCED_FACE('',(#184),#4776,.T.);
#4997=ADVANCED_FACE('',(#185),#4777,.T.);
#4998=ADVANCED_FACE('',(#186),#4778,.T.);
#4999=ADVANCED_FACE('',(#187),#4779,.T.);
#5000=ADVANCED_FACE('',(#188),#4780,.T.);
#5001=ADVANCED_FACE('',(#189),#4781,.T.);
#5002=ADVANCED_FACE('',(#190),#4782,.T.);
#5003=ADVANCED_FACE('',(#191),#4783,.T.);
#5004=ADVANCED_FACE('',(#192),#4784,.T.);
#5005=ADVANCED_FACE('',(#193),#4785,.T.);
#5006=ADVANCED_FACE('',(#194),#4786,.T.);
#5007=ADVANCED_FACE('',(#195),#4787,.T.);
#5008=ADVANCED_FACE('',(#196),#4788,.T.);
#5009=ADVANCED_FACE('',(#197),#4789,.T.);
#5010=ADVANCED_FACE('',(#198),#4790,.T.);
#5011=ADVANCED_FACE('',(#199),#4791,.T.);
#5012=ADVANCED_FACE('',(#200),#4792,.T.);
#5013=ADVANCED_FACE('',(#201),#4793,.T.);
#5014=ADVANCED_FACE('',(#202),#4794,.T.);
#5015=ADVANCED_FACE('',(#203),#4795,.T.);
#5016=ADVANCED_FACE('',(#204),#4796,.T.);
#5017=ADVANCED_FACE('',(#205),#4797,.T.);
#5018=ADVANCED_FACE('',(#206),#4798,.T.);
#5019=ADVANCED_FACE('',(#207),#4799,.T.);
#5020=ADVANCED_FACE('',(#208),#55,.T.);
#5021=ADVANCED_FACE('',(#209),#4800,.T.);
#5022=ADVANCED_FACE('',(#210),#4801,.T.);
#5023=ADVANCED_FACE('',(#211),#56,.T.);
#5024=ADVANCED_FACE('',(#212),#4802,.T.);
#5025=ADVANCED_FACE('',(#213),#4803,.T.);
#5026=ADVANCED_FACE('',(#214),#57,.T.);
#5027=ADVANCED_FACE('',(#215),#4804,.T.);
#5028=ADVANCED_FACE('',(#216),#4805,.T.);
#5029=ADVANCED_FACE('',(#217),#4806,.T.);
#5030=ADVANCED_FACE('',(#218),#4807,.T.);
#5031=ADVANCED_FACE('',(#219),#4808,.T.);
#5032=ADVANCED_FACE('',(#220),#4809,.T.);
#5033=ADVANCED_FACE('',(#221),#4810,.T.);
#5034=ADVANCED_FACE('',(#222),#4811,.T.);
#5035=ADVANCED_FACE('',(#223),#58,.T.);
#5036=ADVANCED_FACE('',(#224),#59,.T.);
#5037=ADVANCED_FACE('',(#225),#4812,.T.);
#5038=ADVANCED_FACE('',(#226),#4813,.T.);
#5039=ADVANCED_FACE('',(#227),#4814,.T.);
#5040=ADVANCED_FACE('',(#228),#4815,.T.);
#5041=ADVANCED_FACE('',(#229),#4816,.T.);
#5042=ADVANCED_FACE('',(#230),#4817,.T.);
#5043=ADVANCED_FACE('',(#231),#4818,.T.);
#5044=ADVANCED_FACE('',(#232),#4819,.T.);
#5045=ADVANCED_FACE('',(#233),#60,.T.);
#5046=ADVANCED_FACE('',(#234),#4820,.T.);
#5047=ADVANCED_FACE('',(#235),#4821,.T.);
#5048=ADVANCED_FACE('',(#236),#61,.T.);
#5049=ADVANCED_FACE('',(#237),#4822,.T.);
#5050=ADVANCED_FACE('',(#238),#4823,.T.);
#5051=ADVANCED_FACE('',(#239),#62,.F.);
#5052=ADVANCED_FACE('',(#240),#4824,.T.);
#5053=ADVANCED_FACE('',(#241),#4825,.T.);
#5054=ADVANCED_FACE('',(#242),#4826,.T.);
#5055=ADVANCED_FACE('',(#243),#4827,.T.);
#5056=ADVANCED_FACE('',(#244),#4828,.T.);
#5057=ADVANCED_FACE('',(#245),#4829,.T.);
#5058=ADVANCED_FACE('',(#246),#4830,.T.);
#5059=ADVANCED_FACE('',(#247),#4831,.T.);
#5060=ADVANCED_FACE('',(#248),#4832,.T.);
#5061=ADVANCED_FACE('',(#249),#4833,.T.);
#5062=ADVANCED_FACE('',(#250),#4834,.T.);
#5063=ADVANCED_FACE('',(#251),#4835,.T.);
#5064=ADVANCED_FACE('',(#252),#4836,.T.);
#5065=ADVANCED_FACE('',(#253),#4837,.T.);
#5066=ADVANCED_FACE('',(#254),#63,.T.);
#5067=ADVANCED_FACE('',(#255),#4838,.T.);
#5068=ADVANCED_FACE('',(#256),#4839,.T.);
#5069=ADVANCED_FACE('',(#257),#4840,.T.);
#5070=ADVANCED_FACE('',(#258),#4841,.T.);
#5071=ADVANCED_FACE('',(#259),#64,.T.);
#5072=ADVANCED_FACE('',(#260),#4842,.T.);
#5073=ADVANCED_FACE('',(#261),#4843,.T.);
#5074=ADVANCED_FACE('',(#262),#4844,.T.);
#5075=ADVANCED_FACE('',(#263),#4845,.T.);
#5076=ADVANCED_FACE('',(#264),#65,.T.);
#5077=ADVANCED_FACE('',(#265),#66,.T.);
#5078=ADVANCED_FACE('',(#266),#67,.T.);
#5079=ADVANCED_FACE('',(#267),#68,.T.);
#5080=ADVANCED_FACE('',(#268),#4846,.T.);
#5081=ADVANCED_FACE('',(#269),#4847,.T.);
#5082=ADVANCED_FACE('',(#270),#69,.T.);
#5083=ADVANCED_FACE('',(#271),#4848,.T.);
#5084=ADVANCED_FACE('',(#272),#4849,.T.);
#5085=ADVANCED_FACE('',(#273),#4850,.T.);
#5086=ADVANCED_FACE('',(#274),#4851,.T.);
#5087=ADVANCED_FACE('',(#275),#70,.T.);
#5088=ADVANCED_FACE('',(#276),#71,.F.);
#5089=ADVANCED_FACE('',(#277),#72,.T.);
#5090=ADVANCED_FACE('',(#278),#73,.T.);
#5091=ADVANCED_FACE('',(#279),#74,.T.);
#5092=ADVANCED_FACE('',(#280),#75,.T.);
#5093=ADVANCED_FACE('',(#281),#76,.T.);
#5094=ADVANCED_FACE('',(#282),#77,.T.);
#5095=ADVANCED_FACE('',(#283),#78,.T.);
#5096=ADVANCED_FACE('',(#284),#79,.T.);
#5097=ADVANCED_FACE('',(#285),#80,.T.);
#5098=ADVANCED_FACE('',(#286),#81,.T.);
#5099=ADVANCED_FACE('',(#287),#82,.T.);
#5100=ADVANCED_FACE('',(#288),#83,.T.);
#5101=ADVANCED_FACE('',(#289),#84,.T.);
#5102=ADVANCED_FACE('',(#290),#85,.T.);
#5103=ADVANCED_FACE('',(#291),#86,.T.);
#5104=ADVANCED_FACE('',(#292),#87,.T.);
#5105=ADVANCED_FACE('',(#293),#88,.T.);
#5106=ADVANCED_FACE('',(#294),#89,.T.);
#5107=ADVANCED_FACE('',(#295),#90,.T.);
#5108=ADVANCED_FACE('',(#296),#91,.T.);
#5109=ADVANCED_FACE('',(#297),#92,.T.);
#5110=ADVANCED_FACE('',(#298),#93,.T.);
#5111=ADVANCED_FACE('',(#299),#94,.T.);
#5112=ADVANCED_FACE('',(#300),#95,.T.);
#5113=ADVANCED_FACE('',(#301),#96,.T.);
#5114=ADVANCED_FACE('',(#302),#97,.T.);
#5115=ADVANCED_FACE('',(#303),#98,.T.);
#5116=ADVANCED_FACE('',(#304),#99,.T.);
#5117=ADVANCED_FACE('',(#305),#100,.T.);
#5118=ADVANCED_FACE('',(#306),#101,.T.);
#5119=ADVANCED_FACE('',(#307),#102,.T.);
#5120=ADVANCED_FACE('',(#308),#103,.T.);
#5121=ADVANCED_FACE('',(#309),#104,.T.);
#5122=ADVANCED_FACE('',(#310),#105,.T.);
#5123=ADVANCED_FACE('',(#311),#106,.T.);
#5124=ADVANCED_FACE('',(#312),#107,.T.);
#5125=ADVANCED_FACE('',(#313),#108,.T.);
#5126=ADVANCED_FACE('',(#314),#109,.T.);
#5127=ADVANCED_FACE('',(#315),#110,.T.);
#5128=ADVANCED_FACE('',(#316),#111,.T.);
#5129=ADVANCED_FACE('',(#317),#112,.T.);
#5130=ADVANCED_FACE('',(#318),#113,.T.);
#5131=ADVANCED_FACE('',(#319),#4852,.T.);
#5132=ADVANCED_FACE('',(#320),#4853,.T.);
#5133=ADVANCED_FACE('',(#321),#4854,.T.);
#5134=ADVANCED_FACE('',(#322),#4855,.T.);
#5135=ADVANCED_FACE('',(#323),#4856,.T.);
#5136=ADVANCED_FACE('',(#324),#4857,.T.);
#5137=ADVANCED_FACE('',(#325),#4858,.T.);
#5138=ADVANCED_FACE('',(#326),#4859,.T.);
#5139=ADVANCED_FACE('',(#327),#114,.T.);
#5140=ADVANCED_FACE('',(#328),#4860,.T.);
#5141=ADVANCED_FACE('',(#329),#4861,.T.);
#5142=ADVANCED_FACE('',(#330),#4862,.T.);
#5143=ADVANCED_FACE('',(#331),#4863,.T.);
#5144=ADVANCED_FACE('',(#332),#4864,.T.);
#5145=ADVANCED_FACE('',(#333),#4865,.T.);
#5146=ADVANCED_FACE('',(#334),#4866,.T.);
#5147=ADVANCED_FACE('',(#335),#4867,.T.);
#5148=ADVANCED_FACE('',(#336),#115,.F.);
#5149=ADVANCED_FACE('',(#337),#4868,.T.);
#5150=ADVANCED_FACE('',(#338),#4869,.T.);
#5151=ADVANCED_FACE('',(#339),#4870,.T.);
#5152=ADVANCED_FACE('',(#340),#4871,.T.);
#5153=ADVANCED_FACE('',(#341),#4872,.T.);
#5154=ADVANCED_FACE('',(#342),#4873,.T.);
#5155=ADVANCED_FACE('',(#343),#4874,.T.);
#5156=ADVANCED_FACE('',(#344),#4875,.T.);
#5157=ADVANCED_FACE('',(#345),#4876,.T.);
#5158=ADVANCED_FACE('',(#346),#4877,.T.);
#5159=ADVANCED_FACE('',(#347),#4878,.T.);
#5160=ADVANCED_FACE('',(#348),#4879,.T.);
#5161=ADVANCED_FACE('',(#349),#4880,.T.);
#5162=ADVANCED_FACE('',(#350),#4881,.T.);
#5163=ADVANCED_FACE('',(#351,#43),#116,.T.);
#5164=ADVANCED_FACE('',(#352),#4882,.T.);
#5165=ADVANCED_FACE('',(#353),#117,.T.);
#5166=ADVANCED_FACE('',(#354),#118,.T.);
#5167=ADVANCED_FACE('',(#355),#119,.T.);
#5168=ADVANCED_FACE('',(#356),#120,.T.);
#5169=ADVANCED_FACE('',(#357),#4883,.T.);
#5170=ADVANCED_FACE('',(#358),#4884,.T.);
#5171=ADVANCED_FACE('',(#359),#4885,.T.);
#5172=ADVANCED_FACE('',(#360),#4886,.T.);
#5173=ADVANCED_FACE('',(#361),#121,.T.);
#5174=ADVANCED_FACE('',(#362),#4887,.T.);
#5175=ADVANCED_FACE('',(#363),#4888,.T.);
#5176=ADVANCED_FACE('',(#364),#4889,.T.);
#5177=ADVANCED_FACE('',(#365),#122,.T.);
#5178=ADVANCED_FACE('',(#366),#4890,.T.);
#5179=ADVANCED_FACE('',(#367),#4891,.T.);
#5180=ADVANCED_FACE('',(#368),#123,.T.);
#5181=ADVANCED_FACE('',(#369),#4892,.T.);
#5182=ADVANCED_FACE('',(#370),#4893,.T.);
#5183=ADVANCED_FACE('',(#371),#124,.T.);
#5184=ADVANCED_FACE('',(#372),#4894,.T.);
#5185=ADVANCED_FACE('',(#373),#4895,.T.);
#5186=ADVANCED_FACE('',(#374),#125,.T.);
#5187=ADVANCED_FACE('',(#375,#44),#126,.F.);
#5188=ADVANCED_FACE('',(#376),#4896,.T.);
#5189=ADVANCED_FACE('',(#377),#4897,.T.);
#5190=ADVANCED_FACE('',(#378),#4898,.T.);
#5191=ADVANCED_FACE('',(#379),#4899,.T.);
#5192=ADVANCED_FACE('',(#380),#4900,.T.);
#5193=ADVANCED_FACE('',(#381),#4901,.T.);
#5194=ADVANCED_FACE('',(#382),#4902,.T.);
#5195=ADVANCED_FACE('',(#383),#4903,.T.);
#5196=ADVANCED_FACE('',(#384),#4904,.T.);
#5197=ADVANCED_FACE('',(#385),#4905,.T.);
#5198=ADVANCED_FACE('',(#386),#4906,.T.);
#5199=ADVANCED_FACE('',(#387),#4907,.T.);
#5200=ADVANCED_FACE('',(#388),#4908,.T.);
#5201=ADVANCED_FACE('',(#389),#4909,.T.);
#5202=ADVANCED_FACE('',(#390),#127,.T.);
#5203=ADVANCED_FACE('',(#391),#4910,.T.);
#5204=ADVANCED_FACE('',(#392),#4911,.T.);
#5205=ADVANCED_FACE('',(#393),#4912,.T.);
#5206=ADVANCED_FACE('',(#394),#4913,.T.);
#5207=ADVANCED_FACE('',(#395),#4914,.T.);
#5208=ADVANCED_FACE('',(#396),#4915,.T.);
#5209=ADVANCED_FACE('',(#397),#4916,.T.);
#5210=ADVANCED_FACE('',(#398),#4917,.T.);
#5211=ADVANCED_FACE('',(#399),#128,.T.);
#5212=ADVANCED_FACE('',(#400),#129,.T.);
#5213=ADVANCED_FACE('',(#401),#4918,.T.);
#5214=ADVANCED_FACE('',(#402),#4919,.T.);
#5215=ADVANCED_FACE('',(#403),#130,.T.);
#5216=ADVANCED_FACE('',(#404),#4920,.T.);
#5217=ADVANCED_FACE('',(#405),#4921,.T.);
#5218=ADVANCED_FACE('',(#406),#4922,.T.);
#5219=ADVANCED_FACE('',(#407),#4923,.T.);
#5220=ADVANCED_FACE('',(#408),#131,.T.);
#5221=ADVANCED_FACE('',(#409),#132,.F.);
#5222=ADVANCED_FACE('',(#410),#4924,.T.);
#5223=ADVANCED_FACE('',(#411),#4925,.T.);
#5224=ADVANCED_FACE('',(#412),#4926,.T.);
#5225=ADVANCED_FACE('',(#413),#4927,.T.);
#5226=ADVANCED_FACE('',(#414),#4928,.T.);
#5227=ADVANCED_FACE('',(#415),#4929,.T.);
#5228=ADVANCED_FACE('',(#416),#4930,.T.);
#5229=ADVANCED_FACE('',(#417),#4931,.T.);
#5230=ADVANCED_FACE('',(#418),#4932,.T.);
#5231=ADVANCED_FACE('',(#419),#4933,.T.);
#5232=ADVANCED_FACE('',(#420),#4934,.T.);
#5233=ADVANCED_FACE('',(#421),#4935,.T.);
#5234=ADVANCED_FACE('',(#422),#4936,.T.);
#5235=ADVANCED_FACE('',(#423),#4937,.T.);
#5236=ADVANCED_FACE('',(#424),#4938,.T.);
#5237=ADVANCED_FACE('',(#425),#133,.T.);
#5238=ADVANCED_FACE('',(#426),#4939,.T.);
#5239=ADVANCED_FACE('',(#427),#134,.T.);
#5240=ADVANCED_FACE('',(#428),#4940,.T.);
#5241=ADVANCED_FACE('',(#429),#4941,.T.);
#5242=ADVANCED_FACE('',(#430),#4942,.T.);
#5243=ADVANCED_FACE('',(#431),#4943,.T.);
#5244=ADVANCED_FACE('',(#432),#135,.T.);
#5245=ADVANCED_FACE('',(#433),#136,.T.);
#5246=ADVANCED_FACE('',(#434),#137,.T.);
#5247=ADVANCED_FACE('',(#435),#4944,.T.);
#5248=ADVANCED_FACE('',(#436),#4945,.T.);
#5249=ADVANCED_FACE('',(#437),#4946,.T.);
#5250=ADVANCED_FACE('',(#438),#4947,.T.);
#5251=ADVANCED_FACE('',(#439),#4948,.T.);
#5252=ADVANCED_FACE('',(#440),#138,.T.);
#5253=ADVANCED_FACE('',(#441),#139,.T.);
#5254=ADVANCED_FACE('',(#442),#4949,.T.);
#5255=ADVANCED_FACE('',(#443),#4950,.T.);
#5256=ADVANCED_FACE('',(#444),#4951,.T.);
#5257=ADVANCED_FACE('',(#445),#140,.T.);
#5258=ADVANCED_FACE('',(#446),#4952,.T.);
#5259=ADVANCED_FACE('',(#447),#4953,.T.);
#5260=ADVANCED_FACE('',(#448),#141,.F.);
#5261=CLOSED_SHELL('',(#4954,#4955,#4956,#4957,#4958,#4959,#4960,#4961,
#4962,#4963,#4964,#4965,#4966,#4967,#4968,#4969,#4970,#4971,#4972,#4973,
#4974,#4975,#4976,#4977,#4978,#4979,#4980,#4981,#4982,#4983,#4984,#4985,
#4986,#4987,#4988,#4989,#4990,#4991,#4992,#4993,#4994,#4995));
#5262=CLOSED_SHELL('',(#4996,#4997,#4998,#4999,#5000,#5001,#5002,#5003,
#5004,#5005,#5006,#5007,#5008,#5009,#5010,#5011,#5012,#5013,#5014,#5015,
#5016,#5017,#5018,#5019,#5020,#5021,#5022,#5023,#5024,#5025,#5026,#5027,
#5028,#5029,#5030,#5031,#5032,#5033,#5034,#5035,#5036,#5037,#5038,#5039,
#5040,#5041,#5042,#5043,#5044,#5045,#5046,#5047,#5048,#5049,#5050,#5051));
#5263=CLOSED_SHELL('',(#5052,#5053,#5054,#5055,#5056,#5057,#5058,#5059,
#5060,#5061,#5062,#5063,#5064,#5065,#5066,#5067,#5068,#5069,#5070,#5071,
#5072,#5073,#5074,#5075,#5076,#5077,#5078,#5079,#5080,#5081,#5082,#5083,
#5084,#5085,#5086,#5087,#5088));
#5264=CLOSED_SHELL('',(#5089,#5090,#5091,#5092,#5093,#5094));
#5265=CLOSED_SHELL('',(#5095,#5096,#5097,#5098,#5099,#5100));
#5266=CLOSED_SHELL('',(#5101,#5102,#5103,#5104,#5105,#5106));
#5267=CLOSED_SHELL('',(#5107,#5108,#5109,#5110,#5111,#5112));
#5268=CLOSED_SHELL('',(#5113,#5114,#5115,#5116,#5117,#5118));
#5269=CLOSED_SHELL('',(#5119,#5120,#5121,#5122,#5123,#5124));
#5270=CLOSED_SHELL('',(#5125,#5126,#5127,#5128,#5129,#5130));
#5271=CLOSED_SHELL('',(#5131,#5132,#5133,#5134,#5135,#5136,#5137,#5138,
#5139,#5140,#5141,#5142,#5143,#5144,#5145,#5146,#5147,#5148));
#5272=CLOSED_SHELL('',(#5149,#5150,#5151,#5152,#5153,#5154,#5155,#5156,
#5157,#5158,#5159,#5160,#5161,#5162,#5163,#5164,#5165,#5166,#5167,#5168,
#5169,#5170,#5171,#5172,#5173,#5174,#5175,#5176,#5177,#5178,#5179,#5180,
#5181,#5182,#5183,#5184,#5185,#5186,#5187));
#5273=CLOSED_SHELL('',(#5188,#5189,#5190,#5191,#5192,#5193,#5194,#5195,
#5196,#5197,#5198,#5199,#5200,#5201,#5202,#5203,#5204,#5205,#5206,#5207,
#5208,#5209,#5210,#5211,#5212,#5213,#5214,#5215,#5216,#5217,#5218,#5219,
#5220,#5221));
#5274=CLOSED_SHELL('',(#5222,#5223,#5224,#5225,#5226,#5227,#5228,#5229,
#5230,#5231,#5232,#5233,#5234,#5235,#5236,#5237,#5238,#5239,#5240,#5241,
#5242,#5243,#5244,#5245,#5246,#5247,#5248,#5249,#5250,#5251,#5252,#5253,
#5254,#5255,#5256,#5257,#5258,#5259,#5260));
#5275=DERIVED_UNIT_ELEMENT(#5277,1.);
#5276=DERIVED_UNIT_ELEMENT(#11369,-3.);
#5277=(
MASS_UNIT()
NAMED_UNIT(*)
SI_UNIT(.KILO.,.GRAM.)
);
#5278=DERIVED_UNIT((#5275,#5276));
#5279=MEASURE_REPRESENTATION_ITEM('density measure',
POSITIVE_RATIO_MEASURE(7850.),#5278);
#5280=PROPERTY_DEFINITION_REPRESENTATION(#5285,#5282);
#5281=PROPERTY_DEFINITION_REPRESENTATION(#5286,#5283);
#5282=REPRESENTATION('material name',(#5284),#11366);
#5283=REPRESENTATION('density',(#5279),#11366);
#5284=DESCRIPTIVE_REPRESENTATION_ITEM('Steel','Steel');
#5285=PROPERTY_DEFINITION('material property','material name',#11376);
#5286=PROPERTY_DEFINITION('material property','density of part',#11376);
#5287=AXIS2_PLACEMENT_3D('',#6029,#5385,#5386);
#5288=AXIS2_PLACEMENT_3D('',#6518,#5411,#5412);
#5289=AXIS2_PLACEMENT_3D('',#6563,#5424,#5425);
#5290=AXIS2_PLACEMENT_3D('',#6601,#5430,#5431);
#5291=AXIS2_PLACEMENT_3D('',#6641,#5437,#5438);
#5292=AXIS2_PLACEMENT_3D('',#6679,#5443,#5444);
#5293=AXIS2_PLACEMENT_3D('',#6683,#5447,#5448);
#5294=AXIS2_PLACEMENT_3D('',#6721,#5453,#5454);
#5295=AXIS2_PLACEMENT_3D('',#6757,#5458,#5459);
#5296=AXIS2_PLACEMENT_3D('',#6795,#5464,#5465);
#5297=AXIS2_PLACEMENT_3D('',#6831,#5469,#5470);
#5298=AXIS2_PLACEMENT_3D('',#7546,#5501,#5502);
#5299=AXIS2_PLACEMENT_3D('',#7589,#5512,#5513);
#5300=AXIS2_PLACEMENT_3D('',#7627,#5518,#5519);
#5301=AXIS2_PLACEMENT_3D('',#7767,#5530,#5531);
#5302=AXIS2_PLACEMENT_3D('',#7771,#5534,#5535);
#5303=AXIS2_PLACEMENT_3D('',#7911,#5546,#5547);
#5304=AXIS2_PLACEMENT_3D('',#7949,#5552,#5553);
#5305=AXIS2_PLACEMENT_3D('',#7985,#5557,#5558);
#5306=AXIS2_PLACEMENT_3D('',#8404,#5577,#5578);
#5307=AXIS2_PLACEMENT_3D('',#8485,#5591,#5592);
#5308=AXIS2_PLACEMENT_3D('',#8557,#5599,#5600);
#5309=AXIS2_PLACEMENT_3D('',#8561,#5603,#5604);
#5310=AXIS2_PLACEMENT_3D('',#8565,#5607,#5608);
#5311=AXIS2_PLACEMENT_3D('',#8569,#5611,#5612);
#5312=AXIS2_PLACEMENT_3D('',#8607,#5617,#5618);
#5313=AXIS2_PLACEMENT_3D('',#8679,#5625,#5626);
#5314=AXIS2_PLACEMENT_3D('',#8681,#5628,#5629);
#5315=AXIS2_PLACEMENT_3D('',#8682,#5630,#5631);
#5316=AXIS2_PLACEMENT_3D('',#8691,#5636,#5637);
#5317=AXIS2_PLACEMENT_3D('',#8697,#5641,#5642);
#5318=AXIS2_PLACEMENT_3D('',#8701,#5645,#5646);
#5319=AXIS2_PLACEMENT_3D('',#8705,#5649,#5650);
#5320=AXIS2_PLACEMENT_3D('',#8707,#5652,#5653);
#5321=AXIS2_PLACEMENT_3D('',#8708,#5654,#5655);
#5322=AXIS2_PLACEMENT_3D('',#8717,#5660,#5661);
#5323=AXIS2_PLACEMENT_3D('',#8723,#5665,#5666);
#5324=AXIS2_PLACEMENT_3D('',#8727,#5669,#5670);
#5325=AXIS2_PLACEMENT_3D('',#8731,#5673,#5674);
#5326=AXIS2_PLACEMENT_3D('',#8733,#5676,#5677);
#5327=AXIS2_PLACEMENT_3D('',#8734,#5678,#5679);
#5328=AXIS2_PLACEMENT_3D('',#8743,#5684,#5685);
#5329=AXIS2_PLACEMENT_3D('',#8749,#5689,#5690);
#5330=AXIS2_PLACEMENT_3D('',#8753,#5693,#5694);
#5331=AXIS2_PLACEMENT_3D('',#8757,#5697,#5698);
#5332=AXIS2_PLACEMENT_3D('',#8759,#5700,#5701);
#5333=AXIS2_PLACEMENT_3D('',#8760,#5702,#5703);
#5334=AXIS2_PLACEMENT_3D('',#8769,#5708,#5709);
#5335=AXIS2_PLACEMENT_3D('',#8775,#5713,#5714);
#5336=AXIS2_PLACEMENT_3D('',#8779,#5717,#5718);
#5337=AXIS2_PLACEMENT_3D('',#8783,#5721,#5722);
#5338=AXIS2_PLACEMENT_3D('',#8785,#5724,#5725);
#5339=AXIS2_PLACEMENT_3D('',#8786,#5726,#5727);
#5340=AXIS2_PLACEMENT_3D('',#8795,#5732,#5733);
#5341=AXIS2_PLACEMENT_3D('',#8801,#5737,#5738);
#5342=AXIS2_PLACEMENT_3D('',#8805,#5741,#5742);
#5343=AXIS2_PLACEMENT_3D('',#8809,#5745,#5746);
#5344=AXIS2_PLACEMENT_3D('',#8811,#5748,#5749);
#5345=AXIS2_PLACEMENT_3D('',#8812,#5750,#5751);
#5346=AXIS2_PLACEMENT_3D('',#8821,#5756,#5757);
#5347=AXIS2_PLACEMENT_3D('',#8827,#5761,#5762);
#5348=AXIS2_PLACEMENT_3D('',#8831,#5765,#5766);
#5349=AXIS2_PLACEMENT_3D('',#8835,#5769,#5770);
#5350=AXIS2_PLACEMENT_3D('',#8837,#5772,#5773);
#5351=AXIS2_PLACEMENT_3D('',#8838,#5774,#5775);
#5352=AXIS2_PLACEMENT_3D('',#8847,#5780,#5781);
#5353=AXIS2_PLACEMENT_3D('',#8853,#5785,#5786);
#5354=AXIS2_PLACEMENT_3D('',#8857,#5789,#5790);
#5355=AXIS2_PLACEMENT_3D('',#8861,#5793,#5794);
#5356=AXIS2_PLACEMENT_3D('',#8863,#5796,#5797);
#5357=AXIS2_PLACEMENT_3D('',#9096,#5806,#5807);
#5358=AXIS2_PLACEMENT_3D('',#9233,#5816,#5817);
#5359=AXIS2_PLACEMENT_3D('',#9658,#5838,#5839);
#5360=AXIS2_PLACEMENT_3D('',#9690,#5851,#5852);
#5361=AXIS2_PLACEMENT_3D('',#9694,#5855,#5856);
#5362=AXIS2_PLACEMENT_3D('',#9698,#5859,#5860);
#5363=AXIS2_PLACEMENT_3D('',#9702,#5863,#5864);
#5364=AXIS2_PLACEMENT_3D('',#9776,#5872,#5873);
#5365=AXIS2_PLACEMENT_3D('',#9831,#5879,#5880);
#5366=AXIS2_PLACEMENT_3D('',#9867,#5884,#5885);
#5367=AXIS2_PLACEMENT_3D('',#9905,#5890,#5891);
#5368=AXIS2_PLACEMENT_3D('',#9943,#5896,#5897);
#5369=AXIS2_PLACEMENT_3D('',#9945,#5899,#5900);
#5370=AXIS2_PLACEMENT_3D('',#10361,#5918,#5919);
#5371=AXIS2_PLACEMENT_3D('',#10505,#5933,#5934);
#5372=AXIS2_PLACEMENT_3D('',#10509,#5937,#5938);
#5373=AXIS2_PLACEMENT_3D('',#10547,#5943,#5944);
#5374=AXIS2_PLACEMENT_3D('',#10619,#5951,#5952);
#5375=AXIS2_PLACEMENT_3D('',#10621,#5954,#5955);
#5376=AXIS2_PLACEMENT_3D('',#11069,#5975,#5976);
#5377=AXIS2_PLACEMENT_3D('',#11099,#5986,#5987);
#5378=AXIS2_PLACEMENT_3D('',#11171,#5994,#5995);
#5379=AXIS2_PLACEMENT_3D('',#11175,#5998,#5999);
#5380=AXIS2_PLACEMENT_3D('',#11179,#6002,#6003);
#5381=AXIS2_PLACEMENT_3D('',#11268,#6011,#6012);
#5382=AXIS2_PLACEMENT_3D('',#11272,#6015,#6016);
#5383=AXIS2_PLACEMENT_3D('',#11327,#6022,#6023);
#5384=AXIS2_PLACEMENT_3D('',#11363,#6027,#6028);
#5385=DIRECTION('axis',(0.,0.,1.));
#5386=DIRECTION('refdir',(1.,0.,0.));
#5387=DIRECTION('',(0.,0.,1.));
#5388=DIRECTION('',(0.,0.,1.));
#5389=DIRECTION('',(0.,0.,1.));
#5390=DIRECTION('',(0.,0.,1.));
#5391=DIRECTION('',(0.,0.,1.));
#5392=DIRECTION('',(0.,0.,1.));
#5393=DIRECTION('',(0.,0.,1.));
#5394=DIRECTION('',(0.,0.,1.));
#5395=DIRECTION('',(0.,0.,1.));
#5396=DIRECTION('',(0.,0.,1.));
#5397=DIRECTION('',(0.,0.,1.));
#5398=DIRECTION('',(0.,0.,1.));
#5399=DIRECTION('',(0.,0.,1.));
#5400=DIRECTION('',(0.,0.,1.));
#5401=DIRECTION('',(0.,0.,1.));
#5402=DIRECTION('',(0.,0.,1.));
#5403=DIRECTION('',(0.,0.,1.));
#5404=DIRECTION('',(0.,0.,1.));
#5405=DIRECTION('',(0.,0.,1.));
#5406=DIRECTION('',(0.,0.,1.));
#5407=DIRECTION('',(0.,0.,1.));
#5408=DIRECTION('',(0.,0.,1.));
#5409=DIRECTION('',(0.,0.,1.));
#5410=DIRECTION('',(0.,0.,1.));
#5411=DIRECTION('center_axis',(0.,0.,1.));
#5412=DIRECTION('ref_axis',(1.,0.,0.));
#5413=DIRECTION('',(1.,0.,0.));
#5414=DIRECTION('',(0.,1.,0.));
#5415=DIRECTION('',(-1.,0.,0.));
#5416=DIRECTION('',(0.,-1.,0.));
#5417=DIRECTION('',(0.,-1.,0.));
#5418=DIRECTION('',(-1.,0.,0.));
#5419=DIRECTION('',(0.,1.,0.));
#5420=DIRECTION('',(1.,0.,0.));
#5421=DIRECTION('',(0.,0.,-1.));
#5422=DIRECTION('',(0.,0.,-1.));
#5423=DIRECTION('',(0.,0.,-1.));
#5424=DIRECTION('center_axis',(0.,1.,0.));
#5425=DIRECTION('ref_axis',(1.,0.,0.));
#5426=DIRECTION('',(0.,0.,-1.));
#5427=DIRECTION('',(1.,0.,0.));
#5428=DIRECTION('',(0.,0.,-1.));
#5429=DIRECTION('',(0.,0.,-1.));
#5430=DIRECTION('center_axis',(-1.,0.,0.));
#5431=DIRECTION('ref_axis',(0.,1.,0.));
#5432=DIRECTION('',(0.,0.,-1.));
#5433=DIRECTION('',(0.,1.,0.));
#5434=DIRECTION('',(0.,0.,-1.));
#5435=DIRECTION('',(0.,0.,-1.));
#5436=DIRECTION('',(0.,0.,-1.));
#5437=DIRECTION('center_axis',(1.,0.,0.));
#5438=DIRECTION('ref_axis',(0.,-1.,0.));
#5439=DIRECTION('',(0.,0.,-1.));
#5440=DIRECTION('',(0.,-1.,0.));
#5441=DIRECTION('',(0.,0.,-1.));
#5442=DIRECTION('',(0.,0.,-1.));
#5443=DIRECTION('center_axis',(0.,-1.,0.));
#5444=DIRECTION('ref_axis',(-1.,0.,0.));
#5445=DIRECTION('',(0.,0.,-1.));
#5446=DIRECTION('',(-1.,0.,0.));
#5447=DIRECTION('center_axis',(1.,0.,0.));
#5448=DIRECTION('ref_axis',(0.,-1.,0.));
#5449=DIRECTION('',(0.,-1.,0.));
#5450=DIRECTION('',(0.,0.,-1.));
#5451=DIRECTION('',(0.,0.,-1.));
#5452=DIRECTION('',(0.,0.,-1.));
#5453=DIRECTION('center_axis',(0.,-1.,0.));
#5454=DIRECTION('ref_axis',(-1.,0.,0.));
#5455=DIRECTION('',(-1.,0.,0.));
#5456=DIRECTION('',(0.,0.,-1.));
#5457=DIRECTION('',(0.,0.,-1.));
#5458=DIRECTION('center_axis',(0.,1.,0.));
#5459=DIRECTION('ref_axis',(1.,0.,0.));
#5460=DIRECTION('',(1.,0.,0.));
#5461=DIRECTION('',(0.,0.,-1.));
#5462=DIRECTION('',(0.,0.,-1.));
#5463=DIRECTION('',(0.,0.,-1.));
#5464=DIRECTION('center_axis',(-1.,0.,0.));
#5465=DIRECTION('ref_axis',(0.,1.,0.));
#5466=DIRECTION('',(0.,1.,0.));
#5467=DIRECTION('',(0.,0.,-1.));
#5468=DIRECTION('',(0.,0.,-1.));
#5469=DIRECTION('center_axis',(0.,0.,1.));
#5470=DIRECTION('ref_axis',(1.,0.,0.));
#5471=DIRECTION('',(0.,0.,1.));
#5472=DIRECTION('',(0.,0.,1.));
#5473=DIRECTION('',(0.,0.,1.));
#5474=DIRECTION('',(0.,0.,1.));
#5475=DIRECTION('',(0.,0.,1.));
#5476=DIRECTION('',(0.,0.,1.));
#5477=DIRECTION('',(0.,0.,1.));
#5478=DIRECTION('',(0.,0.,1.));
#5479=DIRECTION('',(0.,0.,1.));
#5480=DIRECTION('',(0.,0.,1.));
#5481=DIRECTION('',(0.,0.,1.));
#5482=DIRECTION('',(0.,0.,1.));
#5483=DIRECTION('',(0.,0.,1.));
#5484=DIRECTION('',(0.,0.,1.));
#5485=DIRECTION('',(0.,0.,1.));
#5486=DIRECTION('',(0.,0.,1.));
#5487=DIRECTION('',(0.,0.,1.));
#5488=DIRECTION('',(0.,0.,1.));
#5489=DIRECTION('',(0.,0.,1.));
#5490=DIRECTION('',(0.,0.,1.));
#5491=DIRECTION('',(0.,0.,1.));
#5492=DIRECTION('',(0.,0.,1.));
#5493=DIRECTION('',(0.,0.,1.));
#5494=DIRECTION('',(0.,0.,1.));
#5495=DIRECTION('',(0.,0.,1.));
#5496=DIRECTION('',(0.,0.,1.));
#5497=DIRECTION('',(0.,0.,1.));
#5498=DIRECTION('',(0.,0.,1.));
#5499=DIRECTION('',(0.,0.,1.));
#5500=DIRECTION('',(0.,0.,1.));
#5501=DIRECTION('center_axis',(0.,0.,1.));
#5502=DIRECTION('ref_axis',(1.,0.,0.));
#5503=DIRECTION('',(1.,0.,0.));
#5504=DIRECTION('',(-1.,0.,0.));
#5505=DIRECTION('',(0.,1.,0.));
#5506=DIRECTION('',(1.,0.,0.));
#5507=DIRECTION('',(-1.,0.,0.));
#5508=DIRECTION('',(0.,-1.,0.));
#5509=DIRECTION('',(0.,0.,-1.));
#5510=DIRECTION('',(0.,0.,-1.));
#5511=DIRECTION('',(0.,0.,-1.));
#5512=DIRECTION('center_axis',(1.,0.,0.));
#5513=DIRECTION('ref_axis',(0.,-1.,0.));
#5514=DIRECTION('',(0.,0.,-1.));
#5515=DIRECTION('',(0.,-1.,0.));
#5516=DIRECTION('',(0.,0.,-1.));
#5517=DIRECTION('',(0.,0.,-1.));
#5518=DIRECTION('center_axis',(0.,1.,0.));
#5519=DIRECTION('ref_axis',(1.,0.,0.));
#5520=DIRECTION('',(0.,0.,-1.));
#5521=DIRECTION('',(1.,0.,0.));
#5522=DIRECTION('',(0.,0.,-1.));
#5523=DIRECTION('',(0.,0.,-1.));
#5524=DIRECTION('',(0.,0.,-1.));
#5525=DIRECTION('',(0.,0.,-1.));
#5526=DIRECTION('',(0.,0.,-1.));
#5527=DIRECTION('',(0.,0.,-1.));
#5528=DIRECTION('',(0.,0.,-1.));
#5529=DIRECTION('',(0.,0.,-1.));
#5530=DIRECTION('center_axis',(0.,-1.,0.));
#5531=DIRECTION('ref_axis',(-1.,0.,0.));
#5532=DIRECTION('',(0.,0.,-1.));
#5533=DIRECTION('',(-1.,0.,0.));
#5534=DIRECTION('center_axis',(0.,-1.,0.));
#5535=DIRECTION('ref_axis',(-1.,0.,0.));
#5536=DIRECTION('',(-1.,0.,0.));
#5537=DIRECTION('',(0.,0.,-1.));
#5538=DIRECTION('',(0.,0.,-1.));
#5539=DIRECTION('',(0.,0.,-1.));
#5540=DIRECTION('',(0.,0.,-1.));
#5541=DIRECTION('',(0.,0.,-1.));
#5542=DIRECTION('',(0.,0.,-1.));
#5543=DIRECTION('',(0.,0.,-1.));
#5544=DIRECTION('',(0.,0.,-1.));
#5545=DIRECTION('',(0.,0.,-1.));
#5546=DIRECTION('center_axis',(0.,1.,0.));
#5547=DIRECTION('ref_axis',(1.,0.,0.));
#5548=DIRECTION('',(1.,0.,0.));
#5549=DIRECTION('',(0.,0.,-1.));
#5550=DIRECTION('',(0.,0.,-1.));
#5551=DIRECTION('',(0.,0.,-1.));
#5552=DIRECTION('center_axis',(-1.,0.,0.));
#5553=DIRECTION('ref_axis',(0.,1.,0.));
#5554=DIRECTION('',(0.,1.,0.));
#5555=DIRECTION('',(0.,0.,-1.));
#5556=DIRECTION('',(0.,0.,-1.));
#5557=DIRECTION('center_axis',(0.,0.,1.));
#5558=DIRECTION('ref_axis',(1.,0.,0.));
#5559=DIRECTION('',(0.,0.,1.));
#5560=DIRECTION('',(0.,0.,1.));
#5561=DIRECTION('',(0.,0.,1.));
#5562=DIRECTION('',(0.,0.,1.));
#5563=DIRECTION('',(0.,0.,1.));
#5564=DIRECTION('',(0.,0.,1.));
#5565=DIRECTION('',(0.,0.,1.));
#5566=DIRECTION('',(0.,0.,1.));
#5567=DIRECTION('',(0.,0.,1.));
#5568=DIRECTION('',(0.,0.,1.));
#5569=DIRECTION('',(0.,0.,1.));
#5570=DIRECTION('',(0.,0.,1.));
#5571=DIRECTION('',(0.,0.,1.));
#5572=DIRECTION('',(0.,0.,1.));
#5573=DIRECTION('',(0.,0.,1.));
#5574=DIRECTION('',(0.,0.,1.));
#5575=DIRECTION('',(0.,0.,1.));
#5576=DIRECTION('',(0.,0.,1.));
#5577=DIRECTION('center_axis',(0.,0.,1.));
#5578=DIRECTION('ref_axis',(1.,0.,0.));
#5579=DIRECTION('',(0.,-1.,0.));
#5580=DIRECTION('',(-1.,0.,0.));
#5581=DIRECTION('',(1.,0.,0.));
#5582=DIRECTION('',(-1.,0.,0.));
#5583=DIRECTION('',(0.,1.,0.));
#5584=DIRECTION('',(-1.,0.,0.));
#5585=DIRECTION('',(1.,0.,0.));
#5586=DIRECTION('',(0.,0.,-1.));
#5587=DIRECTION('',(0.,0.,-1.));
#5588=DIRECTION('',(0.,0.,-1.));
#5589=DIRECTION('',(0.,0.,-1.));
#5590=DIRECTION('',(0.,0.,-1.));
#5591=DIRECTION('center_axis',(0.,-1.,0.));
#5592=DIRECTION('ref_axis',(-1.,0.,0.));
#5593=DIRECTION('',(0.,0.,-1.));
#5594=DIRECTION('',(-1.,0.,0.));
#5595=DIRECTION('',(0.,0.,-1.));
#5596=DIRECTION('',(0.,0.,-1.));
#5597=DIRECTION('',(0.,0.,-1.));
#5598=DIRECTION('',(0.,0.,-1.));
#5599=DIRECTION('center_axis',(0.,1.,0.));
#5600=DIRECTION('ref_axis',(1.,0.,0.));
#5601=DIRECTION('',(0.,0.,-1.));
#5602=DIRECTION('',(1.,0.,0.));
#5603=DIRECTION('center_axis',(-1.,0.,0.));
#5604=DIRECTION('ref_axis',(0.,1.,0.));
#5605=DIRECTION('',(0.,0.,-1.));
#5606=DIRECTION('',(0.,1.,0.));
#5607=DIRECTION('center_axis',(0.,1.,0.));
#5608=DIRECTION('ref_axis',(1.,0.,0.));
#5609=DIRECTION('',(1.,0.,0.));
#5610=DIRECTION('',(0.,0.,-1.));
#5611=DIRECTION('center_axis',(1.,0.,0.));
#5612=DIRECTION('ref_axis',(0.,-1.,0.));
#5613=DIRECTION('',(0.,-1.,0.));
#5614=DIRECTION('',(0.,0.,-1.));
#5615=DIRECTION('',(0.,0.,-1.));
#5616=DIRECTION('',(0.,0.,-1.));
#5617=DIRECTION('center_axis',(0.,1.,0.));
#5618=DIRECTION('ref_axis',(1.,0.,0.));
#5619=DIRECTION('',(1.,0.,0.));
#5620=DIRECTION('',(0.,0.,-1.));
#5621=DIRECTION('',(0.,0.,-1.));
#5622=DIRECTION('',(0.,0.,-1.));
#5623=DIRECTION('',(0.,0.,-1.));
#5624=DIRECTION('',(0.,0.,-1.));
#5625=DIRECTION('center_axis',(0.,-1.,0.));
#5626=DIRECTION('ref_axis',(-1.,0.,0.));
#5627=DIRECTION('',(-1.,0.,0.));
#5628=DIRECTION('center_axis',(0.,0.,1.));
#5629=DIRECTION('ref_axis',(1.,0.,0.));
#5630=DIRECTION('center_axis',(0.,0.,1.));
#5631=DIRECTION('ref_axis',(1.,0.,0.));
#5632=DIRECTION('',(0.309277791126557,-0.950971738757718,0.));
#5633=DIRECTION('',(0.950972785776215,0.309274571720705,0.));
#5634=DIRECTION('',(-0.309277125018465,0.950971955391069,0.));
#5635=DIRECTION('',(-0.950971440643548,-0.309278707770735,0.));
#5636=DIRECTION('center_axis',(0.309274571720705,-0.950972785776215,0.));
#5637=DIRECTION('ref_axis',(-0.950972785776215,-0.309274571720705,0.));
#5638=DIRECTION('',(0.,0.,-1.));
#5639=DIRECTION('',(-0.950972785776215,-0.309274571720705,0.));
#5640=DIRECTION('',(0.,0.,-1.));
#5641=DIRECTION('center_axis',(-0.950971738757718,-0.309277791126557,0.));
#5642=DIRECTION('ref_axis',(-0.309277791126557,0.950971738757718,0.));
#5643=DIRECTION('',(0.,0.,-1.));
#5644=DIRECTION('',(-0.309277791126557,0.950971738757718,0.));
#5645=DIRECTION('center_axis',(0.950971955391069,0.309277125018465,0.));
#5646=DIRECTION('ref_axis',(0.309277125018465,-0.950971955391069,0.));
#5647=DIRECTION('',(0.309277125018465,-0.950971955391069,0.));
#5648=DIRECTION('',(0.,0.,-1.));
#5649=DIRECTION('center_axis',(-0.309278707770735,0.950971440643548,0.));
#5650=DIRECTION('ref_axis',(0.950971440643548,0.309278707770735,0.));
#5651=DIRECTION('',(0.950971440643548,0.309278707770735,0.));
#5652=DIRECTION('center_axis',(0.,0.,-1.));
#5653=DIRECTION('ref_axis',(-1.,0.,0.));
#5654=DIRECTION('center_axis',(0.,0.,1.));
#5655=DIRECTION('ref_axis',(1.,0.,0.));
#5656=DIRECTION('',(-0.691258130632078,0.722607913626086,0.));
#5657=DIRECTION('',(-0.72261796668837,-0.691247621492592,0.));
#5658=DIRECTION('',(0.691258170817512,-0.722607875184064,0.));
#5659=DIRECTION('',(0.72261821801311,0.691247358762085,0.));
#5660=DIRECTION('center_axis',(-0.691247621492592,0.72261796668837,0.));
#5661=DIRECTION('ref_axis',(0.72261796668837,0.691247621492592,0.));
#5662=DIRECTION('',(0.,0.,-1.));
#5663=DIRECTION('',(0.72261796668837,0.691247621492592,0.));
#5664=DIRECTION('',(0.,0.,-1.));
#5665=DIRECTION('center_axis',(0.722607913626086,0.691258130632078,0.));
#5666=DIRECTION('ref_axis',(0.691258130632078,-0.722607913626086,0.));
#5667=DIRECTION('',(0.,0.,-1.));
#5668=DIRECTION('',(0.691258130632078,-0.722607913626086,0.));
#5669=DIRECTION('center_axis',(-0.722607875184064,-0.691258170817512,0.));
#5670=DIRECTION('ref_axis',(-0.691258170817512,0.722607875184064,0.));
#5671=DIRECTION('',(-0.691258170817512,0.722607875184064,0.));
#5672=DIRECTION('',(0.,0.,-1.));
#5673=DIRECTION('center_axis',(0.691247358762085,-0.72261821801311,0.));
#5674=DIRECTION('ref_axis',(-0.72261821801311,-0.691247358762085,0.));
#5675=DIRECTION('',(-0.72261821801311,-0.691247358762085,0.));
#5676=DIRECTION('center_axis',(0.,0.,-1.));
#5677=DIRECTION('ref_axis',(-1.,0.,0.));
#5678=DIRECTION('center_axis',(0.,0.,1.));
#5679=DIRECTION('ref_axis',(1.,0.,0.));
#5680=DIRECTION('',(-0.995949689250528,-0.0899122710300227,0.));
#5681=DIRECTION('',(0.0898921062586824,-0.995951509478437,0.));
#5682=DIRECTION('',(0.995949869101213,0.0899102788188114,0.));
#5683=DIRECTION('',(-0.0899366702826844,0.995947486235325,0.));
#5684=DIRECTION('center_axis',(-0.995951509478437,-0.0898921062586824,0.));
#5685=DIRECTION('ref_axis',(-0.0898921062586824,0.995951509478437,0.));
#5686=DIRECTION('',(0.,0.,-1.));
#5687=DIRECTION('',(-0.0898921062586824,0.995951509478437,0.));
#5688=DIRECTION('',(0.,0.,-1.));
#5689=DIRECTION('center_axis',(-0.0899122710300227,0.995949689250528,0.));
#5690=DIRECTION('ref_axis',(0.995949689250528,0.0899122710300227,0.));
#5691=DIRECTION('',(0.,0.,-1.));
#5692=DIRECTION('',(0.995949689250528,0.0899122710300227,0.));
#5693=DIRECTION('center_axis',(0.0899102788188114,-0.995949869101213,0.));
#5694=DIRECTION('ref_axis',(-0.995949869101213,-0.0899102788188114,0.));
#5695=DIRECTION('',(-0.995949869101213,-0.0899102788188114,0.));
#5696=DIRECTION('',(0.,0.,-1.));
#5697=DIRECTION('center_axis',(0.995947486235325,0.0899366702826844,0.));
#5698=DIRECTION('ref_axis',(0.0899366702826844,-0.995947486235325,0.));
#5699=DIRECTION('',(0.0899366702826844,-0.995947486235325,0.));
#5700=DIRECTION('center_axis',(0.,0.,-1.));
#5701=DIRECTION('ref_axis',(-1.,0.,0.));
#5702=DIRECTION('center_axis',(0.,0.,1.));
#5703=DIRECTION('ref_axis',(1.,0.,0.));
#5704=DIRECTION('',(0.93632864769703,-0.351124854577189,0.));
#5705=DIRECTION('',(0.351121296929319,0.936329981813395,0.));
#5706=DIRECTION('',(-0.936330078001715,0.35112104042524,0.));
#5707=DIRECTION('',(-0.351124355406606,-0.936328834886705,0.));
#5708=DIRECTION('center_axis',(0.936329981813395,-0.351121296929319,0.));
#5709=DIRECTION('ref_axis',(-0.351121296929319,-0.936329981813395,0.));
#5710=DIRECTION('',(0.,0.,-1.));
#5711=DIRECTION('',(-0.351121296929319,-0.936329981813395,0.));
#5712=DIRECTION('',(0.,0.,-1.));
#5713=DIRECTION('center_axis',(-0.351124854577189,-0.936328647697029,0.));
#5714=DIRECTION('ref_axis',(-0.93632864769703,0.351124854577189,0.));
#5715=DIRECTION('',(0.,0.,-1.));
#5716=DIRECTION('',(-0.93632864769703,0.351124854577189,0.));
#5717=DIRECTION('center_axis',(0.35112104042524,0.936330078001715,0.));
#5718=DIRECTION('ref_axis',(0.936330078001715,-0.35112104042524,0.));
#5719=DIRECTION('',(0.936330078001715,-0.35112104042524,0.));
#5720=DIRECTION('',(0.,0.,-1.));
#5721=DIRECTION('center_axis',(-0.936328834886706,0.351124355406606,0.));
#5722=DIRECTION('ref_axis',(0.351124355406606,0.936328834886705,0.));
#5723=DIRECTION('',(0.351124355406606,0.936328834886705,0.));
#5724=DIRECTION('center_axis',(0.,0.,-1.));
#5725=DIRECTION('ref_axis',(-1.,0.,0.));
#5726=DIRECTION('center_axis',(0.,0.,1.));
#5727=DIRECTION('ref_axis',(1.,0.,0.));
#5728=DIRECTION('',(0.133965470833926,0.99098600021607,0.));
#5729=DIRECTION('',(-0.990985405346236,0.13396987120527,0.));
#5730=DIRECTION('',(-0.1339680887571,-0.990985646311171,0.));
#5731=DIRECTION('',(0.990980117875255,-0.134008977221478,0.));
#5732=DIRECTION('center_axis',(0.13396987120527,0.990985405346236,0.));
#5733=DIRECTION('ref_axis',(0.990985405346236,-0.13396987120527,0.));
#5734=DIRECTION('',(0.,0.,-1.));
#5735=DIRECTION('',(0.990985405346236,-0.13396987120527,0.));
#5736=DIRECTION('',(0.,0.,-1.));
#5737=DIRECTION('center_axis',(0.99098600021607,-0.133965470833926,0.));
#5738=DIRECTION('ref_axis',(-0.133965470833926,-0.99098600021607,0.));
#5739=DIRECTION('',(0.,0.,-1.));
#5740=DIRECTION('',(-0.133965470833926,-0.99098600021607,0.));
#5741=DIRECTION('center_axis',(-0.990985646311171,0.1339680887571,0.));
#5742=DIRECTION('ref_axis',(0.1339680887571,0.990985646311171,0.));
#5743=DIRECTION('',(0.1339680887571,0.990985646311171,0.));
#5744=DIRECTION('',(0.,0.,-1.));
#5745=DIRECTION('center_axis',(-0.134008977221478,-0.990980117875255,0.));
#5746=DIRECTION('ref_axis',(-0.990980117875255,0.134008977221478,0.));
#5747=DIRECTION('',(-0.990980117875255,0.134008977221478,0.));
#5748=DIRECTION('center_axis',(0.,0.,-1.));
#5749=DIRECTION('ref_axis',(-1.,0.,0.));
#5750=DIRECTION('center_axis',(0.,0.,1.));
#5751=DIRECTION('ref_axis',(1.,0.,0.));
#5752=DIRECTION('',(-0.55067029433096,-0.834722844386958,0.));
#5753=DIRECTION('',(0.834715283257063,-0.550681755551318,0.));
#5754=DIRECTION('',(0.550670176896254,0.834722921859133,0.));
#5755=DIRECTION('',(-0.834715180044429,0.550681911999474,0.));
#5756=DIRECTION('center_axis',(-0.550681755551318,-0.834715283257063,0.));
#5757=DIRECTION('ref_axis',(-0.834715283257063,0.550681755551318,0.));
#5758=DIRECTION('',(0.,0.,-1.));
#5759=DIRECTION('',(-0.834715283257063,0.550681755551318,0.));
#5760=DIRECTION('',(0.,0.,-1.));
#5761=DIRECTION('center_axis',(-0.834722844386958,0.55067029433096,0.));
#5762=DIRECTION('ref_axis',(0.55067029433096,0.834722844386958,0.));
#5763=DIRECTION('',(0.,0.,-1.));
#5764=DIRECTION('',(0.55067029433096,0.834722844386958,0.));
#5765=DIRECTION('center_axis',(0.834722921859133,-0.550670176896254,0.));
#5766=DIRECTION('ref_axis',(-0.550670176896254,-0.834722921859133,0.));
#5767=DIRECTION('',(-0.550670176896254,-0.834722921859133,0.));
#5768=DIRECTION('',(0.,0.,-1.));
#5769=DIRECTION('center_axis',(0.550681911999474,0.834715180044429,0.));
#5770=DIRECTION('ref_axis',(0.834715180044429,-0.550681911999474,0.));
#5771=DIRECTION('',(0.834715180044429,-0.550681911999474,0.));
#5772=DIRECTION('center_axis',(0.,0.,-1.));
#5773=DIRECTION('ref_axis',(-1.,0.,0.));
#5774=DIRECTION('center_axis',(0.,0.,1.));
#5775=DIRECTION('ref_axis',(1.,0.,0.));
#5776=DIRECTION('',(0.858310910772557,0.513129983969739,0.));
#5777=DIRECTION('',(-0.5131265916555,0.858312938814282,0.));
#5778=DIRECTION('',(-0.858310493892328,-0.513130681283344,0.));
#5779=DIRECTION('',(0.513131921866551,-0.858309752223252,0.));
#5780=DIRECTION('center_axis',(0.858312938814282,0.5131265916555,0.));
#5781=DIRECTION('ref_axis',(0.5131265916555,-0.858312938814282,0.));
#5782=DIRECTION('',(0.,0.,-1.));
#5783=DIRECTION('',(0.5131265916555,-0.858312938814282,0.));
#5784=DIRECTION('',(0.,0.,-1.));
#5785=DIRECTION('center_axis',(0.513129983969739,-0.858310910772557,0.));
#5786=DIRECTION('ref_axis',(-0.858310910772557,-0.513129983969739,0.));
#5787=DIRECTION('',(0.,0.,-1.));
#5788=DIRECTION('',(-0.858310910772557,-0.513129983969739,0.));
#5789=DIRECTION('center_axis',(-0.513130681283344,0.858310493892328,0.));
#5790=DIRECTION('ref_axis',(0.858310493892328,0.513130681283344,0.));
#5791=DIRECTION('',(0.858310493892328,0.513130681283344,0.));
#5792=DIRECTION('',(0.,0.,-1.));
#5793=DIRECTION('center_axis',(-0.858309752223252,-0.513131921866551,0.));
#5794=DIRECTION('ref_axis',(-0.513131921866551,0.858309752223252,0.));
#5795=DIRECTION('',(-0.513131921866551,0.858309752223252,0.));
#5796=DIRECTION('center_axis',(0.,0.,-1.));
#5797=DIRECTION('ref_axis',(-1.,0.,0.));
#5798=DIRECTION('',(0.,0.,1.));
#5799=DIRECTION('',(0.,0.,1.));
#5800=DIRECTION('',(0.,0.,1.));
#5801=DIRECTION('',(0.,0.,1.));
#5802=DIRECTION('',(0.,0.,1.));
#5803=DIRECTION('',(0.,0.,1.));
#5804=DIRECTION('',(0.,0.,1.));
#5805=DIRECTION('',(0.,0.,1.));
#5806=DIRECTION('center_axis',(0.,0.,1.));
#5807=DIRECTION('ref_axis',(1.,0.,0.));
#5808=DIRECTION('',(0.,0.,-1.));
#5809=DIRECTION('',(0.,0.,-1.));
#5810=DIRECTION('',(0.,0.,-1.));
#5811=DIRECTION('',(0.,0.,-1.));
#5812=DIRECTION('',(0.,0.,-1.));
#5813=DIRECTION('',(0.,0.,-1.));
#5814=DIRECTION('',(0.,0.,-1.));
#5815=DIRECTION('',(0.,0.,-1.));
#5816=DIRECTION('center_axis',(0.,0.,1.));
#5817=DIRECTION('ref_axis',(1.,0.,0.));
#5818=DIRECTION('',(0.,0.,1.));
#5819=DIRECTION('',(0.,0.,1.));
#5820=DIRECTION('',(0.,0.,1.));
#5821=DIRECTION('',(0.,0.,1.));
#5822=DIRECTION('',(0.,0.,1.));
#5823=DIRECTION('',(0.,0.,1.));
#5824=DIRECTION('',(0.,0.,1.));
#5825=DIRECTION('',(0.,0.,1.));
#5826=DIRECTION('',(0.,0.,1.));
#5827=DIRECTION('',(0.,0.,1.));
#5828=DIRECTION('',(0.,0.,1.));
#5829=DIRECTION('',(0.,0.,1.));
#5830=DIRECTION('',(0.,0.,1.));
#5831=DIRECTION('',(0.,0.,1.));
#5832=DIRECTION('',(0.,0.,1.));
#5833=DIRECTION('',(0.,0.,1.));
#5834=DIRECTION('',(0.,0.,1.));
#5835=DIRECTION('',(0.,0.,1.));
#5836=DIRECTION('',(0.,0.,1.));
#5837=DIRECTION('',(0.,0.,1.));
#5838=DIRECTION('center_axis',(0.,0.,1.));
#5839=DIRECTION('ref_axis',(1.,0.,0.));
#5840=DIRECTION('',(0.,1.,0.));
#5841=DIRECTION('',(0.,-1.,0.));
#5842=DIRECTION('',(-1.,0.,0.));
#5843=DIRECTION('',(0.,-1.,0.));
#5844=DIRECTION('',(1.,0.,0.));
#5845=DIRECTION('',(1.,0.,0.));
#5846=DIRECTION('',(0.,-1.,0.));
#5847=DIRECTION('',(-1.,0.,0.));
#5848=DIRECTION('',(0.,1.,0.));
#5849=DIRECTION('',(0.,0.,-1.));
#5850=DIRECTION('',(0.,0.,-1.));
#5851=DIRECTION('center_axis',(0.,1.,0.));
#5852=DIRECTION('ref_axis',(1.,0.,0.));
#5853=DIRECTION('',(0.,0.,-1.));
#5854=DIRECTION('',(1.,0.,0.));
#5855=DIRECTION('center_axis',(-1.,0.,0.));
#5856=DIRECTION('ref_axis',(0.,1.,0.));
#5857=DIRECTION('',(0.,0.,-1.));
#5858=DIRECTION('',(0.,1.,0.));
#5859=DIRECTION('center_axis',(0.,-1.,0.));
#5860=DIRECTION('ref_axis',(-1.,0.,0.));
#5861=DIRECTION('',(0.,0.,-1.));
#5862=DIRECTION('',(-1.,0.,0.));
#5863=DIRECTION('center_axis',(-1.,0.,0.));
#5864=DIRECTION('ref_axis',(0.,1.,0.));
#5865=DIRECTION('',(0.,0.,-1.));
#5866=DIRECTION('',(0.,1.,0.));
#5867=DIRECTION('',(0.,0.,-1.));
#5868=DIRECTION('',(0.,0.,-1.));
#5869=DIRECTION('',(0.,0.,-1.));
#5870=DIRECTION('',(0.,0.,-1.));
#5871=DIRECTION('',(0.,0.,-1.));
#5872=DIRECTION('center_axis',(1.,0.,0.));
#5873=DIRECTION('ref_axis',(0.,-1.,0.));
#5874=DIRECTION('',(0.,0.,-1.));
#5875=DIRECTION('',(0.,-1.,0.));
#5876=DIRECTION('',(0.,0.,-1.));
#5877=DIRECTION('',(0.,0.,-1.));
#5878=DIRECTION('',(0.,0.,-1.));
#5879=DIRECTION('center_axis',(1.,0.,0.));
#5880=DIRECTION('ref_axis',(0.,-1.,0.));
#5881=DIRECTION('',(0.,-1.,0.));
#5882=DIRECTION('',(0.,0.,-1.));
#5883=DIRECTION('',(0.,0.,-1.));
#5884=DIRECTION('center_axis',(0.,1.,0.));
#5885=DIRECTION('ref_axis',(1.,0.,0.));
#5886=DIRECTION('',(1.,0.,0.));
#5887=DIRECTION('',(0.,0.,-1.));
#5888=DIRECTION('',(0.,0.,-1.));
#5889=DIRECTION('',(0.,0.,-1.));
#5890=DIRECTION('center_axis',(-1.,0.,0.));
#5891=DIRECTION('ref_axis',(0.,1.,0.));
#5892=DIRECTION('',(0.,1.,0.));
#5893=DIRECTION('',(0.,0.,-1.));
#5894=DIRECTION('',(0.,0.,-1.));
#5895=DIRECTION('',(0.,0.,-1.));
#5896=DIRECTION('center_axis',(0.,-1.,0.));
#5897=DIRECTION('ref_axis',(-1.,0.,0.));
#5898=DIRECTION('',(-1.,0.,0.));
#5899=DIRECTION('center_axis',(0.,0.,1.));
#5900=DIRECTION('ref_axis',(1.,0.,0.));
#5901=DIRECTION('',(0.,0.,1.));
#5902=DIRECTION('',(0.,0.,1.));
#5903=DIRECTION('',(0.,0.,1.));
#5904=DIRECTION('',(0.,0.,1.));
#5905=DIRECTION('',(0.,0.,1.));
#5906=DIRECTION('',(0.,0.,1.));
#5907=DIRECTION('',(0.,0.,1.));
#5908=DIRECTION('',(0.,0.,1.));
#5909=DIRECTION('',(0.,0.,1.));
#5910=DIRECTION('',(0.,0.,1.));
#5911=DIRECTION('',(0.,0.,1.));
#5912=DIRECTION('',(0.,0.,1.));
#5913=DIRECTION('',(0.,0.,1.));
#5914=DIRECTION('',(0.,0.,1.));
#5915=DIRECTION('',(0.,0.,1.));
#5916=DIRECTION('',(0.,0.,1.));
#5917=DIRECTION('',(0.,0.,1.));
#5918=DIRECTION('center_axis',(0.,0.,1.));
#5919=DIRECTION('ref_axis',(1.,0.,0.));
#5920=DIRECTION('',(1.,0.,0.));
#5921=DIRECTION('',(-1.,0.,0.));
#5922=DIRECTION('',(0.,-1.,0.));
#5923=DIRECTION('',(0.,1.,0.));
#5924=DIRECTION('',(0.,0.,-1.));
#5925=DIRECTION('',(0.,0.,-1.));
#5926=DIRECTION('',(0.,0.,-1.));
#5927=DIRECTION('',(0.,0.,-1.));
#5928=DIRECTION('',(0.,0.,-1.));
#5929=DIRECTION('',(0.,0.,-1.));
#5930=DIRECTION('',(0.,0.,-1.));
#5931=DIRECTION('',(0.,0.,-1.));
#5932=DIRECTION('',(0.,0.,-1.));
#5933=DIRECTION('center_axis',(0.,-1.,0.));
#5934=DIRECTION('ref_axis',(-1.,0.,0.));
#5935=DIRECTION('',(0.,0.,-1.));
#5936=DIRECTION('',(-1.,0.,0.));
#5937=DIRECTION('center_axis',(0.,1.,0.));
#5938=DIRECTION('ref_axis',(1.,0.,0.));
#5939=DIRECTION('',(1.,0.,0.));
#5940=DIRECTION('',(0.,0.,-1.));
#5941=DIRECTION('',(0.,0.,-1.));
#5942=DIRECTION('',(0.,0.,-1.));
#5943=DIRECTION('center_axis',(-1.,0.,0.));
#5944=DIRECTION('ref_axis',(0.,1.,0.));
#5945=DIRECTION('',(0.,1.,0.));
#5946=DIRECTION('',(0.,0.,-1.));
#5947=DIRECTION('',(0.,0.,-1.));
#5948=DIRECTION('',(0.,0.,-1.));
#5949=DIRECTION('',(0.,0.,-1.));
#5950=DIRECTION('',(0.,0.,-1.));
#5951=DIRECTION('center_axis',(1.,0.,0.));
#5952=DIRECTION('ref_axis',(0.,-1.,0.));
#5953=DIRECTION('',(0.,-1.,0.));
#5954=DIRECTION('center_axis',(0.,0.,1.));
#5955=DIRECTION('ref_axis',(1.,0.,0.));
#5956=DIRECTION('',(0.,0.,1.));
#5957=DIRECTION('',(0.,0.,1.));
#5958=DIRECTION('',(0.,0.,1.));
#5959=DIRECTION('',(0.,0.,1.));
#5960=DIRECTION('',(0.,0.,1.));
#5961=DIRECTION('',(0.,0.,1.));
#5962=DIRECTION('',(0.,0.,1.));
#5963=DIRECTION('',(0.,0.,1.));
#5964=DIRECTION('',(0.,0.,1.));
#5965=DIRECTION('',(0.,0.,1.));
#5966=DIRECTION('',(0.,0.,1.));
#5967=DIRECTION('',(0.,0.,1.));
#5968=DIRECTION('',(0.,0.,1.));
#5969=DIRECTION('',(0.,0.,1.));
#5970=DIRECTION('',(0.,0.,1.));
#5971=DIRECTION('',(0.,0.,1.));
#5972=DIRECTION('',(0.,0.,1.));
#5973=DIRECTION('',(0.,0.,1.));
#5974=DIRECTION('',(0.,0.,1.));
#5975=DIRECTION('center_axis',(0.,0.,1.));
#5976=DIRECTION('ref_axis',(1.,0.,0.));
#5977=DIRECTION('',(0.,1.,0.));
#5978=DIRECTION('',(0.707106756600883,-0.707106805772211,0.));
#5979=DIRECTION('',(0.,-1.,0.));
#5980=DIRECTION('',(0.,1.,0.));
#5981=DIRECTION('',(0.,-1.,0.));
#5982=DIRECTION('',(-0.70710673435671,0.707106828016382,0.));
#5983=DIRECTION('',(0.,-1.,0.));
#5984=DIRECTION('',(0.,0.,-1.));
#5985=DIRECTION('',(0.,0.,-1.));
#5986=DIRECTION('center_axis',(1.,0.,0.));
#5987=DIRECTION('ref_axis',(0.,-1.,0.));
#5988=DIRECTION('',(0.,0.,-1.));
#5989=DIRECTION('',(0.,-1.,0.));
#5990=DIRECTION('',(0.,0.,-1.));
#5991=DIRECTION('',(0.,0.,-1.));
#5992=DIRECTION('',(0.,0.,-1.));
#5993=DIRECTION('',(0.,0.,-1.));
#5994=DIRECTION('center_axis',(-1.,0.,0.));
#5995=DIRECTION('ref_axis',(0.,1.,0.));
#5996=DIRECTION('',(0.,0.,-1.));
#5997=DIRECTION('',(0.,1.,0.));
#5998=DIRECTION('center_axis',(-0.707106805772211,-0.707106756600883,0.));
#5999=DIRECTION('ref_axis',(-0.707106756600883,0.707106805772211,0.));
#6000=DIRECTION('',(0.,0.,-1.));
#6001=DIRECTION('',(-0.707106756600883,0.707106805772211,0.));
#6002=DIRECTION('center_axis',(1.,0.,0.));
#6003=DIRECTION('ref_axis',(0.,-1.,0.));
#6004=DIRECTION('',(0.,0.,-1.));
#6005=DIRECTION('',(0.,-1.,0.));
#6006=DIRECTION('',(0.,0.,-1.));
#6007=DIRECTION('',(0.,0.,-1.));
#6008=DIRECTION('',(0.,0.,-1.));
#6009=DIRECTION('',(0.,0.,-1.));
#6010=DIRECTION('',(0.,0.,-1.));
#6011=DIRECTION('center_axis',(-1.,0.,0.));
#6012=DIRECTION('ref_axis',(0.,1.,0.));
#6013=DIRECTION('',(0.,1.,0.));
#6014=DIRECTION('',(0.,0.,-1.));
#6015=DIRECTION('center_axis',(0.707106828016382,0.70710673435671,0.));
#6016=DIRECTION('ref_axis',(0.70710673435671,-0.707106828016382,0.));
#6017=DIRECTION('',(0.70710673435671,-0.707106828016382,0.));
#6018=DIRECTION('',(0.,0.,-1.));
#6019=DIRECTION('',(0.,0.,-1.));
#6020=DIRECTION('',(0.,0.,-1.));
#6021=DIRECTION('',(0.,0.,-1.));
#6022=DIRECTION('center_axis',(-1.,0.,0.));
#6023=DIRECTION('ref_axis',(0.,1.,0.));
#6024=DIRECTION('',(0.,1.,0.));
#6025=DIRECTION('',(0.,0.,-1.));
#6026=DIRECTION('',(0.,0.,-1.));
#6027=DIRECTION('center_axis',(0.,0.,1.));
#6028=DIRECTION('ref_axis',(1.,0.,0.));
#6029=CARTESIAN_POINT('',(0.,0.,0.));
#6030=CARTESIAN_POINT('Ctrl Pts',(1.03536378725309,-1.27897476269114,29.6528009145495));
#6031=CARTESIAN_POINT('Ctrl Pts',(1.03536378725309,-1.27897476269114,29.9528009145495));
#6032=CARTESIAN_POINT('Ctrl Pts',(1.06610283997944,-1.31517271006267,29.6528009145495));
#6033=CARTESIAN_POINT('Ctrl Pts',(1.06610283997944,-1.31517271006267,29.9528009145495));
#6034=CARTESIAN_POINT('Ctrl Pts',(1.09684189270579,-1.3513706574342,29.6528009145495));
#6035=CARTESIAN_POINT('Ctrl Pts',(1.09684189270579,-1.3513706574342,29.9528009145495));
#6036=CARTESIAN_POINT('Ctrl Pts',(1.13284411973227,-1.43460776129844,29.6528009145495));
#6037=CARTESIAN_POINT('Ctrl Pts',(1.13284411973227,-1.43460776129844,29.9528009145495));
#6038=CARTESIAN_POINT('Ctrl Pts',(1.13752667142572,-1.48034143864431,29.6528009145495));
#6039=CARTESIAN_POINT('Ctrl Pts',(1.13752667142572,-1.48034143864431,29.9528009145495));
#6040=CARTESIAN_POINT('Ctrl Pts',(1.1425061164691,-1.52897482229579,29.6528009145495));
#6041=CARTESIAN_POINT('Ctrl Pts',(1.1425061164691,-1.52897482229579,29.9528009145495));
#6042=CARTESIAN_POINT('',(1.1425061164691,-1.52897482229579,29.6528009145495));
#6043=CARTESIAN_POINT('',(1.03536378725309,-1.27897476269114,29.6528009145495));
#6044=CARTESIAN_POINT('Ctrl Pts',(1.1425061164691,-1.52897482229579,29.6528009145495));
#6045=CARTESIAN_POINT('Ctrl Pts',(1.13752667142572,-1.48034143864431,29.6528009145495));
#6046=CARTESIAN_POINT('Ctrl Pts',(1.13284411973227,-1.43460776129844,29.6528009145495));
#6047=CARTESIAN_POINT('Ctrl Pts',(1.11483824403953,-1.39297819921327,29.6528009145495));
#6048=CARTESIAN_POINT('Ctrl Pts',(1.09684189270579,-1.3513706574342,29.6528009145495));
#6049=CARTESIAN_POINT('Ctrl Pts',(1.06610283997944,-1.31517271006267,29.6528009145495));
#6050=CARTESIAN_POINT('Ctrl Pts',(1.03536378725309,-1.27897476269114,29.6528009145495));
#6051=CARTESIAN_POINT('',(1.1425061164691,-1.52897482229579,29.9528009145495));
#6052=CARTESIAN_POINT('',(1.1425061164691,-1.52897482229579,29.6528009145495));
#6053=CARTESIAN_POINT('',(1.03536378725309,-1.27897476269114,29.9528009145495));
#6054=CARTESIAN_POINT('Ctrl Pts',(1.03536378725309,-1.27897476269114,29.9528009145495));
#6055=CARTESIAN_POINT('Ctrl Pts',(1.06610283997944,-1.31517271006267,29.9528009145495));
#6056=CARTESIAN_POINT('Ctrl Pts',(1.09684189270579,-1.3513706574342,29.9528009145495));
#6057=CARTESIAN_POINT('Ctrl Pts',(1.11483824403953,-1.39297819921327,29.9528009145495));
#6058=CARTESIAN_POINT('Ctrl Pts',(1.13284411973227,-1.43460776129844,29.9528009145495));
#6059=CARTESIAN_POINT('Ctrl Pts',(1.13752667142572,-1.48034143864431,29.9528009145495));
#6060=CARTESIAN_POINT('Ctrl Pts',(1.1425061164691,-1.52897482229579,29.9528009145495));
#6061=CARTESIAN_POINT('',(1.03536378725309,-1.27897476269114,29.6528009145495));
#6062=CARTESIAN_POINT('Ctrl Pts',(0.785363429625223,-1.17183213545192,29.6528009145495));
#6063=CARTESIAN_POINT('Ctrl Pts',(0.785363429625223,-1.17183213545192,29.9528009145495));
#6064=CARTESIAN_POINT('Ctrl Pts',(0.833996874188116,-1.1768115411823,29.6528009145495));
#6065=CARTESIAN_POINT('Ctrl Pts',(0.833996874188116,-1.1768115411823,29.9528009145495));
#6066=CARTESIAN_POINT('Ctrl Pts',(0.879730682818374,-1.18149406348383,29.6528009145495));
#6067=CARTESIAN_POINT('Ctrl Pts',(0.879730682818374,-1.18149406348383,29.9528009145495));
#6068=CARTESIAN_POINT('Ctrl Pts',(0.962967887096105,-1.21749638348045,29.6528009145495));
#6069=CARTESIAN_POINT('Ctrl Pts',(0.962967887096105,-1.21749638348045,29.9528009145495));
#6070=CARTESIAN_POINT('Ctrl Pts',(0.999165837174595,-1.24823557308579,29.6528009145495));
#6071=CARTESIAN_POINT('Ctrl Pts',(0.999165837174595,-1.24823557308579,29.9528009145495));
#6072=CARTESIAN_POINT('Ctrl Pts',(1.03536378725309,-1.27897476269114,29.6528009145495));
#6073=CARTESIAN_POINT('Ctrl Pts',(1.03536378725309,-1.27897476269114,29.9528009145495));
#6074=CARTESIAN_POINT('',(0.785363429625223,-1.17183213545192,29.6528009145495));
#6075=CARTESIAN_POINT('Ctrl Pts',(1.03536378725309,-1.27897476269114,29.6528009145495));
#6076=CARTESIAN_POINT('Ctrl Pts',(0.999165837174595,-1.24823557308579,29.6528009145495));
#6077=CARTESIAN_POINT('Ctrl Pts',(0.962967887096105,-1.21749638348045,29.6528009145495));
#6078=CARTESIAN_POINT('Ctrl Pts',(0.92136029450926,-1.19949998540823,29.6528009145495));
#6079=CARTESIAN_POINT('Ctrl Pts',(0.879730682818374,-1.18149406348383,29.6528009145495));
#6080=CARTESIAN_POINT('Ctrl Pts',(0.833996874188116,-1.1768115411823,29.6528009145495));
#6081=CARTESIAN_POINT('Ctrl Pts',(0.785363429625223,-1.17183213545192,29.6528009145495));
#6082=CARTESIAN_POINT('',(0.785363429625223,-1.17183213545192,29.9528009145495));
#6083=CARTESIAN_POINT('Ctrl Pts',(0.785363429625223,-1.17183213545192,29.9528009145495));
#6084=CARTESIAN_POINT('Ctrl Pts',(0.833996874188116,-1.1768115411823,29.9528009145495));
#6085=CARTESIAN_POINT('Ctrl Pts',(0.879730682818374,-1.18149406348383,29.9528009145495));
#6086=CARTESIAN_POINT('Ctrl Pts',(0.92136029450926,-1.19949998540823,29.9528009145495));
#6087=CARTESIAN_POINT('Ctrl Pts',(0.962967887096105,-1.21749638348045,29.9528009145495));
#6088=CARTESIAN_POINT('Ctrl Pts',(0.999165837174595,-1.24823557308579,29.9528009145495));
#6089=CARTESIAN_POINT('Ctrl Pts',(1.03536378725309,-1.27897476269114,29.9528009145495));
#6090=CARTESIAN_POINT('',(0.785363429625223,-1.17183213545192,29.6528009145495));
#6091=CARTESIAN_POINT('Ctrl Pts',(-0.893207675378134,-1.27897476269114,
29.6528009145495));
#6092=CARTESIAN_POINT('Ctrl Pts',(-0.893207675378134,-1.27897476269114,
29.9528009145495));
#6093=CARTESIAN_POINT('Ctrl Pts',(-0.857009865404997,-1.24823552009733,
29.6528009145495));
#6094=CARTESIAN_POINT('Ctrl Pts',(-0.857009865404997,-1.24823552009733,
29.9528009145495));
#6095=CARTESIAN_POINT('Ctrl Pts',(-0.820812055431858,-1.21749627750351,
29.6528009145495));
#6096=CARTESIAN_POINT('Ctrl Pts',(-0.820812055431858,-1.21749627750351,
29.9528009145495));
#6097=CARTESIAN_POINT('Ctrl Pts',(-0.737575043139155,-1.18149398701648,
29.6528009145495));
#6098=CARTESIAN_POINT('Ctrl Pts',(-0.737575043139155,-1.18149398701648,
29.9528009145495));
#6099=CARTESIAN_POINT('Ctrl Pts',(-0.691841153387424,-1.17681148732267,
29.6528009145495));
#6100=CARTESIAN_POINT('Ctrl Pts',(-0.691841153387424,-1.17681148732267,
29.9528009145495));
#6101=CARTESIAN_POINT('Ctrl Pts',(-0.643207913796713,-1.17183213545192,
29.6528009145495));
#6102=CARTESIAN_POINT('Ctrl Pts',(-0.643207913796713,-1.17183213545192,
29.9528009145495));
#6103=CARTESIAN_POINT('',(-0.643207913796713,-1.17183213545192,29.6528009145495));
#6104=CARTESIAN_POINT('',(-0.893207675378134,-1.27897476269114,29.6528009145495));
#6105=CARTESIAN_POINT('Ctrl Pts',(-0.643207913796713,-1.17183213545192,
29.6528009145495));
#6106=CARTESIAN_POINT('Ctrl Pts',(-0.691841153387424,-1.17681148732267,
29.6528009145495));
#6107=CARTESIAN_POINT('Ctrl Pts',(-0.737575043139155,-1.18149398701648,
29.6528009145495));
#6108=CARTESIAN_POINT('Ctrl Pts',(-0.77920455653889,-1.19949989319894,29.6528009145495));
#6109=CARTESIAN_POINT('Ctrl Pts',(-0.820812055431858,-1.21749627750351,
29.6528009145495));
#6110=CARTESIAN_POINT('Ctrl Pts',(-0.857009865404997,-1.24823552009733,
29.6528009145495));
#6111=CARTESIAN_POINT('Ctrl Pts',(-0.893207675378134,-1.27897476269114,
29.6528009145495));
#6112=CARTESIAN_POINT('',(-0.643207913796713,-1.17183213545192,29.9528009145495));
#6113=CARTESIAN_POINT('',(-0.643207913796713,-1.17183213545192,29.6528009145495));
#6114=CARTESIAN_POINT('',(-0.893207675378134,-1.27897476269114,29.9528009145495));
#6115=CARTESIAN_POINT('Ctrl Pts',(-0.893207675378134,-1.27897476269114,
29.9528009145495));
#6116=CARTESIAN_POINT('Ctrl Pts',(-0.857009865404997,-1.24823552009733,
29.9528009145495));
#6117=CARTESIAN_POINT('Ctrl Pts',(-0.820812055431858,-1.21749627750351,
29.9528009145495));
#6118=CARTESIAN_POINT('Ctrl Pts',(-0.77920455653889,-1.19949989319894,29.9528009145495));
#6119=CARTESIAN_POINT('Ctrl Pts',(-0.737575043139155,-1.18149398701648,
29.9528009145495));
#6120=CARTESIAN_POINT('Ctrl Pts',(-0.691841153387424,-1.17681148732267,
29.9528009145495));
#6121=CARTESIAN_POINT('Ctrl Pts',(-0.643207913796713,-1.17183213545192,
29.9528009145495));
#6122=CARTESIAN_POINT('',(-0.893207675378134,-1.27897476269114,29.6528009145495));
#6123=CARTESIAN_POINT('Ctrl Pts',(-1.00035060064058,-1.52897482229579,29.6528009145495));
#6124=CARTESIAN_POINT('Ctrl Pts',(-1.00035060064058,-1.52897482229579,29.9528009145495));
#6125=CARTESIAN_POINT('Ctrl Pts',(-0.995371227955464,-1.48034139212616,
29.6528009145495));
#6126=CARTESIAN_POINT('Ctrl Pts',(-0.995371227955464,-1.48034139212616,
29.9528009145495));
#6127=CARTESIAN_POINT('Ctrl Pts',(-0.990688732415024,-1.43460755489682,
29.6528009145495));
#6128=CARTESIAN_POINT('Ctrl Pts',(-0.990688732415024,-1.43460755489682,
29.9528009145495));
#6129=CARTESIAN_POINT('Ctrl Pts',(-0.954686316014281,-1.35137045003963,
29.6528009145495));
#6130=CARTESIAN_POINT('Ctrl Pts',(-0.954686316014281,-1.35137045003963,
29.9528009145495));
#6131=CARTESIAN_POINT('Ctrl Pts',(-0.923946995696205,-1.31517260636539,
29.6528009145495));
#6132=CARTESIAN_POINT('Ctrl Pts',(-0.923946995696205,-1.31517260636539,
29.9528009145495));
#6133=CARTESIAN_POINT('Ctrl Pts',(-0.893207675378134,-1.27897476269114,
29.6528009145495));
#6134=CARTESIAN_POINT('Ctrl Pts',(-0.893207675378134,-1.27897476269114,
29.9528009145495));
#6135=CARTESIAN_POINT('',(-1.00035060064058,-1.52897482229579,29.6528009145495));
#6136=CARTESIAN_POINT('Ctrl Pts',(-0.893207675378134,-1.27897476269114,
29.6528009145495));
#6137=CARTESIAN_POINT('Ctrl Pts',(-0.923946995696205,-1.31517260636539,
29.6528009145495));
#6138=CARTESIAN_POINT('Ctrl Pts',(-0.954686316014281,-1.35137045003963,
29.6528009145495));
#6139=CARTESIAN_POINT('Ctrl Pts',(-0.972682762427085,-1.3929779932791,29.6528009145495));
#6140=CARTESIAN_POINT('Ctrl Pts',(-0.990688732415024,-1.43460755489682,
29.6528009145495));
#6141=CARTESIAN_POINT('Ctrl Pts',(-0.995371227955464,-1.48034139212616,
29.6528009145495));
#6142=CARTESIAN_POINT('Ctrl Pts',(-1.00035060064058,-1.52897482229579,29.6528009145495));
#6143=CARTESIAN_POINT('',(-1.00035060064058,-1.52897482229579,29.9528009145495));
#6144=CARTESIAN_POINT('Ctrl Pts',(-1.00035060064058,-1.52897482229579,29.9528009145495));
#6145=CARTESIAN_POINT('Ctrl Pts',(-0.995371227955464,-1.48034139212616,
29.9528009145495));
#6146=CARTESIAN_POINT('Ctrl Pts',(-0.990688732415024,-1.43460755489682,
29.9528009145495));
#6147=CARTESIAN_POINT('Ctrl Pts',(-0.972682762427085,-1.3929779932791,29.9528009145495));
#6148=CARTESIAN_POINT('Ctrl Pts',(-0.954686316014281,-1.35137045003963,
29.9528009145495));
#6149=CARTESIAN_POINT('Ctrl Pts',(-0.923946995696205,-1.31517260636539,
29.9528009145495));
#6150=CARTESIAN_POINT('Ctrl Pts',(-0.893207675378134,-1.27897476269114,
29.9528009145495));
#6151=CARTESIAN_POINT('',(-1.00035060064058,-1.52897482229579,29.6528009145495));
#6152=CARTESIAN_POINT('Ctrl Pts',(-0.893207675378134,-3.20754652334559,
29.6528009145495));
#6153=CARTESIAN_POINT('Ctrl Pts',(-0.893207675378134,-3.20754652334559,
29.9528009145495));
#6154=CARTESIAN_POINT('Ctrl Pts',(-0.923946969202003,-3.17134860961864,
29.6528009145495));
#6155=CARTESIAN_POINT('Ctrl Pts',(-0.923946969202003,-3.17134860961864,
29.9528009145495));
#6156=CARTESIAN_POINT('Ctrl Pts',(-0.954686263025873,-3.13515069589168,
29.6528009145495));
#6157=CARTESIAN_POINT('Ctrl Pts',(-0.954686263025873,-3.13515069589168,
29.9528009145495));
#6158=CARTESIAN_POINT('Ctrl Pts',(-0.990688694181403,-3.05191349504182,
29.6528009145495));
#6159=CARTESIAN_POINT('Ctrl Pts',(-0.990688694181403,-3.05191349504182,
29.9528009145495));
#6160=CARTESIAN_POINT('Ctrl Pts',(-0.995371201025734,-3.00617969837259,
29.6528009145495));
#6161=CARTESIAN_POINT('Ctrl Pts',(-0.995371201025734,-3.00617969837259,
29.9528009145495));
#6162=CARTESIAN_POINT('Ctrl Pts',(-1.00035060064058,-2.95754616571772,29.6528009145495));
#6163=CARTESIAN_POINT('Ctrl Pts',(-1.00035060064058,-2.95754616571772,29.9528009145495));
#6164=CARTESIAN_POINT('',(-1.00035060064058,-2.95754616571772,29.6528009145495));
#6165=CARTESIAN_POINT('',(-0.893207675378134,-3.20754652334559,29.6528009145495));
#6166=CARTESIAN_POINT('Ctrl Pts',(-1.00035060064058,-2.95754616571772,29.6528009145495));
#6167=CARTESIAN_POINT('Ctrl Pts',(-0.995371201025734,-3.00617969837259,
29.6528009145495));
#6168=CARTESIAN_POINT('Ctrl Pts',(-0.990688694181403,-3.05191349504182,
29.6528009145495));
#6169=CARTESIAN_POINT('Ctrl Pts',(-0.972682716322469,-3.09354310580526,
29.6528009145495));
#6170=CARTESIAN_POINT('Ctrl Pts',(-0.954686263025873,-3.13515069589168,
29.6528009145495));
#6171=CARTESIAN_POINT('Ctrl Pts',(-0.923946969202003,-3.17134860961864,
29.6528009145495));
#6172=CARTESIAN_POINT('Ctrl Pts',(-0.893207675378134,-3.20754652334559,
29.6528009145495));
#6173=CARTESIAN_POINT('',(-1.00035060064058,-2.95754616571772,29.9528009145495));
#6174=CARTESIAN_POINT('',(-1.00035060064058,-2.95754616571772,29.6528009145495));
#6175=CARTESIAN_POINT('',(-0.893207675378134,-3.20754652334559,29.9528009145495));
#6176=CARTESIAN_POINT('Ctrl Pts',(-0.893207675378134,-3.20754652334559,
29.9528009145495));
#6177=CARTESIAN_POINT('Ctrl Pts',(-0.923946969202003,-3.17134860961864,
29.9528009145495));
#6178=CARTESIAN_POINT('Ctrl Pts',(-0.954686263025873,-3.13515069589168,
29.9528009145495));
#6179=CARTESIAN_POINT('Ctrl Pts',(-0.972682716322469,-3.09354310580526,
29.9528009145495));
#6180=CARTESIAN_POINT('Ctrl Pts',(-0.990688694181403,-3.05191349504182,
29.9528009145495));
#6181=CARTESIAN_POINT('Ctrl Pts',(-0.995371201025734,-3.00617969837259,
29.9528009145495));
#6182=CARTESIAN_POINT('Ctrl Pts',(-1.00035060064058,-2.95754616571772,29.9528009145495));
#6183=CARTESIAN_POINT('',(-0.893207675378134,-3.20754652334559,29.6528009145495));
#6184=CARTESIAN_POINT('Ctrl Pts',(-0.643207913796713,-3.31468944860804,
29.6528009145495));
#6185=CARTESIAN_POINT('Ctrl Pts',(-0.643207913796713,-3.31468944860804,
29.9528009145495));
#6186=CARTESIAN_POINT('Ctrl Pts',(-0.691841241480554,-3.3097101028527,29.6528009145495));
#6187=CARTESIAN_POINT('Ctrl Pts',(-0.691841241480554,-3.3097101028527,29.9528009145495));
#6188=CARTESIAN_POINT('Ctrl Pts',(-0.737575119270573,-3.30502761861617,
29.6528009145495));
#6189=CARTESIAN_POINT('Ctrl Pts',(-0.737575119270573,-3.30502761861617,
29.9528009145495));
#6190=CARTESIAN_POINT('Ctrl Pts',(-0.82081212813526,-3.26902521697026,29.6528009145495));
#6191=CARTESIAN_POINT('Ctrl Pts',(-0.82081212813526,-3.26902521697026,29.9528009145495));
#6192=CARTESIAN_POINT('Ctrl Pts',(-0.857009901756698,-3.23828587015793,
29.6528009145495));
#6193=CARTESIAN_POINT('Ctrl Pts',(-0.857009901756698,-3.23828587015793,
29.9528009145495));
#6194=CARTESIAN_POINT('Ctrl Pts',(-0.893207675378134,-3.20754652334559,
29.6528009145495));
#6195=CARTESIAN_POINT('Ctrl Pts',(-0.893207675378134,-3.20754652334559,
29.9528009145495));
#6196=CARTESIAN_POINT('',(-0.643207913796713,-3.31468944860804,29.6528009145495));
#6197=CARTESIAN_POINT('Ctrl Pts',(-0.893207675378134,-3.20754652334559,
29.6528009145495));
#6198=CARTESIAN_POINT('Ctrl Pts',(-0.857009901756698,-3.23828587015793,
29.6528009145495));
#6199=CARTESIAN_POINT('Ctrl Pts',(-0.82081212813526,-3.26902521697026,29.6528009145495));
#6200=CARTESIAN_POINT('Ctrl Pts',(-0.779204631742718,-3.28702165649922,
29.6528009145495));
#6201=CARTESIAN_POINT('Ctrl Pts',(-0.737575119270573,-3.30502761861617,
29.6528009145495));
#6202=CARTESIAN_POINT('Ctrl Pts',(-0.691841241480554,-3.3097101028527,29.6528009145495));
#6203=CARTESIAN_POINT('Ctrl Pts',(-0.643207913796713,-3.31468944860804,
29.6528009145495));
#6204=CARTESIAN_POINT('',(-0.643207913796713,-3.31468944860804,29.9528009145495));
#6205=CARTESIAN_POINT('Ctrl Pts',(-0.643207913796713,-3.31468944860804,
29.9528009145495));
#6206=CARTESIAN_POINT('Ctrl Pts',(-0.691841241480554,-3.3097101028527,29.9528009145495));
#6207=CARTESIAN_POINT('Ctrl Pts',(-0.737575119270573,-3.30502761861617,
29.9528009145495));
#6208=CARTESIAN_POINT('Ctrl Pts',(-0.779204631742718,-3.28702165649922,
29.9528009145495));
#6209=CARTESIAN_POINT('Ctrl Pts',(-0.82081212813526,-3.26902521697026,29.9528009145495));
#6210=CARTESIAN_POINT('Ctrl Pts',(-0.857009901756698,-3.23828587015793,
29.9528009145495));
#6211=CARTESIAN_POINT('Ctrl Pts',(-0.893207675378134,-3.20754652334559,
29.9528009145495));
#6212=CARTESIAN_POINT('',(-0.643207913796713,-3.31468944860804,29.6528009145495));
#6213=CARTESIAN_POINT('Ctrl Pts',(1.03536378725309,-3.20754652334559,29.6528009145495));
#6214=CARTESIAN_POINT('Ctrl Pts',(1.03536378725309,-3.20754652334559,29.9528009145495));
#6215=CARTESIAN_POINT('Ctrl Pts',(0.999165873526145,-3.23828581716946,29.6528009145495));
#6216=CARTESIAN_POINT('Ctrl Pts',(0.999165873526145,-3.23828581716946,29.9528009145495));
#6217=CARTESIAN_POINT('Ctrl Pts',(0.962967959799183,-3.26902511099333,29.6528009145495));
#6218=CARTESIAN_POINT('Ctrl Pts',(0.962967959799183,-3.26902511099333,29.9528009145495));
#6219=CARTESIAN_POINT('Ctrl Pts',(0.879730758949312,-3.30502754214886,29.6528009145495));
#6220=CARTESIAN_POINT('Ctrl Pts',(0.879730758949312,-3.30502754214886,29.9528009145495));
#6221=CARTESIAN_POINT('Ctrl Pts',(0.833996962280084,-3.30971004899319,29.6528009145495));
#6222=CARTESIAN_POINT('Ctrl Pts',(0.833996962280084,-3.30971004899319,29.9528009145495));
#6223=CARTESIAN_POINT('Ctrl Pts',(0.785363429625223,-3.31468944860804,29.6528009145495));
#6224=CARTESIAN_POINT('Ctrl Pts',(0.785363429625223,-3.31468944860804,29.9528009145495));
#6225=CARTESIAN_POINT('',(0.785363429625223,-3.31468944860804,29.6528009145495));
#6226=CARTESIAN_POINT('',(1.03536378725309,-3.20754652334559,29.6528009145495));
#6227=CARTESIAN_POINT('Ctrl Pts',(0.785363429625223,-3.31468944860804,29.6528009145495));
#6228=CARTESIAN_POINT('Ctrl Pts',(0.833996962280084,-3.30971004899319,29.6528009145495));
#6229=CARTESIAN_POINT('Ctrl Pts',(0.879730758949312,-3.30502754214886,29.6528009145495));
#6230=CARTESIAN_POINT('Ctrl Pts',(0.921360369712756,-3.28702156428993,29.6528009145495));
#6231=CARTESIAN_POINT('Ctrl Pts',(0.962967959799183,-3.26902511099333,29.6528009145495));
#6232=CARTESIAN_POINT('Ctrl Pts',(0.999165873526145,-3.23828581716946,29.6528009145495));
#6233=CARTESIAN_POINT('Ctrl Pts',(1.03536378725309,-3.20754652334559,29.6528009145495));
#6234=CARTESIAN_POINT('',(0.785363429625223,-3.31468944860804,29.9528009145495));
#6235=CARTESIAN_POINT('',(0.785363429625223,-3.31468944860804,29.6528009145495));
#6236=CARTESIAN_POINT('',(1.03536378725309,-3.20754652334559,29.9528009145495));
#6237=CARTESIAN_POINT('Ctrl Pts',(1.03536378725309,-3.20754652334559,29.9528009145495));
#6238=CARTESIAN_POINT('Ctrl Pts',(0.999165873526145,-3.23828581716946,29.9528009145495));
#6239=CARTESIAN_POINT('Ctrl Pts',(0.962967959799183,-3.26902511099333,29.9528009145495));
#6240=CARTESIAN_POINT('Ctrl Pts',(0.921360369712756,-3.28702156428993,29.9528009145495));
#6241=CARTESIAN_POINT('Ctrl Pts',(0.879730758949312,-3.30502754214886,29.9528009145495));
#6242=CARTESIAN_POINT('Ctrl Pts',(0.833996962280084,-3.30971004899319,29.9528009145495));
#6243=CARTESIAN_POINT('Ctrl Pts',(0.785363429625223,-3.31468944860804,29.9528009145495));
#6244=CARTESIAN_POINT('',(1.03536378725309,-3.20754652334559,29.6528009145495));
#6245=CARTESIAN_POINT('Ctrl Pts',(1.1425061164691,-2.95754616571772,29.6528009145495));
#6246=CARTESIAN_POINT('Ctrl Pts',(1.1425061164691,-2.95754616571772,29.9528009145495));
#6247=CARTESIAN_POINT('Ctrl Pts',(1.13752696293404,-3.00617976111558,29.6528009145495));
#6248=CARTESIAN_POINT('Ctrl Pts',(1.13752696293404,-3.00617976111558,29.9528009145495));
#6249=CARTESIAN_POINT('Ctrl Pts',(1.13284469441006,-3.05191354926572,29.6528009145495));
#6250=CARTESIAN_POINT('Ctrl Pts',(1.13284469441006,-3.05191354926572,29.9528009145495));
#6251=CARTESIAN_POINT('Ctrl Pts',(1.09684245145412,-3.1351507476741,29.6528009145495));
#6252=CARTESIAN_POINT('Ctrl Pts',(1.09684245145412,-3.1351507476741,29.9528009145495));
#6253=CARTESIAN_POINT('Ctrl Pts',(1.06610311935361,-3.17134863550985,29.6528009145495));
#6254=CARTESIAN_POINT('Ctrl Pts',(1.06610311935361,-3.17134863550985,29.9528009145495));
#6255=CARTESIAN_POINT('Ctrl Pts',(1.03536378725309,-3.20754652334559,29.6528009145495));
#6256=CARTESIAN_POINT('Ctrl Pts',(1.03536378725309,-3.20754652334559,29.9528009145495));
#6257=CARTESIAN_POINT('',(1.1425061164691,-2.95754616571772,29.6528009145495));
#6258=CARTESIAN_POINT('Ctrl Pts',(1.03536378725309,-3.20754652334559,29.6528009145495));
#6259=CARTESIAN_POINT('Ctrl Pts',(1.06610311935361,-3.17134863550985,29.6528009145495));
#6260=CARTESIAN_POINT('Ctrl Pts',(1.09684245145412,-3.1351507476741,29.6528009145495));
#6261=CARTESIAN_POINT('Ctrl Pts',(1.11483881043338,-3.09354315936861,29.6528009145495));
#6262=CARTESIAN_POINT('Ctrl Pts',(1.13284469441006,-3.05191354926572,29.6528009145495));
#6263=CARTESIAN_POINT('Ctrl Pts',(1.13752696293404,-3.00617976111558,29.6528009145495));
#6264=CARTESIAN_POINT('Ctrl Pts',(1.1425061164691,-2.95754616571772,29.6528009145495));
#6265=CARTESIAN_POINT('',(1.1425061164691,-2.95754616571772,29.9528009145495));
#6266=CARTESIAN_POINT('Ctrl Pts',(1.1425061164691,-2.95754616571772,29.9528009145495));
#6267=CARTESIAN_POINT('Ctrl Pts',(1.13752696293404,-3.00617976111558,29.9528009145495));
#6268=CARTESIAN_POINT('Ctrl Pts',(1.13284469441006,-3.05191354926572,29.9528009145495));
#6269=CARTESIAN_POINT('Ctrl Pts',(1.11483881043338,-3.09354315936861,29.9528009145495));
#6270=CARTESIAN_POINT('Ctrl Pts',(1.09684245145412,-3.1351507476741,29.9528009145495));
#6271=CARTESIAN_POINT('Ctrl Pts',(1.06610311935361,-3.17134863550985,29.9528009145495));
#6272=CARTESIAN_POINT('Ctrl Pts',(1.03536378725309,-3.20754652334559,29.9528009145495));
#6273=CARTESIAN_POINT('',(1.1425061164691,-2.95754616571772,29.6528009145495));
#6274=CARTESIAN_POINT('Ctrl Pts',(-1.39320779458742,-3.70754604650844,29.6528009145495));
#6275=CARTESIAN_POINT('Ctrl Pts',(-1.39320779458742,-3.70754604650844,29.9528009145495));
#6276=CARTESIAN_POINT('Ctrl Pts',(-1.28461433361746,-3.7997640339569,29.6528009145495));
#6277=CARTESIAN_POINT('Ctrl Pts',(-1.28461433361746,-3.7997640339569,29.9528009145495));
#6278=CARTESIAN_POINT('Ctrl Pts',(-1.1760208726475,-3.89198202140536,29.6528009145495));
#6279=CARTESIAN_POINT('Ctrl Pts',(-1.1760208726475,-3.89198202140536,29.9528009145495));
#6280=CARTESIAN_POINT('Ctrl Pts',(-0.926309654068507,-3.99998925585277,
29.6528009145495));
#6281=CARTESIAN_POINT('Ctrl Pts',(-0.926309654068507,-3.99998925585277,
29.9528009145495));
#6282=CARTESIAN_POINT('Ctrl Pts',(-0.789108101819959,-4.01403673117019,
29.6528009145495));
#6283=CARTESIAN_POINT('Ctrl Pts',(-0.789108101819959,-4.01403673117019,
29.9528009145495));
#6284=CARTESIAN_POINT('Ctrl Pts',(-0.643207913796713,-4.02897482229579,
29.6528009145495));
#6285=CARTESIAN_POINT('Ctrl Pts',(-0.643207913796713,-4.02897482229579,
29.9528009145495));
#6286=CARTESIAN_POINT('',(-0.643207913796713,-4.02897482229579,29.6528009145495));
#6287=CARTESIAN_POINT('',(-1.39320779458742,-3.70754604650844,29.6528009145495));
#6288=CARTESIAN_POINT('Ctrl Pts',(-0.643207913796713,-4.02897482229579,
29.6528009145495));
#6289=CARTESIAN_POINT('Ctrl Pts',(-0.789108101819959,-4.01403673117019,
29.6528009145495));
#6290=CARTESIAN_POINT('Ctrl Pts',(-0.926309654068507,-3.99998925585277,
29.6528009145495));
#6291=CARTESIAN_POINT('Ctrl Pts',(-1.05119828977604,-3.94597135375995,29.6528009145495));
#6292=CARTESIAN_POINT('Ctrl Pts',(-1.1760208726475,-3.89198202140536,29.6528009145495));
#6293=CARTESIAN_POINT('Ctrl Pts',(-1.28461433361746,-3.7997640339569,29.6528009145495));
#6294=CARTESIAN_POINT('Ctrl Pts',(-1.39320779458742,-3.70754604650844,29.6528009145495));
#6295=CARTESIAN_POINT('',(-0.643207913796713,-4.02897482229579,29.9528009145495));
#6296=CARTESIAN_POINT('',(-0.643207913796713,-4.02897482229579,29.6528009145495));
#6297=CARTESIAN_POINT('',(-1.39320779458742,-3.70754604650844,29.9528009145495));
#6298=CARTESIAN_POINT('Ctrl Pts',(-1.39320779458742,-3.70754604650844,29.9528009145495));
#6299=CARTESIAN_POINT('Ctrl Pts',(-1.28461433361746,-3.7997640339569,29.9528009145495));
#6300=CARTESIAN_POINT('Ctrl Pts',(-1.1760208726475,-3.89198202140536,29.9528009145495));
#6301=CARTESIAN_POINT('Ctrl Pts',(-1.05119828977604,-3.94597135375995,29.9528009145495));
#6302=CARTESIAN_POINT('Ctrl Pts',(-0.926309654068507,-3.99998925585277,
29.9528009145495));
#6303=CARTESIAN_POINT('Ctrl Pts',(-0.789108101819959,-4.01403673117019,
29.9528009145495));
#6304=CARTESIAN_POINT('Ctrl Pts',(-0.643207913796713,-4.02897482229579,
29.9528009145495));
#6305=CARTESIAN_POINT('',(-1.39320779458742,-3.70754604650844,29.6528009145495));
#6306=CARTESIAN_POINT('Ctrl Pts',(-1.71463657037478,-2.95754616571772,29.6528009145495));
#6307=CARTESIAN_POINT('Ctrl Pts',(-1.71463657037478,-2.95754616571772,29.9528009145495));
#6308=CARTESIAN_POINT('Ctrl Pts',(-1.69969847924918,-3.10344635374098,29.6528009145495));
#6309=CARTESIAN_POINT('Ctrl Pts',(-1.69969847924918,-3.10344635374098,29.9528009145495));
#6310=CARTESIAN_POINT('Ctrl Pts',(-1.68565100393176,-3.24064790598952,29.6528009145495));
#6311=CARTESIAN_POINT('Ctrl Pts',(-1.68565100393176,-3.24064790598952,29.9528009145495));
#6312=CARTESIAN_POINT('Ctrl Pts',(-1.57764376948435,-3.49035912456852,29.6528009145495));
#6313=CARTESIAN_POINT('Ctrl Pts',(-1.57764376948435,-3.49035912456852,29.9528009145495));
#6314=CARTESIAN_POINT('Ctrl Pts',(-1.48542578203588,-3.59895258553848,29.6528009145495));
#6315=CARTESIAN_POINT('Ctrl Pts',(-1.48542578203588,-3.59895258553848,29.9528009145495));
#6316=CARTESIAN_POINT('Ctrl Pts',(-1.39320779458742,-3.70754604650844,29.6528009145495));
#6317=CARTESIAN_POINT('Ctrl Pts',(-1.39320779458742,-3.70754604650844,29.9528009145495));
#6318=CARTESIAN_POINT('',(-1.71463657037478,-2.95754616571772,29.6528009145495));
#6319=CARTESIAN_POINT('Ctrl Pts',(-1.39320779458742,-3.70754604650844,29.6528009145495));
#6320=CARTESIAN_POINT('Ctrl Pts',(-1.48542578203588,-3.59895258553848,29.6528009145495));
#6321=CARTESIAN_POINT('Ctrl Pts',(-1.57764376948435,-3.49035912456852,29.6528009145495));
#6322=CARTESIAN_POINT('Ctrl Pts',(-1.63163310183894,-3.36553654169705,29.6528009145495));
#6323=CARTESIAN_POINT('Ctrl Pts',(-1.68565100393176,-3.24064790598952,29.6528009145495));
#6324=CARTESIAN_POINT('Ctrl Pts',(-1.69969847924918,-3.10344635374098,29.6528009145495));
#6325=CARTESIAN_POINT('Ctrl Pts',(-1.71463657037478,-2.95754616571772,29.6528009145495));
#6326=CARTESIAN_POINT('',(-1.71463657037478,-2.95754616571772,29.9528009145495));
#6327=CARTESIAN_POINT('Ctrl Pts',(-1.71463657037478,-2.95754616571772,29.9528009145495));
#6328=CARTESIAN_POINT('Ctrl Pts',(-1.69969847924918,-3.10344635374098,29.9528009145495));
#6329=CARTESIAN_POINT('Ctrl Pts',(-1.68565100393176,-3.24064790598952,29.9528009145495));
#6330=CARTESIAN_POINT('Ctrl Pts',(-1.63163310183894,-3.36553654169705,29.9528009145495));
#6331=CARTESIAN_POINT('Ctrl Pts',(-1.57764376948435,-3.49035912456852,29.9528009145495));
#6332=CARTESIAN_POINT('Ctrl Pts',(-1.48542578203588,-3.59895258553848,29.9528009145495));
#6333=CARTESIAN_POINT('Ctrl Pts',(-1.39320779458742,-3.70754604650844,29.9528009145495));
#6334=CARTESIAN_POINT('',(-1.71463657037478,-2.95754616571772,29.6528009145495));
#6335=CARTESIAN_POINT('Ctrl Pts',(-1.39320779458742,-0.778974941505078,
29.6528009145495));
#6336=CARTESIAN_POINT('Ctrl Pts',(-1.39320779458742,-0.778974941505078,
29.9528009145495));
#6337=CARTESIAN_POINT('Ctrl Pts',(-1.48542578203589,-0.887568402475045,
29.6528009145495));
#6338=CARTESIAN_POINT('Ctrl Pts',(-1.48542578203589,-0.887568402475045,
29.9528009145495));
#6339=CARTESIAN_POINT('Ctrl Pts',(-1.57764376948435,-0.996161863445001,
29.6528009145495));
#6340=CARTESIAN_POINT('Ctrl Pts',(-1.57764376948435,-0.996161863445001,
29.9528009145495));
#6341=CARTESIAN_POINT('Ctrl Pts',(-1.68565100393176,-1.24587308202399,29.6528009145495));
#6342=CARTESIAN_POINT('Ctrl Pts',(-1.68565100393176,-1.24587308202399,29.9528009145495));
#6343=CARTESIAN_POINT('Ctrl Pts',(-1.69969847924917,-1.38307463427252,29.6528009145495));
#6344=CARTESIAN_POINT('Ctrl Pts',(-1.69969847924917,-1.38307463427252,29.9528009145495));
#6345=CARTESIAN_POINT('Ctrl Pts',(-1.71463657037478,-1.52897482229579,29.6528009145495));
#6346=CARTESIAN_POINT('Ctrl Pts',(-1.71463657037478,-1.52897482229579,29.9528009145495));
#6347=CARTESIAN_POINT('',(-1.71463657037478,-1.52897482229579,29.6528009145495));
#6348=CARTESIAN_POINT('',(-1.39320779458742,-0.778974941505078,29.6528009145495));
#6349=CARTESIAN_POINT('Ctrl Pts',(-1.71463657037478,-1.52897482229579,29.6528009145495));
#6350=CARTESIAN_POINT('Ctrl Pts',(-1.69969847924917,-1.38307463427252,29.6528009145495));
#6351=CARTESIAN_POINT('Ctrl Pts',(-1.68565100393176,-1.24587308202399,29.6528009145495));
#6352=CARTESIAN_POINT('Ctrl Pts',(-1.63163310183894,-1.12098444631646,29.6528009145495));
#6353=CARTESIAN_POINT('Ctrl Pts',(-1.57764376948435,-0.996161863445001,
29.6528009145495));
#6354=CARTESIAN_POINT('Ctrl Pts',(-1.48542578203589,-0.887568402475045,
29.6528009145495));
#6355=CARTESIAN_POINT('Ctrl Pts',(-1.39320779458742,-0.778974941505078,
29.6528009145495));
#6356=CARTESIAN_POINT('',(-1.71463657037478,-1.52897482229579,29.9528009145495));
#6357=CARTESIAN_POINT('',(-1.71463657037478,-1.52897482229579,29.6528009145495));
#6358=CARTESIAN_POINT('',(-1.39320779458742,-0.778974941505078,29.9528009145495));
#6359=CARTESIAN_POINT('Ctrl Pts',(-1.39320779458742,-0.778974941505078,
29.9528009145495));
#6360=CARTESIAN_POINT('Ctrl Pts',(-1.48542578203589,-0.887568402475045,
29.9528009145495));
#6361=CARTESIAN_POINT('Ctrl Pts',(-1.57764376948435,-0.996161863445001,
29.9528009145495));
#6362=CARTESIAN_POINT('Ctrl Pts',(-1.63163310183894,-1.12098444631646,29.9528009145495));
#6363=CARTESIAN_POINT('Ctrl Pts',(-1.68565100393176,-1.24587308202399,29.9528009145495));
#6364=CARTESIAN_POINT('Ctrl Pts',(-1.69969847924917,-1.38307463427252,29.9528009145495));
#6365=CARTESIAN_POINT('Ctrl Pts',(-1.71463657037478,-1.52897482229579,29.9528009145495));
#6366=CARTESIAN_POINT('',(-1.39320779458742,-0.778974941505078,29.6528009145495));
#6367=CARTESIAN_POINT('Ctrl Pts',(-0.643207913796713,-0.457546165717725,
29.6528009145495));
#6368=CARTESIAN_POINT('Ctrl Pts',(-0.643207913796713,-0.457546165717725,
29.9528009145495));
#6369=CARTESIAN_POINT('Ctrl Pts',(-0.789108101819972,-0.472484256843327,
29.6528009145495));
#6370=CARTESIAN_POINT('Ctrl Pts',(-0.789108101819972,-0.472484256843327,
29.9528009145495));
#6371=CARTESIAN_POINT('Ctrl Pts',(-0.92630965406851,-0.48653173216074,29.6528009145495));
#6372=CARTESIAN_POINT('Ctrl Pts',(-0.92630965406851,-0.48653173216074,29.9528009145495));
#6373=CARTESIAN_POINT('Ctrl Pts',(-1.1760208726475,-0.594538966608151,29.6528009145495));
#6374=CARTESIAN_POINT('Ctrl Pts',(-1.1760208726475,-0.594538966608151,29.9528009145495));
#6375=CARTESIAN_POINT('Ctrl Pts',(-1.28461433361746,-0.686756954056614,
29.6528009145495));
#6376=CARTESIAN_POINT('Ctrl Pts',(-1.28461433361746,-0.686756954056614,
29.9528009145495));
#6377=CARTESIAN_POINT('Ctrl Pts',(-1.39320779458742,-0.778974941505079,
29.6528009145495));
#6378=CARTESIAN_POINT('Ctrl Pts',(-1.39320779458742,-0.778974941505079,
29.9528009145495));
#6379=CARTESIAN_POINT('',(-0.643207913796713,-0.457546165717725,29.6528009145495));
#6380=CARTESIAN_POINT('Ctrl Pts',(-1.39320779458742,-0.778974941505079,
29.6528009145495));
#6381=CARTESIAN_POINT('Ctrl Pts',(-1.28461433361746,-0.686756954056614,
29.6528009145495));
#6382=CARTESIAN_POINT('Ctrl Pts',(-1.1760208726475,-0.594538966608151,29.6528009145495));
#6383=CARTESIAN_POINT('Ctrl Pts',(-1.05119828977604,-0.540549634253566,
29.6528009145495));
#6384=CARTESIAN_POINT('Ctrl Pts',(-0.92630965406851,-0.48653173216074,29.6528009145495));
#6385=CARTESIAN_POINT('Ctrl Pts',(-0.789108101819972,-0.472484256843327,
29.6528009145495));
#6386=CARTESIAN_POINT('Ctrl Pts',(-0.643207913796713,-0.457546165717725,
29.6528009145495));
#6387=CARTESIAN_POINT('',(-0.643207913796713,-0.457546165717725,29.9528009145495));
#6388=CARTESIAN_POINT('Ctrl Pts',(-0.643207913796713,-0.457546165717725,
29.9528009145495));
#6389=CARTESIAN_POINT('Ctrl Pts',(-0.789108101819972,-0.472484256843327,
29.9528009145495));
#6390=CARTESIAN_POINT('Ctrl Pts',(-0.92630965406851,-0.48653173216074,29.9528009145495));
#6391=CARTESIAN_POINT('Ctrl Pts',(-1.05119828977604,-0.540549634253566,
29.9528009145495));
#6392=CARTESIAN_POINT('Ctrl Pts',(-1.1760208726475,-0.594538966608151,29.9528009145495));
#6393=CARTESIAN_POINT('Ctrl Pts',(-1.28461433361746,-0.686756954056614,
29.9528009145495));
#6394=CARTESIAN_POINT('Ctrl Pts',(-1.39320779458742,-0.778974941505079,
29.9528009145495));
#6395=CARTESIAN_POINT('',(-0.643207913796713,-0.457546165717725,29.6528009145495));
#6396=CARTESIAN_POINT('Ctrl Pts',(1.53536331041593,-0.778974941505079,29.6528009145495));
#6397=CARTESIAN_POINT('Ctrl Pts',(1.53536331041593,-0.778974941505079,29.9528009145495));
#6398=CARTESIAN_POINT('Ctrl Pts',(1.42676978745715,-0.686757072366134,29.6528009145495));
#6399=CARTESIAN_POINT('Ctrl Pts',(1.42676978745715,-0.686757072366134,29.9528009145495));
#6400=CARTESIAN_POINT('Ctrl Pts',(1.31817626449836,-0.594539203227185,29.6528009145495));
#6401=CARTESIAN_POINT('Ctrl Pts',(1.31817626449836,-0.594539203227185,29.9528009145495));
#6402=CARTESIAN_POINT('Ctrl Pts',(1.06846506161697,-0.486531902892459,29.6528009145495));
#6403=CARTESIAN_POINT('Ctrl Pts',(1.06846506161697,-0.486531902892459,29.9528009145495));
#6404=CARTESIAN_POINT('Ctrl Pts',(0.931263876979958,-0.472484377097671,
29.6528009145495));
#6405=CARTESIAN_POINT('Ctrl Pts',(0.931263876979958,-0.472484377097671,
29.9528009145495));
#6406=CARTESIAN_POINT('Ctrl Pts',(0.785363429625223,-0.457546165717725,
29.6528009145495));
#6407=CARTESIAN_POINT('Ctrl Pts',(0.785363429625223,-0.457546165717725,
29.9528009145495));
#6408=CARTESIAN_POINT('',(0.785363429625223,-0.457546165717725,29.6528009145495));
#6409=CARTESIAN_POINT('',(1.53536331041593,-0.778974941505078,29.6528009145495));
#6410=CARTESIAN_POINT('Ctrl Pts',(0.785363429625223,-0.457546165717725,
29.6528009145495));
#6411=CARTESIAN_POINT('Ctrl Pts',(0.931263876979958,-0.472484377097671,
29.6528009145495));
#6412=CARTESIAN_POINT('Ctrl Pts',(1.06846506161697,-0.486531902892459,29.6528009145495));
#6413=CARTESIAN_POINT('Ctrl Pts',(1.19335369454945,-0.540549840133103,29.6528009145495));
#6414=CARTESIAN_POINT('Ctrl Pts',(1.31817626449836,-0.594539203227185,29.6528009145495));
#6415=CARTESIAN_POINT('Ctrl Pts',(1.42676978745715,-0.686757072366134,29.6528009145495));
#6416=CARTESIAN_POINT('Ctrl Pts',(1.53536331041593,-0.778974941505079,29.6528009145495));
#6417=CARTESIAN_POINT('',(0.785363429625223,-0.457546165717725,29.9528009145495));
#6418=CARTESIAN_POINT('',(0.785363429625223,-0.457546165717725,29.6528009145495));
#6419=CARTESIAN_POINT('',(1.53536331041593,-0.778974941505078,29.9528009145495));
#6420=CARTESIAN_POINT('Ctrl Pts',(1.53536331041593,-0.778974941505079,29.9528009145495));
#6421=CARTESIAN_POINT('Ctrl Pts',(1.42676978745715,-0.686757072366134,29.9528009145495));
#6422=CARTESIAN_POINT('Ctrl Pts',(1.31817626449836,-0.594539203227185,29.9528009145495));
#6423=CARTESIAN_POINT('Ctrl Pts',(1.19335369454945,-0.540549840133103,29.9528009145495));
#6424=CARTESIAN_POINT('Ctrl Pts',(1.06846506161697,-0.486531902892459,29.9528009145495));
#6425=CARTESIAN_POINT('Ctrl Pts',(0.931263876979958,-0.472484377097671,
29.9528009145495));
#6426=CARTESIAN_POINT('Ctrl Pts',(0.785363429625223,-0.457546165717725,
29.9528009145495));
#6427=CARTESIAN_POINT('',(1.53536331041593,-0.778974941505078,29.6528009145495));
#6428=CARTESIAN_POINT('Ctrl Pts',(1.85679208620329,-1.52897482229579,29.6528009145495));
#6429=CARTESIAN_POINT('Ctrl Pts',(1.85679208620329,-1.52897482229579,29.9528009145495));
#6430=CARTESIAN_POINT('Ctrl Pts',(1.84185393495051,-1.38307450460628,29.6528009145495));
#6431=CARTESIAN_POINT('Ctrl Pts',(1.84185393495051,-1.38307450460628,29.9528009145495));
#6432=CARTESIAN_POINT('Ctrl Pts',(1.8278064343944,-1.24587313616394,29.6528009145495));
#6433=CARTESIAN_POINT('Ctrl Pts',(1.8278064343944,-1.24587313616394,29.9528009145495));
#6434=CARTESIAN_POINT('Ctrl Pts',(1.71979916700331,-0.996161925433883,29.6528009145495));
#6435=CARTESIAN_POINT('Ctrl Pts',(1.71979916700331,-0.996161925433883,29.9528009145495));
#6436=CARTESIAN_POINT('Ctrl Pts',(1.62758123870962,-0.887568433469484,29.6528009145495));
#6437=CARTESIAN_POINT('Ctrl Pts',(1.62758123870962,-0.887568433469484,29.9528009145495));
#6438=CARTESIAN_POINT('Ctrl Pts',(1.53536331041593,-0.778974941505078,29.6528009145495));
#6439=CARTESIAN_POINT('Ctrl Pts',(1.53536331041593,-0.778974941505078,29.9528009145495));
#6440=CARTESIAN_POINT('',(1.85679208620329,-1.52897482229579,29.6528009145495));
#6441=CARTESIAN_POINT('Ctrl Pts',(1.53536331041593,-0.778974941505078,29.6528009145495));
#6442=CARTESIAN_POINT('Ctrl Pts',(1.62758123870962,-0.887568433469484,29.6528009145495));
#6443=CARTESIAN_POINT('Ctrl Pts',(1.71979916700331,-0.996161925433883,29.6528009145495));
#6444=CARTESIAN_POINT('Ctrl Pts',(1.77378851472767,-1.12098450184404,29.6528009145495));
#6445=CARTESIAN_POINT('Ctrl Pts',(1.8278064343944,-1.24587313616394,29.6528009145495));
#6446=CARTESIAN_POINT('Ctrl Pts',(1.84185393495051,-1.38307450460628,29.6528009145495));
#6447=CARTESIAN_POINT('Ctrl Pts',(1.85679208620329,-1.52897482229579,29.6528009145495));
#6448=CARTESIAN_POINT('',(1.85679208620329,-1.52897482229579,29.9528009145495));
#6449=CARTESIAN_POINT('Ctrl Pts',(1.85679208620329,-1.52897482229579,29.9528009145495));
#6450=CARTESIAN_POINT('Ctrl Pts',(1.84185393495051,-1.38307450460628,29.9528009145495));
#6451=CARTESIAN_POINT('Ctrl Pts',(1.8278064343944,-1.24587313616394,29.9528009145495));
#6452=CARTESIAN_POINT('Ctrl Pts',(1.77378851472767,-1.12098450184404,29.9528009145495));
#6453=CARTESIAN_POINT('Ctrl Pts',(1.71979916700331,-0.996161925433883,29.9528009145495));
#6454=CARTESIAN_POINT('Ctrl Pts',(1.62758123870962,-0.887568433469484,29.9528009145495));
#6455=CARTESIAN_POINT('Ctrl Pts',(1.53536331041593,-0.778974941505078,29.9528009145495));
#6456=CARTESIAN_POINT('',(1.85679208620329,-1.52897482229579,29.6528009145495));
#6457=CARTESIAN_POINT('Ctrl Pts',(1.53536331041593,-3.70754604650843,29.6528009145495));
#6458=CARTESIAN_POINT('Ctrl Pts',(1.53536331041593,-3.70754604650843,29.9528009145495));
#6459=CARTESIAN_POINT('Ctrl Pts',(1.62758129786438,-3.5989525855385,29.6528009145495));
#6460=CARTESIAN_POINT('Ctrl Pts',(1.62758129786438,-3.5989525855385,29.9528009145495));
#6461=CARTESIAN_POINT('Ctrl Pts',(1.71979928531285,-3.49035912456853,29.6528009145495));
#6462=CARTESIAN_POINT('Ctrl Pts',(1.71979928531285,-3.49035912456853,29.9528009145495));
#6463=CARTESIAN_POINT('Ctrl Pts',(1.82780651976027,-3.24064790598952,29.6528009145495));
#6464=CARTESIAN_POINT('Ctrl Pts',(1.82780651976027,-3.24064790598952,29.9528009145495));
#6465=CARTESIAN_POINT('Ctrl Pts',(1.84185399507768,-3.10344635374098,29.6528009145495));
#6466=CARTESIAN_POINT('Ctrl Pts',(1.84185399507768,-3.10344635374098,29.9528009145495));
#6467=CARTESIAN_POINT('Ctrl Pts',(1.85679208620329,-2.95754616571772,29.6528009145495));
#6468=CARTESIAN_POINT('Ctrl Pts',(1.85679208620329,-2.95754616571772,29.9528009145495));
#6469=CARTESIAN_POINT('',(1.85679208620329,-2.95754616571772,29.6528009145495));
#6470=CARTESIAN_POINT('',(1.53536331041593,-3.70754604650844,29.6528009145495));
#6471=CARTESIAN_POINT('Ctrl Pts',(1.85679208620329,-2.95754616571772,29.6528009145495));
#6472=CARTESIAN_POINT('Ctrl Pts',(1.84185399507768,-3.10344635374098,29.6528009145495));
#6473=CARTESIAN_POINT('Ctrl Pts',(1.82780651976027,-3.24064790598952,29.6528009145495));
#6474=CARTESIAN_POINT('Ctrl Pts',(1.77378861766744,-3.36553654169705,29.6528009145495));
#6475=CARTESIAN_POINT('Ctrl Pts',(1.71979928531285,-3.49035912456853,29.6528009145495));
#6476=CARTESIAN_POINT('Ctrl Pts',(1.62758129786438,-3.5989525855385,29.6528009145495));
#6477=CARTESIAN_POINT('Ctrl Pts',(1.53536331041593,-3.70754604650843,29.6528009145495));
#6478=CARTESIAN_POINT('',(1.85679208620329,-2.95754616571772,29.9528009145495));
#6479=CARTESIAN_POINT('',(1.85679208620329,-2.95754616571772,29.6528009145495));
#6480=CARTESIAN_POINT('',(1.53536331041593,-3.70754604650844,29.9528009145495));
#6481=CARTESIAN_POINT('Ctrl Pts',(1.53536331041593,-3.70754604650843,29.9528009145495));
#6482=CARTESIAN_POINT('Ctrl Pts',(1.62758129786438,-3.5989525855385,29.9528009145495));
#6483=CARTESIAN_POINT('Ctrl Pts',(1.71979928531285,-3.49035912456853,29.9528009145495));
#6484=CARTESIAN_POINT('Ctrl Pts',(1.77378861766744,-3.36553654169705,29.9528009145495));
#6485=CARTESIAN_POINT('Ctrl Pts',(1.82780651976027,-3.24064790598952,29.9528009145495));
#6486=CARTESIAN_POINT('Ctrl Pts',(1.84185399507768,-3.10344635374098,29.9528009145495));
#6487=CARTESIAN_POINT('Ctrl Pts',(1.85679208620329,-2.95754616571772,29.9528009145495));
#6488=CARTESIAN_POINT('',(1.53536331041593,-3.70754604650844,29.6528009145495));
#6489=CARTESIAN_POINT('Ctrl Pts',(0.785363429625223,-4.02897482229579,29.6528009145495));
#6490=CARTESIAN_POINT('Ctrl Pts',(0.785363429625223,-4.02897482229579,29.9528009145495));
#6491=CARTESIAN_POINT('Ctrl Pts',(0.931263876979963,-4.01403661091584,29.6528009145495));
#6492=CARTESIAN_POINT('Ctrl Pts',(0.931263876979963,-4.01403661091584,29.9528009145495));
#6493=CARTESIAN_POINT('Ctrl Pts',(1.06846506161697,-3.99998908512105,29.6528009145495));
#6494=CARTESIAN_POINT('Ctrl Pts',(1.06846506161697,-3.99998908512105,29.9528009145495));
#6495=CARTESIAN_POINT('Ctrl Pts',(1.31817626449835,-3.89198178478633,29.6528009145495));
#6496=CARTESIAN_POINT('Ctrl Pts',(1.31817626449835,-3.89198178478633,29.9528009145495));
#6497=CARTESIAN_POINT('Ctrl Pts',(1.42676978745714,-3.79976391564738,29.6528009145495));
#6498=CARTESIAN_POINT('Ctrl Pts',(1.42676978745714,-3.79976391564738,29.9528009145495));
#6499=CARTESIAN_POINT('Ctrl Pts',(1.53536331041593,-3.70754604650843,29.6528009145495));
#6500=CARTESIAN_POINT('Ctrl Pts',(1.53536331041593,-3.70754604650843,29.9528009145495));
#6501=CARTESIAN_POINT('',(0.785363429625223,-4.02897482229579,29.6528009145495));
#6502=CARTESIAN_POINT('Ctrl Pts',(1.53536331041593,-3.70754604650843,29.6528009145495));
#6503=CARTESIAN_POINT('Ctrl Pts',(1.42676978745714,-3.79976391564738,29.6528009145495));
#6504=CARTESIAN_POINT('Ctrl Pts',(1.31817626449835,-3.89198178478633,29.6528009145495));
#6505=CARTESIAN_POINT('Ctrl Pts',(1.19335369454945,-3.94597114788041,29.6528009145495));
#6506=CARTESIAN_POINT('Ctrl Pts',(1.06846506161697,-3.99998908512105,29.6528009145495));
#6507=CARTESIAN_POINT('Ctrl Pts',(0.931263876979963,-4.01403661091584,29.6528009145495));
#6508=CARTESIAN_POINT('Ctrl Pts',(0.785363429625223,-4.02897482229579,29.6528009145495));
#6509=CARTESIAN_POINT('',(0.785363429625223,-4.02897482229579,29.9528009145495));
#6510=CARTESIAN_POINT('Ctrl Pts',(0.785363429625223,-4.02897482229579,29.9528009145495));
#6511=CARTESIAN_POINT('Ctrl Pts',(0.931263876979963,-4.01403661091584,29.9528009145495));
#6512=CARTESIAN_POINT('Ctrl Pts',(1.06846506161697,-3.99998908512105,29.9528009145495));
#6513=CARTESIAN_POINT('Ctrl Pts',(1.19335369454945,-3.94597114788041,29.9528009145495));
#6514=CARTESIAN_POINT('Ctrl Pts',(1.31817626449835,-3.89198178478633,29.9528009145495));
#6515=CARTESIAN_POINT('Ctrl Pts',(1.42676978745714,-3.79976391564738,29.9528009145495));
#6516=CARTESIAN_POINT('Ctrl Pts',(1.53536331041593,-3.70754604650843,29.9528009145495));
#6517=CARTESIAN_POINT('',(0.785363429625223,-4.02897482229579,29.6528009145495));
#6518=CARTESIAN_POINT('Origin',(6.69250685854692,-1.52897482229579,29.9528009145495));
#6519=CARTESIAN_POINT('',(3.73893514408607,-4.02897482229579,29.9528009145495));
#6520=CARTESIAN_POINT('',(1.85679208620329,-1.52897482229579,29.9528009145495));
#6521=CARTESIAN_POINT('',(3.0246494723751,-0.457546165717725,29.9528009145495));
#6522=CARTESIAN_POINT('',(-1.71463657037478,-2.24326049400676,29.9528009145495));
#6523=CARTESIAN_POINT('',(1.1425061164691,-2.24326049400676,29.9528009145495));
#6524=CARTESIAN_POINT('',(3.0246494723751,-3.31468944860804,29.9528009145495));
#6525=CARTESIAN_POINT('',(-1.00035060064058,-1.52897482229579,29.9528009145495));
#6526=CARTESIAN_POINT('',(3.73893514408607,-1.17183213545192,29.9528009145495));
#6527=CARTESIAN_POINT('Ctrl Pts',(-1.00035060064058,-2.95754616571772,29.9528009145495));
#6528=CARTESIAN_POINT('Ctrl Pts',(-1.00035060064058,-2.95754616571772,29.4528009145495));
#6529=CARTESIAN_POINT('Ctrl Pts',(-0.995598264920503,-3.00396197732284,
29.9528009145495));
#6530=CARTESIAN_POINT('Ctrl Pts',(-0.995598264920503,-3.00396197732284,
29.4528009145495));
#6531=CARTESIAN_POINT('Ctrl Pts',(-0.985933801018827,-3.09835428505252,
29.9528009145495));
#6532=CARTESIAN_POINT('Ctrl Pts',(-0.985933801018827,-3.09835428505252,
29.4528009145495));
#6533=CARTESIAN_POINT('Ctrl Pts',(-0.924455213371086,-3.17075011250644,
29.9528009145495));
#6534=CARTESIAN_POINT('Ctrl Pts',(-0.924455213371086,-3.17075011250644,
29.4528009145495));
#6535=CARTESIAN_POINT('Ctrl Pts',(-0.893207675378134,-3.20754652334559,
29.9528009145495));
#6536=CARTESIAN_POINT('Ctrl Pts',(-0.893207675378134,-3.20754652334559,
29.4528009145495));
#6537=CARTESIAN_POINT('',(-0.893207675378134,-3.20754652334559,29.4528009145495));
#6538=CARTESIAN_POINT('',(-0.893207675378134,-3.20754652334559,29.9528009145495));
#6539=CARTESIAN_POINT('',(-1.00035060064058,-2.95754616571772,29.4528009145495));
#6540=CARTESIAN_POINT('Ctrl Pts',(-1.00035060064058,-2.95754616571772,29.4528009145495));
#6541=CARTESIAN_POINT('Ctrl Pts',(-0.995598264920503,-3.00396197732284,
29.4528009145495));
#6542=CARTESIAN_POINT('Ctrl Pts',(-0.985933801018827,-3.09835428505252,
29.4528009145495));
#6543=CARTESIAN_POINT('Ctrl Pts',(-0.924455213371086,-3.17075011250644,
29.4528009145495));
#6544=CARTESIAN_POINT('Ctrl Pts',(-0.893207675378134,-3.20754652334559,
29.4528009145495));
#6545=CARTESIAN_POINT('',(-1.00035060064058,-2.95754616571772,29.9528009145495));
#6546=CARTESIAN_POINT('Ctrl Pts',(-0.893207675378134,-3.20754652334559,
29.9528009145495));
#6547=CARTESIAN_POINT('Ctrl Pts',(-0.893207675378134,-3.20754652334559,
29.4528009145495));
#6548=CARTESIAN_POINT('Ctrl Pts',(-0.856411469771823,-3.23879406186383,
29.9528009145495));
#6549=CARTESIAN_POINT('Ctrl Pts',(-0.856411469771823,-3.23879406186383,
29.4528009145495));
#6550=CARTESIAN_POINT('Ctrl Pts',(-0.784015922528949,-3.3002727554885,29.9528009145495));
#6551=CARTESIAN_POINT('Ctrl Pts',(-0.784015922528949,-3.3002727554885,29.4528009145495));
#6552=CARTESIAN_POINT('Ctrl Pts',(-0.689623743842328,-3.30993714237432,
29.9528009145495));
#6553=CARTESIAN_POINT('Ctrl Pts',(-0.689623743842328,-3.30993714237432,
29.4528009145495));
#6554=CARTESIAN_POINT('Ctrl Pts',(-0.643207913796713,-3.31468944860804,
29.9528009145495));
#6555=CARTESIAN_POINT('Ctrl Pts',(-0.643207913796713,-3.31468944860804,
29.4528009145495));
#6556=CARTESIAN_POINT('',(-0.643207913796713,-3.31468944860804,29.4528009145495));
#6557=CARTESIAN_POINT('',(-0.643207913796713,-3.31468944860804,29.9528009145495));
#6558=CARTESIAN_POINT('Ctrl Pts',(-0.893207675378134,-3.20754652334559,
29.4528009145495));
#6559=CARTESIAN_POINT('Ctrl Pts',(-0.856411469771823,-3.23879406186383,
29.4528009145495));
#6560=CARTESIAN_POINT('Ctrl Pts',(-0.784015922528949,-3.3002727554885,29.4528009145495));
#6561=CARTESIAN_POINT('Ctrl Pts',(-0.689623743842328,-3.30993714237432,
29.4528009145495));
#6562=CARTESIAN_POINT('Ctrl Pts',(-0.643207913796713,-3.31468944860804,
29.4528009145495));
#6563=CARTESIAN_POINT('Origin',(-0.643207913796713,-3.31468944860804,29.9528009145495));
#6564=CARTESIAN_POINT('',(0.785363429625223,-3.31468944860804,29.4528009145495));
#6565=CARTESIAN_POINT('',(0.785363429625223,-3.31468944860804,29.9528009145495));
#6566=CARTESIAN_POINT('',(-0.643207913796713,-3.31468944860804,29.4528009145495));
#6567=CARTESIAN_POINT('Ctrl Pts',(0.785363429625223,-3.31468944860804,29.9528009145495));
#6568=CARTESIAN_POINT('Ctrl Pts',(0.785363429625223,-3.31468944860804,29.4528009145495));
#6569=CARTESIAN_POINT('Ctrl Pts',(0.831779241230337,-3.30993711288796,29.9528009145495));
#6570=CARTESIAN_POINT('Ctrl Pts',(0.831779241230337,-3.30993711288796,29.4528009145495));
#6571=CARTESIAN_POINT('Ctrl Pts',(0.926171548960019,-3.30027264898629,29.9528009145495));
#6572=CARTESIAN_POINT('Ctrl Pts',(0.926171548960019,-3.30027264898629,29.4528009145495));
#6573=CARTESIAN_POINT('Ctrl Pts',(0.998567376413934,-3.23879406133855,29.9528009145495));
#6574=CARTESIAN_POINT('Ctrl Pts',(0.998567376413934,-3.23879406133855,29.4528009145495));
#6575=CARTESIAN_POINT('Ctrl Pts',(1.03536378725309,-3.20754652334559,29.9528009145495));
#6576=CARTESIAN_POINT('Ctrl Pts',(1.03536378725309,-3.20754652334559,29.4528009145495));
#6577=CARTESIAN_POINT('',(1.03536378725309,-3.20754652334559,29.4528009145495));
#6578=CARTESIAN_POINT('',(1.03536378725309,-3.20754652334559,29.9528009145495));
#6579=CARTESIAN_POINT('Ctrl Pts',(0.785363429625223,-3.31468944860804,29.4528009145495));
#6580=CARTESIAN_POINT('Ctrl Pts',(0.831779241230337,-3.30993711288796,29.4528009145495));
#6581=CARTESIAN_POINT('Ctrl Pts',(0.926171548960019,-3.30027264898629,29.4528009145495));
#6582=CARTESIAN_POINT('Ctrl Pts',(0.998567376413934,-3.23879406133855,29.4528009145495));
#6583=CARTESIAN_POINT('Ctrl Pts',(1.03536378725309,-3.20754652334559,29.4528009145495));
#6584=CARTESIAN_POINT('Ctrl Pts',(1.03536378725309,-3.20754652334559,29.9528009145495));
#6585=CARTESIAN_POINT('Ctrl Pts',(1.03536378725309,-3.20754652334559,29.4528009145495));
#6586=CARTESIAN_POINT('Ctrl Pts',(1.06661137730612,-3.17075012333994,29.9528009145495));
#6587=CARTESIAN_POINT('Ctrl Pts',(1.06661137730612,-3.17075012333994,29.4528009145495));
#6588=CARTESIAN_POINT('Ctrl Pts',(1.12809004150715,-3.09835434766845,29.9528009145495));
#6589=CARTESIAN_POINT('Ctrl Pts',(1.12809004150715,-3.09835434766845,29.4528009145495));
#6590=CARTESIAN_POINT('Ctrl Pts',(1.13775402101071,-3.00396198442824,29.9528009145495));
#6591=CARTESIAN_POINT('Ctrl Pts',(1.13775402101071,-3.00396198442824,29.4528009145495));
#6592=CARTESIAN_POINT('Ctrl Pts',(1.1425061164691,-2.95754616571772,29.9528009145495));
#6593=CARTESIAN_POINT('Ctrl Pts',(1.1425061164691,-2.95754616571772,29.4528009145495));
#6594=CARTESIAN_POINT('',(1.1425061164691,-2.95754616571772,29.4528009145495));
#6595=CARTESIAN_POINT('',(1.1425061164691,-2.95754616571772,29.9528009145495));
#6596=CARTESIAN_POINT('Ctrl Pts',(1.03536378725309,-3.20754652334559,29.4528009145495));
#6597=CARTESIAN_POINT('Ctrl Pts',(1.06661137730612,-3.17075012333994,29.4528009145495));
#6598=CARTESIAN_POINT('Ctrl Pts',(1.12809004150715,-3.09835434766845,29.4528009145495));
#6599=CARTESIAN_POINT('Ctrl Pts',(1.13775402101071,-3.00396198442824,29.4528009145495));
#6600=CARTESIAN_POINT('Ctrl Pts',(1.1425061164691,-2.95754616571772,29.4528009145495));
#6601=CARTESIAN_POINT('Origin',(1.1425061164691,-2.95754616571772,29.9528009145495));
#6602=CARTESIAN_POINT('',(1.1425061164691,-1.52897482229579,29.4528009145495));
#6603=CARTESIAN_POINT('',(1.1425061164691,-1.52897482229579,29.9528009145495));
#6604=CARTESIAN_POINT('',(1.1425061164691,-2.95754616571772,29.4528009145495));
#6605=CARTESIAN_POINT('Ctrl Pts',(0.785363429625223,-0.457546165717725,
29.9528009145495));
#6606=CARTESIAN_POINT('Ctrl Pts',(0.785363429625223,-0.457546165717725,
29.4528009145495));
#6607=CARTESIAN_POINT('Ctrl Pts',(0.924610670876931,-0.471803179740684,
29.9528009145495));
#6608=CARTESIAN_POINT('Ctrl Pts',(0.924610670876931,-0.471803179740684,
29.4528009145495));
#6609=CARTESIAN_POINT('Ctrl Pts',(1.20778723919226,-0.500796589370589,29.9528009145495));
#6610=CARTESIAN_POINT('Ctrl Pts',(1.20778723919226,-0.500796589370589,29.4528009145495));
#6611=CARTESIAN_POINT('Ctrl Pts',(1.42497428510984,-0.685232327648484,29.9528009145495));
#6612=CARTESIAN_POINT('Ctrl Pts',(1.42497428510984,-0.685232327648484,29.4528009145495));
#6613=CARTESIAN_POINT('Ctrl Pts',(1.53536331041593,-0.778974941505078,29.9528009145495));
#6614=CARTESIAN_POINT('Ctrl Pts',(1.53536331041593,-0.778974941505078,29.4528009145495));
#6615=CARTESIAN_POINT('',(1.53536331041593,-0.778974941505078,29.4528009145495));
#6616=CARTESIAN_POINT('',(1.53536331041593,-0.778974941505078,29.9528009145495));
#6617=CARTESIAN_POINT('',(0.785363429625223,-0.457546165717725,29.4528009145495));
#6618=CARTESIAN_POINT('Ctrl Pts',(0.785363429625223,-0.457546165717725,
29.4528009145495));
#6619=CARTESIAN_POINT('Ctrl Pts',(0.924610670876931,-0.471803179740684,
29.4528009145495));
#6620=CARTESIAN_POINT('Ctrl Pts',(1.20778723919226,-0.500796589370589,29.4528009145495));
#6621=CARTESIAN_POINT('Ctrl Pts',(1.42497428510984,-0.685232327648484,29.4528009145495));
#6622=CARTESIAN_POINT('Ctrl Pts',(1.53536331041593,-0.778974941505078,29.4528009145495));
#6623=CARTESIAN_POINT('',(0.785363429625223,-0.457546165717725,29.9528009145495));
#6624=CARTESIAN_POINT('Ctrl Pts',(1.53536331041593,-0.778974941505078,29.9528009145495));
#6625=CARTESIAN_POINT('Ctrl Pts',(1.53536331041593,-0.778974941505078,29.4528009145495));
#6626=CARTESIAN_POINT('Ctrl Pts',(1.62910592485897,-0.889363865184017,29.9528009145495));
#6627=CARTESIAN_POINT('Ctrl Pts',(1.62910592485897,-0.889363865184017,29.4528009145495));
#6628=CARTESIAN_POINT('Ctrl Pts',(1.81354178144634,-1.10655084911282,29.9528009145495));
#6629=CARTESIAN_POINT('Ctrl Pts',(1.81354178144634,-1.10655084911282,29.4528009145495));
#6630=CARTESIAN_POINT('Ctrl Pts',(1.84253510509798,-1.38972746582182,29.9528009145495));
#6631=CARTESIAN_POINT('Ctrl Pts',(1.84253510509798,-1.38972746582182,29.4528009145495));
#6632=CARTESIAN_POINT('Ctrl Pts',(1.85679208620329,-1.52897482229579,29.9528009145495));
#6633=CARTESIAN_POINT('Ctrl Pts',(1.85679208620329,-1.52897482229579,29.4528009145495));
#6634=CARTESIAN_POINT('',(1.85679208620329,-1.52897482229579,29.4528009145495));
#6635=CARTESIAN_POINT('',(1.85679208620329,-1.52897482229579,29.9528009145495));
#6636=CARTESIAN_POINT('Ctrl Pts',(1.53536331041593,-0.778974941505078,29.4528009145495));
#6637=CARTESIAN_POINT('Ctrl Pts',(1.62910592485897,-0.889363865184017,29.4528009145495));
#6638=CARTESIAN_POINT('Ctrl Pts',(1.81354178144634,-1.10655084911282,29.4528009145495));
#6639=CARTESIAN_POINT('Ctrl Pts',(1.84253510509798,-1.38972746582182,29.4528009145495));
#6640=CARTESIAN_POINT('Ctrl Pts',(1.85679208620329,-1.52897482229579,29.4528009145495));
#6641=CARTESIAN_POINT('Origin',(1.85679208620329,-1.52897482229579,29.9528009145495));
#6642=CARTESIAN_POINT('',(1.85679208620329,-2.95754616571772,29.4528009145495));
#6643=CARTESIAN_POINT('',(1.85679208620329,-2.95754616571772,29.9528009145495));
#6644=CARTESIAN_POINT('',(1.85679208620329,-1.52897482229579,29.4528009145495));
#6645=CARTESIAN_POINT('Ctrl Pts',(1.85679208620329,-2.95754616571772,29.9528009145495));
#6646=CARTESIAN_POINT('Ctrl Pts',(1.85679208620329,-2.95754616571772,29.4528009145495));
#6647=CARTESIAN_POINT('Ctrl Pts',(1.84253513801569,-3.096793637414,29.9528009145495));
#6648=CARTESIAN_POINT('Ctrl Pts',(1.84253513801569,-3.096793637414,29.4528009145495));
#6649=CARTESIAN_POINT('Ctrl Pts',(1.81354190034231,-3.37997030251672,29.9528009145495));
#6650=CARTESIAN_POINT('Ctrl Pts',(1.81354190034231,-3.37997030251672,29.4528009145495));
#6651=CARTESIAN_POINT('Ctrl Pts',(1.62910592544538,-3.59715722445665,29.9528009145495));
#6652=CARTESIAN_POINT('Ctrl Pts',(1.62910592544538,-3.59715722445665,29.4528009145495));
#6653=CARTESIAN_POINT('Ctrl Pts',(1.53536331041593,-3.70754604650844,29.9528009145495));
#6654=CARTESIAN_POINT('Ctrl Pts',(1.53536331041593,-3.70754604650844,29.4528009145495));
#6655=CARTESIAN_POINT('',(1.53536331041593,-3.70754604650844,29.4528009145495));
#6656=CARTESIAN_POINT('',(1.53536331041593,-3.70754604650844,29.9528009145495));
#6657=CARTESIAN_POINT('Ctrl Pts',(1.85679208620329,-2.95754616571772,29.4528009145495));
#6658=CARTESIAN_POINT('Ctrl Pts',(1.84253513801569,-3.096793637414,29.4528009145495));
#6659=CARTESIAN_POINT('Ctrl Pts',(1.81354190034231,-3.37997030251672,29.4528009145495));
#6660=CARTESIAN_POINT('Ctrl Pts',(1.62910592544538,-3.59715722445665,29.4528009145495));
#6661=CARTESIAN_POINT('Ctrl Pts',(1.53536331041593,-3.70754604650844,29.4528009145495));
#6662=CARTESIAN_POINT('Ctrl Pts',(1.53536331041593,-3.70754604650844,29.9528009145495));
#6663=CARTESIAN_POINT('Ctrl Pts',(1.53536331041593,-3.70754604650844,29.4528009145495));
#6664=CARTESIAN_POINT('Ctrl Pts',(1.42497428510984,-3.80128866036503,29.9528009145495));
#6665=CARTESIAN_POINT('Ctrl Pts',(1.42497428510984,-3.80128866036503,29.4528009145495));
#6666=CARTESIAN_POINT('Ctrl Pts',(1.20778723919226,-3.98572439864292,29.9528009145495));
#6667=CARTESIAN_POINT('Ctrl Pts',(1.20778723919226,-3.98572439864292,29.4528009145495));
#6668=CARTESIAN_POINT('Ctrl Pts',(0.924610670876931,-4.01471780827283,29.9528009145495));
#6669=CARTESIAN_POINT('Ctrl Pts',(0.924610670876931,-4.01471780827283,29.4528009145495));
#6670=CARTESIAN_POINT('Ctrl Pts',(0.785363429625223,-4.02897482229579,29.9528009145495));
#6671=CARTESIAN_POINT('Ctrl Pts',(0.785363429625223,-4.02897482229579,29.4528009145495));
#6672=CARTESIAN_POINT('',(0.785363429625223,-4.02897482229579,29.4528009145495));
#6673=CARTESIAN_POINT('',(0.785363429625223,-4.02897482229579,29.9528009145495));
#6674=CARTESIAN_POINT('Ctrl Pts',(1.53536331041593,-3.70754604650844,29.4528009145495));
#6675=CARTESIAN_POINT('Ctrl Pts',(1.42497428510984,-3.80128866036503,29.4528009145495));
#6676=CARTESIAN_POINT('Ctrl Pts',(1.20778723919226,-3.98572439864292,29.4528009145495));
#6677=CARTESIAN_POINT('Ctrl Pts',(0.924610670876931,-4.01471780827283,29.4528009145495));
#6678=CARTESIAN_POINT('Ctrl Pts',(0.785363429625223,-4.02897482229579,29.4528009145495));
#6679=CARTESIAN_POINT('Origin',(0.785363429625223,-4.02897482229579,29.9528009145495));
#6680=CARTESIAN_POINT('',(-0.643207913796713,-4.02897482229579,29.4528009145495));
#6681=CARTESIAN_POINT('',(-0.643207913796713,-4.02897482229579,29.9528009145495));
#6682=CARTESIAN_POINT('',(0.785363429625223,-4.02897482229579,29.4528009145495));
#6683=CARTESIAN_POINT('Origin',(-1.00035060064058,-1.52897482229579,29.9528009145495));
#6684=CARTESIAN_POINT('',(-1.00035060064058,-1.52897482229579,29.4528009145495));
#6685=CARTESIAN_POINT('',(-1.00035060064058,-1.52897482229579,29.4528009145495));
#6686=CARTESIAN_POINT('',(-1.00035060064058,-1.52897482229579,29.9528009145495));
#6687=CARTESIAN_POINT('Ctrl Pts',(-0.893207675378134,-1.27897476269114,
29.9528009145495));
#6688=CARTESIAN_POINT('Ctrl Pts',(-0.893207675378134,-1.27897476269114,
29.4528009145495));
#6689=CARTESIAN_POINT('Ctrl Pts',(-0.924455213633737,-1.31577107091388,
29.9528009145495));
#6690=CARTESIAN_POINT('Ctrl Pts',(-0.924455213633737,-1.31577107091388,
29.4528009145495));
#6691=CARTESIAN_POINT('Ctrl Pts',(-0.985933854269885,-1.38816675826237,
29.9528009145495));
#6692=CARTESIAN_POINT('Ctrl Pts',(-0.985933854269885,-1.38816675826237,
29.4528009145495));
#6693=CARTESIAN_POINT('Ctrl Pts',(-0.995598279663655,-1.48255900147045,
29.9528009145495));
#6694=CARTESIAN_POINT('Ctrl Pts',(-0.995598279663655,-1.48255900147045,
29.4528009145495));
#6695=CARTESIAN_POINT('Ctrl Pts',(-1.00035060064058,-1.52897482229579,29.9528009145495));
#6696=CARTESIAN_POINT('Ctrl Pts',(-1.00035060064058,-1.52897482229579,29.4528009145495));
#6697=CARTESIAN_POINT('',(-0.893207675378134,-1.27897476269114,29.4528009145495));
#6698=CARTESIAN_POINT('Ctrl Pts',(-0.893207675378134,-1.27897476269114,
29.4528009145495));
#6699=CARTESIAN_POINT('Ctrl Pts',(-0.924455213633737,-1.31577107091388,
29.4528009145495));
#6700=CARTESIAN_POINT('Ctrl Pts',(-0.985933854269885,-1.38816675826237,
29.4528009145495));
#6701=CARTESIAN_POINT('Ctrl Pts',(-0.995598279663655,-1.48255900147045,
29.4528009145495));
#6702=CARTESIAN_POINT('Ctrl Pts',(-1.00035060064058,-1.52897482229579,29.4528009145495));
#6703=CARTESIAN_POINT('',(-0.893207675378134,-1.27897476269114,29.9528009145495));
#6704=CARTESIAN_POINT('Ctrl Pts',(-0.643207913796713,-1.17183213545192,
29.9528009145495));
#6705=CARTESIAN_POINT('Ctrl Pts',(-0.643207913796713,-1.17183213545192,
29.4528009145495));
#6706=CARTESIAN_POINT('Ctrl Pts',(-0.689623733866187,-1.17658445510902,
29.9528009145495));
#6707=CARTESIAN_POINT('Ctrl Pts',(-0.689623733866187,-1.17658445510902,
29.4528009145495));
#6708=CARTESIAN_POINT('Ctrl Pts',(-0.784015834615178,-1.18624886339037,
29.9528009145495));
#6709=CARTESIAN_POINT('Ctrl Pts',(-0.784015834615178,-1.18624886339037,
29.4528009145495));
#6710=CARTESIAN_POINT('Ctrl Pts',(-0.856411454561454,-1.247727348578,29.9528009145495));
#6711=CARTESIAN_POINT('Ctrl Pts',(-0.856411454561454,-1.247727348578,29.4528009145495));
#6712=CARTESIAN_POINT('Ctrl Pts',(-0.893207675378134,-1.27897476269114,
29.9528009145495));
#6713=CARTESIAN_POINT('Ctrl Pts',(-0.893207675378134,-1.27897476269114,
29.4528009145495));
#6714=CARTESIAN_POINT('',(-0.643207913796713,-1.17183213545192,29.4528009145495));
#6715=CARTESIAN_POINT('Ctrl Pts',(-0.643207913796713,-1.17183213545192,
29.4528009145495));
#6716=CARTESIAN_POINT('Ctrl Pts',(-0.689623733866187,-1.17658445510902,
29.4528009145495));
#6717=CARTESIAN_POINT('Ctrl Pts',(-0.784015834615178,-1.18624886339037,
29.4528009145495));
#6718=CARTESIAN_POINT('Ctrl Pts',(-0.856411454561454,-1.247727348578,29.4528009145495));
#6719=CARTESIAN_POINT('Ctrl Pts',(-0.893207675378134,-1.27897476269114,
29.4528009145495));
#6720=CARTESIAN_POINT('',(-0.643207913796713,-1.17183213545192,29.9528009145495));
#6721=CARTESIAN_POINT('Origin',(0.785363429625223,-1.17183213545192,29.9528009145495));
#6722=CARTESIAN_POINT('',(0.785363429625223,-1.17183213545192,29.4528009145495));
#6723=CARTESIAN_POINT('',(0.785363429625223,-1.17183213545192,29.4528009145495));
#6724=CARTESIAN_POINT('',(0.785363429625223,-1.17183213545192,29.9528009145495));
#6725=CARTESIAN_POINT('Ctrl Pts',(1.03536378725309,-1.27897476269114,29.9528009145495));
#6726=CARTESIAN_POINT('Ctrl Pts',(1.03536378725309,-1.27897476269114,29.4528009145495));
#6727=CARTESIAN_POINT('Ctrl Pts',(0.998567361203602,-1.24772734910331,29.9528009145495));
#6728=CARTESIAN_POINT('Ctrl Pts',(0.998567361203602,-1.24772734910331,29.4528009145495));
#6729=CARTESIAN_POINT('Ctrl Pts',(0.926171461046619,-1.18624896989262,29.9528009145495));
#6730=CARTESIAN_POINT('Ctrl Pts',(0.926171461046619,-1.18624896989262,29.4528009145495));
#6731=CARTESIAN_POINT('Ctrl Pts',(0.831779231254256,-1.17658448459538,29.9528009145495));
#6732=CARTESIAN_POINT('Ctrl Pts',(0.831779231254256,-1.17658448459538,29.4528009145495));
#6733=CARTESIAN_POINT('Ctrl Pts',(0.785363429625223,-1.17183213545192,29.9528009145495));
#6734=CARTESIAN_POINT('Ctrl Pts',(0.785363429625223,-1.17183213545192,29.4528009145495));
#6735=CARTESIAN_POINT('',(1.03536378725309,-1.27897476269114,29.4528009145495));
#6736=CARTESIAN_POINT('Ctrl Pts',(1.03536378725309,-1.27897476269114,29.4528009145495));
#6737=CARTESIAN_POINT('Ctrl Pts',(0.998567361203602,-1.24772734910331,29.4528009145495));
#6738=CARTESIAN_POINT('Ctrl Pts',(0.926171461046619,-1.18624896989262,29.4528009145495));
#6739=CARTESIAN_POINT('Ctrl Pts',(0.831779231254256,-1.17658448459538,29.4528009145495));
#6740=CARTESIAN_POINT('Ctrl Pts',(0.785363429625223,-1.17183213545192,29.4528009145495));
#6741=CARTESIAN_POINT('',(1.03536378725309,-1.27897476269114,29.9528009145495));
#6742=CARTESIAN_POINT('Ctrl Pts',(1.1425061164691,-1.52897482229579,29.9528009145495));
#6743=CARTESIAN_POINT('Ctrl Pts',(1.1425061164691,-1.52897482229579,29.4528009145495));
#6744=CARTESIAN_POINT('Ctrl Pts',(1.13775373572779,-1.48255913664479,29.9528009145495));
#6745=CARTESIAN_POINT('Ctrl Pts',(1.13775373572779,-1.48255913664479,29.4528009145495));
#6746=CARTESIAN_POINT('Ctrl Pts',(1.1280891815647,-1.38816709770472,29.9528009145495));
#6747=CARTESIAN_POINT('Ctrl Pts',(1.1280891815647,-1.38816709770472,29.4528009145495));
#6748=CARTESIAN_POINT('Ctrl Pts',(1.066611076112,-1.31577120296167,29.9528009145495));
#6749=CARTESIAN_POINT('Ctrl Pts',(1.066611076112,-1.31577120296167,29.4528009145495));
#6750=CARTESIAN_POINT('Ctrl Pts',(1.03536378725309,-1.27897476269114,29.9528009145495));
#6751=CARTESIAN_POINT('Ctrl Pts',(1.03536378725309,-1.27897476269114,29.4528009145495));
#6752=CARTESIAN_POINT('Ctrl Pts',(1.1425061164691,-1.52897482229579,29.4528009145495));
#6753=CARTESIAN_POINT('Ctrl Pts',(1.13775373572779,-1.48255913664479,29.4528009145495));
#6754=CARTESIAN_POINT('Ctrl Pts',(1.1280891815647,-1.38816709770472,29.4528009145495));
#6755=CARTESIAN_POINT('Ctrl Pts',(1.066611076112,-1.31577120296167,29.4528009145495));
#6756=CARTESIAN_POINT('Ctrl Pts',(1.03536378725309,-1.27897476269114,29.4528009145495));
#6757=CARTESIAN_POINT('Origin',(-0.643207913796713,-0.457546165717725,29.9528009145495));
#6758=CARTESIAN_POINT('',(-0.643207913796713,-0.457546165717725,29.4528009145495));
#6759=CARTESIAN_POINT('',(-0.643207913796713,-0.457546165717725,29.4528009145495));
#6760=CARTESIAN_POINT('',(-0.643207913796713,-0.457546165717725,29.9528009145495));
#6761=CARTESIAN_POINT('Ctrl Pts',(-1.39320779458742,-0.778974941505078,
29.9528009145495));
#6762=CARTESIAN_POINT('Ctrl Pts',(-1.39320779458742,-0.778974941505078,
29.4528009145495));
#6763=CARTESIAN_POINT('Ctrl Pts',(-1.28281897253563,-0.685232326475629,
29.9528009145495));
#6764=CARTESIAN_POINT('Ctrl Pts',(-1.28281897253563,-0.685232326475629,
29.4528009145495));
#6765=CARTESIAN_POINT('Ctrl Pts',(-1.06563205059572,-0.500796351578702,
29.9528009145495));
#6766=CARTESIAN_POINT('Ctrl Pts',(-1.06563205059572,-0.500796351578702,
29.4528009145495));
#6767=CARTESIAN_POINT('Ctrl Pts',(-0.782455385492984,-0.471803113905324,
29.9528009145495));
#6768=CARTESIAN_POINT('Ctrl Pts',(-0.782455385492984,-0.471803113905324,
29.4528009145495));
#6769=CARTESIAN_POINT('Ctrl Pts',(-0.643207913796713,-0.457546165717725,
29.9528009145495));
#6770=CARTESIAN_POINT('Ctrl Pts',(-0.643207913796713,-0.457546165717725,
29.4528009145495));
#6771=CARTESIAN_POINT('',(-1.39320779458742,-0.778974941505078,29.4528009145495));
#6772=CARTESIAN_POINT('Ctrl Pts',(-1.39320779458742,-0.778974941505078,
29.4528009145495));
#6773=CARTESIAN_POINT('Ctrl Pts',(-1.28281897253563,-0.685232326475629,
29.4528009145495));
#6774=CARTESIAN_POINT('Ctrl Pts',(-1.06563205059572,-0.500796351578702,
29.4528009145495));
#6775=CARTESIAN_POINT('Ctrl Pts',(-0.782455385492984,-0.471803113905324,
29.4528009145495));
#6776=CARTESIAN_POINT('Ctrl Pts',(-0.643207913796713,-0.457546165717725,
29.4528009145495));
#6777=CARTESIAN_POINT('',(-1.39320779458742,-0.778974941505078,29.9528009145495));
#6778=CARTESIAN_POINT('Ctrl Pts',(-1.71463657037478,-1.52897482229579,29.9528009145495));
#6779=CARTESIAN_POINT('Ctrl Pts',(-1.71463657037478,-1.52897482229579,29.4528009145495));
#6780=CARTESIAN_POINT('Ctrl Pts',(-1.70037962218718,-1.38972735059952,29.9528009145495));
#6781=CARTESIAN_POINT('Ctrl Pts',(-1.70037962218718,-1.38972735059952,29.4528009145495));
#6782=CARTESIAN_POINT('Ctrl Pts',(-1.6713863845138,-1.10655068549679,29.9528009145495));
#6783=CARTESIAN_POINT('Ctrl Pts',(-1.6713863845138,-1.10655068549679,29.4528009145495));
#6784=CARTESIAN_POINT('Ctrl Pts',(-1.48695040961687,-0.889363763556867,
29.9528009145495));
#6785=CARTESIAN_POINT('Ctrl Pts',(-1.48695040961687,-0.889363763556867,
29.4528009145495));
#6786=CARTESIAN_POINT('Ctrl Pts',(-1.39320779458742,-0.778974941505078,
29.9528009145495));
#6787=CARTESIAN_POINT('Ctrl Pts',(-1.39320779458742,-0.778974941505078,
29.4528009145495));
#6788=CARTESIAN_POINT('',(-1.71463657037478,-1.52897482229579,29.4528009145495));
#6789=CARTESIAN_POINT('Ctrl Pts',(-1.71463657037478,-1.52897482229579,29.4528009145495));
#6790=CARTESIAN_POINT('Ctrl Pts',(-1.70037962218718,-1.38972735059952,29.4528009145495));
#6791=CARTESIAN_POINT('Ctrl Pts',(-1.6713863845138,-1.10655068549679,29.4528009145495));
#6792=CARTESIAN_POINT('Ctrl Pts',(-1.48695040961687,-0.889363763556867,
29.4528009145495));
#6793=CARTESIAN_POINT('Ctrl Pts',(-1.39320779458742,-0.778974941505078,
29.4528009145495));
#6794=CARTESIAN_POINT('',(-1.71463657037478,-1.52897482229579,29.9528009145495));
#6795=CARTESIAN_POINT('Origin',(-1.71463657037478,-2.95754616571772,29.9528009145495));
#6796=CARTESIAN_POINT('',(-1.71463657037478,-2.95754616571772,29.4528009145495));
#6797=CARTESIAN_POINT('',(-1.71463657037478,-2.95754616571772,29.4528009145495));
#6798=CARTESIAN_POINT('',(-1.71463657037478,-2.95754616571772,29.9528009145495));
#6799=CARTESIAN_POINT('Ctrl Pts',(-1.39320779458742,-3.70754604650844,29.9528009145495));
#6800=CARTESIAN_POINT('Ctrl Pts',(-1.39320779458742,-3.70754604650844,29.4528009145495));
#6801=CARTESIAN_POINT('Ctrl Pts',(-1.48695040961687,-3.59715722445665,29.9528009145495));
#6802=CARTESIAN_POINT('Ctrl Pts',(-1.48695040961687,-3.59715722445665,29.4528009145495));
#6803=CARTESIAN_POINT('Ctrl Pts',(-1.6713863845138,-3.37997030251673,29.9528009145495));
#6804=CARTESIAN_POINT('Ctrl Pts',(-1.6713863845138,-3.37997030251673,29.4528009145495));
#6805=CARTESIAN_POINT('Ctrl Pts',(-1.70037962218718,-3.096793637414,29.9528009145495));
#6806=CARTESIAN_POINT('Ctrl Pts',(-1.70037962218718,-3.096793637414,29.4528009145495));
#6807=CARTESIAN_POINT('Ctrl Pts',(-1.71463657037478,-2.95754616571772,29.9528009145495));
#6808=CARTESIAN_POINT('Ctrl Pts',(-1.71463657037478,-2.95754616571772,29.4528009145495));
#6809=CARTESIAN_POINT('',(-1.39320779458742,-3.70754604650844,29.4528009145495));
#6810=CARTESIAN_POINT('Ctrl Pts',(-1.39320779458742,-3.70754604650844,29.4528009145495));
#6811=CARTESIAN_POINT('Ctrl Pts',(-1.48695040961687,-3.59715722445665,29.4528009145495));
#6812=CARTESIAN_POINT('Ctrl Pts',(-1.6713863845138,-3.37997030251673,29.4528009145495));
#6813=CARTESIAN_POINT('Ctrl Pts',(-1.70037962218718,-3.096793637414,29.4528009145495));
#6814=CARTESIAN_POINT('Ctrl Pts',(-1.71463657037478,-2.95754616571772,29.4528009145495));
#6815=CARTESIAN_POINT('',(-1.39320779458742,-3.70754604650844,29.9528009145495));
#6816=CARTESIAN_POINT('Ctrl Pts',(-0.643207913796713,-4.02897482229579,
29.9528009145495));
#6817=CARTESIAN_POINT('Ctrl Pts',(-0.643207913796713,-4.02897482229579,
29.4528009145495));
#6818=CARTESIAN_POINT('Ctrl Pts',(-0.782455385492984,-4.01471787410819,
29.9528009145495));
#6819=CARTESIAN_POINT('Ctrl Pts',(-0.782455385492984,-4.01471787410819,
29.4528009145495));
#6820=CARTESIAN_POINT('Ctrl Pts',(-1.06563205059572,-3.98572463643481,29.9528009145495));
#6821=CARTESIAN_POINT('Ctrl Pts',(-1.06563205059572,-3.98572463643481,29.4528009145495));
#6822=CARTESIAN_POINT('Ctrl Pts',(-1.28281897253563,-3.80128866153788,29.9528009145495));
#6823=CARTESIAN_POINT('Ctrl Pts',(-1.28281897253563,-3.80128866153788,29.4528009145495));
#6824=CARTESIAN_POINT('Ctrl Pts',(-1.39320779458742,-3.70754604650844,29.9528009145495));
#6825=CARTESIAN_POINT('Ctrl Pts',(-1.39320779458742,-3.70754604650844,29.4528009145495));
#6826=CARTESIAN_POINT('Ctrl Pts',(-0.643207913796713,-4.02897482229579,
29.4528009145495));
#6827=CARTESIAN_POINT('Ctrl Pts',(-0.782455385492984,-4.01471787410819,
29.4528009145495));
#6828=CARTESIAN_POINT('Ctrl Pts',(-1.06563205059572,-3.98572463643481,29.4528009145495));
#6829=CARTESIAN_POINT('Ctrl Pts',(-1.28281897253563,-3.80128866153788,29.4528009145495));
#6830=CARTESIAN_POINT('Ctrl Pts',(-1.39320779458742,-3.70754604650844,29.4528009145495));
#6831=CARTESIAN_POINT('Origin',(6.69250685854692,-1.52897482229579,29.4528009145495));
#6832=CARTESIAN_POINT('Ctrl Pts',(16.2639356790378,-3.70754604650844,29.6528009145495));
#6833=CARTESIAN_POINT('Ctrl Pts',(16.2639356790378,-3.70754604650844,29.9528009145495));
#6834=CARTESIAN_POINT('Ctrl Pts',(16.3725293421019,-3.79976386265907,29.6528009145495));
#6835=CARTESIAN_POINT('Ctrl Pts',(16.3725293421019,-3.79976386265907,29.9528009145495));
#6836=CARTESIAN_POINT('Ctrl Pts',(16.4811230051661,-3.89198167880966,29.6528009145495));
#6837=CARTESIAN_POINT('Ctrl Pts',(16.4811230051661,-3.89198167880966,29.9528009145495));
#6838=CARTESIAN_POINT('Ctrl Pts',(16.7308344000331,-3.99998900865388,29.6528009145495));
#6839=CARTESIAN_POINT('Ctrl Pts',(16.7308344000331,-3.99998900865388,29.9528009145495));
#6840=CARTESIAN_POINT('Ctrl Pts',(16.8680355035509,-4.01403655705642,29.6528009145495));
#6841=CARTESIAN_POINT('Ctrl Pts',(16.8680355035509,-4.01403655705642,29.9528009145495));
#6842=CARTESIAN_POINT('Ctrl Pts',(17.0139361558749,-4.02897482229579,29.6528009145495));
#6843=CARTESIAN_POINT('Ctrl Pts',(17.0139361558749,-4.02897482229579,29.9528009145495));
#6844=CARTESIAN_POINT('',(17.0139361558749,-4.02897482229579,29.6528009145495));
#6845=CARTESIAN_POINT('',(16.2639356790378,-3.70754604650844,29.6528009145495));
#6846=CARTESIAN_POINT('Ctrl Pts',(17.0139361558749,-4.02897482229579,29.6528009145495));
#6847=CARTESIAN_POINT('Ctrl Pts',(16.8680355035509,-4.01403655705642,29.6528009145495));
#6848=CARTESIAN_POINT('Ctrl Pts',(16.7308344000331,-3.99998900865388,29.6528009145495));
#6849=CARTESIAN_POINT('Ctrl Pts',(16.6059456688089,-3.94597105567123,29.6528009145495));
#6850=CARTESIAN_POINT('Ctrl Pts',(16.4811230051661,-3.89198167880966,29.6528009145495));
#6851=CARTESIAN_POINT('Ctrl Pts',(16.3725293421019,-3.79976386265907,29.6528009145495));
#6852=CARTESIAN_POINT('Ctrl Pts',(16.2639356790378,-3.70754604650844,29.6528009145495));
#6853=CARTESIAN_POINT('',(17.0139361558749,-4.02897482229579,29.9528009145495));
#6854=CARTESIAN_POINT('',(17.0139361558749,-4.02897482229579,29.6528009145495));
#6855=CARTESIAN_POINT('',(16.2639356790378,-3.70754604650844,29.9528009145495));
#6856=CARTESIAN_POINT('Ctrl Pts',(16.2639356790378,-3.70754604650844,29.9528009145495));
#6857=CARTESIAN_POINT('Ctrl Pts',(16.3725293421019,-3.79976386265907,29.9528009145495));
#6858=CARTESIAN_POINT('Ctrl Pts',(16.4811230051661,-3.89198167880966,29.9528009145495));
#6859=CARTESIAN_POINT('Ctrl Pts',(16.6059456688089,-3.94597105567123,29.9528009145495));
#6860=CARTESIAN_POINT('Ctrl Pts',(16.7308344000331,-3.99998900865388,29.9528009145495));
#6861=CARTESIAN_POINT('Ctrl Pts',(16.8680355035509,-4.01403655705642,29.9528009145495));
#6862=CARTESIAN_POINT('Ctrl Pts',(17.0139361558749,-4.02897482229579,29.9528009145495));
#6863=CARTESIAN_POINT('',(16.2639356790378,-3.70754604650844,29.6528009145495));
#6864=CARTESIAN_POINT('Ctrl Pts',(15.9425069032504,-2.95754616571772,29.6528009145495));
#6865=CARTESIAN_POINT('Ctrl Pts',(15.9425069032504,-2.95754616571772,29.9528009145495));
#6866=CARTESIAN_POINT('Ctrl Pts',(15.9574447360661,-3.10344659267001,29.6528009145495));
#6867=CARTESIAN_POINT('Ctrl Pts',(15.9574447360661,-3.10344659267001,29.9528009145495));
#6868=CARTESIAN_POINT('Ctrl Pts',(15.9714919421487,-3.24064811247642,29.6528009145495));
#6869=CARTESIAN_POINT('Ctrl Pts',(15.9714919421487,-3.24064811247642,29.9528009145495));
#6870=CARTESIAN_POINT('Ctrl Pts',(16.0794992107144,-3.49035932175792,29.6528009145495));
#6871=CARTESIAN_POINT('Ctrl Pts',(16.0794992107144,-3.49035932175792,29.9528009145495));
#6872=CARTESIAN_POINT('Ctrl Pts',(16.1717174448761,-3.59895268413319,29.6528009145495));
#6873=CARTESIAN_POINT('Ctrl Pts',(16.1717174448761,-3.59895268413319,29.9528009145495));
#6874=CARTESIAN_POINT('Ctrl Pts',(16.2639356790378,-3.70754604650844,29.6528009145495));
#6875=CARTESIAN_POINT('Ctrl Pts',(16.2639356790378,-3.70754604650844,29.9528009145495));
#6876=CARTESIAN_POINT('',(15.9425069032504,-2.95754616571772,29.6528009145495));
#6877=CARTESIAN_POINT('Ctrl Pts',(16.2639356790378,-3.70754604650844,29.6528009145495));
#6878=CARTESIAN_POINT('Ctrl Pts',(16.1717174448761,-3.59895268413319,29.6528009145495));
#6879=CARTESIAN_POINT('Ctrl Pts',(16.0794992107144,-3.49035932175792,29.6528009145495));
#6880=CARTESIAN_POINT('Ctrl Pts',(16.0255098622283,-3.36553674566829,29.6528009145495));
#6881=CARTESIAN_POINT('Ctrl Pts',(15.9714919421487,-3.24064811247642,29.6528009145495));
#6882=CARTESIAN_POINT('Ctrl Pts',(15.9574447360661,-3.10344659267001,29.6528009145495));
#6883=CARTESIAN_POINT('Ctrl Pts',(15.9425069032504,-2.95754616571772,29.6528009145495));
#6884=CARTESIAN_POINT('',(15.9425069032504,-2.95754616571772,29.9528009145495));
#6885=CARTESIAN_POINT('Ctrl Pts',(15.9425069032504,-2.95754616571772,29.9528009145495));
#6886=CARTESIAN_POINT('Ctrl Pts',(15.9574447360661,-3.10344659267001,29.9528009145495));
#6887=CARTESIAN_POINT('Ctrl Pts',(15.9714919421487,-3.24064811247642,29.9528009145495));
#6888=CARTESIAN_POINT('Ctrl Pts',(16.0255098622283,-3.36553674566829,29.9528009145495));
#6889=CARTESIAN_POINT('Ctrl Pts',(16.0794992107144,-3.49035932175792,29.9528009145495));
#6890=CARTESIAN_POINT('Ctrl Pts',(16.1717174448761,-3.59895268413319,29.9528009145495));
#6891=CARTESIAN_POINT('Ctrl Pts',(16.2639356790378,-3.70754604650844,29.9528009145495));
#6892=CARTESIAN_POINT('',(15.9425069032504,-2.95754616571772,29.6528009145495));
#6893=CARTESIAN_POINT('Ctrl Pts',(16.2639356790378,-0.778974941505078,29.6528009145495));
#6894=CARTESIAN_POINT('Ctrl Pts',(16.2639356790378,-0.778974941505078,29.9528009145495));
#6895=CARTESIAN_POINT('Ctrl Pts',(16.171718431729,-0.887568698259953,29.6528009145495));
#6896=CARTESIAN_POINT('Ctrl Pts',(16.171718431729,-0.887568698259953,29.9528009145495));
#6897=CARTESIAN_POINT('Ctrl Pts',(16.0795011844203,-0.996162455014848,29.6528009145495));
#6898=CARTESIAN_POINT('Ctrl Pts',(16.0795011844203,-0.996162455014848,29.9528009145495));
#6899=CARTESIAN_POINT('Ctrl Pts',(15.9714940523257,-1.24587370148649,29.6528009145495));
#6900=CARTESIAN_POINT('Ctrl Pts',(15.9714940523257,-1.24587370148649,29.9528009145495));
#6901=CARTESIAN_POINT('Ctrl Pts',(15.9574457693012,-1.38307535106414,29.6528009145495));
#6902=CARTESIAN_POINT('Ctrl Pts',(15.9574457693012,-1.38307535106414,29.9528009145495));
#6903=CARTESIAN_POINT('Ctrl Pts',(15.9425069032504,-1.52897482229579,29.6528009145495));
#6904=CARTESIAN_POINT('Ctrl Pts',(15.9425069032504,-1.52897482229579,29.9528009145495));
#6905=CARTESIAN_POINT('',(15.9425069032504,-1.52897482229579,29.6528009145495));
#6906=CARTESIAN_POINT('',(16.2639356790378,-0.778974941505078,29.6528009145495));
#6907=CARTESIAN_POINT('Ctrl Pts',(15.9425069032504,-1.52897482229579,29.6528009145495));
#6908=CARTESIAN_POINT('Ctrl Pts',(15.9574457693012,-1.38307535106414,29.6528009145495));
#6909=CARTESIAN_POINT('Ctrl Pts',(15.9714940523257,-1.24587370148649,29.6528009145495));
#6910=CARTESIAN_POINT('Ctrl Pts',(16.0255119004593,-1.12098505823153,29.6528009145495));
#6911=CARTESIAN_POINT('Ctrl Pts',(16.0795011844203,-0.996162455014848,29.6528009145495));
#6912=CARTESIAN_POINT('Ctrl Pts',(16.171718431729,-0.887568698259953,29.6528009145495));
#6913=CARTESIAN_POINT('Ctrl Pts',(16.2639356790378,-0.778974941505078,29.6528009145495));
#6914=CARTESIAN_POINT('',(15.9425069032504,-1.52897482229579,29.9528009145495));
#6915=CARTESIAN_POINT('',(15.9425069032504,-1.52897482229579,29.6528009145495));
#6916=CARTESIAN_POINT('',(16.2639356790378,-0.778974941505078,29.9528009145495));
#6917=CARTESIAN_POINT('Ctrl Pts',(16.2639356790378,-0.778974941505078,29.9528009145495));
#6918=CARTESIAN_POINT('Ctrl Pts',(16.171718431729,-0.887568698259953,29.9528009145495));
#6919=CARTESIAN_POINT('Ctrl Pts',(16.0795011844203,-0.996162455014848,29.9528009145495));
#6920=CARTESIAN_POINT('Ctrl Pts',(16.0255119004593,-1.12098505823153,29.9528009145495));
#6921=CARTESIAN_POINT('Ctrl Pts',(15.9714940523257,-1.24587370148649,29.9528009145495));
#6922=CARTESIAN_POINT('Ctrl Pts',(15.9574457693012,-1.38307535106414,29.9528009145495));
#6923=CARTESIAN_POINT('Ctrl Pts',(15.9425069032504,-1.52897482229579,29.9528009145495));
#6924=CARTESIAN_POINT('',(16.2639356790378,-0.778974941505078,29.6528009145495));
#6925=CARTESIAN_POINT('Ctrl Pts',(17.0139361558749,-0.457546165717725,29.6528009145495));
#6926=CARTESIAN_POINT('Ctrl Pts',(17.0139361558749,-0.457546165717725,29.9528009145495));
#6927=CARTESIAN_POINT('Ctrl Pts',(16.8680355035509,-0.472484430957098,29.6528009145495));
#6928=CARTESIAN_POINT('Ctrl Pts',(16.8680355035509,-0.472484430957098,29.9528009145495));
#6929=CARTESIAN_POINT('Ctrl Pts',(16.7308344000331,-0.486531979359638,29.6528009145495));
#6930=CARTESIAN_POINT('Ctrl Pts',(16.7308344000331,-0.486531979359638,29.9528009145495));
#6931=CARTESIAN_POINT('Ctrl Pts',(16.481123005166,-0.594539309203856,29.6528009145495));
#6932=CARTESIAN_POINT('Ctrl Pts',(16.481123005166,-0.594539309203856,29.9528009145495));
#6933=CARTESIAN_POINT('Ctrl Pts',(16.3725293421019,-0.686757125354461,29.6528009145495));
#6934=CARTESIAN_POINT('Ctrl Pts',(16.3725293421019,-0.686757125354461,29.9528009145495));
#6935=CARTESIAN_POINT('Ctrl Pts',(16.2639356790378,-0.778974941505079,29.6528009145495));
#6936=CARTESIAN_POINT('Ctrl Pts',(16.2639356790378,-0.778974941505079,29.9528009145495));
#6937=CARTESIAN_POINT('',(17.0139361558749,-0.457546165717725,29.6528009145495));
#6938=CARTESIAN_POINT('Ctrl Pts',(16.2639356790378,-0.778974941505079,29.6528009145495));
#6939=CARTESIAN_POINT('Ctrl Pts',(16.3725293421019,-0.686757125354461,29.6528009145495));
#6940=CARTESIAN_POINT('Ctrl Pts',(16.481123005166,-0.594539309203856,29.6528009145495));
#6941=CARTESIAN_POINT('Ctrl Pts',(16.6059456688089,-0.540549932342281,29.6528009145495));
#6942=CARTESIAN_POINT('Ctrl Pts',(16.7308344000331,-0.486531979359638,29.6528009145495));
#6943=CARTESIAN_POINT('Ctrl Pts',(16.8680355035509,-0.472484430957098,29.6528009145495));
#6944=CARTESIAN_POINT('Ctrl Pts',(17.0139361558749,-0.457546165717725,29.6528009145495));
#6945=CARTESIAN_POINT('',(17.0139361558749,-0.457546165717725,29.9528009145495));
#6946=CARTESIAN_POINT('Ctrl Pts',(17.0139361558749,-0.457546165717725,29.9528009145495));
#6947=CARTESIAN_POINT('Ctrl Pts',(16.8680355035509,-0.472484430957098,29.9528009145495));
#6948=CARTESIAN_POINT('Ctrl Pts',(16.7308344000331,-0.486531979359638,29.9528009145495));
#6949=CARTESIAN_POINT('Ctrl Pts',(16.6059456688089,-0.540549932342281,29.9528009145495));
#6950=CARTESIAN_POINT('Ctrl Pts',(16.481123005166,-0.594539309203856,29.9528009145495));
#6951=CARTESIAN_POINT('Ctrl Pts',(16.3725293421019,-0.686757125354461,29.9528009145495));
#6952=CARTESIAN_POINT('Ctrl Pts',(16.2639356790378,-0.778974941505079,29.9528009145495));
#6953=CARTESIAN_POINT('',(17.0139361558749,-0.457546165717725,29.6528009145495));
#6954=CARTESIAN_POINT('Ctrl Pts',(19.1925073800876,-0.77897494150508,29.6528009145495));
#6955=CARTESIAN_POINT('Ctrl Pts',(19.1925073800876,-0.77897494150508,29.9528009145495));
#6956=CARTESIAN_POINT('Ctrl Pts',(19.0839137170234,-0.686757125354455,29.6528009145495));
#6957=CARTESIAN_POINT('Ctrl Pts',(19.0839137170234,-0.686757125354455,29.9528009145495));
#6958=CARTESIAN_POINT('Ctrl Pts',(18.9753200539593,-0.594539309203854,29.6528009145495));
#6959=CARTESIAN_POINT('Ctrl Pts',(18.9753200539593,-0.594539309203854,29.9528009145495));
#6960=CARTESIAN_POINT('Ctrl Pts',(18.7256086590922,-0.486531979359637,29.6528009145495));
#6961=CARTESIAN_POINT('Ctrl Pts',(18.7256086590922,-0.486531979359637,29.9528009145495));
#6962=CARTESIAN_POINT('Ctrl Pts',(18.5884075555744,-0.472484430957098,29.6528009145495));
#6963=CARTESIAN_POINT('Ctrl Pts',(18.5884075555744,-0.472484430957098,29.9528009145495));
#6964=CARTESIAN_POINT('Ctrl Pts',(18.4425069032504,-0.457546165717725,29.6528009145495));
#6965=CARTESIAN_POINT('Ctrl Pts',(18.4425069032504,-0.457546165717725,29.9528009145495));
#6966=CARTESIAN_POINT('',(18.4425069032504,-0.457546165717725,29.6528009145495));
#6967=CARTESIAN_POINT('',(19.1925073800876,-0.778974941505078,29.6528009145495));
#6968=CARTESIAN_POINT('Ctrl Pts',(18.4425069032504,-0.457546165717725,29.6528009145495));
#6969=CARTESIAN_POINT('Ctrl Pts',(18.5884075555744,-0.472484430957098,29.6528009145495));
#6970=CARTESIAN_POINT('Ctrl Pts',(18.7256086590922,-0.486531979359637,29.6528009145495));
#6971=CARTESIAN_POINT('Ctrl Pts',(18.8504973903164,-0.540549932342282,29.6528009145495));
#6972=CARTESIAN_POINT('Ctrl Pts',(18.9753200539593,-0.594539309203854,29.6528009145495));
#6973=CARTESIAN_POINT('Ctrl Pts',(19.0839137170234,-0.686757125354455,29.6528009145495));
#6974=CARTESIAN_POINT('Ctrl Pts',(19.1925073800876,-0.77897494150508,29.6528009145495));
#6975=CARTESIAN_POINT('',(18.4425069032504,-0.457546165717725,29.9528009145495));
#6976=CARTESIAN_POINT('',(18.4425069032504,-0.457546165717725,29.6528009145495));
#6977=CARTESIAN_POINT('',(19.1925073800876,-0.778974941505078,29.9528009145495));
#6978=CARTESIAN_POINT('Ctrl Pts',(19.1925073800876,-0.77897494150508,29.9528009145495));
#6979=CARTESIAN_POINT('Ctrl Pts',(19.0839137170234,-0.686757125354455,29.9528009145495));
#6980=CARTESIAN_POINT('Ctrl Pts',(18.9753200539593,-0.594539309203854,29.9528009145495));
#6981=CARTESIAN_POINT('Ctrl Pts',(18.8504973903164,-0.540549932342282,29.9528009145495));
#6982=CARTESIAN_POINT('Ctrl Pts',(18.7256086590922,-0.486531979359637,29.9528009145495));
#6983=CARTESIAN_POINT('Ctrl Pts',(18.5884075555744,-0.472484430957098,29.9528009145495));
#6984=CARTESIAN_POINT('Ctrl Pts',(18.4425069032504,-0.457546165717725,29.9528009145495));
#6985=CARTESIAN_POINT('',(19.1925073800876,-0.778974941505078,29.6528009145495));
#6986=CARTESIAN_POINT('Ctrl Pts',(19.5139361558749,-1.52897482229579,29.6528009145495));
#6987=CARTESIAN_POINT('Ctrl Pts',(19.5139361558749,-1.52897482229579,29.9528009145495));
#6988=CARTESIAN_POINT('Ctrl Pts',(19.4989982629325,-1.38307426567818,29.6528009145495));
#6989=CARTESIAN_POINT('Ctrl Pts',(19.4989982629325,-1.38307426567818,29.9528009145495));
#6990=CARTESIAN_POINT('Ctrl Pts',(19.484951031611,-1.24587292967728,29.6528009145495));
#6991=CARTESIAN_POINT('Ctrl Pts',(19.484951031611,-1.24587292967728,29.9528009145495));
#6992=CARTESIAN_POINT('Ctrl Pts',(19.3769437301014,-0.996161728244582,29.6528009145495));
#6993=CARTESIAN_POINT('Ctrl Pts',(19.3769437301014,-0.996161728244582,29.9528009145495));
#6994=CARTESIAN_POINT('Ctrl Pts',(19.2847255550945,-0.887568334874822,29.6528009145495));
#6995=CARTESIAN_POINT('Ctrl Pts',(19.2847255550945,-0.887568334874822,29.9528009145495));
#6996=CARTESIAN_POINT('Ctrl Pts',(19.1925073800876,-0.778974941505079,29.6528009145495));
#6997=CARTESIAN_POINT('Ctrl Pts',(19.1925073800876,-0.778974941505079,29.9528009145495));
#6998=CARTESIAN_POINT('',(19.5139361558749,-1.52897482229579,29.6528009145495));
#6999=CARTESIAN_POINT('Ctrl Pts',(19.1925073800876,-0.778974941505079,29.6528009145495));
#7000=CARTESIAN_POINT('Ctrl Pts',(19.2847255550945,-0.887568334874822,29.6528009145495));
#7001=CARTESIAN_POINT('Ctrl Pts',(19.3769437301014,-0.996161728244582,29.6528009145495));
#7002=CARTESIAN_POINT('Ctrl Pts',(19.4309330939573,-1.1209842978729,29.6528009145495));
#7003=CARTESIAN_POINT('Ctrl Pts',(19.484951031611,-1.24587292967728,29.6528009145495));
#7004=CARTESIAN_POINT('Ctrl Pts',(19.4989982629325,-1.38307426567818,29.6528009145495));
#7005=CARTESIAN_POINT('Ctrl Pts',(19.5139361558749,-1.52897482229579,29.6528009145495));
#7006=CARTESIAN_POINT('',(19.5139361558749,-1.52897482229579,29.9528009145495));
#7007=CARTESIAN_POINT('Ctrl Pts',(19.5139361558749,-1.52897482229579,29.9528009145495));
#7008=CARTESIAN_POINT('Ctrl Pts',(19.4989982629325,-1.38307426567818,29.9528009145495));
#7009=CARTESIAN_POINT('Ctrl Pts',(19.484951031611,-1.24587292967728,29.9528009145495));
#7010=CARTESIAN_POINT('Ctrl Pts',(19.4309330939573,-1.1209842978729,29.9528009145495));
#7011=CARTESIAN_POINT('Ctrl Pts',(19.3769437301014,-0.996161728244582,29.9528009145495));
#7012=CARTESIAN_POINT('Ctrl Pts',(19.2847255550945,-0.887568334874822,29.9528009145495));
#7013=CARTESIAN_POINT('Ctrl Pts',(19.1925073800876,-0.778974941505079,29.9528009145495));
#7014=CARTESIAN_POINT('',(19.5139361558749,-1.52897482229579,29.6528009145495));
#7015=CARTESIAN_POINT('Ctrl Pts',(19.4067932306125,-1.77897488190043,29.6528009145495));
#7016=CARTESIAN_POINT('Ctrl Pts',(19.4067932306125,-1.77897488190043,29.9528009145495));
#7017=CARTESIAN_POINT('Ctrl Pts',(19.4375322450625,-1.74277690863707,29.6528009145495));
#7018=CARTESIAN_POINT('Ctrl Pts',(19.4375322450625,-1.74277690863707,29.9528009145495));
#7019=CARTESIAN_POINT('Ctrl Pts',(19.4682712595126,-1.70657893537371,29.6528009145495));
#7020=CARTESIAN_POINT('Ctrl Pts',(19.4682712595126,-1.70657893537371,29.9528009145495));
#7021=CARTESIAN_POINT('Ctrl Pts',(19.5042736747387,-1.62334182906796,29.6528009145495));
#7022=CARTESIAN_POINT('Ctrl Pts',(19.5042736747387,-1.62334182906796,29.9528009145495));
#7023=CARTESIAN_POINT('Ctrl Pts',(19.5089564647527,-1.57760814320274,29.6528009145495));
#7024=CARTESIAN_POINT('Ctrl Pts',(19.5089564647527,-1.57760814320274,29.9528009145495));
#7025=CARTESIAN_POINT('Ctrl Pts',(19.5139361558749,-1.52897482229579,29.6528009145495));
#7026=CARTESIAN_POINT('Ctrl Pts',(19.5139361558749,-1.52897482229579,29.9528009145495));
#7027=CARTESIAN_POINT('',(19.4067932306125,-1.77897488190043,29.6528009145495));
#7028=CARTESIAN_POINT('Ctrl Pts',(19.5139361558749,-1.52897482229579,29.6528009145495));
#7029=CARTESIAN_POINT('Ctrl Pts',(19.5089564647527,-1.57760814320274,29.6528009145495));
#7030=CARTESIAN_POINT('Ctrl Pts',(19.5042736747387,-1.62334182906796,29.6528009145495));
#7031=CARTESIAN_POINT('Ctrl Pts',(19.4862677051637,-1.66497139181369,29.6528009145495));
#7032=CARTESIAN_POINT('Ctrl Pts',(19.4682712595126,-1.70657893537371,29.6528009145495));
#7033=CARTESIAN_POINT('Ctrl Pts',(19.4375322450625,-1.74277690863707,29.6528009145495));
#7034=CARTESIAN_POINT('Ctrl Pts',(19.4067932306125,-1.77897488190043,29.6528009145495));
#7035=CARTESIAN_POINT('',(19.4067932306125,-1.77897488190043,29.9528009145495));
#7036=CARTESIAN_POINT('Ctrl Pts',(19.4067932306125,-1.77897488190043,29.9528009145495));
#7037=CARTESIAN_POINT('Ctrl Pts',(19.4375322450625,-1.74277690863707,29.9528009145495));
#7038=CARTESIAN_POINT('Ctrl Pts',(19.4682712595126,-1.70657893537371,29.9528009145495));
#7039=CARTESIAN_POINT('Ctrl Pts',(19.4862677051637,-1.66497139181369,29.9528009145495));
#7040=CARTESIAN_POINT('Ctrl Pts',(19.5042736747387,-1.62334182906796,29.9528009145495));
#7041=CARTESIAN_POINT('Ctrl Pts',(19.5089564647527,-1.57760814320274,29.9528009145495));
#7042=CARTESIAN_POINT('Ctrl Pts',(19.5139361558749,-1.52897482229579,29.9528009145495));
#7043=CARTESIAN_POINT('',(19.4067932306125,-1.77897488190043,29.6528009145495));
#7044=CARTESIAN_POINT('Ctrl Pts',(19.1567922769382,-1.88611750913966,29.6528009145495));
#7045=CARTESIAN_POINT('Ctrl Pts',(19.1567922769382,-1.88611750913966,29.9528009145495));
#7046=CARTESIAN_POINT('Ctrl Pts',(19.2054256671379,-1.88113816980397,29.6528009145495));
#7047=CARTESIAN_POINT('Ctrl Pts',(19.2054256671379,-1.88113816980397,29.9528009145495));
#7048=CARTESIAN_POINT('Ctrl Pts',(19.2511597622608,-1.8764556753718,29.6528009145495));
#7049=CARTESIAN_POINT('Ctrl Pts',(19.2511597622608,-1.8764556753718,29.9528009145495));
#7050=CARTESIAN_POINT('Ctrl Pts',(19.3343971742218,-1.84045339175272,29.6528009145495));
#7051=CARTESIAN_POINT('Ctrl Pts',(19.3343971742218,-1.84045339175272,29.9528009145495));
#7052=CARTESIAN_POINT('Ctrl Pts',(19.3705952024171,-1.80971413682657,29.6528009145495));
#7053=CARTESIAN_POINT('Ctrl Pts',(19.3705952024171,-1.80971413682657,29.9528009145495));
#7054=CARTESIAN_POINT('Ctrl Pts',(19.4067932306125,-1.77897488190043,29.6528009145495));
#7055=CARTESIAN_POINT('Ctrl Pts',(19.4067932306125,-1.77897488190043,29.9528009145495));
#7056=CARTESIAN_POINT('',(19.1567922769382,-1.88611750913966,29.6528009145495));
#7057=CARTESIAN_POINT('Ctrl Pts',(19.4067932306125,-1.77897488190043,29.6528009145495));
#7058=CARTESIAN_POINT('Ctrl Pts',(19.3705952024171,-1.80971413682657,29.6528009145495));
#7059=CARTESIAN_POINT('Ctrl Pts',(19.3343971742218,-1.84045339175272,29.6528009145495));
#7060=CARTESIAN_POINT('Ctrl Pts',(19.2927894750185,-1.85844977285304,29.6528009145495));
#7061=CARTESIAN_POINT('Ctrl Pts',(19.2511597622608,-1.8764556753718,29.6528009145495));
#7062=CARTESIAN_POINT('Ctrl Pts',(19.2054256671379,-1.88113816980397,29.6528009145495));
#7063=CARTESIAN_POINT('Ctrl Pts',(19.1567922769382,-1.88611750913966,29.6528009145495));
#7064=CARTESIAN_POINT('',(19.1567922769382,-1.88611750913966,29.9528009145495));
#7065=CARTESIAN_POINT('Ctrl Pts',(19.1567922769382,-1.88611750913966,29.9528009145495));
#7066=CARTESIAN_POINT('Ctrl Pts',(19.2054256671379,-1.88113816980397,29.9528009145495));
#7067=CARTESIAN_POINT('Ctrl Pts',(19.2511597622608,-1.8764556753718,29.9528009145495));
#7068=CARTESIAN_POINT('Ctrl Pts',(19.2927894750185,-1.85844977285304,29.9528009145495));
#7069=CARTESIAN_POINT('Ctrl Pts',(19.3343971742218,-1.84045339175272,29.9528009145495));
#7070=CARTESIAN_POINT('Ctrl Pts',(19.3705952024171,-1.80971413682657,29.9528009145495));
#7071=CARTESIAN_POINT('Ctrl Pts',(19.4067932306125,-1.77897488190043,29.9528009145495));
#7072=CARTESIAN_POINT('',(19.1567922769382,-1.88611750913966,29.6528009145495));
#7073=CARTESIAN_POINT('Ctrl Pts',(18.9067913232638,-1.77897488190043,29.6528009145495));
#7074=CARTESIAN_POINT('Ctrl Pts',(18.9067913232638,-1.77897488190043,29.9528009145495));
#7075=CARTESIAN_POINT('Ctrl Pts',(18.9429893514592,-1.80971413682657,29.6528009145495));
#7076=CARTESIAN_POINT('Ctrl Pts',(18.9429893514592,-1.80971413682657,29.9528009145495));
#7077=CARTESIAN_POINT('Ctrl Pts',(18.9791873796545,-1.84045339175272,29.6528009145495));
#7078=CARTESIAN_POINT('Ctrl Pts',(18.9791873796545,-1.84045339175272,29.9528009145495));
#7079=CARTESIAN_POINT('Ctrl Pts',(19.0624247916155,-1.8764556753718,29.6528009145495));
#7080=CARTESIAN_POINT('Ctrl Pts',(19.0624247916155,-1.8764556753718,29.9528009145495));
#7081=CARTESIAN_POINT('Ctrl Pts',(19.1081588867384,-1.88113816980397,29.6528009145495));
#7082=CARTESIAN_POINT('Ctrl Pts',(19.1081588867384,-1.88113816980397,29.9528009145495));
#7083=CARTESIAN_POINT('Ctrl Pts',(19.1567922769382,-1.88611750913966,29.6528009145495));
#7084=CARTESIAN_POINT('Ctrl Pts',(19.1567922769382,-1.88611750913966,29.9528009145495));
#7085=CARTESIAN_POINT('',(18.9067913232638,-1.77897488190043,29.6528009145495));
#7086=CARTESIAN_POINT('Ctrl Pts',(19.1567922769382,-1.88611750913966,29.6528009145495));
#7087=CARTESIAN_POINT('Ctrl Pts',(19.1081588867384,-1.88113816980397,29.6528009145495));
#7088=CARTESIAN_POINT('Ctrl Pts',(19.0624247916155,-1.8764556753718,29.6528009145495));
#7089=CARTESIAN_POINT('Ctrl Pts',(19.0207950788578,-1.85844977285304,29.6528009145495));
#7090=CARTESIAN_POINT('Ctrl Pts',(18.9791873796545,-1.84045339175272,29.6528009145495));
#7091=CARTESIAN_POINT('Ctrl Pts',(18.9429893514592,-1.80971413682657,29.6528009145495));
#7092=CARTESIAN_POINT('Ctrl Pts',(18.9067913232638,-1.77897488190043,29.6528009145495));
#7093=CARTESIAN_POINT('',(18.9067913232638,-1.77897488190043,29.9528009145495));
#7094=CARTESIAN_POINT('Ctrl Pts',(18.9067913232638,-1.77897488190043,29.9528009145495));
#7095=CARTESIAN_POINT('Ctrl Pts',(18.9429893514592,-1.80971413682657,29.9528009145495));
#7096=CARTESIAN_POINT('Ctrl Pts',(18.9791873796545,-1.84045339175272,29.9528009145495));
#7097=CARTESIAN_POINT('Ctrl Pts',(19.0207950788578,-1.85844977285304,29.9528009145495));
#7098=CARTESIAN_POINT('Ctrl Pts',(19.0624247916155,-1.8764556753718,29.9528009145495));
#7099=CARTESIAN_POINT('Ctrl Pts',(19.1081588867384,-1.88113816980397,29.9528009145495));
#7100=CARTESIAN_POINT('Ctrl Pts',(19.1567922769382,-1.88611750913966,29.9528009145495));
#7101=CARTESIAN_POINT('',(18.9067913232638,-1.77897488190043,29.6528009145495));
#7102=CARTESIAN_POINT('Ctrl Pts',(18.7996507821872,-1.52897482229579,29.6528009145495));
#7103=CARTESIAN_POINT('Ctrl Pts',(18.7996507821872,-1.52897482229579,29.9528009145495));
#7104=CARTESIAN_POINT('Ctrl Pts',(18.8046294288654,-1.57760826450639,29.6528009145495));
#7105=CARTESIAN_POINT('Ctrl Pts',(18.8046294288654,-1.57760826450639,29.9528009145495));
#7106=CARTESIAN_POINT('Ctrl Pts',(18.8093112403579,-1.62334210010084,29.6528009145495));
#7107=CARTESIAN_POINT('Ctrl Pts',(18.8093112403579,-1.62334210010084,29.9528009145495));
#7108=CARTESIAN_POINT('Ctrl Pts',(18.845312869841,-1.7065792044895,29.6528009145495));
#7109=CARTESIAN_POINT('Ctrl Pts',(18.845312869841,-1.7065792044895,29.9528009145495));
#7110=CARTESIAN_POINT('Ctrl Pts',(18.8760520965524,-1.74277704319498,29.6528009145495));
#7111=CARTESIAN_POINT('Ctrl Pts',(18.8760520965524,-1.74277704319498,29.9528009145495));
#7112=CARTESIAN_POINT('Ctrl Pts',(18.9067913232638,-1.77897488190043,29.6528009145495));
#7113=CARTESIAN_POINT('Ctrl Pts',(18.9067913232638,-1.77897488190043,29.9528009145495));
#7114=CARTESIAN_POINT('',(18.7996507821872,-1.52897482229579,29.6528009145495));
#7115=CARTESIAN_POINT('Ctrl Pts',(18.9067913232638,-1.77897488190043,29.6528009145495));
#7116=CARTESIAN_POINT('Ctrl Pts',(18.8760520965524,-1.74277704319498,29.6528009145495));
#7117=CARTESIAN_POINT('Ctrl Pts',(18.845312869841,-1.7065792044895,29.6528009145495));
#7118=CARTESIAN_POINT('Ctrl Pts',(18.8273168168295,-1.6649716615918,29.6528009145495));
#7119=CARTESIAN_POINT('Ctrl Pts',(18.8093112403579,-1.62334210010084,29.6528009145495));
#7120=CARTESIAN_POINT('Ctrl Pts',(18.8046294288654,-1.57760826450639,29.6528009145495));
#7121=CARTESIAN_POINT('Ctrl Pts',(18.7996507821872,-1.52897482229579,29.6528009145495));
#7122=CARTESIAN_POINT('',(18.7996507821872,-1.52897482229579,29.9528009145495));
#7123=CARTESIAN_POINT('Ctrl Pts',(18.7996507821872,-1.52897482229579,29.9528009145495));
#7124=CARTESIAN_POINT('Ctrl Pts',(18.8046294288654,-1.57760826450639,29.9528009145495));
#7125=CARTESIAN_POINT('Ctrl Pts',(18.8093112403579,-1.62334210010084,29.9528009145495));
#7126=CARTESIAN_POINT('Ctrl Pts',(18.8273168168295,-1.6649716615918,29.9528009145495));
#7127=CARTESIAN_POINT('Ctrl Pts',(18.845312869841,-1.7065792044895,29.9528009145495));
#7128=CARTESIAN_POINT('Ctrl Pts',(18.8760520965524,-1.74277704319498,29.9528009145495));
#7129=CARTESIAN_POINT('Ctrl Pts',(18.9067913232638,-1.77897488190043,29.9528009145495));
#7130=CARTESIAN_POINT('',(18.7996507821872,-1.52897482229579,29.6528009145495));
#7131=CARTESIAN_POINT('Ctrl Pts',(18.6925078569247,-1.27897476269114,29.6528009145495));
#7132=CARTESIAN_POINT('Ctrl Pts',(18.6925078569247,-1.27897476269114,29.9528009145495));
#7133=CARTESIAN_POINT('Ctrl Pts',(18.7232468713748,-1.31517273595451,29.6528009145495));
#7134=CARTESIAN_POINT('Ctrl Pts',(18.7232468713748,-1.31517273595451,29.9528009145495));
#7135=CARTESIAN_POINT('Ctrl Pts',(18.7539858858248,-1.35137070921787,29.6528009145495));
#7136=CARTESIAN_POINT('Ctrl Pts',(18.7539858858248,-1.35137070921787,29.9528009145495));
#7137=CARTESIAN_POINT('Ctrl Pts',(18.789988301051,-1.43460781552362,29.6528009145495));
#7138=CARTESIAN_POINT('Ctrl Pts',(18.789988301051,-1.43460781552362,29.9528009145495));
#7139=CARTESIAN_POINT('Ctrl Pts',(18.794671091065,-1.48034150138884,29.6528009145495));
#7140=CARTESIAN_POINT('Ctrl Pts',(18.794671091065,-1.48034150138884,29.9528009145495));
#7141=CARTESIAN_POINT('Ctrl Pts',(18.7996507821872,-1.52897482229579,29.6528009145495));
#7142=CARTESIAN_POINT('Ctrl Pts',(18.7996507821872,-1.52897482229579,29.9528009145495));
#7143=CARTESIAN_POINT('',(18.6925078569247,-1.27897476269114,29.6528009145495));
#7144=CARTESIAN_POINT('Ctrl Pts',(18.7996507821872,-1.52897482229579,29.6528009145495));
#7145=CARTESIAN_POINT('Ctrl Pts',(18.794671091065,-1.48034150138884,29.6528009145495));
#7146=CARTESIAN_POINT('Ctrl Pts',(18.789988301051,-1.43460781552362,29.6528009145495));
#7147=CARTESIAN_POINT('Ctrl Pts',(18.771982331476,-1.39297825277788,29.6528009145495));
#7148=CARTESIAN_POINT('Ctrl Pts',(18.7539858858248,-1.35137070921787,29.6528009145495));
#7149=CARTESIAN_POINT('Ctrl Pts',(18.7232468713748,-1.31517273595451,29.6528009145495));
#7150=CARTESIAN_POINT('Ctrl Pts',(18.6925078569247,-1.27897476269114,29.6528009145495));
#7151=CARTESIAN_POINT('',(18.6925078569247,-1.27897476269114,29.9528009145495));
#7152=CARTESIAN_POINT('Ctrl Pts',(18.6925078569247,-1.27897476269114,29.9528009145495));
#7153=CARTESIAN_POINT('Ctrl Pts',(18.7232468713748,-1.31517273595451,29.9528009145495));
#7154=CARTESIAN_POINT('Ctrl Pts',(18.7539858858248,-1.35137070921787,29.9528009145495));
#7155=CARTESIAN_POINT('Ctrl Pts',(18.771982331476,-1.39297825277788,29.9528009145495));
#7156=CARTESIAN_POINT('Ctrl Pts',(18.789988301051,-1.43460781552362,29.9528009145495));
#7157=CARTESIAN_POINT('Ctrl Pts',(18.794671091065,-1.48034150138884,29.9528009145495));
#7158=CARTESIAN_POINT('Ctrl Pts',(18.7996507821872,-1.52897482229579,29.9528009145495));
#7159=CARTESIAN_POINT('',(18.6925078569247,-1.27897476269114,29.6528009145495));
#7160=CARTESIAN_POINT('Ctrl Pts',(18.4425069032504,-1.17183213545192,29.6528009145495));
#7161=CARTESIAN_POINT('Ctrl Pts',(18.4425069032504,-1.17183213545192,29.9528009145495));
#7162=CARTESIAN_POINT('Ctrl Pts',(18.4911402934501,-1.1768114747876,29.6528009145495));
#7163=CARTESIAN_POINT('Ctrl Pts',(18.4911402934501,-1.1768114747876,29.9528009145495));
#7164=CARTESIAN_POINT('Ctrl Pts',(18.5368743885731,-1.18149396921977,29.6528009145495));
#7165=CARTESIAN_POINT('Ctrl Pts',(18.5368743885731,-1.18149396921977,29.9528009145495));
#7166=CARTESIAN_POINT('Ctrl Pts',(18.620111800534,-1.21749625283885,29.6528009145495));
#7167=CARTESIAN_POINT('Ctrl Pts',(18.620111800534,-1.21749625283885,29.9528009145495));
#7168=CARTESIAN_POINT('Ctrl Pts',(18.6563098287294,-1.24823550776499,29.6528009145495));
#7169=CARTESIAN_POINT('Ctrl Pts',(18.6563098287294,-1.24823550776499,29.9528009145495));
#7170=CARTESIAN_POINT('Ctrl Pts',(18.6925078569247,-1.27897476269114,29.6528009145495));
#7171=CARTESIAN_POINT('Ctrl Pts',(18.6925078569247,-1.27897476269114,29.9528009145495));
#7172=CARTESIAN_POINT('',(18.4425069032504,-1.17183213545192,29.6528009145495));
#7173=CARTESIAN_POINT('Ctrl Pts',(18.6925078569247,-1.27897476269114,29.6528009145495));
#7174=CARTESIAN_POINT('Ctrl Pts',(18.6563098287294,-1.24823550776499,29.6528009145495));
#7175=CARTESIAN_POINT('Ctrl Pts',(18.620111800534,-1.21749625283885,29.6528009145495));
#7176=CARTESIAN_POINT('Ctrl Pts',(18.5785041013308,-1.19949987173853,29.6528009145495));
#7177=CARTESIAN_POINT('Ctrl Pts',(18.5368743885731,-1.18149396921977,29.6528009145495));
#7178=CARTESIAN_POINT('Ctrl Pts',(18.4911402934501,-1.1768114747876,29.6528009145495));
#7179=CARTESIAN_POINT('Ctrl Pts',(18.4425069032504,-1.17183213545192,29.6528009145495));
#7180=CARTESIAN_POINT('',(18.4425069032504,-1.17183213545192,29.9528009145495));
#7181=CARTESIAN_POINT('Ctrl Pts',(18.4425069032504,-1.17183213545192,29.9528009145495));
#7182=CARTESIAN_POINT('Ctrl Pts',(18.4911402934501,-1.1768114747876,29.9528009145495));
#7183=CARTESIAN_POINT('Ctrl Pts',(18.5368743885731,-1.18149396921977,29.9528009145495));
#7184=CARTESIAN_POINT('Ctrl Pts',(18.5785041013308,-1.19949987173853,29.9528009145495));
#7185=CARTESIAN_POINT('Ctrl Pts',(18.620111800534,-1.21749625283885,29.9528009145495));
#7186=CARTESIAN_POINT('Ctrl Pts',(18.6563098287294,-1.24823550776499,29.9528009145495));
#7187=CARTESIAN_POINT('Ctrl Pts',(18.6925078569247,-1.27897476269114,29.9528009145495));
#7188=CARTESIAN_POINT('',(18.4425069032504,-1.17183213545192,29.6528009145495));
#7189=CARTESIAN_POINT('Ctrl Pts',(16.7639352022006,-1.27897476269114,29.6528009145495));
#7190=CARTESIAN_POINT('Ctrl Pts',(16.7639352022006,-1.27897476269114,29.9528009145495));
#7191=CARTESIAN_POINT('Ctrl Pts',(16.8001332303959,-1.24823550776501,29.6528009145495));
#7192=CARTESIAN_POINT('Ctrl Pts',(16.8001332303959,-1.24823550776501,29.9528009145495));
#7193=CARTESIAN_POINT('Ctrl Pts',(16.8363312585913,-1.21749625283885,29.6528009145495));
#7194=CARTESIAN_POINT('Ctrl Pts',(16.8363312585913,-1.21749625283885,29.9528009145495));
#7195=CARTESIAN_POINT('Ctrl Pts',(16.9195686705522,-1.18149396921977,29.6528009145495));
#7196=CARTESIAN_POINT('Ctrl Pts',(16.9195686705522,-1.18149396921977,29.9528009145495));
#7197=CARTESIAN_POINT('Ctrl Pts',(16.9653027656752,-1.1768114747876,29.6528009145495));
#7198=CARTESIAN_POINT('Ctrl Pts',(16.9653027656752,-1.1768114747876,29.9528009145495));
#7199=CARTESIAN_POINT('Ctrl Pts',(17.0139361558749,-1.17183213545192,29.6528009145495));
#7200=CARTESIAN_POINT('Ctrl Pts',(17.0139361558749,-1.17183213545192,29.9528009145495));
#7201=CARTESIAN_POINT('',(17.0139361558749,-1.17183213545192,29.6528009145495));
#7202=CARTESIAN_POINT('',(16.7639352022006,-1.27897476269114,29.6528009145495));
#7203=CARTESIAN_POINT('Ctrl Pts',(17.0139361558749,-1.17183213545192,29.6528009145495));
#7204=CARTESIAN_POINT('Ctrl Pts',(16.9653027656752,-1.1768114747876,29.6528009145495));
#7205=CARTESIAN_POINT('Ctrl Pts',(16.9195686705522,-1.18149396921977,29.6528009145495));
#7206=CARTESIAN_POINT('Ctrl Pts',(16.8779389577946,-1.19949987173853,29.6528009145495));
#7207=CARTESIAN_POINT('Ctrl Pts',(16.8363312585913,-1.21749625283885,29.6528009145495));
#7208=CARTESIAN_POINT('Ctrl Pts',(16.8001332303959,-1.24823550776501,29.6528009145495));
#7209=CARTESIAN_POINT('Ctrl Pts',(16.7639352022006,-1.27897476269114,29.6528009145495));
#7210=CARTESIAN_POINT('',(17.0139361558749,-1.17183213545192,29.9528009145495));
#7211=CARTESIAN_POINT('',(17.0139361558749,-1.17183213545192,29.6528009145495));
#7212=CARTESIAN_POINT('',(16.7639352022006,-1.27897476269114,29.9528009145495));
#7213=CARTESIAN_POINT('Ctrl Pts',(16.7639352022006,-1.27897476269114,29.9528009145495));
#7214=CARTESIAN_POINT('Ctrl Pts',(16.8001332303959,-1.24823550776501,29.9528009145495));
#7215=CARTESIAN_POINT('Ctrl Pts',(16.8363312585913,-1.21749625283885,29.9528009145495));
#7216=CARTESIAN_POINT('Ctrl Pts',(16.8779389577946,-1.19949987173853,29.9528009145495));
#7217=CARTESIAN_POINT('Ctrl Pts',(16.9195686705522,-1.18149396921977,29.9528009145495));
#7218=CARTESIAN_POINT('Ctrl Pts',(16.9653027656752,-1.1768114747876,29.9528009145495));
#7219=CARTESIAN_POINT('Ctrl Pts',(17.0139361558749,-1.17183213545192,29.9528009145495));
#7220=CARTESIAN_POINT('',(16.7639352022006,-1.27897476269114,29.6528009145495));
#7221=CARTESIAN_POINT('Ctrl Pts',(16.6567922769382,-1.52897482229579,29.6528009145495));
#7222=CARTESIAN_POINT('Ctrl Pts',(16.6567922769382,-1.52897482229579,29.9528009145495));
#7223=CARTESIAN_POINT('Ctrl Pts',(16.661770874684,-1.48034067534967,29.6528009145495));
#7224=CARTESIAN_POINT('Ctrl Pts',(16.661770874684,-1.48034067534967,29.9528009145495));
#7225=CARTESIAN_POINT('Ctrl Pts',(16.6664525625251,-1.4346069354402,29.6528009145495));
#7226=CARTESIAN_POINT('Ctrl Pts',(16.6664525625251,-1.4346069354402,29.9528009145495));
#7227=CARTESIAN_POINT('Ctrl Pts',(16.7024550812849,-1.35136985847507,29.6528009145495));
#7228=CARTESIAN_POINT('Ctrl Pts',(16.7024550812849,-1.35136985847507,29.9528009145495));
#7229=CARTESIAN_POINT('Ctrl Pts',(16.7331951417427,-1.31517231058311,29.6528009145495));
#7230=CARTESIAN_POINT('Ctrl Pts',(16.7331951417427,-1.31517231058311,29.9528009145495));
#7231=CARTESIAN_POINT('Ctrl Pts',(16.7639352022006,-1.27897476269114,29.6528009145495));
#7232=CARTESIAN_POINT('Ctrl Pts',(16.7639352022006,-1.27897476269114,29.9528009145495));
#7233=CARTESIAN_POINT('',(16.6567922769382,-1.52897482229579,29.6528009145495));
#7234=CARTESIAN_POINT('Ctrl Pts',(16.7639352022006,-1.27897476269114,29.6528009145495));
#7235=CARTESIAN_POINT('Ctrl Pts',(16.7331951417427,-1.31517231058311,29.6528009145495));
#7236=CARTESIAN_POINT('Ctrl Pts',(16.7024550812849,-1.35136985847507,29.6528009145495));
#7237=CARTESIAN_POINT('Ctrl Pts',(16.6844585864759,-1.39297738136836,29.6528009145495));
#7238=CARTESIAN_POINT('Ctrl Pts',(16.6664525625251,-1.4346069354402,29.6528009145495));
#7239=CARTESIAN_POINT('Ctrl Pts',(16.661770874684,-1.48034067534967,29.6528009145495));
#7240=CARTESIAN_POINT('Ctrl Pts',(16.6567922769382,-1.52897482229579,29.6528009145495));
#7241=CARTESIAN_POINT('',(16.6567922769382,-1.52897482229579,29.9528009145495));
#7242=CARTESIAN_POINT('Ctrl Pts',(16.6567922769382,-1.52897482229579,29.9528009145495));
#7243=CARTESIAN_POINT('Ctrl Pts',(16.661770874684,-1.48034067534967,29.9528009145495));
#7244=CARTESIAN_POINT('Ctrl Pts',(16.6664525625251,-1.4346069354402,29.9528009145495));
#7245=CARTESIAN_POINT('Ctrl Pts',(16.6844585864759,-1.39297738136836,29.9528009145495));
#7246=CARTESIAN_POINT('Ctrl Pts',(16.7024550812849,-1.35136985847507,29.9528009145495));
#7247=CARTESIAN_POINT('Ctrl Pts',(16.7331951417427,-1.31517231058311,29.9528009145495));
#7248=CARTESIAN_POINT('Ctrl Pts',(16.7639352022006,-1.27897476269114,29.9528009145495));
#7249=CARTESIAN_POINT('',(16.6567922769382,-1.52897482229579,29.6528009145495));
#7250=CARTESIAN_POINT('Ctrl Pts',(16.7639352022006,-3.20754652334559,29.6528009145495));
#7251=CARTESIAN_POINT('Ctrl Pts',(16.7639352022006,-3.20754652334559,29.9528009145495));
#7252=CARTESIAN_POINT('Ctrl Pts',(16.7331961550901,-3.17134851102382,29.6528009145495));
#7253=CARTESIAN_POINT('Ctrl Pts',(16.7331961550901,-3.17134851102382,29.9528009145495));
#7254=CARTESIAN_POINT('Ctrl Pts',(16.7024571079796,-3.13515049870208,29.6528009145495));
#7255=CARTESIAN_POINT('Ctrl Pts',(16.7024571079796,-3.13515049870208,29.9528009145495));
#7256=CARTESIAN_POINT('Ctrl Pts',(16.6664547109419,-3.05191328855491,29.6528009145495));
#7257=CARTESIAN_POINT('Ctrl Pts',(16.6664547109419,-3.05191328855491,29.9528009145495));
#7258=CARTESIAN_POINT('Ctrl Pts',(16.6617719348623,-3.00617945944381,29.6528009145495));
#7259=CARTESIAN_POINT('Ctrl Pts',(16.6617719348623,-3.00617945944381,29.9528009145495));
#7260=CARTESIAN_POINT('Ctrl Pts',(16.6567922769382,-2.95754616571772,29.6528009145495));
#7261=CARTESIAN_POINT('Ctrl Pts',(16.6567922769382,-2.95754616571772,29.9528009145495));
#7262=CARTESIAN_POINT('',(16.6567922769382,-2.95754616571772,29.6528009145495));
#7263=CARTESIAN_POINT('',(16.7639352022006,-3.20754652334559,29.6528009145495));
#7264=CARTESIAN_POINT('Ctrl Pts',(16.6567922769382,-2.95754616571772,29.6528009145495));
#7265=CARTESIAN_POINT('Ctrl Pts',(16.6617719348623,-3.00617945944381,29.6528009145495));
#7266=CARTESIAN_POINT('Ctrl Pts',(16.6664547109419,-3.05191328855491,29.6528009145495));
#7267=CARTESIAN_POINT('Ctrl Pts',(16.6844606708143,-3.09354290183393,29.6528009145495));
#7268=CARTESIAN_POINT('Ctrl Pts',(16.7024571079796,-3.13515049870208,29.6528009145495));
#7269=CARTESIAN_POINT('Ctrl Pts',(16.7331961550901,-3.17134851102382,29.6528009145495));
#7270=CARTESIAN_POINT('Ctrl Pts',(16.7639352022006,-3.20754652334559,29.6528009145495));
#7271=CARTESIAN_POINT('',(16.6567922769382,-2.95754616571772,29.9528009145495));
#7272=CARTESIAN_POINT('',(16.6567922769382,-2.95754616571772,29.6528009145495));
#7273=CARTESIAN_POINT('',(16.7639352022006,-3.20754652334559,29.9528009145495));
#7274=CARTESIAN_POINT('Ctrl Pts',(16.7639352022006,-3.20754652334559,29.9528009145495));
#7275=CARTESIAN_POINT('Ctrl Pts',(16.7331961550901,-3.17134851102382,29.9528009145495));
#7276=CARTESIAN_POINT('Ctrl Pts',(16.7024571079796,-3.13515049870208,29.9528009145495));
#7277=CARTESIAN_POINT('Ctrl Pts',(16.6844606708143,-3.09354290183393,29.9528009145495));
#7278=CARTESIAN_POINT('Ctrl Pts',(16.6664547109419,-3.05191328855491,29.9528009145495));
#7279=CARTESIAN_POINT('Ctrl Pts',(16.6617719348623,-3.00617945944381,29.9528009145495));
#7280=CARTESIAN_POINT('Ctrl Pts',(16.6567922769382,-2.95754616571772,29.9528009145495));
#7281=CARTESIAN_POINT('',(16.7639352022006,-3.20754652334559,29.6528009145495));
#7282=CARTESIAN_POINT('Ctrl Pts',(17.0139361558749,-3.31468944860804,29.6528009145495));
#7283=CARTESIAN_POINT('Ctrl Pts',(17.0139361558749,-3.31468944860804,29.9528009145495));
#7284=CARTESIAN_POINT('Ctrl Pts',(16.9653026775822,-3.30971011538789,29.6528009145495));
#7285=CARTESIAN_POINT('Ctrl Pts',(16.9653026775822,-3.30971011538789,29.9528009145495));
#7286=CARTESIAN_POINT('Ctrl Pts',(16.919568594421,-3.30502763641309,29.6528009145495));
#7287=CARTESIAN_POINT('Ctrl Pts',(16.919568594421,-3.30502763641309,29.9528009145495));
#7288=CARTESIAN_POINT('Ctrl Pts',(16.836331185888,-3.26902524163523,29.6528009145495));
#7289=CARTESIAN_POINT('Ctrl Pts',(16.836331185888,-3.26902524163523,29.9528009145495));
#7290=CARTESIAN_POINT('Ctrl Pts',(16.8001331940443,-3.23828588249041,29.6528009145495));
#7291=CARTESIAN_POINT('Ctrl Pts',(16.8001331940443,-3.23828588249041,29.9528009145495));
#7292=CARTESIAN_POINT('Ctrl Pts',(16.7639352022006,-3.20754652334559,29.6528009145495));
#7293=CARTESIAN_POINT('Ctrl Pts',(16.7639352022006,-3.20754652334559,29.9528009145495));
#7294=CARTESIAN_POINT('',(17.0139361558749,-3.31468944860804,29.6528009145495));
#7295=CARTESIAN_POINT('Ctrl Pts',(16.7639352022006,-3.20754652334559,29.6528009145495));
#7296=CARTESIAN_POINT('Ctrl Pts',(16.8001331940443,-3.23828588249041,29.6528009145495));
#7297=CARTESIAN_POINT('Ctrl Pts',(16.836331185888,-3.26902524163523,29.6528009145495));
#7298=CARTESIAN_POINT('Ctrl Pts',(16.8779388825909,-3.28702167795991,29.6528009145495));
#7299=CARTESIAN_POINT('Ctrl Pts',(16.919568594421,-3.30502763641309,29.6528009145495));
#7300=CARTESIAN_POINT('Ctrl Pts',(16.9653026775822,-3.30971011538789,29.6528009145495));
#7301=CARTESIAN_POINT('Ctrl Pts',(17.0139361558749,-3.31468944860804,29.6528009145495));
#7302=CARTESIAN_POINT('',(17.0139361558749,-3.31468944860804,29.9528009145495));
#7303=CARTESIAN_POINT('Ctrl Pts',(17.0139361558749,-3.31468944860804,29.9528009145495));
#7304=CARTESIAN_POINT('Ctrl Pts',(16.9653026775822,-3.30971011538789,29.9528009145495));
#7305=CARTESIAN_POINT('Ctrl Pts',(16.919568594421,-3.30502763641309,29.9528009145495));
#7306=CARTESIAN_POINT('Ctrl Pts',(16.8779388825909,-3.28702167795991,29.9528009145495));
#7307=CARTESIAN_POINT('Ctrl Pts',(16.836331185888,-3.26902524163523,29.9528009145495));
#7308=CARTESIAN_POINT('Ctrl Pts',(16.8001331940443,-3.23828588249041,29.9528009145495));
#7309=CARTESIAN_POINT('Ctrl Pts',(16.7639352022006,-3.20754652334559,29.9528009145495));
#7310=CARTESIAN_POINT('',(17.0139361558749,-3.31468944860804,29.6528009145495));
#7311=CARTESIAN_POINT('Ctrl Pts',(18.6925078569247,-3.20754652334559,29.6528009145495));
#7312=CARTESIAN_POINT('Ctrl Pts',(18.6925078569247,-3.20754652334559,29.9528009145495));
#7313=CARTESIAN_POINT('Ctrl Pts',(18.656309865081,-3.23828588249042,29.6528009145495));
#7314=CARTESIAN_POINT('Ctrl Pts',(18.656309865081,-3.23828588249042,29.9528009145495));
#7315=CARTESIAN_POINT('Ctrl Pts',(18.6201118732373,-3.26902524163524,29.6528009145495));
#7316=CARTESIAN_POINT('Ctrl Pts',(18.6201118732373,-3.26902524163524,29.9528009145495));
#7317=CARTESIAN_POINT('Ctrl Pts',(18.5368744647043,-3.30502763641309,29.6528009145495));
#7318=CARTESIAN_POINT('Ctrl Pts',(18.5368744647043,-3.30502763641309,29.9528009145495));
#7319=CARTESIAN_POINT('Ctrl Pts',(18.4911403815432,-3.30971011538789,29.6528009145495));
#7320=CARTESIAN_POINT('Ctrl Pts',(18.4911403815432,-3.30971011538789,29.9528009145495));
#7321=CARTESIAN_POINT('Ctrl Pts',(18.4425069032504,-3.31468944860804,29.6528009145495));
#7322=CARTESIAN_POINT('Ctrl Pts',(18.4425069032504,-3.31468944860804,29.9528009145495));
#7323=CARTESIAN_POINT('',(18.4425069032504,-3.31468944860804,29.6528009145495));
#7324=CARTESIAN_POINT('',(18.6925078569247,-3.20754652334559,29.6528009145495));
#7325=CARTESIAN_POINT('Ctrl Pts',(18.4425069032504,-3.31468944860804,29.6528009145495));
#7326=CARTESIAN_POINT('Ctrl Pts',(18.4911403815432,-3.30971011538789,29.6528009145495));
#7327=CARTESIAN_POINT('Ctrl Pts',(18.5368744647043,-3.30502763641309,29.6528009145495));
#7328=CARTESIAN_POINT('Ctrl Pts',(18.5785041765344,-3.28702167795991,29.6528009145495));
#7329=CARTESIAN_POINT('Ctrl Pts',(18.6201118732373,-3.26902524163524,29.6528009145495));
#7330=CARTESIAN_POINT('Ctrl Pts',(18.656309865081,-3.23828588249042,29.6528009145495));
#7331=CARTESIAN_POINT('Ctrl Pts',(18.6925078569247,-3.20754652334559,29.6528009145495));
#7332=CARTESIAN_POINT('',(18.4425069032504,-3.31468944860804,29.9528009145495));
#7333=CARTESIAN_POINT('',(18.4425069032504,-3.31468944860804,29.6528009145495));
#7334=CARTESIAN_POINT('',(18.6925078569247,-3.20754652334559,29.9528009145495));
#7335=CARTESIAN_POINT('Ctrl Pts',(18.6925078569247,-3.20754652334559,29.9528009145495));
#7336=CARTESIAN_POINT('Ctrl Pts',(18.656309865081,-3.23828588249042,29.9528009145495));
#7337=CARTESIAN_POINT('Ctrl Pts',(18.6201118732373,-3.26902524163524,29.9528009145495));
#7338=CARTESIAN_POINT('Ctrl Pts',(18.5785041765344,-3.28702167795991,29.9528009145495));
#7339=CARTESIAN_POINT('Ctrl Pts',(18.5368744647043,-3.30502763641309,29.9528009145495));
#7340=CARTESIAN_POINT('Ctrl Pts',(18.4911403815432,-3.30971011538789,29.9528009145495));
#7341=CARTESIAN_POINT('Ctrl Pts',(18.4425069032504,-3.31468944860804,29.9528009145495));
#7342=CARTESIAN_POINT('',(18.6925078569247,-3.20754652334559,29.6528009145495));
#7343=CARTESIAN_POINT('Ctrl Pts',(18.7996507821872,-2.95754616571772,29.6528009145495));
#7344=CARTESIAN_POINT('Ctrl Pts',(18.7996507821872,-2.95754616571772,29.9528009145495));
#7345=CARTESIAN_POINT('Ctrl Pts',(18.7946721575137,-3.00618041514496,29.6528009145495));
#7346=CARTESIAN_POINT('Ctrl Pts',(18.7946721575137,-3.00618041514496,29.9528009145495));
#7347=CARTESIAN_POINT('Ctrl Pts',(18.7899904583678,-3.05191411449704,29.6528009145495));
#7348=CARTESIAN_POINT('Ctrl Pts',(18.7899904583678,-3.05191411449704,29.9528009145495));
#7349=CARTESIAN_POINT('Ctrl Pts',(18.7539879248527,-3.13515128745542,29.6528009145495));
#7350=CARTESIAN_POINT('Ctrl Pts',(18.7539879248527,-3.13515128745542,29.9528009145495));
#7351=CARTESIAN_POINT('Ctrl Pts',(18.7232478908887,-3.1713489054005,29.6528009145495));
#7352=CARTESIAN_POINT('Ctrl Pts',(18.7232478908887,-3.1713489054005,29.9528009145495));
#7353=CARTESIAN_POINT('Ctrl Pts',(18.6925078569247,-3.20754652334559,29.6528009145495));
#7354=CARTESIAN_POINT('Ctrl Pts',(18.6925078569247,-3.20754652334559,29.9528009145495));
#7355=CARTESIAN_POINT('',(18.7996507821872,-2.95754616571772,29.6528009145495));
#7356=CARTESIAN_POINT('Ctrl Pts',(18.6925078569247,-3.20754652334559,29.6528009145495));
#7357=CARTESIAN_POINT('Ctrl Pts',(18.7232478908887,-3.1713489054005,29.6528009145495));
#7358=CARTESIAN_POINT('Ctrl Pts',(18.7539879248527,-3.13515128745542,29.6528009145495));
#7359=CARTESIAN_POINT('Ctrl Pts',(18.7719844265456,-3.0935437177152,29.6528009145495));
#7360=CARTESIAN_POINT('Ctrl Pts',(18.7899904583678,-3.05191411449704,29.6528009145495));
#7361=CARTESIAN_POINT('Ctrl Pts',(18.7946721575137,-3.00618041514496,29.6528009145495));
#7362=CARTESIAN_POINT('Ctrl Pts',(18.7996507821872,-2.95754616571772,29.6528009145495));
#7363=CARTESIAN_POINT('',(18.7996507821872,-2.95754616571772,29.9528009145495));
#7364=CARTESIAN_POINT('Ctrl Pts',(18.7996507821872,-2.95754616571772,29.9528009145495));
#7365=CARTESIAN_POINT('Ctrl Pts',(18.7946721575137,-3.00618041514496,29.9528009145495));
#7366=CARTESIAN_POINT('Ctrl Pts',(18.7899904583678,-3.05191411449704,29.9528009145495));
#7367=CARTESIAN_POINT('Ctrl Pts',(18.7719844265456,-3.0935437177152,29.9528009145495));
#7368=CARTESIAN_POINT('Ctrl Pts',(18.7539879248527,-3.13515128745542,29.9528009145495));
#7369=CARTESIAN_POINT('Ctrl Pts',(18.7232478908887,-3.1713489054005,29.9528009145495));
#7370=CARTESIAN_POINT('Ctrl Pts',(18.6925078569247,-3.20754652334559,29.9528009145495));
#7371=CARTESIAN_POINT('',(18.7996507821872,-2.95754616571772,29.6528009145495));
#7372=CARTESIAN_POINT('Ctrl Pts',(18.9067913232638,-2.7075464041363,29.6528009145495));
#7373=CARTESIAN_POINT('Ctrl Pts',(18.9067913232638,-2.7075464041363,29.9528009145495));
#7374=CARTESIAN_POINT('Ctrl Pts',(18.8760521883666,-2.74374423477686,29.6528009145495));
#7375=CARTESIAN_POINT('Ctrl Pts',(18.8760521883666,-2.74374423477686,29.9528009145495));
#7376=CARTESIAN_POINT('Ctrl Pts',(18.8453130534693,-2.77994206541741,29.6528009145495));
#7377=CARTESIAN_POINT('Ctrl Pts',(18.8453130534693,-2.77994206541741,29.9528009145495));
#7378=CARTESIAN_POINT('Ctrl Pts',(18.8093113728525,-2.8631790581164,29.6528009145495));
#7379=CARTESIAN_POINT('Ctrl Pts',(18.8093113728525,-2.8631790581164,29.9528009145495));
#7380=CARTESIAN_POINT('Ctrl Pts',(18.8046295221847,-2.90891256666166,29.6528009145495));
#7381=CARTESIAN_POINT('Ctrl Pts',(18.8046295221847,-2.90891256666166,29.9528009145495));
#7382=CARTESIAN_POINT('Ctrl Pts',(18.7996507821872,-2.95754616571772,29.6528009145495));
#7383=CARTESIAN_POINT('Ctrl Pts',(18.7996507821872,-2.95754616571772,29.9528009145495));
#7384=CARTESIAN_POINT('',(18.9067913232638,-2.7075464041363,29.6528009145495));
#7385=CARTESIAN_POINT('Ctrl Pts',(18.7996507821872,-2.95754616571772,29.6528009145495));
#7386=CARTESIAN_POINT('Ctrl Pts',(18.8046295221847,-2.90891256666166,29.6528009145495));
#7387=CARTESIAN_POINT('Ctrl Pts',(18.8093113728525,-2.8631790581164,29.6528009145495));
#7388=CARTESIAN_POINT('Ctrl Pts',(18.8273169766016,-2.8215495485456,29.6528009145495));
#7389=CARTESIAN_POINT('Ctrl Pts',(18.8453130534693,-2.77994206541741,29.6528009145495));
#7390=CARTESIAN_POINT('Ctrl Pts',(18.8760521883666,-2.74374423477686,29.6528009145495));
#7391=CARTESIAN_POINT('Ctrl Pts',(18.9067913232638,-2.7075464041363,29.6528009145495));
#7392=CARTESIAN_POINT('',(18.9067913232638,-2.7075464041363,29.9528009145495));
#7393=CARTESIAN_POINT('Ctrl Pts',(18.9067913232638,-2.7075464041363,29.9528009145495));
#7394=CARTESIAN_POINT('Ctrl Pts',(18.8760521883666,-2.74374423477686,29.9528009145495));
#7395=CARTESIAN_POINT('Ctrl Pts',(18.8453130534693,-2.77994206541741,29.9528009145495));
#7396=CARTESIAN_POINT('Ctrl Pts',(18.8273169766016,-2.8215495485456,29.9528009145495));
#7397=CARTESIAN_POINT('Ctrl Pts',(18.8093113728525,-2.8631790581164,29.9528009145495));
#7398=CARTESIAN_POINT('Ctrl Pts',(18.8046295221847,-2.90891256666166,29.9528009145495));
#7399=CARTESIAN_POINT('Ctrl Pts',(18.7996507821872,-2.95754616571772,29.9528009145495));
#7400=CARTESIAN_POINT('',(18.9067913232638,-2.7075464041363,29.6528009145495));
#7401=CARTESIAN_POINT('Ctrl Pts',(19.1567922769382,-2.60040347887385,29.6528009145495));
#7402=CARTESIAN_POINT('Ctrl Pts',(19.1567922769382,-2.60040347887385,29.9528009145495));
#7403=CARTESIAN_POINT('Ctrl Pts',(19.1081587986453,-2.60538281209401,29.6528009145495));
#7404=CARTESIAN_POINT('Ctrl Pts',(19.1081587986453,-2.60538281209401,29.9528009145495));
#7405=CARTESIAN_POINT('Ctrl Pts',(19.0624247154842,-2.61006529106881,29.6528009145495));
#7406=CARTESIAN_POINT('Ctrl Pts',(19.0624247154842,-2.61006529106881,29.9528009145495));
#7407=CARTESIAN_POINT('Ctrl Pts',(18.9791873069513,-2.64606768584667,29.6528009145495));
#7408=CARTESIAN_POINT('Ctrl Pts',(18.9791873069513,-2.64606768584667,29.9528009145495));
#7409=CARTESIAN_POINT('Ctrl Pts',(18.9429893151075,-2.67680704499149,29.6528009145495));
#7410=CARTESIAN_POINT('Ctrl Pts',(18.9429893151075,-2.67680704499149,29.9528009145495));
#7411=CARTESIAN_POINT('Ctrl Pts',(18.9067913232638,-2.7075464041363,29.6528009145495));
#7412=CARTESIAN_POINT('Ctrl Pts',(18.9067913232638,-2.7075464041363,29.9528009145495));
#7413=CARTESIAN_POINT('',(19.1567922769382,-2.60040347887385,29.6528009145495));
#7414=CARTESIAN_POINT('Ctrl Pts',(18.9067913232638,-2.7075464041363,29.6528009145495));
#7415=CARTESIAN_POINT('Ctrl Pts',(18.9429893151075,-2.67680704499149,29.6528009145495));
#7416=CARTESIAN_POINT('Ctrl Pts',(18.9791873069513,-2.64606768584667,29.6528009145495));
#7417=CARTESIAN_POINT('Ctrl Pts',(19.0207950036541,-2.62807124952199,29.6528009145495));
#7418=CARTESIAN_POINT('Ctrl Pts',(19.0624247154842,-2.61006529106881,29.6528009145495));
#7419=CARTESIAN_POINT('Ctrl Pts',(19.1081587986453,-2.60538281209401,29.6528009145495));
#7420=CARTESIAN_POINT('Ctrl Pts',(19.1567922769382,-2.60040347887385,29.6528009145495));
#7421=CARTESIAN_POINT('',(19.1567922769382,-2.60040347887385,29.9528009145495));
#7422=CARTESIAN_POINT('Ctrl Pts',(19.1567922769382,-2.60040347887385,29.9528009145495));
#7423=CARTESIAN_POINT('Ctrl Pts',(19.1081587986453,-2.60538281209401,29.9528009145495));
#7424=CARTESIAN_POINT('Ctrl Pts',(19.0624247154842,-2.61006529106881,29.9528009145495));
#7425=CARTESIAN_POINT('Ctrl Pts',(19.0207950036541,-2.62807124952199,29.9528009145495));
#7426=CARTESIAN_POINT('Ctrl Pts',(18.9791873069513,-2.64606768584667,29.9528009145495));
#7427=CARTESIAN_POINT('Ctrl Pts',(18.9429893151075,-2.67680704499149,29.9528009145495));
#7428=CARTESIAN_POINT('Ctrl Pts',(18.9067913232638,-2.7075464041363,29.9528009145495));
#7429=CARTESIAN_POINT('',(19.1567922769382,-2.60040347887385,29.6528009145495));
#7430=CARTESIAN_POINT('Ctrl Pts',(19.4067932306125,-2.7075464041363,29.6528009145495));
#7431=CARTESIAN_POINT('Ctrl Pts',(19.4067932306125,-2.7075464041363,29.9528009145495));
#7432=CARTESIAN_POINT('Ctrl Pts',(19.3705952387687,-2.67680704499147,29.6528009145495));
#7433=CARTESIAN_POINT('Ctrl Pts',(19.3705952387687,-2.67680704499147,29.9528009145495));
#7434=CARTESIAN_POINT('Ctrl Pts',(19.334397246925,-2.64606768584666,29.6528009145495));
#7435=CARTESIAN_POINT('Ctrl Pts',(19.334397246925,-2.64606768584666,29.9528009145495));
#7436=CARTESIAN_POINT('Ctrl Pts',(19.2511598383921,-2.61006529106881,29.6528009145495));
#7437=CARTESIAN_POINT('Ctrl Pts',(19.2511598383921,-2.61006529106881,29.9528009145495));
#7438=CARTESIAN_POINT('Ctrl Pts',(19.2054257552309,-2.60538281209401,29.6528009145495));
#7439=CARTESIAN_POINT('Ctrl Pts',(19.2054257552309,-2.60538281209401,29.9528009145495));
#7440=CARTESIAN_POINT('Ctrl Pts',(19.1567922769382,-2.60040347887385,29.6528009145495));
#7441=CARTESIAN_POINT('Ctrl Pts',(19.1567922769382,-2.60040347887385,29.9528009145495));
#7442=CARTESIAN_POINT('',(19.4067932306125,-2.7075464041363,29.6528009145495));
#7443=CARTESIAN_POINT('Ctrl Pts',(19.1567922769382,-2.60040347887385,29.6528009145495));
#7444=CARTESIAN_POINT('Ctrl Pts',(19.2054257552309,-2.60538281209401,29.6528009145495));
#7445=CARTESIAN_POINT('Ctrl Pts',(19.2511598383921,-2.61006529106881,29.6528009145495));
#7446=CARTESIAN_POINT('Ctrl Pts',(19.2927895502222,-2.62807124952199,29.6528009145495));
#7447=CARTESIAN_POINT('Ctrl Pts',(19.334397246925,-2.64606768584666,29.6528009145495));
#7448=CARTESIAN_POINT('Ctrl Pts',(19.3705952387687,-2.67680704499147,29.6528009145495));
#7449=CARTESIAN_POINT('Ctrl Pts',(19.4067932306125,-2.7075464041363,29.6528009145495));
#7450=CARTESIAN_POINT('',(19.4067932306125,-2.7075464041363,29.9528009145495));
#7451=CARTESIAN_POINT('Ctrl Pts',(19.4067932306125,-2.7075464041363,29.9528009145495));
#7452=CARTESIAN_POINT('Ctrl Pts',(19.3705952387687,-2.67680704499147,29.9528009145495));
#7453=CARTESIAN_POINT('Ctrl Pts',(19.334397246925,-2.64606768584666,29.9528009145495));
#7454=CARTESIAN_POINT('Ctrl Pts',(19.2927895502222,-2.62807124952199,29.9528009145495));
#7455=CARTESIAN_POINT('Ctrl Pts',(19.2511598383921,-2.61006529106881,29.9528009145495));
#7456=CARTESIAN_POINT('Ctrl Pts',(19.2054257552309,-2.60538281209401,29.9528009145495));
#7457=CARTESIAN_POINT('Ctrl Pts',(19.1567922769382,-2.60040347887385,29.9528009145495));
#7458=CARTESIAN_POINT('',(19.4067932306125,-2.7075464041363,29.6528009145495));
#7459=CARTESIAN_POINT('Ctrl Pts',(19.5139361558749,-2.95754616571772,29.6528009145495));
#7460=CARTESIAN_POINT('Ctrl Pts',(19.5139361558749,-2.95754616571772,29.9528009145495));
#7461=CARTESIAN_POINT('Ctrl Pts',(19.5089565518117,-2.90891307696536,29.6528009145495));
#7462=CARTESIAN_POINT('Ctrl Pts',(19.5089565518117,-2.90891307696536,29.9528009145495));
#7463=CARTESIAN_POINT('Ctrl Pts',(19.5042737983392,-2.86317916673169,29.6528009145495));
#7464=CARTESIAN_POINT('Ctrl Pts',(19.5042737983392,-2.86317916673169,29.9528009145495));
#7465=CARTESIAN_POINT('Ctrl Pts',(19.4682714308108,-2.77994214856931,29.6528009145495));
#7466=CARTESIAN_POINT('Ctrl Pts',(19.4682714308108,-2.77994214856931,29.9528009145495));
#7467=CARTESIAN_POINT('Ctrl Pts',(19.4375323307116,-2.7437442763528,29.6528009145495));
#7468=CARTESIAN_POINT('Ctrl Pts',(19.4375323307116,-2.7437442763528,29.9528009145495));
#7469=CARTESIAN_POINT('Ctrl Pts',(19.4067932306125,-2.7075464041363,29.6528009145495));
#7470=CARTESIAN_POINT('Ctrl Pts',(19.4067932306125,-2.7075464041363,29.9528009145495));
#7471=CARTESIAN_POINT('',(19.5139361558749,-2.95754616571772,29.6528009145495));
#7472=CARTESIAN_POINT('Ctrl Pts',(19.4067932306125,-2.7075464041363,29.6528009145495));
#7473=CARTESIAN_POINT('Ctrl Pts',(19.4375323307116,-2.7437442763528,29.6528009145495));
#7474=CARTESIAN_POINT('Ctrl Pts',(19.4682714308108,-2.77994214856931,29.6528009145495));
#7475=CARTESIAN_POINT('Ctrl Pts',(19.4862678542086,-2.82154965174359,29.6528009145495));
#7476=CARTESIAN_POINT('Ctrl Pts',(19.5042737983392,-2.86317916673169,29.6528009145495));
#7477=CARTESIAN_POINT('Ctrl Pts',(19.5089565518117,-2.90891307696536,29.6528009145495));
#7478=CARTESIAN_POINT('Ctrl Pts',(19.5139361558749,-2.95754616571772,29.6528009145495));
#7479=CARTESIAN_POINT('',(19.5139361558749,-2.95754616571772,29.9528009145495));
#7480=CARTESIAN_POINT('Ctrl Pts',(19.5139361558749,-2.95754616571772,29.9528009145495));
#7481=CARTESIAN_POINT('Ctrl Pts',(19.5089565518117,-2.90891307696536,29.9528009145495));
#7482=CARTESIAN_POINT('Ctrl Pts',(19.5042737983392,-2.86317916673169,29.9528009145495));
#7483=CARTESIAN_POINT('Ctrl Pts',(19.4862678542086,-2.82154965174359,29.9528009145495));
#7484=CARTESIAN_POINT('Ctrl Pts',(19.4682714308108,-2.77994214856931,29.9528009145495));
#7485=CARTESIAN_POINT('Ctrl Pts',(19.4375323307116,-2.7437442763528,29.9528009145495));
#7486=CARTESIAN_POINT('Ctrl Pts',(19.4067932306125,-2.7075464041363,29.9528009145495));
#7487=CARTESIAN_POINT('',(19.5139361558749,-2.95754616571772,29.6528009145495));
#7488=CARTESIAN_POINT('Ctrl Pts',(19.1925073800876,-3.70754604650844,29.6528009145495));
#7489=CARTESIAN_POINT('Ctrl Pts',(19.1925073800876,-3.70754604650844,29.9528009145495));
#7490=CARTESIAN_POINT('Ctrl Pts',(19.2847246273963,-3.59895228975354,29.6528009145495));
#7491=CARTESIAN_POINT('Ctrl Pts',(19.2847246273963,-3.59895228975354,29.9528009145495));
#7492=CARTESIAN_POINT('Ctrl Pts',(19.3769418747051,-3.49035853299865,29.6528009145495));
#7493=CARTESIAN_POINT('Ctrl Pts',(19.3769418747051,-3.49035853299865,29.9528009145495));
#7494=CARTESIAN_POINT('Ctrl Pts',(19.4849490067997,-3.24064728652701,29.6528009145495));
#7495=CARTESIAN_POINT('Ctrl Pts',(19.4849490067997,-3.24064728652701,29.9528009145495));
#7496=CARTESIAN_POINT('Ctrl Pts',(19.4989972898242,-3.10344563694937,29.6528009145495));
#7497=CARTESIAN_POINT('Ctrl Pts',(19.4989972898242,-3.10344563694937,29.9528009145495));
#7498=CARTESIAN_POINT('Ctrl Pts',(19.5139361558749,-2.95754616571773,29.6528009145495));
#7499=CARTESIAN_POINT('Ctrl Pts',(19.5139361558749,-2.95754616571773,29.9528009145495));
#7500=CARTESIAN_POINT('',(19.1925073800876,-3.70754604650844,29.6528009145495));
#7501=CARTESIAN_POINT('Ctrl Pts',(19.5139361558749,-2.95754616571773,29.6528009145495));
#7502=CARTESIAN_POINT('Ctrl Pts',(19.4989972898242,-3.10344563694937,29.6528009145495));
#7503=CARTESIAN_POINT('Ctrl Pts',(19.4849490067997,-3.24064728652701,29.6528009145495));
#7504=CARTESIAN_POINT('Ctrl Pts',(19.4309311586661,-3.36553592978198,29.6528009145495));
#7505=CARTESIAN_POINT('Ctrl Pts',(19.3769418747051,-3.49035853299865,29.6528009145495));
#7506=CARTESIAN_POINT('Ctrl Pts',(19.2847246273963,-3.59895228975354,29.6528009145495));
#7507=CARTESIAN_POINT('Ctrl Pts',(19.1925073800876,-3.70754604650844,29.6528009145495));
#7508=CARTESIAN_POINT('',(19.1925073800876,-3.70754604650844,29.9528009145495));
#7509=CARTESIAN_POINT('Ctrl Pts',(19.1925073800876,-3.70754604650844,29.9528009145495));
#7510=CARTESIAN_POINT('Ctrl Pts',(19.2847246273963,-3.59895228975354,29.9528009145495));
#7511=CARTESIAN_POINT('Ctrl Pts',(19.3769418747051,-3.49035853299865,29.9528009145495));
#7512=CARTESIAN_POINT('Ctrl Pts',(19.4309311586661,-3.36553592978198,29.9528009145495));
#7513=CARTESIAN_POINT('Ctrl Pts',(19.4849490067997,-3.24064728652701,29.9528009145495));
#7514=CARTESIAN_POINT('Ctrl Pts',(19.4989972898242,-3.10344563694937,29.9528009145495));
#7515=CARTESIAN_POINT('Ctrl Pts',(19.5139361558749,-2.95754616571773,29.9528009145495));
#7516=CARTESIAN_POINT('',(19.1925073800876,-3.70754604650844,29.6528009145495));
#7517=CARTESIAN_POINT('Ctrl Pts',(18.4425069032504,-4.02897482229579,29.6528009145495));
#7518=CARTESIAN_POINT('Ctrl Pts',(18.4425069032504,-4.02897482229579,29.9528009145495));
#7519=CARTESIAN_POINT('Ctrl Pts',(18.5884075555744,-4.01403655705642,29.6528009145495));
#7520=CARTESIAN_POINT('Ctrl Pts',(18.5884075555744,-4.01403655705642,29.9528009145495));
#7521=CARTESIAN_POINT('Ctrl Pts',(18.7256086590922,-3.99998900865388,29.6528009145495));
#7522=CARTESIAN_POINT('Ctrl Pts',(18.7256086590922,-3.99998900865388,29.9528009145495));
#7523=CARTESIAN_POINT('Ctrl Pts',(18.9753200539593,-3.89198167880965,29.6528009145495));
#7524=CARTESIAN_POINT('Ctrl Pts',(18.9753200539593,-3.89198167880965,29.9528009145495));
#7525=CARTESIAN_POINT('Ctrl Pts',(19.0839137170234,-3.79976386265903,29.6528009145495));
#7526=CARTESIAN_POINT('Ctrl Pts',(19.0839137170234,-3.79976386265903,29.9528009145495));
#7527=CARTESIAN_POINT('Ctrl Pts',(19.1925073800876,-3.70754604650843,29.6528009145495));
#7528=CARTESIAN_POINT('Ctrl Pts',(19.1925073800876,-3.70754604650843,29.9528009145495));
#7529=CARTESIAN_POINT('',(18.4425069032504,-4.02897482229579,29.6528009145495));
#7530=CARTESIAN_POINT('Ctrl Pts',(19.1925073800876,-3.70754604650843,29.6528009145495));
#7531=CARTESIAN_POINT('Ctrl Pts',(19.0839137170234,-3.79976386265903,29.6528009145495));
#7532=CARTESIAN_POINT('Ctrl Pts',(18.9753200539593,-3.89198167880965,29.6528009145495));
#7533=CARTESIAN_POINT('Ctrl Pts',(18.8504973903164,-3.94597105567123,29.6528009145495));
#7534=CARTESIAN_POINT('Ctrl Pts',(18.7256086590922,-3.99998900865388,29.6528009145495));
#7535=CARTESIAN_POINT('Ctrl Pts',(18.5884075555744,-4.01403655705642,29.6528009145495));
#7536=CARTESIAN_POINT('Ctrl Pts',(18.4425069032504,-4.02897482229579,29.6528009145495));
#7537=CARTESIAN_POINT('',(18.4425069032504,-4.02897482229579,29.9528009145495));
#7538=CARTESIAN_POINT('Ctrl Pts',(18.4425069032504,-4.02897482229579,29.9528009145495));
#7539=CARTESIAN_POINT('Ctrl Pts',(18.5884075555744,-4.01403655705642,29.9528009145495));
#7540=CARTESIAN_POINT('Ctrl Pts',(18.7256086590922,-3.99998900865388,29.9528009145495));
#7541=CARTESIAN_POINT('Ctrl Pts',(18.8504973903164,-3.94597105567123,29.9528009145494));
#7542=CARTESIAN_POINT('Ctrl Pts',(18.9753200539593,-3.89198167880965,29.9528009145495));
#7543=CARTESIAN_POINT('Ctrl Pts',(19.0839137170234,-3.79976386265903,29.9528009145495));
#7544=CARTESIAN_POINT('Ctrl Pts',(19.1925073800876,-3.70754604650843,29.9528009145495));
#7545=CARTESIAN_POINT('',(18.4425069032504,-4.02897482229579,29.6528009145495));
#7546=CARTESIAN_POINT('Origin',(6.69250685854692,-1.52897482229579,29.9528009145495));
#7547=CARTESIAN_POINT('',(12.5675068808987,-4.02897482229579,29.9528009145495));
#7548=CARTESIAN_POINT('',(11.8532215072109,-3.31468944860804,29.9528009145495));
#7549=CARTESIAN_POINT('',(16.6567922769382,-1.52897482229579,29.9528009145495));
#7550=CARTESIAN_POINT('',(12.5675068808987,-1.17183213545192,29.9528009145495));
#7551=CARTESIAN_POINT('',(11.8532215072109,-0.457546165717725,29.9528009145495));
#7552=CARTESIAN_POINT('',(15.9425069032504,-2.24326049400676,29.9528009145495));
#7553=CARTESIAN_POINT('Ctrl Pts',(17.0139361558749,-1.17183213545192,29.9528009145495));
#7554=CARTESIAN_POINT('Ctrl Pts',(17.0139361558749,-1.17183213545192,29.4528009145495));
#7555=CARTESIAN_POINT('Ctrl Pts',(16.9675201422419,-1.17658444824647,29.9528009145495));
#7556=CARTESIAN_POINT('Ctrl Pts',(16.9675201422419,-1.17658444824647,29.4528009145495));
#7557=CARTESIAN_POINT('Ctrl Pts',(16.8731276866193,-1.18624883860346,29.9528009145495));
#7558=CARTESIAN_POINT('Ctrl Pts',(16.8731276866193,-1.18624883860346,29.4528009145495));
#7559=CARTESIAN_POINT('Ctrl Pts',(16.8007316302286,-1.24772734845575,29.9528009145495));
#7560=CARTESIAN_POINT('Ctrl Pts',(16.8007316302286,-1.24772734845575,29.4528009145495));
#7561=CARTESIAN_POINT('Ctrl Pts',(16.7639352022006,-1.27897476269114,29.9528009145495));
#7562=CARTESIAN_POINT('Ctrl Pts',(16.7639352022006,-1.27897476269114,29.4528009145495));
#7563=CARTESIAN_POINT('',(16.7639352022006,-1.27897476269114,29.4528009145495));
#7564=CARTESIAN_POINT('',(16.7639352022006,-1.27897476269114,29.9528009145495));
#7565=CARTESIAN_POINT('',(17.0139361558749,-1.17183213545192,29.4528009145495));
#7566=CARTESIAN_POINT('Ctrl Pts',(17.0139361558749,-1.17183213545192,29.4528009145495));
#7567=CARTESIAN_POINT('Ctrl Pts',(16.9675201422419,-1.17658444824647,29.4528009145495));
#7568=CARTESIAN_POINT('Ctrl Pts',(16.8731276866193,-1.18624883860346,29.4528009145495));
#7569=CARTESIAN_POINT('Ctrl Pts',(16.8007316302286,-1.24772734845575,29.4528009145495));
#7570=CARTESIAN_POINT('Ctrl Pts',(16.7639352022006,-1.27897476269114,29.4528009145495));
#7571=CARTESIAN_POINT('',(17.0139361558749,-1.17183213545192,29.9528009145495));
#7572=CARTESIAN_POINT('Ctrl Pts',(16.7639352022006,-1.27897476269114,29.9528009145495));
#7573=CARTESIAN_POINT('Ctrl Pts',(16.7639352022006,-1.27897476269114,29.4528009145495));
#7574=CARTESIAN_POINT('Ctrl Pts',(16.7326867613318,-1.31577094715039,29.9528009145495));
#7575=CARTESIAN_POINT('Ctrl Pts',(16.7326867613318,-1.31577094715039,29.4528009145495));
#7576=CARTESIAN_POINT('Ctrl Pts',(16.6712066404161,-1.38816604293432,29.9528009145495));
#7577=CARTESIAN_POINT('Ctrl Pts',(16.6712066404161,-1.38816604293432,29.4528009145495));
#7578=CARTESIAN_POINT('Ctrl Pts',(16.6615437965918,-1.48255892029871,29.9528009145495));
#7579=CARTESIAN_POINT('Ctrl Pts',(16.6615437965918,-1.48255892029871,29.4528009145495));
#7580=CARTESIAN_POINT('Ctrl Pts',(16.6567922769382,-1.52897482229579,29.9528009145495));
#7581=CARTESIAN_POINT('Ctrl Pts',(16.6567922769382,-1.52897482229579,29.4528009145495));
#7582=CARTESIAN_POINT('',(16.6567922769382,-1.52897482229579,29.4528009145495));
#7583=CARTESIAN_POINT('',(16.6567922769382,-1.52897482229579,29.9528009145495));
#7584=CARTESIAN_POINT('Ctrl Pts',(16.7639352022006,-1.27897476269114,29.4528009145495));
#7585=CARTESIAN_POINT('Ctrl Pts',(16.7326867613318,-1.31577094715039,29.4528009145495));
#7586=CARTESIAN_POINT('Ctrl Pts',(16.6712066404161,-1.38816604293432,29.4528009145495));
#7587=CARTESIAN_POINT('Ctrl Pts',(16.6615437965918,-1.48255892029871,29.4528009145495));
#7588=CARTESIAN_POINT('Ctrl Pts',(16.6567922769382,-1.52897482229579,29.4528009145495));
#7589=CARTESIAN_POINT('Origin',(16.6567922769382,-1.52897482229579,29.9528009145495));
#7590=CARTESIAN_POINT('',(16.6567922769382,-2.95754616571772,29.4528009145495));
#7591=CARTESIAN_POINT('',(16.6567922769382,-2.95754616571772,29.9528009145495));
#7592=CARTESIAN_POINT('',(16.6567922769382,-1.52897482229579,29.4528009145495));
#7593=CARTESIAN_POINT('Ctrl Pts',(16.6567922769382,-2.95754616571772,29.9528009145495));
#7594=CARTESIAN_POINT('Ctrl Pts',(16.6567922769382,-2.95754616571772,29.4528009145495));
#7595=CARTESIAN_POINT('Ctrl Pts',(16.6615448797668,-3.00396195026507,29.9528009145495));
#7596=CARTESIAN_POINT('Ctrl Pts',(16.6615448797668,-3.00396195026507,29.4528009145495));
#7597=CARTESIAN_POINT('Ctrl Pts',(16.6712098708566,-3.09835404660866,29.9528009145495));
#7598=CARTESIAN_POINT('Ctrl Pts',(16.6712098708566,-3.09835404660866,29.4528009145495));
#7599=CARTESIAN_POINT('Ctrl Pts',(16.7326879650776,-3.17075007125216,29.9528009145495));
#7600=CARTESIAN_POINT('Ctrl Pts',(16.7326879650776,-3.17075007125216,29.4528009145495));
#7601=CARTESIAN_POINT('Ctrl Pts',(16.7639352022006,-3.20754652334559,29.9528009145495));
#7602=CARTESIAN_POINT('Ctrl Pts',(16.7639352022006,-3.20754652334559,29.4528009145495));
#7603=CARTESIAN_POINT('',(16.7639352022006,-3.20754652334559,29.4528009145495));
#7604=CARTESIAN_POINT('',(16.7639352022006,-3.20754652334559,29.9528009145495));
#7605=CARTESIAN_POINT('Ctrl Pts',(16.6567922769382,-2.95754616571772,29.4528009145495));
#7606=CARTESIAN_POINT('Ctrl Pts',(16.6615448797668,-3.00396195026507,29.4528009145495));
#7607=CARTESIAN_POINT('Ctrl Pts',(16.6712098708566,-3.09835404660866,29.4528009145495));
#7608=CARTESIAN_POINT('Ctrl Pts',(16.7326879650776,-3.17075007125216,29.4528009145495));
#7609=CARTESIAN_POINT('Ctrl Pts',(16.7639352022006,-3.20754652334559,29.4528009145495));
#7610=CARTESIAN_POINT('Ctrl Pts',(16.7639352022006,-3.20754652334559,29.9528009145495));
#7611=CARTESIAN_POINT('Ctrl Pts',(16.7639352022006,-3.20754652334559,29.4528009145495));
#7612=CARTESIAN_POINT('Ctrl Pts',(16.8007316150183,-3.23879406198608,29.9528009145495));
#7613=CARTESIAN_POINT('Ctrl Pts',(16.8007316150183,-3.23879406198608,29.4528009145495));
#7614=CARTESIAN_POINT('Ctrl Pts',(16.8731275987057,-3.30027278027572,29.9528009145495));
#7615=CARTESIAN_POINT('Ctrl Pts',(16.8731275987057,-3.30027278027572,29.4528009145495));
#7616=CARTESIAN_POINT('Ctrl Pts',(16.9675201322658,-3.30993714923696,29.9528009145495));
#7617=CARTESIAN_POINT('Ctrl Pts',(16.9675201322658,-3.30993714923696,29.4528009145495));
#7618=CARTESIAN_POINT('Ctrl Pts',(17.0139361558749,-3.31468944860804,29.9528009145495));
#7619=CARTESIAN_POINT('Ctrl Pts',(17.0139361558749,-3.31468944860804,29.4528009145495));
#7620=CARTESIAN_POINT('',(17.0139361558749,-3.31468944860804,29.4528009145495));
#7621=CARTESIAN_POINT('',(17.0139361558749,-3.31468944860804,29.9528009145495));
#7622=CARTESIAN_POINT('Ctrl Pts',(16.7639352022006,-3.20754652334559,29.4528009145495));
#7623=CARTESIAN_POINT('Ctrl Pts',(16.8007316150183,-3.23879406198608,29.4528009145495));
#7624=CARTESIAN_POINT('Ctrl Pts',(16.8731275987057,-3.30027278027572,29.4528009145495));
#7625=CARTESIAN_POINT('Ctrl Pts',(16.9675201322658,-3.30993714923696,29.4528009145495));
#7626=CARTESIAN_POINT('Ctrl Pts',(17.0139361558749,-3.31468944860804,29.4528009145495));
#7627=CARTESIAN_POINT('Origin',(17.0139361558749,-3.31468944860804,29.9528009145495));
#7628=CARTESIAN_POINT('',(18.4425069032504,-3.31468944860804,29.4528009145495));
#7629=CARTESIAN_POINT('',(18.4425069032504,-3.31468944860804,29.9528009145495));
#7630=CARTESIAN_POINT('',(17.0139361558749,-3.31468944860804,29.4528009145495));
#7631=CARTESIAN_POINT('Ctrl Pts',(18.4425069032504,-3.31468944860804,29.9528009145495));
#7632=CARTESIAN_POINT('Ctrl Pts',(18.4425069032504,-3.31468944860804,29.4528009145495));
#7633=CARTESIAN_POINT('Ctrl Pts',(18.4889229268596,-3.30993714923696,29.9528009145495));
#7634=CARTESIAN_POINT('Ctrl Pts',(18.4889229268596,-3.30993714923696,29.4528009145495));
#7635=CARTESIAN_POINT('Ctrl Pts',(18.5833154604196,-3.30027278027572,29.9528009145495));
#7636=CARTESIAN_POINT('Ctrl Pts',(18.5833154604196,-3.30027278027572,29.4528009145495));
#7637=CARTESIAN_POINT('Ctrl Pts',(18.655711444107,-3.23879406198608,29.9528009145495));
#7638=CARTESIAN_POINT('Ctrl Pts',(18.655711444107,-3.23879406198608,29.4528009145495));
#7639=CARTESIAN_POINT('Ctrl Pts',(18.6925078569247,-3.20754652334559,29.9528009145495));
#7640=CARTESIAN_POINT('Ctrl Pts',(18.6925078569247,-3.20754652334559,29.4528009145495));
#7641=CARTESIAN_POINT('',(18.6925078569247,-3.20754652334559,29.4528009145495));
#7642=CARTESIAN_POINT('',(18.6925078569247,-3.20754652334559,29.9528009145495));
#7643=CARTESIAN_POINT('Ctrl Pts',(18.4425069032504,-3.31468944860804,29.4528009145495));
#7644=CARTESIAN_POINT('Ctrl Pts',(18.4889229268596,-3.30993714923696,29.4528009145495));
#7645=CARTESIAN_POINT('Ctrl Pts',(18.5833154604196,-3.30027278027572,29.4528009145495));
#7646=CARTESIAN_POINT('Ctrl Pts',(18.655711444107,-3.23879406198608,29.4528009145495));
#7647=CARTESIAN_POINT('Ctrl Pts',(18.6925078569247,-3.20754652334559,29.4528009145495));
#7648=CARTESIAN_POINT('Ctrl Pts',(18.6925078569247,-3.20754652334559,29.9528009145495));
#7649=CARTESIAN_POINT('Ctrl Pts',(18.6925078569247,-3.20754652334559,29.4528009145495));
#7650=CARTESIAN_POINT('Ctrl Pts',(18.7237562975313,-3.17075023626988,29.9528009145495));
#7651=CARTESIAN_POINT('Ctrl Pts',(18.7237562975313,-3.17075023626988,29.4528009145495));
#7652=CARTESIAN_POINT('Ctrl Pts',(18.7852363654593,-3.09835500037972,29.9528009145495));
#7653=CARTESIAN_POINT('Ctrl Pts',(18.7852363654593,-3.09835500037972,29.4528009145495));
#7654=CARTESIAN_POINT('Ctrl Pts',(18.7948992477903,-3.00396205849441,29.9528009145495));
#7655=CARTESIAN_POINT('Ctrl Pts',(18.7948992477903,-3.00396205849441,29.4528009145495));
#7656=CARTESIAN_POINT('Ctrl Pts',(18.7996507821872,-2.95754616571772,29.9528009145495));
#7657=CARTESIAN_POINT('Ctrl Pts',(18.7996507821872,-2.95754616571772,29.4528009145495));
#7658=CARTESIAN_POINT('',(18.7996507821872,-2.95754616571772,29.4528009145495));
#7659=CARTESIAN_POINT('',(18.7996507821872,-2.95754616571772,29.9528009145495));
#7660=CARTESIAN_POINT('Ctrl Pts',(18.6925078569247,-3.20754652334559,29.4528009145495));
#7661=CARTESIAN_POINT('Ctrl Pts',(18.7237562975313,-3.17075023626988,29.4528009145495));
#7662=CARTESIAN_POINT('Ctrl Pts',(18.7852363654593,-3.09835500037972,29.4528009145495));
#7663=CARTESIAN_POINT('Ctrl Pts',(18.7948992477903,-3.00396205849441,29.4528009145495));
#7664=CARTESIAN_POINT('Ctrl Pts',(18.7996507821872,-2.95754616571772,29.4528009145495));
#7665=CARTESIAN_POINT('Ctrl Pts',(18.7996507821872,-2.95754616571772,29.9528009145495));
#7666=CARTESIAN_POINT('Ctrl Pts',(18.7996507821872,-2.95754616571772,29.4528009145495));
#7667=CARTESIAN_POINT('Ctrl Pts',(18.8044024603175,-2.91113056475279,29.9528009145495));
#7668=CARTESIAN_POINT('Ctrl Pts',(18.8044024603175,-2.91113056475279,29.4528009145495));
#7669=CARTESIAN_POINT('Ctrl Pts',(18.8140656087533,-2.81673847219859,29.9528009145495));
#7670=CARTESIAN_POINT('Ctrl Pts',(18.8140656087533,-2.81673847219859,29.4528009145495));
#7671=CARTESIAN_POINT('Ctrl Pts',(18.8755438785478,-2.74434281091749,29.9528009145495));
#7672=CARTESIAN_POINT('Ctrl Pts',(18.8755438785478,-2.74434281091749,29.4528009145495));
#7673=CARTESIAN_POINT('Ctrl Pts',(18.9067913232638,-2.7075464041363,29.9528009145495));
#7674=CARTESIAN_POINT('Ctrl Pts',(18.9067913232638,-2.7075464041363,29.4528009145495));
#7675=CARTESIAN_POINT('',(18.9067913232638,-2.7075464041363,29.4528009145495));
#7676=CARTESIAN_POINT('',(18.9067913232638,-2.7075464041363,29.9528009145495));
#7677=CARTESIAN_POINT('Ctrl Pts',(18.7996507821872,-2.95754616571772,29.4528009145495));
#7678=CARTESIAN_POINT('Ctrl Pts',(18.8044024603175,-2.91113056475279,29.4528009145495));
#7679=CARTESIAN_POINT('Ctrl Pts',(18.8140656087533,-2.81673847219859,29.4528009145495));
#7680=CARTESIAN_POINT('Ctrl Pts',(18.8755438785478,-2.74434281091749,29.4528009145495));
#7681=CARTESIAN_POINT('Ctrl Pts',(18.9067913232638,-2.7075464041363,29.4528009145495));
#7682=CARTESIAN_POINT('Ctrl Pts',(18.9067913232638,-2.7075464041363,29.9528009145495));
#7683=CARTESIAN_POINT('Ctrl Pts',(18.9067913232638,-2.7075464041363,29.4528009145495));
#7684=CARTESIAN_POINT('Ctrl Pts',(18.9435877360815,-2.67629886549582,29.9528009145495));
#7685=CARTESIAN_POINT('Ctrl Pts',(18.9435877360815,-2.67629886549582,29.4528009145495));
#7686=CARTESIAN_POINT('Ctrl Pts',(19.015983719769,-2.61482014720618,29.9528009145495));
#7687=CARTESIAN_POINT('Ctrl Pts',(19.015983719769,-2.61482014720618,29.4528009145495));
#7688=CARTESIAN_POINT('Ctrl Pts',(19.110376253329,-2.60515577824494,29.9528009145495));
#7689=CARTESIAN_POINT('Ctrl Pts',(19.110376253329,-2.60515577824494,29.4528009145495));
#7690=CARTESIAN_POINT('Ctrl Pts',(19.1567922769382,-2.60040347887385,29.9528009145495));
#7691=CARTESIAN_POINT('Ctrl Pts',(19.1567922769382,-2.60040347887385,29.4528009145495));
#7692=CARTESIAN_POINT('',(19.1567922769382,-2.60040347887385,29.4528009145495));
#7693=CARTESIAN_POINT('',(19.1567922769382,-2.60040347887385,29.9528009145495));
#7694=CARTESIAN_POINT('Ctrl Pts',(18.9067913232638,-2.7075464041363,29.4528009145495));
#7695=CARTESIAN_POINT('Ctrl Pts',(18.9435877360815,-2.67629886549582,29.4528009145495));
#7696=CARTESIAN_POINT('Ctrl Pts',(19.015983719769,-2.61482014720618,29.4528009145495));
#7697=CARTESIAN_POINT('Ctrl Pts',(19.110376253329,-2.60515577824494,29.4528009145495));
#7698=CARTESIAN_POINT('Ctrl Pts',(19.1567922769382,-2.60040347887385,29.4528009145495));
#7699=CARTESIAN_POINT('Ctrl Pts',(19.1567922769382,-2.60040347887385,29.9528009145495));
#7700=CARTESIAN_POINT('Ctrl Pts',(19.1567922769382,-2.60040347887385,29.4528009145495));
#7701=CARTESIAN_POINT('Ctrl Pts',(19.2032083005473,-2.60515577824494,29.9528009145495));
#7702=CARTESIAN_POINT('Ctrl Pts',(19.2032083005473,-2.60515577824494,29.4528009145495));
#7703=CARTESIAN_POINT('Ctrl Pts',(19.2976008341073,-2.61482014720618,29.9528009145495));
#7704=CARTESIAN_POINT('Ctrl Pts',(19.2976008341073,-2.61482014720618,29.4528009145495));
#7705=CARTESIAN_POINT('Ctrl Pts',(19.3699968177948,-2.67629886549582,29.9528009145495));
#7706=CARTESIAN_POINT('Ctrl Pts',(19.3699968177948,-2.67629886549582,29.4528009145495));
#7707=CARTESIAN_POINT('Ctrl Pts',(19.4067932306125,-2.7075464041363,29.9528009145495));
#7708=CARTESIAN_POINT('Ctrl Pts',(19.4067932306125,-2.7075464041363,29.4528009145495));
#7709=CARTESIAN_POINT('',(19.4067932306125,-2.7075464041363,29.4528009145495));
#7710=CARTESIAN_POINT('',(19.4067932306125,-2.7075464041363,29.9528009145495));
#7711=CARTESIAN_POINT('Ctrl Pts',(19.1567922769382,-2.60040347887385,29.4528009145495));
#7712=CARTESIAN_POINT('Ctrl Pts',(19.2032083005473,-2.60515577824494,29.4528009145495));
#7713=CARTESIAN_POINT('Ctrl Pts',(19.2976008341073,-2.61482014720618,29.4528009145495));
#7714=CARTESIAN_POINT('Ctrl Pts',(19.3699968177948,-2.67629886549582,29.4528009145495));
#7715=CARTESIAN_POINT('Ctrl Pts',(19.4067932306125,-2.7075464041363,29.4528009145495));
#7716=CARTESIAN_POINT('Ctrl Pts',(19.4067932306125,-2.7075464041363,29.9528009145495));
#7717=CARTESIAN_POINT('Ctrl Pts',(19.4067932306125,-2.7075464041363,29.4528009145495));
#7718=CARTESIAN_POINT('Ctrl Pts',(19.4380404682611,-2.74434265099692,29.9528009145495));
#7719=CARTESIAN_POINT('Ctrl Pts',(19.4380404682611,-2.74434265099692,29.4528009145495));
#7720=CARTESIAN_POINT('Ctrl Pts',(19.4995186684594,-2.81673839542993,29.9528009145495));
#7721=CARTESIAN_POINT('Ctrl Pts',(19.4995186684594,-2.81673839542993,29.4528009145495));
#7722=CARTESIAN_POINT('Ctrl Pts',(19.5091835825326,-2.91113036273,29.9528009145495));
#7723=CARTESIAN_POINT('Ctrl Pts',(19.5091835825326,-2.91113036273,29.4528009145495));
#7724=CARTESIAN_POINT('Ctrl Pts',(19.5139361558749,-2.95754616571772,29.9528009145495));
#7725=CARTESIAN_POINT('Ctrl Pts',(19.5139361558749,-2.95754616571772,29.4528009145495));
#7726=CARTESIAN_POINT('',(19.5139361558749,-2.95754616571772,29.4528009145495));
#7727=CARTESIAN_POINT('',(19.5139361558749,-2.95754616571772,29.9528009145495));
#7728=CARTESIAN_POINT('Ctrl Pts',(19.4067932306125,-2.7075464041363,29.4528009145495));
#7729=CARTESIAN_POINT('Ctrl Pts',(19.4380404682611,-2.74434265099692,29.4528009145495));
#7730=CARTESIAN_POINT('Ctrl Pts',(19.4995186684594,-2.81673839542993,29.4528009145495));
#7731=CARTESIAN_POINT('Ctrl Pts',(19.5091835825326,-2.91113036273,29.4528009145495));
#7732=CARTESIAN_POINT('Ctrl Pts',(19.5139361558749,-2.95754616571772,29.4528009145495));
#7733=CARTESIAN_POINT('Ctrl Pts',(19.5139361558749,-2.95754616571772,29.9528009145495));
#7734=CARTESIAN_POINT('Ctrl Pts',(19.5139361558749,-2.95754616571772,29.4528009145495));
#7735=CARTESIAN_POINT('Ctrl Pts',(19.4996784063617,-3.09679355624045,29.9528009145495));
#7736=CARTESIAN_POINT('Ctrl Pts',(19.4996784063617,-3.09679355624045,29.4528009145495));
#7737=CARTESIAN_POINT('Ctrl Pts',(19.4706835871252,-3.37996958718398,29.9528009145495));
#7738=CARTESIAN_POINT('Ctrl Pts',(19.4706835871252,-3.37996958718398,29.4528009145495));
#7739=CARTESIAN_POINT('Ctrl Pts',(19.2862490925077,-3.59715710069376,29.9528009145495));
#7740=CARTESIAN_POINT('Ctrl Pts',(19.2862490925077,-3.59715710069376,29.4528009145495));
#7741=CARTESIAN_POINT('Ctrl Pts',(19.1925073800876,-3.70754604650844,29.9528009145495));
#7742=CARTESIAN_POINT('Ctrl Pts',(19.1925073800876,-3.70754604650844,29.4528009145495));
#7743=CARTESIAN_POINT('',(19.1925073800876,-3.70754604650844,29.4528009145495));
#7744=CARTESIAN_POINT('',(19.1925073800876,-3.70754604650844,29.9528009145495));
#7745=CARTESIAN_POINT('Ctrl Pts',(19.5139361558749,-2.95754616571772,29.4528009145495));
#7746=CARTESIAN_POINT('Ctrl Pts',(19.4996784063617,-3.09679355624045,29.4528009145495));
#7747=CARTESIAN_POINT('Ctrl Pts',(19.4706835871252,-3.37996958718398,29.4528009145495));
#7748=CARTESIAN_POINT('Ctrl Pts',(19.2862490925077,-3.59715710069376,29.4528009145495));
#7749=CARTESIAN_POINT('Ctrl Pts',(19.1925073800876,-3.70754604650844,29.4528009145495));
#7750=CARTESIAN_POINT('Ctrl Pts',(19.1925073800876,-3.70754604650844,29.9528009145495));
#7751=CARTESIAN_POINT('Ctrl Pts',(19.1925073800876,-3.70754604650844,29.4528009145495));
#7752=CARTESIAN_POINT('Ctrl Pts',(19.0821181495486,-3.8012886598397,29.9528009145495));
#7753=CARTESIAN_POINT('Ctrl Pts',(19.0821181495486,-3.8012886598397,29.4528009145495));
#7754=CARTESIAN_POINT('Ctrl Pts',(18.8649308234203,-3.98572429214092,29.9528009145495));
#7755=CARTESIAN_POINT('Ctrl Pts',(18.8649308234203,-3.98572429214092,29.4528009145495));
#7756=CARTESIAN_POINT('Ctrl Pts',(18.5817541260617,-4.01471777878661,29.9528009145495));
#7757=CARTESIAN_POINT('Ctrl Pts',(18.5817541260617,-4.01471777878661,29.4528009145495));
#7758=CARTESIAN_POINT('Ctrl Pts',(18.4425069032504,-4.02897482229579,29.9528009145495));
#7759=CARTESIAN_POINT('Ctrl Pts',(18.4425069032504,-4.02897482229579,29.4528009145495));
#7760=CARTESIAN_POINT('',(18.4425069032504,-4.02897482229579,29.4528009145495));
#7761=CARTESIAN_POINT('',(18.4425069032504,-4.02897482229579,29.9528009145495));
#7762=CARTESIAN_POINT('Ctrl Pts',(19.1925073800876,-3.70754604650844,29.4528009145495));
#7763=CARTESIAN_POINT('Ctrl Pts',(19.0821181495486,-3.8012886598397,29.4528009145495));
#7764=CARTESIAN_POINT('Ctrl Pts',(18.8649308234203,-3.98572429214092,29.4528009145495));
#7765=CARTESIAN_POINT('Ctrl Pts',(18.5817541260617,-4.01471777878661,29.4528009145495));
#7766=CARTESIAN_POINT('Ctrl Pts',(18.4425069032504,-4.02897482229579,29.4528009145495));
#7767=CARTESIAN_POINT('Origin',(18.4425069032504,-4.02897482229579,29.9528009145495));
#7768=CARTESIAN_POINT('',(17.0139361558749,-4.02897482229579,29.4528009145495));
#7769=CARTESIAN_POINT('',(17.0139361558749,-4.02897482229579,29.9528009145495));
#7770=CARTESIAN_POINT('',(18.4425069032504,-4.02897482229579,29.4528009145495));
#7771=CARTESIAN_POINT('Origin',(18.4425069032504,-1.17183213545192,29.9528009145495));
#7772=CARTESIAN_POINT('',(18.4425069032504,-1.17183213545192,29.4528009145495));
#7773=CARTESIAN_POINT('',(18.4425069032504,-1.17183213545192,29.4528009145495));
#7774=CARTESIAN_POINT('',(18.4425069032504,-1.17183213545192,29.9528009145495));
#7775=CARTESIAN_POINT('Ctrl Pts',(18.6925078569247,-1.27897476269114,29.9528009145495));
#7776=CARTESIAN_POINT('Ctrl Pts',(18.6925078569247,-1.27897476269114,29.4528009145495));
#7777=CARTESIAN_POINT('Ctrl Pts',(18.6557114288967,-1.24772734845575,29.9528009145495));
#7778=CARTESIAN_POINT('Ctrl Pts',(18.6557114288967,-1.24772734845575,29.4528009145495));
#7779=CARTESIAN_POINT('Ctrl Pts',(18.583315372506,-1.18624883860346,29.9528009145495));
#7780=CARTESIAN_POINT('Ctrl Pts',(18.583315372506,-1.18624883860346,29.4528009145495));
#7781=CARTESIAN_POINT('Ctrl Pts',(18.4889229168834,-1.17658444824647,29.9528009145495));
#7782=CARTESIAN_POINT('Ctrl Pts',(18.4889229168834,-1.17658444824647,29.4528009145495));
#7783=CARTESIAN_POINT('Ctrl Pts',(18.4425069032504,-1.17183213545192,29.9528009145495));
#7784=CARTESIAN_POINT('Ctrl Pts',(18.4425069032504,-1.17183213545192,29.4528009145495));
#7785=CARTESIAN_POINT('',(18.6925078569247,-1.27897476269114,29.4528009145495));
#7786=CARTESIAN_POINT('Ctrl Pts',(18.6925078569247,-1.27897476269114,29.4528009145495));
#7787=CARTESIAN_POINT('Ctrl Pts',(18.6557114288967,-1.24772734845575,29.4528009145495));
#7788=CARTESIAN_POINT('Ctrl Pts',(18.583315372506,-1.18624883860346,29.4528009145495));
#7789=CARTESIAN_POINT('Ctrl Pts',(18.4889229168834,-1.17658444824647,29.4528009145495));
#7790=CARTESIAN_POINT('Ctrl Pts',(18.4425069032504,-1.17183213545192,29.4528009145495));
#7791=CARTESIAN_POINT('',(18.6925078569247,-1.27897476269114,29.9528009145495));
#7792=CARTESIAN_POINT('Ctrl Pts',(18.7996507821872,-1.52897482229579,29.9528009145495));
#7793=CARTESIAN_POINT('Ctrl Pts',(18.7996507821872,-1.52897482229579,29.4528009145495));
#7794=CARTESIAN_POINT('Ctrl Pts',(18.7948981611842,-1.4825591437504,29.9528009145495));
#7795=CARTESIAN_POINT('Ctrl Pts',(18.7948981611842,-1.4825591437504,29.4528009145495));
#7796=CARTESIAN_POINT('Ctrl Pts',(18.7852331226238,-1.38816716032212,29.9528009145495));
#7797=CARTESIAN_POINT('Ctrl Pts',(18.7852331226238,-1.38816716032212,29.4528009145495));
#7798=CARTESIAN_POINT('Ctrl Pts',(18.7237550937237,-1.31577121379539,29.9528009145495));
#7799=CARTESIAN_POINT('Ctrl Pts',(18.7237550937237,-1.31577121379539,29.4528009145495));
#7800=CARTESIAN_POINT('Ctrl Pts',(18.6925078569247,-1.27897476269114,29.9528009145495));
#7801=CARTESIAN_POINT('Ctrl Pts',(18.6925078569247,-1.27897476269114,29.4528009145495));
#7802=CARTESIAN_POINT('',(18.7996507821872,-1.52897482229579,29.4528009145495));
#7803=CARTESIAN_POINT('Ctrl Pts',(18.7996507821872,-1.52897482229579,29.4528009145495));
#7804=CARTESIAN_POINT('Ctrl Pts',(18.7948981611842,-1.4825591437504,29.4528009145495));
#7805=CARTESIAN_POINT('Ctrl Pts',(18.7852331226238,-1.38816716032212,29.4528009145495));
#7806=CARTESIAN_POINT('Ctrl Pts',(18.7237550937237,-1.31577121379539,29.4528009145495));
#7807=CARTESIAN_POINT('Ctrl Pts',(18.6925078569247,-1.27897476269114,29.4528009145495));
#7808=CARTESIAN_POINT('',(18.7996507821872,-1.52897482229579,29.9528009145495));
#7809=CARTESIAN_POINT('Ctrl Pts',(18.9067913232638,-1.77897488190043,29.9528009145495));
#7810=CARTESIAN_POINT('Ctrl Pts',(18.9067913232638,-1.77897488190043,29.4528009145495));
#7811=CARTESIAN_POINT('Ctrl Pts',(18.8755438776388,-1.74217857575675,29.9528009145495));
#7812=CARTESIAN_POINT('Ctrl Pts',(18.8755438776388,-1.74217857575675,29.4528009145495));
#7813=CARTESIAN_POINT('Ctrl Pts',(18.8140654242159,-1.66978289834581,29.9528009145495));
#7814=CARTESIAN_POINT('Ctrl Pts',(18.8140654242159,-1.66978289834581,29.4528009145495));
#7815=CARTESIAN_POINT('Ctrl Pts',(18.8044024092251,-1.57539064448472,29.9528009145495));
#7816=CARTESIAN_POINT('Ctrl Pts',(18.8044024092251,-1.57539064448472,29.4528009145495));
#7817=CARTESIAN_POINT('Ctrl Pts',(18.7996507821872,-1.52897482229579,29.9528009145495));
#7818=CARTESIAN_POINT('Ctrl Pts',(18.7996507821872,-1.52897482229579,29.4528009145495));
#7819=CARTESIAN_POINT('',(18.9067913232638,-1.77897488190043,29.4528009145495));
#7820=CARTESIAN_POINT('Ctrl Pts',(18.9067913232638,-1.77897488190043,29.4528009145495));
#7821=CARTESIAN_POINT('Ctrl Pts',(18.8755438776388,-1.74217857575675,29.4528009145495));
#7822=CARTESIAN_POINT('Ctrl Pts',(18.8140654242159,-1.66978289834581,29.4528009145495));
#7823=CARTESIAN_POINT('Ctrl Pts',(18.8044024092251,-1.57539064448472,29.4528009145495));
#7824=CARTESIAN_POINT('Ctrl Pts',(18.7996507821872,-1.52897482229579,29.4528009145495));
#7825=CARTESIAN_POINT('',(18.9067913232638,-1.77897488190043,29.9528009145495));
#7826=CARTESIAN_POINT('Ctrl Pts',(19.1567922769382,-1.88611750913966,29.9528009145495));
#7827=CARTESIAN_POINT('Ctrl Pts',(19.1567922769382,-1.88611750913966,29.4528009145495));
#7828=CARTESIAN_POINT('Ctrl Pts',(19.1103762633051,-1.88136519634511,29.9528009145495));
#7829=CARTESIAN_POINT('Ctrl Pts',(19.1103762633051,-1.88136519634511,29.4528009145495));
#7830=CARTESIAN_POINT('Ctrl Pts',(19.0159838076825,-1.87170080598812,29.9528009145495));
#7831=CARTESIAN_POINT('Ctrl Pts',(19.0159838076825,-1.87170080598812,29.4528009145495));
#7832=CARTESIAN_POINT('Ctrl Pts',(18.9435877512918,-1.81022229613583,29.9528009145495));
#7833=CARTESIAN_POINT('Ctrl Pts',(18.9435877512918,-1.81022229613583,29.4528009145495));
#7834=CARTESIAN_POINT('Ctrl Pts',(18.9067913232638,-1.77897488190043,29.9528009145495));
#7835=CARTESIAN_POINT('Ctrl Pts',(18.9067913232638,-1.77897488190043,29.4528009145495));
#7836=CARTESIAN_POINT('',(19.1567922769382,-1.88611750913966,29.4528009145495));
#7837=CARTESIAN_POINT('Ctrl Pts',(19.1567922769382,-1.88611750913966,29.4528009145495));
#7838=CARTESIAN_POINT('Ctrl Pts',(19.1103762633051,-1.88136519634511,29.4528009145495));
#7839=CARTESIAN_POINT('Ctrl Pts',(19.0159838076825,-1.87170080598812,29.4528009145495));
#7840=CARTESIAN_POINT('Ctrl Pts',(18.9435877512918,-1.81022229613583,29.4528009145495));
#7841=CARTESIAN_POINT('Ctrl Pts',(18.9067913232638,-1.77897488190043,29.4528009145495));
#7842=CARTESIAN_POINT('',(19.1567922769382,-1.88611750913966,29.9528009145495));
#7843=CARTESIAN_POINT('Ctrl Pts',(19.4067932306125,-1.77897488190043,29.9528009145495));
#7844=CARTESIAN_POINT('Ctrl Pts',(19.4067932306125,-1.77897488190043,29.4528009145495));
#7845=CARTESIAN_POINT('Ctrl Pts',(19.3699968025845,-1.81022229613583,29.9528009145495));
#7846=CARTESIAN_POINT('Ctrl Pts',(19.3699968025845,-1.81022229613583,29.4528009145495));
#7847=CARTESIAN_POINT('Ctrl Pts',(19.2976007461938,-1.87170080598812,29.9528009145495));
#7848=CARTESIAN_POINT('Ctrl Pts',(19.2976007461938,-1.87170080598812,29.4528009145495));
#7849=CARTESIAN_POINT('Ctrl Pts',(19.2032082905712,-1.88136519634511,29.9528009145495));
#7850=CARTESIAN_POINT('Ctrl Pts',(19.2032082905712,-1.88136519634511,29.4528009145495));
#7851=CARTESIAN_POINT('Ctrl Pts',(19.1567922769382,-1.88611750913966,29.9528009145495));
#7852=CARTESIAN_POINT('Ctrl Pts',(19.1567922769382,-1.88611750913966,29.4528009145495));
#7853=CARTESIAN_POINT('',(19.4067932306125,-1.77897488190043,29.4528009145495));
#7854=CARTESIAN_POINT('Ctrl Pts',(19.4067932306125,-1.77897488190043,29.4528009145495));
#7855=CARTESIAN_POINT('Ctrl Pts',(19.3699968025845,-1.81022229613583,29.4528009145495));
#7856=CARTESIAN_POINT('Ctrl Pts',(19.2976007461938,-1.87170080598812,29.4528009145495));
#7857=CARTESIAN_POINT('Ctrl Pts',(19.2032082905712,-1.88136519634511,29.4528009145495));
#7858=CARTESIAN_POINT('Ctrl Pts',(19.1567922769382,-1.88611750913966,29.4528009145495));
#7859=CARTESIAN_POINT('',(19.4067932306125,-1.77897488190043,29.9528009145495));
#7860=CARTESIAN_POINT('Ctrl Pts',(19.5139361558749,-1.52897482229579,29.9528009145495));
#7861=CARTESIAN_POINT('Ctrl Pts',(19.5139361558749,-1.52897482229579,29.4528009145495));
#7862=CARTESIAN_POINT('Ctrl Pts',(19.509183534872,-1.57539050084118,29.9528009145495));
#7863=CARTESIAN_POINT('Ctrl Pts',(19.509183534872,-1.57539050084118,29.4528009145495));
#7864=CARTESIAN_POINT('Ctrl Pts',(19.4995184963116,-1.66978248426946,29.9528009145495));
#7865=CARTESIAN_POINT('Ctrl Pts',(19.4995184963116,-1.66978248426946,29.4528009145495));
#7866=CARTESIAN_POINT('Ctrl Pts',(19.4380404674115,-1.74217843079619,29.9528009145495));
#7867=CARTESIAN_POINT('Ctrl Pts',(19.4380404674115,-1.74217843079619,29.4528009145495));
#7868=CARTESIAN_POINT('Ctrl Pts',(19.4067932306125,-1.77897488190043,29.9528009145495));
#7869=CARTESIAN_POINT('Ctrl Pts',(19.4067932306125,-1.77897488190043,29.4528009145495));
#7870=CARTESIAN_POINT('',(19.5139361558749,-1.52897482229579,29.4528009145495));
#7871=CARTESIAN_POINT('Ctrl Pts',(19.5139361558749,-1.52897482229579,29.4528009145495));
#7872=CARTESIAN_POINT('Ctrl Pts',(19.509183534872,-1.57539050084118,29.4528009145495));
#7873=CARTESIAN_POINT('Ctrl Pts',(19.4995184963116,-1.66978248426946,29.4528009145495));
#7874=CARTESIAN_POINT('Ctrl Pts',(19.4380404674115,-1.74217843079619,29.4528009145495));
#7875=CARTESIAN_POINT('Ctrl Pts',(19.4067932306125,-1.77897488190043,29.4528009145495));
#7876=CARTESIAN_POINT('',(19.5139361558749,-1.52897482229579,29.9528009145495));
#7877=CARTESIAN_POINT('Ctrl Pts',(19.1925073800876,-0.778974941505078,29.9528009145495));
#7878=CARTESIAN_POINT('Ctrl Pts',(19.1925073800876,-0.778974941505078,29.4528009145495));
#7879=CARTESIAN_POINT('Ctrl Pts',(19.2862502954009,-0.889363823929632,29.9528009145495));
#7880=CARTESIAN_POINT('Ctrl Pts',(19.2862502954009,-0.889363823929632,29.4528009145495));
#7881=CARTESIAN_POINT('Ctrl Pts',(19.4706866454147,-1.10655061066914,29.9528009145495));
#7882=CARTESIAN_POINT('Ctrl Pts',(19.4706866454147,-1.10655061066914,29.4528009145495));
#7883=CARTESIAN_POINT('Ctrl Pts',(19.4996794418778,-1.3897274387642,29.9528009145495));
#7884=CARTESIAN_POINT('Ctrl Pts',(19.4996794418778,-1.3897274387642,29.4528009145495));
#7885=CARTESIAN_POINT('Ctrl Pts',(19.5139361558749,-1.52897482229579,29.9528009145495));
#7886=CARTESIAN_POINT('Ctrl Pts',(19.5139361558749,-1.52897482229579,29.4528009145495));
#7887=CARTESIAN_POINT('',(19.1925073800876,-0.778974941505078,29.4528009145495));
#7888=CARTESIAN_POINT('Ctrl Pts',(19.1925073800876,-0.778974941505078,29.4528009145495));
#7889=CARTESIAN_POINT('Ctrl Pts',(19.2862502954009,-0.889363823929632,29.4528009145495));
#7890=CARTESIAN_POINT('Ctrl Pts',(19.4706866454147,-1.10655061066914,29.4528009145495));
#7891=CARTESIAN_POINT('Ctrl Pts',(19.4996794418778,-1.3897274387642,29.4528009145495));
#7892=CARTESIAN_POINT('Ctrl Pts',(19.5139361558749,-1.52897482229579,29.4528009145495));
#7893=CARTESIAN_POINT('',(19.1925073800876,-0.778974941505078,29.9528009145495));
#7894=CARTESIAN_POINT('Ctrl Pts',(18.4425069032504,-0.457546165717725,29.9528009145495));
#7895=CARTESIAN_POINT('Ctrl Pts',(18.4425069032504,-0.457546165717725,29.4528009145495));
#7896=CARTESIAN_POINT('Ctrl Pts',(18.5817541260617,-0.471803209226908,29.9528009145495));
#7897=CARTESIAN_POINT('Ctrl Pts',(18.5817541260617,-0.471803209226908,29.4528009145495));
#7898=CARTESIAN_POINT('Ctrl Pts',(18.8649308234203,-0.500796695872592,29.9528009145495));
#7899=CARTESIAN_POINT('Ctrl Pts',(18.8649308234203,-0.500796695872592,29.4528009145495));
#7900=CARTESIAN_POINT('Ctrl Pts',(19.0821181495486,-0.685232328173812,29.9528009145495));
#7901=CARTESIAN_POINT('Ctrl Pts',(19.0821181495486,-0.685232328173812,29.4528009145495));
#7902=CARTESIAN_POINT('Ctrl Pts',(19.1925073800876,-0.778974941505078,29.9528009145495));
#7903=CARTESIAN_POINT('Ctrl Pts',(19.1925073800876,-0.778974941505078,29.4528009145495));
#7904=CARTESIAN_POINT('',(18.4425069032504,-0.457546165717725,29.4528009145495));
#7905=CARTESIAN_POINT('Ctrl Pts',(18.4425069032504,-0.457546165717725,29.4528009145495));
#7906=CARTESIAN_POINT('Ctrl Pts',(18.5817541260617,-0.471803209226908,29.4528009145495));
#7907=CARTESIAN_POINT('Ctrl Pts',(18.8649308234203,-0.500796695872592,29.4528009145495));
#7908=CARTESIAN_POINT('Ctrl Pts',(19.0821181495486,-0.685232328173812,29.4528009145495));
#7909=CARTESIAN_POINT('Ctrl Pts',(19.1925073800876,-0.778974941505078,29.4528009145495));
#7910=CARTESIAN_POINT('',(18.4425069032504,-0.457546165717725,29.9528009145495));
#7911=CARTESIAN_POINT('Origin',(17.0139361558749,-0.457546165717725,29.9528009145495));
#7912=CARTESIAN_POINT('',(17.0139361558749,-0.457546165717725,29.4528009145495));
#7913=CARTESIAN_POINT('',(17.0139361558749,-0.457546165717725,29.4528009145495));
#7914=CARTESIAN_POINT('',(17.0139361558749,-0.457546165717725,29.9528009145495));
#7915=CARTESIAN_POINT('Ctrl Pts',(16.2639356790378,-0.778974941505078,29.9528009145495));
#7916=CARTESIAN_POINT('Ctrl Pts',(16.2639356790378,-0.778974941505078,29.4528009145495));
#7917=CARTESIAN_POINT('Ctrl Pts',(16.3743249095767,-0.685232328173812,29.9528009145495));
#7918=CARTESIAN_POINT('Ctrl Pts',(16.3743249095767,-0.685232328173812,29.4528009145495));
#7919=CARTESIAN_POINT('Ctrl Pts',(16.591512235705,-0.500796695872592,29.9528009145495));
#7920=CARTESIAN_POINT('Ctrl Pts',(16.591512235705,-0.500796695872592,29.4528009145495));
#7921=CARTESIAN_POINT('Ctrl Pts',(16.8746889330636,-0.471803209226908,29.9528009145495));
#7922=CARTESIAN_POINT('Ctrl Pts',(16.8746889330636,-0.471803209226908,29.4528009145495));
#7923=CARTESIAN_POINT('Ctrl Pts',(17.0139361558749,-0.457546165717725,29.9528009145495));
#7924=CARTESIAN_POINT('Ctrl Pts',(17.0139361558749,-0.457546165717725,29.4528009145495));
#7925=CARTESIAN_POINT('',(16.2639356790378,-0.778974941505078,29.4528009145495));
#7926=CARTESIAN_POINT('Ctrl Pts',(16.2639356790378,-0.778974941505078,29.4528009145495));
#7927=CARTESIAN_POINT('Ctrl Pts',(16.3743249095767,-0.685232328173812,29.4528009145495));
#7928=CARTESIAN_POINT('Ctrl Pts',(16.591512235705,-0.500796695872592,29.4528009145495));
#7929=CARTESIAN_POINT('Ctrl Pts',(16.8746889330636,-0.471803209226908,29.4528009145495));
#7930=CARTESIAN_POINT('Ctrl Pts',(17.0139361558749,-0.457546165717725,29.4528009145495));
#7931=CARTESIAN_POINT('',(16.2639356790378,-0.778974941505078,29.9528009145495));
#7932=CARTESIAN_POINT('Ctrl Pts',(15.9425069032504,-1.52897482229579,29.9528009145495));
#7933=CARTESIAN_POINT('Ctrl Pts',(15.9425069032504,-1.52897482229579,29.4528009145495));
#7934=CARTESIAN_POINT('Ctrl Pts',(15.9567646527637,-1.38972743177307,29.9528009145495));
#7935=CARTESIAN_POINT('Ctrl Pts',(15.9567646527637,-1.38972743177307,29.4528009145495));
#7936=CARTESIAN_POINT('Ctrl Pts',(15.9857594720001,-1.10655140082953,29.9528009145495));
#7937=CARTESIAN_POINT('Ctrl Pts',(15.9857594720001,-1.10655140082953,29.4528009145495));
#7938=CARTESIAN_POINT('Ctrl Pts',(16.1701939666176,-0.88936388731975,29.9528009145495));
#7939=CARTESIAN_POINT('Ctrl Pts',(16.1701939666176,-0.88936388731975,29.4528009145495));
#7940=CARTESIAN_POINT('Ctrl Pts',(16.2639356790378,-0.778974941505078,29.9528009145495));
#7941=CARTESIAN_POINT('Ctrl Pts',(16.2639356790378,-0.778974941505078,29.4528009145495));
#7942=CARTESIAN_POINT('',(15.9425069032504,-1.52897482229579,29.4528009145495));
#7943=CARTESIAN_POINT('Ctrl Pts',(15.9425069032504,-1.52897482229579,29.4528009145495));
#7944=CARTESIAN_POINT('Ctrl Pts',(15.9567646527637,-1.38972743177307,29.4528009145495));
#7945=CARTESIAN_POINT('Ctrl Pts',(15.9857594720001,-1.10655140082953,29.4528009145495));
#7946=CARTESIAN_POINT('Ctrl Pts',(16.1701939666176,-0.88936388731975,29.4528009145495));
#7947=CARTESIAN_POINT('Ctrl Pts',(16.2639356790378,-0.778974941505078,29.4528009145495));
#7948=CARTESIAN_POINT('',(15.9425069032504,-1.52897482229579,29.9528009145495));
#7949=CARTESIAN_POINT('Origin',(15.9425069032504,-2.95754616571772,29.9528009145495));
#7950=CARTESIAN_POINT('',(15.9425069032504,-2.95754616571772,29.4528009145495));
#7951=CARTESIAN_POINT('',(15.9425069032504,-2.95754616571772,29.4528009145495));
#7952=CARTESIAN_POINT('',(15.9425069032504,-2.95754616571772,29.9528009145495));
#7953=CARTESIAN_POINT('Ctrl Pts',(16.2639356790378,-3.70754604650844,29.9528009145495));
#7954=CARTESIAN_POINT('Ctrl Pts',(16.2639356790378,-3.70754604650844,29.4528009145495));
#7955=CARTESIAN_POINT('Ctrl Pts',(16.1701927631381,-3.59715726571101,29.9528009145495));
#7956=CARTESIAN_POINT('Ctrl Pts',(16.1701927631381,-3.59715726571101,29.4528009145495));
#7957=CARTESIAN_POINT('Ctrl Pts',(15.9857562948147,-3.37997054096049,29.9528009145495));
#7958=CARTESIAN_POINT('Ctrl Pts',(15.9857562948147,-3.37997054096049,29.4528009145495));
#7959=CARTESIAN_POINT('Ctrl Pts',(15.9567635843297,-3.09679366447165,29.9528009145495));
#7960=CARTESIAN_POINT('Ctrl Pts',(15.9567635843297,-3.09679366447165,29.4528009145495));
#7961=CARTESIAN_POINT('Ctrl Pts',(15.9425069032504,-2.95754616571772,29.9528009145495));
#7962=CARTESIAN_POINT('Ctrl Pts',(15.9425069032504,-2.95754616571772,29.4528009145495));
#7963=CARTESIAN_POINT('',(16.2639356790378,-3.70754604650844,29.4528009145495));
#7964=CARTESIAN_POINT('Ctrl Pts',(16.2639356790378,-3.70754604650844,29.4528009145495));
#7965=CARTESIAN_POINT('Ctrl Pts',(16.1701927631381,-3.59715726571101,29.4528009145495));
#7966=CARTESIAN_POINT('Ctrl Pts',(15.9857562948147,-3.37997054096049,29.4528009145495));
#7967=CARTESIAN_POINT('Ctrl Pts',(15.9567635843297,-3.09679366447165,29.4528009145495));
#7968=CARTESIAN_POINT('Ctrl Pts',(15.9425069032504,-2.95754616571772,29.4528009145495));
#7969=CARTESIAN_POINT('',(16.2639356790378,-3.70754604650844,29.9528009145495));
#7970=CARTESIAN_POINT('Ctrl Pts',(17.0139361558749,-4.02897482229579,29.9528009145495));
#7971=CARTESIAN_POINT('Ctrl Pts',(17.0139361558749,-4.02897482229579,29.4528009145495));
#7972=CARTESIAN_POINT('Ctrl Pts',(16.8746889330636,-4.01471777878661,29.9528009145495));
#7973=CARTESIAN_POINT('Ctrl Pts',(16.8746889330636,-4.01471777878661,29.4528009145495));
#7974=CARTESIAN_POINT('Ctrl Pts',(16.591512235705,-3.98572429214092,29.9528009145495));
#7975=CARTESIAN_POINT('Ctrl Pts',(16.591512235705,-3.98572429214092,29.4528009145495));
#7976=CARTESIAN_POINT('Ctrl Pts',(16.3743249095767,-3.8012886598397,29.9528009145495));
#7977=CARTESIAN_POINT('Ctrl Pts',(16.3743249095767,-3.8012886598397,29.4528009145495));
#7978=CARTESIAN_POINT('Ctrl Pts',(16.2639356790378,-3.70754604650844,29.9528009145495));
#7979=CARTESIAN_POINT('Ctrl Pts',(16.2639356790378,-3.70754604650844,29.4528009145495));
#7980=CARTESIAN_POINT('Ctrl Pts',(17.0139361558749,-4.02897482229579,29.4528009145495));
#7981=CARTESIAN_POINT('Ctrl Pts',(16.8746889330636,-4.01471777878661,29.4528009145495));
#7982=CARTESIAN_POINT('Ctrl Pts',(16.591512235705,-3.98572429214092,29.4528009145495));
#7983=CARTESIAN_POINT('Ctrl Pts',(16.3743249095767,-3.8012886598397,29.4528009145495));
#7984=CARTESIAN_POINT('Ctrl Pts',(16.2639356790378,-3.70754604650844,29.4528009145495));
#7985=CARTESIAN_POINT('Origin',(6.69250685854692,-1.52897482229579,29.4528009145495));
#7986=CARTESIAN_POINT('Ctrl Pts',(12.3496485887362,-1.06468921018947,29.6528009145495));
#7987=CARTESIAN_POINT('Ctrl Pts',(12.3496485887362,-1.06468921018947,29.9528009145495));
#7988=CARTESIAN_POINT('Ctrl Pts',(12.3858464243465,-1.0954284386923,29.6528009145495));
#7989=CARTESIAN_POINT('Ctrl Pts',(12.3858464243465,-1.0954284386923,29.9528009145495));
#7990=CARTESIAN_POINT('Ctrl Pts',(12.4220442599567,-1.12616766719516,29.6528009145495));
#7991=CARTESIAN_POINT('Ctrl Pts',(12.4220442599567,-1.12616766719516,29.9528009145495));
#7992=CARTESIAN_POINT('Ctrl Pts',(12.5052812531243,-1.16217013472829,29.6528009145495));
#7993=CARTESIAN_POINT('Ctrl Pts',(12.5052812531243,-1.16217013472829,29.9528009145495));
#7994=CARTESIAN_POINT('Ctrl Pts',(12.5510147633047,-1.16685266944218,29.6528009145495));
#7995=CARTESIAN_POINT('Ctrl Pts',(12.5510147633047,-1.16685266944218,29.9528009145495));
#7996=CARTESIAN_POINT('Ctrl Pts',(12.5996483503177,-1.17183213545192,29.6528009145495));
#7997=CARTESIAN_POINT('Ctrl Pts',(12.5996483503177,-1.17183213545192,29.9528009145495));
#7998=CARTESIAN_POINT('',(12.5996483503177,-1.17183213545192,29.6528009145495));
#7999=CARTESIAN_POINT('',(12.3496485887362,-1.06468921018947,29.6528009145495));
#8000=CARTESIAN_POINT('Ctrl Pts',(12.5996483503177,-1.17183213545192,29.6528009145495));
#8001=CARTESIAN_POINT('Ctrl Pts',(12.5510147633047,-1.16685266944218,29.6528009145495));
#8002=CARTESIAN_POINT('Ctrl Pts',(12.5052812531243,-1.16217013472829,29.6528009145495));
#8003=CARTESIAN_POINT('Ctrl Pts',(12.4636517434268,-1.14416413746348,29.6528009145495));
#8004=CARTESIAN_POINT('Ctrl Pts',(12.4220442599567,-1.12616766719516,29.6528009145495));
#8005=CARTESIAN_POINT('Ctrl Pts',(12.3858464243465,-1.0954284386923,29.6528009145495));
#8006=CARTESIAN_POINT('Ctrl Pts',(12.3496485887362,-1.06468921018947,29.6528009145495));
#8007=CARTESIAN_POINT('',(12.5996483503177,-1.17183213545192,29.9528009145495));
#8008=CARTESIAN_POINT('',(12.5996483503177,-1.17183213545192,29.6528009145495));
#8009=CARTESIAN_POINT('',(12.3496485887362,-1.06468921018947,29.9528009145495));
#8010=CARTESIAN_POINT('Ctrl Pts',(12.3496485887362,-1.06468921018947,29.9528009145495));
#8011=CARTESIAN_POINT('Ctrl Pts',(12.3858464243465,-1.0954284386923,29.9528009145495));
#8012=CARTESIAN_POINT('Ctrl Pts',(12.4220442599567,-1.12616766719516,29.9528009145495));
#8013=CARTESIAN_POINT('Ctrl Pts',(12.4636517434268,-1.14416413746348,29.9528009145495));
#8014=CARTESIAN_POINT('Ctrl Pts',(12.5052812531243,-1.16217013472829,29.9528009145495));
#8015=CARTESIAN_POINT('Ctrl Pts',(12.5510147633047,-1.16685266944218,29.9528009145495));
#8016=CARTESIAN_POINT('Ctrl Pts',(12.5996483503177,-1.17183213545192,29.9528009145495));
#8017=CARTESIAN_POINT('',(12.3496485887362,-1.06468921018947,29.6528009145495));
#8018=CARTESIAN_POINT('Ctrl Pts',(12.2425056634738,-0.814689150584821,29.6528009145495));
#8019=CARTESIAN_POINT('Ctrl Pts',(12.2425056634738,-0.814689150584821,29.9528009145495));
#8020=CARTESIAN_POINT('Ctrl Pts',(12.2474852944675,-0.863322341824362,29.6528009145495));
#8021=CARTESIAN_POINT('Ctrl Pts',(12.2474852944675,-0.863322341824362,29.9528009145495));
#8022=CARTESIAN_POINT('Ctrl Pts',(12.2521680592436,-0.909056211496448,29.6528009145495));
#8023=CARTESIAN_POINT('Ctrl Pts',(12.2521680592436,-0.909056211496448,29.9528009145495));
#8024=CARTESIAN_POINT('Ctrl Pts',(12.2881704415266,-0.992293325651112,29.6528009145495));
#8025=CARTESIAN_POINT('Ctrl Pts',(12.2881704415266,-0.992293325651112,29.9528009145495));
#8026=CARTESIAN_POINT('Ctrl Pts',(12.3189095151314,-1.02849126792029,29.6528009145495));
#8027=CARTESIAN_POINT('Ctrl Pts',(12.3189095151314,-1.02849126792029,29.9528009145495));
#8028=CARTESIAN_POINT('Ctrl Pts',(12.3496485887362,-1.06468921018947,29.6528009145495));
#8029=CARTESIAN_POINT('Ctrl Pts',(12.3496485887362,-1.06468921018947,29.9528009145495));
#8030=CARTESIAN_POINT('',(12.2425056634738,-0.814689150584821,29.6528009145495));
#8031=CARTESIAN_POINT('Ctrl Pts',(12.3496485887362,-1.06468921018947,29.6528009145495));
#8032=CARTESIAN_POINT('Ctrl Pts',(12.3189095151314,-1.02849126792029,29.6528009145495));
#8033=CARTESIAN_POINT('Ctrl Pts',(12.2881704415266,-0.992293325651112,29.6528009145495));
#8034=CARTESIAN_POINT('Ctrl Pts',(12.2701740112451,-0.950685775629908,29.6528009145495));
#8035=CARTESIAN_POINT('Ctrl Pts',(12.2521680592436,-0.909056211496448,29.6528009145495));
#8036=CARTESIAN_POINT('Ctrl Pts',(12.2474852944675,-0.863322341824362,29.6528009145495));
#8037=CARTESIAN_POINT('Ctrl Pts',(12.2425056634738,-0.814689150584821,29.6528009145495));
#8038=CARTESIAN_POINT('',(12.2425056634738,-0.814689150584821,29.9528009145495));
#8039=CARTESIAN_POINT('Ctrl Pts',(12.2425056634738,-0.814689150584821,29.9528009145495));
#8040=CARTESIAN_POINT('Ctrl Pts',(12.2474852944675,-0.863322341824362,29.9528009145495));
#8041=CARTESIAN_POINT('Ctrl Pts',(12.2521680592436,-0.909056211496448,29.9528009145495));
#8042=CARTESIAN_POINT('Ctrl Pts',(12.2701740112451,-0.950685775629908,29.9528009145495));
#8043=CARTESIAN_POINT('Ctrl Pts',(12.2881704415266,-0.992293325651112,29.9528009145495));
#8044=CARTESIAN_POINT('Ctrl Pts',(12.3189095151314,-1.02849126792029,29.9528009145495));
#8045=CARTESIAN_POINT('Ctrl Pts',(12.3496485887362,-1.06468921018947,29.9528009145495));
#8046=CARTESIAN_POINT('',(12.2425056634738,-0.814689150584821,29.6528009145495));
#8047=CARTESIAN_POINT('Ctrl Pts',(12.3496485887362,-0.564689090980176,29.6528009145495));
#8048=CARTESIAN_POINT('Ctrl Pts',(12.3496485887362,-0.564689090980176,29.9528009145495));
#8049=CARTESIAN_POINT('Ctrl Pts',(12.3189095742862,-0.600887064243541,29.6528009145495));
#8050=CARTESIAN_POINT('Ctrl Pts',(12.3189095742862,-0.600887064243541,29.9528009145495));
#8051=CARTESIAN_POINT('Ctrl Pts',(12.2881705598361,-0.637085037506907,29.6528009145495));
#8052=CARTESIAN_POINT('Ctrl Pts',(12.2881705598361,-0.637085037506907,29.9528009145495));
#8053=CARTESIAN_POINT('Ctrl Pts',(12.25216814461,-0.720322143812671,29.6528009145495));
#8054=CARTESIAN_POINT('Ctrl Pts',(12.25216814461,-0.720322143812671,29.9528009145495));
#8055=CARTESIAN_POINT('Ctrl Pts',(12.247485354596,-0.766055829677957,29.6528009145495));
#8056=CARTESIAN_POINT('Ctrl Pts',(12.247485354596,-0.766055829677957,29.9528009145495));
#8057=CARTESIAN_POINT('Ctrl Pts',(12.2425056634738,-0.814689150584821,29.6528009145495));
#8058=CARTESIAN_POINT('Ctrl Pts',(12.2425056634738,-0.814689150584821,29.9528009145495));
#8059=CARTESIAN_POINT('',(12.3496485887362,-0.564689090980176,29.6528009145495));
#8060=CARTESIAN_POINT('Ctrl Pts',(12.2425056634738,-0.814689150584821,29.6528009145495));
#8061=CARTESIAN_POINT('Ctrl Pts',(12.247485354596,-0.766055829677957,29.6528009145495));
#8062=CARTESIAN_POINT('Ctrl Pts',(12.25216814461,-0.720322143812671,29.6528009145495));
#8063=CARTESIAN_POINT('Ctrl Pts',(12.270174114185,-0.678692581066916,29.6528009145495));
#8064=CARTESIAN_POINT('Ctrl Pts',(12.2881705598361,-0.637085037506907,29.6528009145495));
#8065=CARTESIAN_POINT('Ctrl Pts',(12.3189095742862,-0.600887064243541,29.6528009145495));
#8066=CARTESIAN_POINT('Ctrl Pts',(12.3496485887362,-0.564689090980176,29.6528009145495));
#8067=CARTESIAN_POINT('',(12.3496485887362,-0.564689090980176,29.9528009145495));
#8068=CARTESIAN_POINT('Ctrl Pts',(12.3496485887362,-0.564689090980176,29.9528009145495));
#8069=CARTESIAN_POINT('Ctrl Pts',(12.3189095742862,-0.600887064243541,29.9528009145495));
#8070=CARTESIAN_POINT('Ctrl Pts',(12.2881705598361,-0.637085037506907,29.9528009145495));
#8071=CARTESIAN_POINT('Ctrl Pts',(12.270174114185,-0.678692581066916,29.9528009145495));
#8072=CARTESIAN_POINT('Ctrl Pts',(12.25216814461,-0.720322143812671,29.9528009145495));
#8073=CARTESIAN_POINT('Ctrl Pts',(12.247485354596,-0.766055829677957,29.9528009145495));
#8074=CARTESIAN_POINT('Ctrl Pts',(12.2425056634738,-0.814689150584821,29.9528009145495));
#8075=CARTESIAN_POINT('',(12.3496485887362,-0.564689090980176,29.6528009145495));
#8076=CARTESIAN_POINT('Ctrl Pts',(12.5996483503177,-0.457546165717725,29.6528009145495));
#8077=CARTESIAN_POINT('Ctrl Pts',(12.5996483503177,-0.457546165717725,29.9528009145495));
#8078=CARTESIAN_POINT('Ctrl Pts',(12.5510147633047,-0.462525631727464,29.6528009145495));
#8079=CARTESIAN_POINT('Ctrl Pts',(12.5510147633047,-0.462525631727464,29.9528009145495));
#8080=CARTESIAN_POINT('Ctrl Pts',(12.5052812531243,-0.467208166441351,29.6528009145495));
#8081=CARTESIAN_POINT('Ctrl Pts',(12.5052812531243,-0.467208166441351,29.9528009145495));
#8082=CARTESIAN_POINT('Ctrl Pts',(12.4220442599567,-0.503210633974486,29.6528009145495));
#8083=CARTESIAN_POINT('Ctrl Pts',(12.4220442599567,-0.503210633974486,29.9528009145495));
#8084=CARTESIAN_POINT('Ctrl Pts',(12.3858464243465,-0.533949862477338,29.6528009145495));
#8085=CARTESIAN_POINT('Ctrl Pts',(12.3858464243465,-0.533949862477338,29.9528009145495));
#8086=CARTESIAN_POINT('Ctrl Pts',(12.3496485887362,-0.564689090980176,29.6528009145495));
#8087=CARTESIAN_POINT('Ctrl Pts',(12.3496485887362,-0.564689090980176,29.9528009145495));
#8088=CARTESIAN_POINT('',(12.5996483503177,-0.457546165717725,29.6528009145495));
#8089=CARTESIAN_POINT('Ctrl Pts',(12.3496485887362,-0.564689090980176,29.6528009145495));
#8090=CARTESIAN_POINT('Ctrl Pts',(12.3858464243465,-0.533949862477338,29.6528009145495));
#8091=CARTESIAN_POINT('Ctrl Pts',(12.4220442599567,-0.503210633974486,29.6528009145495));
#8092=CARTESIAN_POINT('Ctrl Pts',(12.4636517434268,-0.485214163706163,29.6528009145495));
#8093=CARTESIAN_POINT('Ctrl Pts',(12.5052812531243,-0.467208166441351,29.6528009145495));
#8094=CARTESIAN_POINT('Ctrl Pts',(12.5510147633047,-0.462525631727464,29.6528009145495));
#8095=CARTESIAN_POINT('Ctrl Pts',(12.5996483503177,-0.457546165717725,29.6528009145495));
#8096=CARTESIAN_POINT('',(12.5996483503177,-0.457546165717725,29.9528009145495));
#8097=CARTESIAN_POINT('Ctrl Pts',(12.5996483503177,-0.457546165717725,29.9528009145495));
#8098=CARTESIAN_POINT('Ctrl Pts',(12.5510147633047,-0.462525631727464,29.9528009145495));
#8099=CARTESIAN_POINT('Ctrl Pts',(12.5052812531243,-0.467208166441351,29.9528009145495));
#8100=CARTESIAN_POINT('Ctrl Pts',(12.4636517434268,-0.485214163706163,29.9528009145495));
#8101=CARTESIAN_POINT('Ctrl Pts',(12.4220442599567,-0.503210633974486,29.9528009145495));
#8102=CARTESIAN_POINT('Ctrl Pts',(12.3858464243465,-0.533949862477338,29.9528009145495));
#8103=CARTESIAN_POINT('Ctrl Pts',(12.3496485887362,-0.564689090980176,29.9528009145495));
#8104=CARTESIAN_POINT('',(12.5996483503177,-0.457546165717725,29.6528009145495));
#8105=CARTESIAN_POINT('Ctrl Pts',(13.5639334855868,-0.564689090980176,29.6528009145495));
#8106=CARTESIAN_POINT('Ctrl Pts',(13.5639334855868,-0.564689090980176,29.9528009145495));
#8107=CARTESIAN_POINT('Ctrl Pts',(13.5277356499766,-0.53394986247733,29.6528009145495));
#8108=CARTESIAN_POINT('Ctrl Pts',(13.5277356499766,-0.53394986247733,29.9528009145495));
#8109=CARTESIAN_POINT('Ctrl Pts',(13.4915378143664,-0.503210633974484,29.6528009145495));
#8110=CARTESIAN_POINT('Ctrl Pts',(13.4915378143664,-0.503210633974484,29.9528009145495));
#8111=CARTESIAN_POINT('Ctrl Pts',(13.4083008211988,-0.467208166441353,29.6528009145495));
#8112=CARTESIAN_POINT('Ctrl Pts',(13.4083008211988,-0.467208166441353,29.9528009145495));
#8113=CARTESIAN_POINT('Ctrl Pts',(13.3625673110184,-0.462525631727466,29.6528009145495));
#8114=CARTESIAN_POINT('Ctrl Pts',(13.3625673110184,-0.462525631727466,29.9528009145495));
#8115=CARTESIAN_POINT('Ctrl Pts',(13.3139337240054,-0.457546165717725,29.6528009145495));
#8116=CARTESIAN_POINT('Ctrl Pts',(13.3139337240054,-0.457546165717725,29.9528009145495));
#8117=CARTESIAN_POINT('',(13.3139337240054,-0.457546165717725,29.6528009145495));
#8118=CARTESIAN_POINT('',(13.5639334855868,-0.564689090980176,29.6528009145495));
#8119=CARTESIAN_POINT('Ctrl Pts',(13.3139337240054,-0.457546165717725,29.6528009145495));
#8120=CARTESIAN_POINT('Ctrl Pts',(13.3625673110184,-0.462525631727466,29.6528009145495));
#8121=CARTESIAN_POINT('Ctrl Pts',(13.4083008211988,-0.467208166441353,29.6528009145495));
#8122=CARTESIAN_POINT('Ctrl Pts',(13.4499303308963,-0.485214163706163,29.6528009145495));
#8123=CARTESIAN_POINT('Ctrl Pts',(13.4915378143664,-0.503210633974484,29.6528009145495));
#8124=CARTESIAN_POINT('Ctrl Pts',(13.5277356499766,-0.53394986247733,29.6528009145495));
#8125=CARTESIAN_POINT('Ctrl Pts',(13.5639334855868,-0.564689090980176,29.6528009145495));
#8126=CARTESIAN_POINT('',(13.3139337240054,-0.457546165717725,29.9528009145495));
#8127=CARTESIAN_POINT('',(13.3139337240054,-0.457546165717725,29.6528009145495));
#8128=CARTESIAN_POINT('',(13.5639334855868,-0.564689090980176,29.9528009145495));
#8129=CARTESIAN_POINT('Ctrl Pts',(13.5639334855868,-0.564689090980176,29.9528009145495));
#8130=CARTESIAN_POINT('Ctrl Pts',(13.5277356499766,-0.53394986247733,29.9528009145495));
#8131=CARTESIAN_POINT('Ctrl Pts',(13.4915378143664,-0.503210633974484,29.9528009145495));
#8132=CARTESIAN_POINT('Ctrl Pts',(13.4499303308963,-0.485214163706163,29.9528009145495));
#8133=CARTESIAN_POINT('Ctrl Pts',(13.4083008211988,-0.467208166441353,29.9528009145495));
#8134=CARTESIAN_POINT('Ctrl Pts',(13.3625673110184,-0.462525631727466,29.9528009145495));
#8135=CARTESIAN_POINT('Ctrl Pts',(13.3139337240054,-0.457546165717725,29.9528009145495));
#8136=CARTESIAN_POINT('',(13.5639334855868,-0.564689090980176,29.6528009145495));
#8137=CARTESIAN_POINT('Ctrl Pts',(13.6710764108493,-0.814689150584821,29.6528009145495));
#8138=CARTESIAN_POINT('Ctrl Pts',(13.6710764108493,-0.814689150584821,29.9528009145495));
#8139=CARTESIAN_POINT('Ctrl Pts',(13.6660978131035,-0.766055003638707,29.6528009145495));
#8140=CARTESIAN_POINT('Ctrl Pts',(13.6660978131035,-0.766055003638707,29.9528009145495));
#8141=CARTESIAN_POINT('Ctrl Pts',(13.6614161252623,-0.720321263729213,29.6528009145495));
#8142=CARTESIAN_POINT('Ctrl Pts',(13.6614161252623,-0.720321263729213,29.9528009145495));
#8143=CARTESIAN_POINT('Ctrl Pts',(13.6254136065026,-0.637084186764111,29.6528009145495));
#8144=CARTESIAN_POINT('Ctrl Pts',(13.6254136065026,-0.637084186764111,29.9528009145495));
#8145=CARTESIAN_POINT('Ctrl Pts',(13.5946735460447,-0.600886638872159,29.6528009145495));
#8146=CARTESIAN_POINT('Ctrl Pts',(13.5946735460447,-0.600886638872159,29.9528009145495));
#8147=CARTESIAN_POINT('Ctrl Pts',(13.5639334855868,-0.564689090980176,29.6528009145495));
#8148=CARTESIAN_POINT('Ctrl Pts',(13.5639334855868,-0.564689090980176,29.9528009145495));
#8149=CARTESIAN_POINT('',(13.6710764108493,-0.814689150584821,29.6528009145495));
#8150=CARTESIAN_POINT('Ctrl Pts',(13.5639334855868,-0.564689090980176,29.6528009145495));
#8151=CARTESIAN_POINT('Ctrl Pts',(13.5946735460447,-0.600886638872159,29.6528009145495));
#8152=CARTESIAN_POINT('Ctrl Pts',(13.6254136065026,-0.637084186764111,29.6528009145495));
#8153=CARTESIAN_POINT('Ctrl Pts',(13.6434101013115,-0.678691709657395,29.6528009145495));
#8154=CARTESIAN_POINT('Ctrl Pts',(13.6614161252623,-0.720321263729213,29.6528009145495));
#8155=CARTESIAN_POINT('Ctrl Pts',(13.6660978131035,-0.766055003638707,29.6528009145495));
#8156=CARTESIAN_POINT('Ctrl Pts',(13.6710764108493,-0.814689150584821,29.6528009145495));
#8157=CARTESIAN_POINT('',(13.6710764108493,-0.814689150584821,29.9528009145495));
#8158=CARTESIAN_POINT('Ctrl Pts',(13.6710764108493,-0.814689150584821,29.9528009145495));
#8159=CARTESIAN_POINT('Ctrl Pts',(13.6660978131035,-0.766055003638707,29.9528009145495));
#8160=CARTESIAN_POINT('Ctrl Pts',(13.6614161252623,-0.720321263729213,29.9528009145495));
#8161=CARTESIAN_POINT('Ctrl Pts',(13.6434101013115,-0.678691709657395,29.9528009145495));
#8162=CARTESIAN_POINT('Ctrl Pts',(13.6254136065026,-0.637084186764111,29.9528009145495));
#8163=CARTESIAN_POINT('Ctrl Pts',(13.5946735460447,-0.600886638872159,29.9528009145495));
#8164=CARTESIAN_POINT('Ctrl Pts',(13.5639334855868,-0.564689090980176,29.9528009145495));
#8165=CARTESIAN_POINT('',(13.6710764108493,-0.814689150584821,29.6528009145495));
#8166=CARTESIAN_POINT('Ctrl Pts',(14.2782188592746,-3.42183177782405,29.6528009145495));
#8167=CARTESIAN_POINT('Ctrl Pts',(14.2782188592746,-3.42183177782405,29.9528009145495));
#8168=CARTESIAN_POINT('Ctrl Pts',(14.2420213551512,-3.39109241516081,29.6528009145495));
#8169=CARTESIAN_POINT('Ctrl Pts',(14.2420213551512,-3.39109241516081,29.9528009145495));
#8170=CARTESIAN_POINT('Ctrl Pts',(14.2058238510279,-3.3603530524976,29.6528009145495));
#8171=CARTESIAN_POINT('Ctrl Pts',(14.2058238510279,-3.3603530524976,29.9528009145495));
#8172=CARTESIAN_POINT('Ctrl Pts',(14.1225872035711,-3.32435099807733,29.6528009145495));
#8173=CARTESIAN_POINT('Ctrl Pts',(14.1225872035711,-3.32435099807733,29.9528009145495));
#8174=CARTESIAN_POINT('Ctrl Pts',(14.0768527719744,-3.31966857861909,29.6528009145495));
#8175=CARTESIAN_POINT('Ctrl Pts',(14.0768527719744,-3.31966857861909,29.9528009145495));
#8176=CARTESIAN_POINT('Ctrl Pts',(14.0282202897861,-3.31468944860804,29.6528009145495));
#8177=CARTESIAN_POINT('Ctrl Pts',(14.0282202897861,-3.31468944860804,29.9528009145495));
#8178=CARTESIAN_POINT('',(14.0282202897861,-3.31468944860804,29.6528009145495));
#8179=CARTESIAN_POINT('',(14.2782188592746,-3.42183177782405,29.6528009145495));
#8180=CARTESIAN_POINT('Ctrl Pts',(14.0282202897861,-3.31468944860804,29.6528009145495));
#8181=CARTESIAN_POINT('Ctrl Pts',(14.0768527719744,-3.31966857861909,29.6528009145495));
#8182=CARTESIAN_POINT('Ctrl Pts',(14.1225872035711,-3.32435099807733,29.6528009145495));
#8183=CARTESIAN_POINT('Ctrl Pts',(14.1642165240986,-3.34235678169431,29.6528009145495));
#8184=CARTESIAN_POINT('Ctrl Pts',(14.2058238510279,-3.3603530524976,29.6528009145495));
#8185=CARTESIAN_POINT('Ctrl Pts',(14.2420213551512,-3.39109241516081,29.6528009145495));
#8186=CARTESIAN_POINT('Ctrl Pts',(14.2782188592746,-3.42183177782405,29.6528009145495));
#8187=CARTESIAN_POINT('',(14.0282202897861,-3.31468944860804,29.9528009145495));
#8188=CARTESIAN_POINT('',(14.0282202897861,-3.31468944860804,29.6528009145495));
#8189=CARTESIAN_POINT('',(14.2782188592746,-3.42183177782405,29.9528009145495));
#8190=CARTESIAN_POINT('Ctrl Pts',(14.2782188592746,-3.42183177782405,29.9528009145495));
#8191=CARTESIAN_POINT('Ctrl Pts',(14.2420213551512,-3.39109241516081,29.9528009145495));
#8192=CARTESIAN_POINT('Ctrl Pts',(14.2058238510279,-3.3603530524976,29.9528009145495));
#8193=CARTESIAN_POINT('Ctrl Pts',(14.1642165240986,-3.34235678169431,29.9528009145495));
#8194=CARTESIAN_POINT('Ctrl Pts',(14.1225872035711,-3.32435099807733,29.9528009145495));
#8195=CARTESIAN_POINT('Ctrl Pts',(14.0768527719744,-3.31966857861909,29.9528009145495));
#8196=CARTESIAN_POINT('Ctrl Pts',(14.0282202897861,-3.31468944860804,29.9528009145495));
#8197=CARTESIAN_POINT('',(14.2782188592746,-3.42183177782405,29.6528009145495));
#8198=CARTESIAN_POINT('Ctrl Pts',(14.385361784537,-3.67183213545192,29.6528009145495));
#8199=CARTESIAN_POINT('Ctrl Pts',(14.385361784537,-3.67183213545192,29.9528009145495));
#8200=CARTESIAN_POINT('Ctrl Pts',(14.3803822468698,-3.62319910106708,29.6528009145495));
#8201=CARTESIAN_POINT('Ctrl Pts',(14.3803822468698,-3.62319910106708,29.9528009145495));
#8202=CARTESIAN_POINT('Ctrl Pts',(14.3756995212661,-3.57746490433694,29.6528009145495));
#8203=CARTESIAN_POINT('Ctrl Pts',(14.3756995212661,-3.57746490433694,29.9528009145495));
#8204=CARTESIAN_POINT('Ctrl Pts',(14.3396971901148,-3.49422767849041,29.6528009145495));
#8205=CARTESIAN_POINT('Ctrl Pts',(14.3396971901148,-3.49422767849041,29.9528009145495));
#8206=CARTESIAN_POINT('Ctrl Pts',(14.3089580246947,-3.45802972815721,29.6528009145495));
#8207=CARTESIAN_POINT('Ctrl Pts',(14.3089580246947,-3.45802972815721,29.9528009145495));
#8208=CARTESIAN_POINT('Ctrl Pts',(14.2782188592746,-3.42183177782405,29.6528009145495));
#8209=CARTESIAN_POINT('Ctrl Pts',(14.2782188592746,-3.42183177782405,29.9528009145495));
#8210=CARTESIAN_POINT('',(14.385361784537,-3.67183213545192,29.6528009145495));
#8211=CARTESIAN_POINT('Ctrl Pts',(14.2782188592746,-3.42183177782405,29.6528009145495));
#8212=CARTESIAN_POINT('Ctrl Pts',(14.3089580246947,-3.45802972815721,29.6528009145495));
#8213=CARTESIAN_POINT('Ctrl Pts',(14.3396971901148,-3.49422767849041,29.6528009145495));
#8214=CARTESIAN_POINT('Ctrl Pts',(14.3576935965407,-3.53583528828115,29.6528009145495));
#8215=CARTESIAN_POINT('Ctrl Pts',(14.3756995212661,-3.57746490433694,29.6528009145495));
#8216=CARTESIAN_POINT('Ctrl Pts',(14.3803822468698,-3.62319910106708,29.6528009145495));
#8217=CARTESIAN_POINT('Ctrl Pts',(14.385361784537,-3.67183213545192,29.6528009145495));
#8218=CARTESIAN_POINT('',(14.385361784537,-3.67183213545192,29.9528009145495));
#8219=CARTESIAN_POINT('Ctrl Pts',(14.385361784537,-3.67183213545192,29.9528009145495));
#8220=CARTESIAN_POINT('Ctrl Pts',(14.3803822468698,-3.62319910106708,29.9528009145495));
#8221=CARTESIAN_POINT('Ctrl Pts',(14.3756995212661,-3.57746490433694,29.9528009145495));
#8222=CARTESIAN_POINT('Ctrl Pts',(14.3576935965407,-3.53583528828115,29.9528009145495));
#8223=CARTESIAN_POINT('Ctrl Pts',(14.3396971901148,-3.49422767849041,29.9528009145495));
#8224=CARTESIAN_POINT('Ctrl Pts',(14.3089580246947,-3.45802972815721,29.9528009145495));
#8225=CARTESIAN_POINT('Ctrl Pts',(14.2782188592746,-3.42183177782405,29.9528009145495));
#8226=CARTESIAN_POINT('',(14.385361784537,-3.67183213545192,29.6528009145495));
#8227=CARTESIAN_POINT('Ctrl Pts',(14.2782188592746,-3.92183189703334,29.6528009145495));
#8228=CARTESIAN_POINT('Ctrl Pts',(14.2782188592746,-3.92183189703334,29.9528009145495));
#8229=CARTESIAN_POINT('Ctrl Pts',(14.3089578410642,-3.88563396282837,29.6528009145495));
#8230=CARTESIAN_POINT('Ctrl Pts',(14.3089578410642,-3.88563396282837,29.9528009145495));
#8231=CARTESIAN_POINT('Ctrl Pts',(14.3396968228538,-3.84943602862337,29.6528009145495));
#8232=CARTESIAN_POINT('Ctrl Pts',(14.3396968228538,-3.84943602862337,29.9528009145495));
#8233=CARTESIAN_POINT('Ctrl Pts',(14.3756992562684,-3.76619902615877,29.6528009145495));
#8234=CARTESIAN_POINT('Ctrl Pts',(14.3756992562684,-3.76619902615877,29.9528009145495));
#8235=CARTESIAN_POINT('Ctrl Pts',(14.3803820602167,-3.72046548353854,29.6528009145495));
#8236=CARTESIAN_POINT('Ctrl Pts',(14.3803820602167,-3.72046548353854,29.9528009145495));
#8237=CARTESIAN_POINT('Ctrl Pts',(14.385361784537,-3.67183213545192,29.6528009145495));
#8238=CARTESIAN_POINT('Ctrl Pts',(14.385361784537,-3.67183213545192,29.9528009145495));
#8239=CARTESIAN_POINT('',(14.2782188592746,-3.92183189703334,29.6528009145495));
#8240=CARTESIAN_POINT('Ctrl Pts',(14.385361784537,-3.67183213545192,29.6528009145495));
#8241=CARTESIAN_POINT('Ctrl Pts',(14.3803820602167,-3.72046548353854,29.6528009145495));
#8242=CARTESIAN_POINT('Ctrl Pts',(14.3756992562684,-3.76619902615877,29.6528009145495));
#8243=CARTESIAN_POINT('Ctrl Pts',(14.3576932769906,-3.80782853837149,29.6528009145495));
#8244=CARTESIAN_POINT('Ctrl Pts',(14.3396968228538,-3.84943602862337,29.6528009145495));
#8245=CARTESIAN_POINT('Ctrl Pts',(14.3089578410642,-3.88563396282837,29.6528009145495));
#8246=CARTESIAN_POINT('Ctrl Pts',(14.2782188592746,-3.92183189703334,29.6528009145495));
#8247=CARTESIAN_POINT('',(14.2782188592746,-3.92183189703334,29.9528009145495));
#8248=CARTESIAN_POINT('Ctrl Pts',(14.2782188592746,-3.92183189703334,29.9528009145495));
#8249=CARTESIAN_POINT('Ctrl Pts',(14.3089578410642,-3.88563396282837,29.9528009145495));
#8250=CARTESIAN_POINT('Ctrl Pts',(14.3396968228538,-3.84943602862337,29.9528009145495));
#8251=CARTESIAN_POINT('Ctrl Pts',(14.3576932769906,-3.80782853837149,29.9528009145495));
#8252=CARTESIAN_POINT('Ctrl Pts',(14.3756992562684,-3.76619902615877,29.9528009145495));
#8253=CARTESIAN_POINT('Ctrl Pts',(14.3803820602167,-3.72046548353854,29.9528009145495));
#8254=CARTESIAN_POINT('Ctrl Pts',(14.385361784537,-3.67183213545192,29.9528009145495));
#8255=CARTESIAN_POINT('',(14.2782188592746,-3.92183189703334,29.6528009145495));
#8256=CARTESIAN_POINT('Ctrl Pts',(14.0282202897861,-4.02897482229579,29.6528009145495));
#8257=CARTESIAN_POINT('Ctrl Pts',(14.0282202897861,-4.02897482229579,29.9528009145495));
#8258=CARTESIAN_POINT('Ctrl Pts',(14.07685294817,-4.02399570451478,29.6528009145495));
#8259=CARTESIAN_POINT('Ctrl Pts',(14.07685294817,-4.02399570451478,29.9528009145495));
#8260=CARTESIAN_POINT('Ctrl Pts',(14.1225873558374,-4.01931331597203,29.6528009145495));
#8261=CARTESIAN_POINT('Ctrl Pts',(14.1225873558374,-4.01931331597203,29.9528009145495));
#8262=CARTESIAN_POINT('Ctrl Pts',(14.205823996437,-3.98331103923465,29.6528009145495));
#8263=CARTESIAN_POINT('Ctrl Pts',(14.205823996437,-3.98331103923465,29.9528009145495));
#8264=CARTESIAN_POINT('Ctrl Pts',(14.2420214278558,-3.95257146813399,29.6528009145495));
#8265=CARTESIAN_POINT('Ctrl Pts',(14.2420214278558,-3.95257146813399,29.9528009145495));
#8266=CARTESIAN_POINT('Ctrl Pts',(14.2782188592746,-3.92183189703334,29.6528009145495));
#8267=CARTESIAN_POINT('Ctrl Pts',(14.2782188592746,-3.92183189703334,29.9528009145495));
#8268=CARTESIAN_POINT('',(14.0282202897861,-4.02897482229579,29.6528009145495));
#8269=CARTESIAN_POINT('Ctrl Pts',(14.2782188592746,-3.92183189703334,29.6528009145495));
#8270=CARTESIAN_POINT('Ctrl Pts',(14.2420214278558,-3.95257146813399,29.6528009145495));
#8271=CARTESIAN_POINT('Ctrl Pts',(14.205823996437,-3.98331103923465,29.6528009145495));
#8272=CARTESIAN_POINT('Ctrl Pts',(14.1642166745085,-4.00130742048672,29.6528009145495));
#8273=CARTESIAN_POINT('Ctrl Pts',(14.1225873558374,-4.01931331597203,29.6528009145495));
#8274=CARTESIAN_POINT('Ctrl Pts',(14.07685294817,-4.02399570451478,29.6528009145495));
#8275=CARTESIAN_POINT('Ctrl Pts',(14.0282202897861,-4.02897482229579,29.6528009145495));
#8276=CARTESIAN_POINT('',(14.0282202897861,-4.02897482229579,29.9528009145495));
#8277=CARTESIAN_POINT('Ctrl Pts',(14.0282202897861,-4.02897482229579,29.9528009145495));
#8278=CARTESIAN_POINT('Ctrl Pts',(14.07685294817,-4.02399570451478,29.9528009145495));
#8279=CARTESIAN_POINT('Ctrl Pts',(14.1225873558374,-4.01931331597203,29.9528009145495));
#8280=CARTESIAN_POINT('Ctrl Pts',(14.1642166745085,-4.00130742048672,29.9528009145495));
#8281=CARTESIAN_POINT('Ctrl Pts',(14.205823996437,-3.98331103923465,29.9528009145495));
#8282=CARTESIAN_POINT('Ctrl Pts',(14.2420214278558,-3.95257146813399,29.9528009145495));
#8283=CARTESIAN_POINT('Ctrl Pts',(14.2782188592746,-3.92183189703334,29.9528009145495));
#8284=CARTESIAN_POINT('',(14.0282202897861,-4.02897482229579,29.6528009145495));
#8285=CARTESIAN_POINT('Ctrl Pts',(12.3496485887362,-3.92183189703334,29.6528009145495));
#8286=CARTESIAN_POINT('Ctrl Pts',(12.3496485887362,-3.92183189703334,29.9528009145495));
#8287=CARTESIAN_POINT('Ctrl Pts',(12.3858464243465,-3.95257112553618,29.6528009145495));
#8288=CARTESIAN_POINT('Ctrl Pts',(12.3858464243465,-3.95257112553618,29.9528009145495));
#8289=CARTESIAN_POINT('Ctrl Pts',(12.4220442599567,-3.98331035403903,29.6528009145495));
#8290=CARTESIAN_POINT('Ctrl Pts',(12.4220442599567,-3.98331035403903,29.9528009145495));
#8291=CARTESIAN_POINT('Ctrl Pts',(12.5052812531243,-4.01931282157216,29.6528009145495));
#8292=CARTESIAN_POINT('Ctrl Pts',(12.5052812531243,-4.01931282157216,29.9528009145495));
#8293=CARTESIAN_POINT('Ctrl Pts',(12.5510147633047,-4.02399535628605,29.6528009145495));
#8294=CARTESIAN_POINT('Ctrl Pts',(12.5510147633047,-4.02399535628605,29.9528009145495));
#8295=CARTESIAN_POINT('Ctrl Pts',(12.5996483503177,-4.02897482229579,29.6528009145495));
#8296=CARTESIAN_POINT('Ctrl Pts',(12.5996483503177,-4.02897482229579,29.9528009145495));
#8297=CARTESIAN_POINT('',(12.5996483503177,-4.02897482229579,29.6528009145495));
#8298=CARTESIAN_POINT('',(12.3496485887362,-3.92183189703334,29.6528009145495));
#8299=CARTESIAN_POINT('Ctrl Pts',(12.5996483503177,-4.02897482229579,29.6528009145495));
#8300=CARTESIAN_POINT('Ctrl Pts',(12.5510147633047,-4.02399535628605,29.6528009145495));
#8301=CARTESIAN_POINT('Ctrl Pts',(12.5052812531243,-4.01931282157216,29.6528009145495));
#8302=CARTESIAN_POINT('Ctrl Pts',(12.4636517434268,-4.00130682430735,29.6528009145495));
#8303=CARTESIAN_POINT('Ctrl Pts',(12.4220442599567,-3.98331035403903,29.6528009145495));
#8304=CARTESIAN_POINT('Ctrl Pts',(12.3858464243465,-3.95257112553618,29.6528009145495));
#8305=CARTESIAN_POINT('Ctrl Pts',(12.3496485887362,-3.92183189703334,29.6528009145495));
#8306=CARTESIAN_POINT('',(12.5996483503177,-4.02897482229579,29.9528009145495));
#8307=CARTESIAN_POINT('',(12.5996483503177,-4.02897482229579,29.6528009145495));
#8308=CARTESIAN_POINT('',(12.3496485887362,-3.92183189703334,29.9528009145495));
#8309=CARTESIAN_POINT('Ctrl Pts',(12.3496485887362,-3.92183189703334,29.9528009145495));
#8310=CARTESIAN_POINT('Ctrl Pts',(12.3858464243465,-3.95257112553618,29.9528009145495));
#8311=CARTESIAN_POINT('Ctrl Pts',(12.4220442599567,-3.98331035403903,29.9528009145495));
#8312=CARTESIAN_POINT('Ctrl Pts',(12.4636517434268,-4.00130682430735,29.9528009145495));
#8313=CARTESIAN_POINT('Ctrl Pts',(12.5052812531243,-4.01931282157216,29.9528009145495));
#8314=CARTESIAN_POINT('Ctrl Pts',(12.5510147633047,-4.02399535628605,29.9528009145495));
#8315=CARTESIAN_POINT('Ctrl Pts',(12.5996483503177,-4.02897482229579,29.9528009145495));
#8316=CARTESIAN_POINT('',(12.3496485887362,-3.92183189703334,29.6528009145495));
#8317=CARTESIAN_POINT('Ctrl Pts',(12.2425056634738,-3.67183213545192,29.6528009145495));
#8318=CARTESIAN_POINT('Ctrl Pts',(12.2425056634738,-3.67183213545192,29.9528009145495));
#8319=CARTESIAN_POINT('Ctrl Pts',(12.2474853877941,-3.72046548353855,29.6528009145495));
#8320=CARTESIAN_POINT('Ctrl Pts',(12.2474853877941,-3.72046548353855,29.9528009145495));
#8321=CARTESIAN_POINT('Ctrl Pts',(12.2521681917424,-3.76619902615877,29.6528009145495));
#8322=CARTESIAN_POINT('Ctrl Pts',(12.2521681917424,-3.76619902615877,29.9528009145495));
#8323=CARTESIAN_POINT('Ctrl Pts',(12.288170625157,-3.84943602862336,29.6528009145495));
#8324=CARTESIAN_POINT('Ctrl Pts',(12.288170625157,-3.84943602862336,29.9528009145495));
#8325=CARTESIAN_POINT('Ctrl Pts',(12.3189096069466,-3.88563396282834,29.6528009145495));
#8326=CARTESIAN_POINT('Ctrl Pts',(12.3189096069466,-3.88563396282834,29.9528009145495));
#8327=CARTESIAN_POINT('Ctrl Pts',(12.3496485887362,-3.92183189703334,29.6528009145495));
#8328=CARTESIAN_POINT('Ctrl Pts',(12.3496485887362,-3.92183189703334,29.9528009145495));
#8329=CARTESIAN_POINT('',(12.2425056634738,-3.67183213545192,29.6528009145495));
#8330=CARTESIAN_POINT('Ctrl Pts',(12.3496485887362,-3.92183189703334,29.6528009145495));
#8331=CARTESIAN_POINT('Ctrl Pts',(12.3189096069466,-3.88563396282834,29.6528009145495));
#8332=CARTESIAN_POINT('Ctrl Pts',(12.288170625157,-3.84943602862336,29.6528009145495));
#8333=CARTESIAN_POINT('Ctrl Pts',(12.2701741710202,-3.80782853837149,29.6528009145495));
#8334=CARTESIAN_POINT('Ctrl Pts',(12.2521681917424,-3.76619902615877,29.6528009145495));
#8335=CARTESIAN_POINT('Ctrl Pts',(12.2474853877941,-3.72046548353855,29.6528009145495));
#8336=CARTESIAN_POINT('Ctrl Pts',(12.2425056634738,-3.67183213545192,29.6528009145495));
#8337=CARTESIAN_POINT('',(12.2425056634738,-3.67183213545192,29.9528009145495));
#8338=CARTESIAN_POINT('Ctrl Pts',(12.2425056634738,-3.67183213545192,29.9528009145495));
#8339=CARTESIAN_POINT('Ctrl Pts',(12.2474853877941,-3.72046548353855,29.9528009145495));
#8340=CARTESIAN_POINT('Ctrl Pts',(12.2521681917424,-3.76619902615877,29.9528009145495));
#8341=CARTESIAN_POINT('Ctrl Pts',(12.2701741710202,-3.80782853837149,29.9528009145495));
#8342=CARTESIAN_POINT('Ctrl Pts',(12.288170625157,-3.84943602862336,29.9528009145495));
#8343=CARTESIAN_POINT('Ctrl Pts',(12.3189096069466,-3.88563396282834,29.9528009145495));
#8344=CARTESIAN_POINT('Ctrl Pts',(12.3496485887362,-3.92183189703334,29.9528009145495));
#8345=CARTESIAN_POINT('',(12.2425056634738,-3.67183213545192,29.6528009145495));
#8346=CARTESIAN_POINT('Ctrl Pts',(12.3496485887362,-3.42183177782405,29.6528009145495));
#8347=CARTESIAN_POINT('Ctrl Pts',(12.3496485887362,-3.42183177782405,29.9528009145495));
#8348=CARTESIAN_POINT('Ctrl Pts',(12.3189095416258,-3.45802979014578,29.6528009145495));
#8349=CARTESIAN_POINT('Ctrl Pts',(12.3189095416258,-3.45802979014578,29.9528009145495));
#8350=CARTESIAN_POINT('Ctrl Pts',(12.2881704945153,-3.49422780246754,29.6528009145495));
#8351=CARTESIAN_POINT('Ctrl Pts',(12.2881704945153,-3.49422780246754,29.9528009145495));
#8352=CARTESIAN_POINT('Ctrl Pts',(12.2521680974776,-3.5774650126147,29.6528009145495));
#8353=CARTESIAN_POINT('Ctrl Pts',(12.2521680974776,-3.5774650126147,29.9528009145495));
#8354=CARTESIAN_POINT('Ctrl Pts',(12.247485321398,-3.62319884172575,29.6528009145495));
#8355=CARTESIAN_POINT('Ctrl Pts',(12.247485321398,-3.62319884172575,29.9528009145495));
#8356=CARTESIAN_POINT('Ctrl Pts',(12.2425056634738,-3.67183213545192,29.6528009145495));
#8357=CARTESIAN_POINT('Ctrl Pts',(12.2425056634738,-3.67183213545192,29.9528009145495));
#8358=CARTESIAN_POINT('',(12.3496485887362,-3.42183177782405,29.6528009145495));
#8359=CARTESIAN_POINT('Ctrl Pts',(12.2425056634738,-3.67183213545192,29.6528009145495));
#8360=CARTESIAN_POINT('Ctrl Pts',(12.247485321398,-3.62319884172575,29.6528009145495));
#8361=CARTESIAN_POINT('Ctrl Pts',(12.2521680974776,-3.5774650126147,29.6528009145495));
#8362=CARTESIAN_POINT('Ctrl Pts',(12.2701740573499,-3.53583539933572,29.6528009145495));
#8363=CARTESIAN_POINT('Ctrl Pts',(12.2881704945153,-3.49422780246754,29.6528009145495));
#8364=CARTESIAN_POINT('Ctrl Pts',(12.3189095416258,-3.45802979014578,29.6528009145495));
#8365=CARTESIAN_POINT('Ctrl Pts',(12.3496485887362,-3.42183177782405,29.6528009145495));
#8366=CARTESIAN_POINT('',(12.3496485887362,-3.42183177782405,29.9528009145495));
#8367=CARTESIAN_POINT('Ctrl Pts',(12.3496485887362,-3.42183177782405,29.9528009145495));
#8368=CARTESIAN_POINT('Ctrl Pts',(12.3189095416258,-3.45802979014578,29.9528009145495));
#8369=CARTESIAN_POINT('Ctrl Pts',(12.2881704945153,-3.49422780246754,29.9528009145495));
#8370=CARTESIAN_POINT('Ctrl Pts',(12.2701740573499,-3.53583539933572,29.9528009145495));
#8371=CARTESIAN_POINT('Ctrl Pts',(12.2521680974776,-3.5774650126147,29.9528009145495));
#8372=CARTESIAN_POINT('Ctrl Pts',(12.247485321398,-3.62319884172575,29.9528009145495));
#8373=CARTESIAN_POINT('Ctrl Pts',(12.2425056634738,-3.67183213545192,29.9528009145495));
#8374=CARTESIAN_POINT('',(12.3496485887362,-3.42183177782405,29.6528009145495));
#8375=CARTESIAN_POINT('Ctrl Pts',(12.5996483503177,-3.31468944860804,29.6528009145495));
#8376=CARTESIAN_POINT('Ctrl Pts',(12.5996483503177,-3.31468944860804,29.9528009145495));
#8377=CARTESIAN_POINT('Ctrl Pts',(12.5510149394865,-3.31966892684889,29.6528009145495));
#8378=CARTESIAN_POINT('Ctrl Pts',(12.5510149394865,-3.31966892684889,29.9528009145495));
#8379=CARTESIAN_POINT('Ctrl Pts',(12.5052814053855,-3.32435149247695,29.6528009145495));
#8380=CARTESIAN_POINT('Ctrl Pts',(12.5052814053855,-3.32435149247695,29.9528009145495));
#8381=CARTESIAN_POINT('Ctrl Pts',(12.4220444053624,-3.36035373769209,29.6528009145495));
#8382=CARTESIAN_POINT('Ctrl Pts',(12.4220444053624,-3.36035373769209,29.9528009145495));
#8383=CARTESIAN_POINT('Ctrl Pts',(12.3858464970493,-3.39109275775806,29.6528009145495));
#8384=CARTESIAN_POINT('Ctrl Pts',(12.3858464970493,-3.39109275775806,29.9528009145495));
#8385=CARTESIAN_POINT('Ctrl Pts',(12.3496485887362,-3.42183177782405,29.6528009145495));
#8386=CARTESIAN_POINT('Ctrl Pts',(12.3496485887362,-3.42183177782405,29.9528009145495));
#8387=CARTESIAN_POINT('',(12.5996483503177,-3.31468944860804,29.6528009145495));
#8388=CARTESIAN_POINT('Ctrl Pts',(12.3496485887362,-3.42183177782405,29.6528009145495));
#8389=CARTESIAN_POINT('Ctrl Pts',(12.3858464970493,-3.39109275775806,29.6528009145495));
#8390=CARTESIAN_POINT('Ctrl Pts',(12.4220444053624,-3.36035373769209,29.6528009145495));
#8391=CARTESIAN_POINT('Ctrl Pts',(12.4636518938333,-3.34235737787254,29.6528009145495));
#8392=CARTESIAN_POINT('Ctrl Pts',(12.5052814053855,-3.32435149247695,29.6528009145495));
#8393=CARTESIAN_POINT('Ctrl Pts',(12.5510149394865,-3.31966892684889,29.6528009145495));
#8394=CARTESIAN_POINT('Ctrl Pts',(12.5996483503177,-3.31468944860804,29.6528009145495));
#8395=CARTESIAN_POINT('',(12.5996483503177,-3.31468944860804,29.9528009145495));
#8396=CARTESIAN_POINT('Ctrl Pts',(12.5996483503177,-3.31468944860804,29.9528009145495));
#8397=CARTESIAN_POINT('Ctrl Pts',(12.5510149394865,-3.31966892684889,29.9528009145495));
#8398=CARTESIAN_POINT('Ctrl Pts',(12.5052814053855,-3.32435149247695,29.9528009145495));
#8399=CARTESIAN_POINT('Ctrl Pts',(12.4636518938333,-3.34235737787254,29.9528009145495));
#8400=CARTESIAN_POINT('Ctrl Pts',(12.4220444053624,-3.36035373769209,29.9528009145495));
#8401=CARTESIAN_POINT('Ctrl Pts',(12.3858464970493,-3.39109275775806,29.9528009145495));
#8402=CARTESIAN_POINT('Ctrl Pts',(12.3496485887362,-3.42183177782405,29.9528009145495));
#8403=CARTESIAN_POINT('',(12.5996483503177,-3.31468944860804,29.6528009145495));
#8404=CARTESIAN_POINT('Origin',(6.69250685854692,-1.52897482229579,29.9528009145495));
#8405=CARTESIAN_POINT('',(12.9567910371615,-1.17183213545192,29.9528009145495));
#8406=CARTESIAN_POINT('',(12.9567910371615,-3.31468944860804,29.9528009145495));
#8407=CARTESIAN_POINT('',(12.9567910371615,-2.42183213545192,29.9528009145495));
#8408=CARTESIAN_POINT('',(9.64607760443229,-3.31468944860804,29.9528009145495));
#8409=CARTESIAN_POINT('',(10.3603635741665,-4.02897482229579,29.9528009145495));
#8410=CARTESIAN_POINT('',(13.6710764108493,-3.31468944860804,29.9528009145495));
#8411=CARTESIAN_POINT('',(10.1817916346981,-3.31468944860804,29.9528009145495));
#8412=CARTESIAN_POINT('',(13.6710764108493,-1.1718319864403,29.9528009145495));
#8413=CARTESIAN_POINT('',(9.64607760443229,-0.457546165717725,29.9528009145495));
#8414=CARTESIAN_POINT('',(9.82464894785423,-1.17183213545192,29.9528009145495));
#8415=CARTESIAN_POINT('Ctrl Pts',(14.0282202897861,-3.31468944860804,29.9528009145495));
#8416=CARTESIAN_POINT('Ctrl Pts',(14.0282202897861,-3.31468944860804,29.4528009145495));
#8417=CARTESIAN_POINT('Ctrl Pts',(14.0746363672062,-3.31944165687869,29.9528009145495));
#8418=CARTESIAN_POINT('Ctrl Pts',(14.0746363672062,-3.31944165687869,29.4528009145495));
#8419=CARTESIAN_POINT('Ctrl Pts',(14.1690282287207,-3.32910576056654,29.9528009145495));
#8420=CARTESIAN_POINT('Ctrl Pts',(14.1690282287207,-3.32910576056654,29.4528009145495));
#8421=CARTESIAN_POINT('Ctrl Pts',(14.2414232369674,-3.39058448589299,29.9528009145495));
#8422=CARTESIAN_POINT('Ctrl Pts',(14.2414232369674,-3.39058448589299,29.4528009145495));
#8423=CARTESIAN_POINT('Ctrl Pts',(14.2782188592746,-3.42183177782405,29.9528009145495));
#8424=CARTESIAN_POINT('Ctrl Pts',(14.2782188592746,-3.42183177782405,29.4528009145495));
#8425=CARTESIAN_POINT('',(14.2782188592746,-3.42183177782405,29.4528009145495));
#8426=CARTESIAN_POINT('',(14.2782188592746,-3.42183177782405,29.9528009145495));
#8427=CARTESIAN_POINT('',(14.0282202897861,-3.31468944860804,29.4528009145495));
#8428=CARTESIAN_POINT('Ctrl Pts',(14.0282202897861,-3.31468944860804,29.4528009145495));
#8429=CARTESIAN_POINT('Ctrl Pts',(14.0746363672062,-3.31944165687869,29.4528009145495));
#8430=CARTESIAN_POINT('Ctrl Pts',(14.1690282287207,-3.32910576056654,29.4528009145495));
#8431=CARTESIAN_POINT('Ctrl Pts',(14.2414232369674,-3.39058448589299,29.4528009145495));
#8432=CARTESIAN_POINT('Ctrl Pts',(14.2782188592746,-3.42183177782405,29.4528009145495));
#8433=CARTESIAN_POINT('',(14.0282202897861,-3.31468944860804,29.9528009145495));
#8434=CARTESIAN_POINT('Ctrl Pts',(14.2782188592746,-3.42183177782405,29.9528009145495));
#8435=CARTESIAN_POINT('Ctrl Pts',(14.2782188592746,-3.42183177782405,29.4528009145495));
#8436=CARTESIAN_POINT('Ctrl Pts',(14.309466097571,-3.45862802666308,29.9528009145495));
#8437=CARTESIAN_POINT('Ctrl Pts',(14.309466097571,-3.45862802666308,29.4528009145495));
#8438=CARTESIAN_POINT('Ctrl Pts',(14.3709444284112,-3.53102392732944,29.9528009145495));
#8439=CARTESIAN_POINT('Ctrl Pts',(14.3709444284112,-3.53102392732944,29.4528009145495));
#8440=CARTESIAN_POINT('Ctrl Pts',(14.3806092475436,-3.62541612046015,29.9528009145495));
#8441=CARTESIAN_POINT('Ctrl Pts',(14.3806092475436,-3.62541612046015,29.4528009145495));
#8442=CARTESIAN_POINT('Ctrl Pts',(14.385361784537,-3.67183213545192,29.9528009145495));
#8443=CARTESIAN_POINT('Ctrl Pts',(14.385361784537,-3.67183213545192,29.4528009145495));
#8444=CARTESIAN_POINT('',(14.385361784537,-3.67183213545192,29.4528009145495));
#8445=CARTESIAN_POINT('',(14.385361784537,-3.67183213545192,29.9528009145495));
#8446=CARTESIAN_POINT('Ctrl Pts',(14.2782188592746,-3.42183177782405,29.4528009145495));
#8447=CARTESIAN_POINT('Ctrl Pts',(14.309466097571,-3.45862802666308,29.4528009145495));
#8448=CARTESIAN_POINT('Ctrl Pts',(14.3709444284112,-3.53102392732944,29.4528009145495));
#8449=CARTESIAN_POINT('Ctrl Pts',(14.3806092475436,-3.62541612046015,29.4528009145495));
#8450=CARTESIAN_POINT('Ctrl Pts',(14.385361784537,-3.67183213545192,29.4528009145495));
#8451=CARTESIAN_POINT('Ctrl Pts',(14.385361784537,-3.67183213545192,29.9528009145495));
#8452=CARTESIAN_POINT('Ctrl Pts',(14.385361784537,-3.67183213545192,29.4528009145495));
#8453=CARTESIAN_POINT('Ctrl Pts',(14.3806091453598,-3.71824770799536,29.9528009145495));
#8454=CARTESIAN_POINT('Ctrl Pts',(14.3806091453598,-3.71824770799536,29.4528009145495));
#8455=CARTESIAN_POINT('Ctrl Pts',(14.3709440593288,-3.8126395785083,29.9528009145495));
#8456=CARTESIAN_POINT('Ctrl Pts',(14.3709440593288,-3.8126395785083,29.4528009145495));
#8457=CARTESIAN_POINT('Ctrl Pts',(14.3094660957496,-3.88503544691827,29.9528009145495));
#8458=CARTESIAN_POINT('Ctrl Pts',(14.3094660957496,-3.88503544691827,29.4528009145495));
#8459=CARTESIAN_POINT('Ctrl Pts',(14.2782188592746,-3.92183189703334,29.9528009145495));
#8460=CARTESIAN_POINT('Ctrl Pts',(14.2782188592746,-3.92183189703334,29.4528009145495));
#8461=CARTESIAN_POINT('',(14.2782188592746,-3.92183189703334,29.4528009145495));
#8462=CARTESIAN_POINT('',(14.2782188592746,-3.92183189703334,29.9528009145495));
#8463=CARTESIAN_POINT('Ctrl Pts',(14.385361784537,-3.67183213545192,29.4528009145495));
#8464=CARTESIAN_POINT('Ctrl Pts',(14.3806091453598,-3.71824770799536,29.4528009145495));
#8465=CARTESIAN_POINT('Ctrl Pts',(14.3709440593288,-3.8126395785083,29.4528009145495));
#8466=CARTESIAN_POINT('Ctrl Pts',(14.3094660957496,-3.88503544691827,29.4528009145495));
#8467=CARTESIAN_POINT('Ctrl Pts',(14.2782188592746,-3.92183189703334,29.4528009145495));
#8468=CARTESIAN_POINT('Ctrl Pts',(14.2782188592746,-3.92183189703334,29.9528009145495));
#8469=CARTESIAN_POINT('Ctrl Pts',(14.2782188592746,-3.92183189703334,29.4528009145495));
#8470=CARTESIAN_POINT('Ctrl Pts',(14.2414232673883,-3.95307943777436,29.9528009145495));
#8471=CARTESIAN_POINT('Ctrl Pts',(14.2414232673883,-3.95307943777436,29.4528009145495));
#8472=CARTESIAN_POINT('Ctrl Pts',(14.1690284045507,-4.01455857997567,29.9528009145495));
#8473=CARTESIAN_POINT('Ctrl Pts',(14.1690284045507,-4.01455857997567,29.4528009145495));
#8474=CARTESIAN_POINT('Ctrl Pts',(14.074636387159,-4.02422264087215,29.9528009145495));
#8475=CARTESIAN_POINT('Ctrl Pts',(14.074636387159,-4.02422264087215,29.4528009145495));
#8476=CARTESIAN_POINT('Ctrl Pts',(14.0282202897861,-4.02897482229579,29.9528009145495));
#8477=CARTESIAN_POINT('Ctrl Pts',(14.0282202897861,-4.02897482229579,29.4528009145495));
#8478=CARTESIAN_POINT('',(14.0282202897861,-4.02897482229579,29.4528009145495));
#8479=CARTESIAN_POINT('',(14.0282202897861,-4.02897482229579,29.9528009145495));
#8480=CARTESIAN_POINT('Ctrl Pts',(14.2782188592746,-3.92183189703334,29.4528009145495));
#8481=CARTESIAN_POINT('Ctrl Pts',(14.2414232673883,-3.95307943777436,29.4528009145495));
#8482=CARTESIAN_POINT('Ctrl Pts',(14.1690284045507,-4.01455857997567,29.4528009145495));
#8483=CARTESIAN_POINT('Ctrl Pts',(14.074636387159,-4.02422264087215,29.4528009145495));
#8484=CARTESIAN_POINT('Ctrl Pts',(14.0282202897861,-4.02897482229579,29.4528009145495));
#8485=CARTESIAN_POINT('Origin',(14.0282202897861,-4.02897482229579,29.9528009145495));
#8486=CARTESIAN_POINT('',(12.5996483503177,-4.02897482229579,29.4528009145495));
#8487=CARTESIAN_POINT('',(12.5996483503177,-4.02897482229579,29.9528009145495));
#8488=CARTESIAN_POINT('',(14.0282202897861,-4.02897482229579,29.4528009145495));
#8489=CARTESIAN_POINT('Ctrl Pts',(12.5996483503177,-4.02897482229579,29.9528009145495));
#8490=CARTESIAN_POINT('Ctrl Pts',(12.5996483503177,-4.02897482229579,29.4528009145495));
#8491=CARTESIAN_POINT('Ctrl Pts',(12.5532327507166,-4.0242224502268,29.9528009145495));
#8492=CARTESIAN_POINT('Ctrl Pts',(12.5532327507166,-4.0242224502268,29.4528009145495));
#8493=CARTESIAN_POINT('Ctrl Pts',(12.4588406688174,-4.01455789138436,29.9528009145495));
#8494=CARTESIAN_POINT('Ctrl Pts',(12.4588406688174,-4.01455789138436,29.4528009145495));
#8495=CARTESIAN_POINT('Ctrl Pts',(12.3864449975969,-3.95307943437867,29.9528009145495));
#8496=CARTESIAN_POINT('Ctrl Pts',(12.3864449975969,-3.95307943437867,29.4528009145495));
#8497=CARTESIAN_POINT('Ctrl Pts',(12.3496485887362,-3.92183189703334,29.9528009145495));
#8498=CARTESIAN_POINT('Ctrl Pts',(12.3496485887362,-3.92183189703334,29.4528009145495));
#8499=CARTESIAN_POINT('',(12.3496485887362,-3.92183189703334,29.4528009145495));
#8500=CARTESIAN_POINT('',(12.3496485887362,-3.92183189703334,29.9528009145495));
#8501=CARTESIAN_POINT('Ctrl Pts',(12.5996483503177,-4.02897482229579,29.4528009145495));
#8502=CARTESIAN_POINT('Ctrl Pts',(12.5532327507166,-4.0242224502268,29.4528009145495));
#8503=CARTESIAN_POINT('Ctrl Pts',(12.4588406688174,-4.01455789138436,29.4528009145495));
#8504=CARTESIAN_POINT('Ctrl Pts',(12.3864449975969,-3.95307943437867,29.4528009145495));
#8505=CARTESIAN_POINT('Ctrl Pts',(12.3496485887362,-3.92183189703334,29.4528009145495));
#8506=CARTESIAN_POINT('Ctrl Pts',(12.3496485887362,-3.92183189703334,29.9528009145495));
#8507=CARTESIAN_POINT('Ctrl Pts',(12.3496485887362,-3.92183189703334,29.4528009145495));
#8508=CARTESIAN_POINT('Ctrl Pts',(12.3184013522613,-3.88503544691827,29.9528009145495));
#8509=CARTESIAN_POINT('Ctrl Pts',(12.3184013522613,-3.88503544691827,29.4528009145495));
#8510=CARTESIAN_POINT('Ctrl Pts',(12.256923388682,-3.8126395785083,29.9528009145495));
#8511=CARTESIAN_POINT('Ctrl Pts',(12.256923388682,-3.8126395785083,29.4528009145495));
#8512=CARTESIAN_POINT('Ctrl Pts',(12.247258302651,-3.71824770799536,29.9528009145495));
#8513=CARTESIAN_POINT('Ctrl Pts',(12.247258302651,-3.71824770799536,29.4528009145495));
#8514=CARTESIAN_POINT('Ctrl Pts',(12.2425056634738,-3.67183213545192,29.9528009145495));
#8515=CARTESIAN_POINT('Ctrl Pts',(12.2425056634738,-3.67183213545192,29.4528009145495));
#8516=CARTESIAN_POINT('',(12.2425056634738,-3.67183213545192,29.4528009145495));
#8517=CARTESIAN_POINT('',(12.2425056634738,-3.67183213545192,29.9528009145495));
#8518=CARTESIAN_POINT('Ctrl Pts',(12.3496485887362,-3.92183189703334,29.4528009145495));
#8519=CARTESIAN_POINT('Ctrl Pts',(12.3184013522613,-3.88503544691827,29.4528009145495));
#8520=CARTESIAN_POINT('Ctrl Pts',(12.256923388682,-3.8126395785083,29.4528009145495));
#8521=CARTESIAN_POINT('Ctrl Pts',(12.247258302651,-3.71824770799536,29.4528009145495));
#8522=CARTESIAN_POINT('Ctrl Pts',(12.2425056634738,-3.67183213545192,29.4528009145495));
#8523=CARTESIAN_POINT('Ctrl Pts',(12.2425056634738,-3.67183213545192,29.9528009145495));
#8524=CARTESIAN_POINT('Ctrl Pts',(12.2425056634738,-3.67183213545192,29.4528009145495));
#8525=CARTESIAN_POINT('Ctrl Pts',(12.2472582663024,-3.62541635090458,29.9528009145495));
#8526=CARTESIAN_POINT('Ctrl Pts',(12.2472582663024,-3.62541635090458,29.4528009145495));
#8527=CARTESIAN_POINT('Ctrl Pts',(12.2569232573923,-3.53102425456099,29.9528009145495));
#8528=CARTESIAN_POINT('Ctrl Pts',(12.2569232573923,-3.53102425456099,29.4528009145495));
#8529=CARTESIAN_POINT('Ctrl Pts',(12.3184013516133,-3.45862822991748,29.9528009145495));
#8530=CARTESIAN_POINT('Ctrl Pts',(12.3184013516133,-3.45862822991748,29.4528009145495));
#8531=CARTESIAN_POINT('Ctrl Pts',(12.3496485887362,-3.42183177782405,29.9528009145495));
#8532=CARTESIAN_POINT('Ctrl Pts',(12.3496485887362,-3.42183177782405,29.4528009145495));
#8533=CARTESIAN_POINT('',(12.3496485887362,-3.42183177782405,29.4528009145495));
#8534=CARTESIAN_POINT('',(12.3496485887362,-3.42183177782405,29.9528009145495));
#8535=CARTESIAN_POINT('Ctrl Pts',(12.2425056634738,-3.67183213545192,29.4528009145495));
#8536=CARTESIAN_POINT('Ctrl Pts',(12.2472582663024,-3.62541635090458,29.4528009145495));
#8537=CARTESIAN_POINT('Ctrl Pts',(12.2569232573923,-3.53102425456099,29.4528009145495));
#8538=CARTESIAN_POINT('Ctrl Pts',(12.3184013516133,-3.45862822991748,29.4528009145495));
#8539=CARTESIAN_POINT('Ctrl Pts',(12.3496485887362,-3.42183177782405,29.4528009145495));
#8540=CARTESIAN_POINT('Ctrl Pts',(12.3496485887362,-3.42183177782405,29.9528009145495));
#8541=CARTESIAN_POINT('Ctrl Pts',(12.3496485887362,-3.42183177782405,29.4528009145495));
#8542=CARTESIAN_POINT('Ctrl Pts',(12.3864450280175,-3.39058448928899,29.9528009145495));
#8543=CARTESIAN_POINT('Ctrl Pts',(12.3864450280175,-3.39058448928899,29.4528009145495));
#8544=CARTESIAN_POINT('Ctrl Pts',(12.4588408446437,-3.32910644915703,29.9528009145495));
#8545=CARTESIAN_POINT('Ctrl Pts',(12.4588408446437,-3.32910644915703,29.4528009145495));
#8546=CARTESIAN_POINT('Ctrl Pts',(12.5532327706686,-3.31944184752371,29.9528009145495));
#8547=CARTESIAN_POINT('Ctrl Pts',(12.5532327706686,-3.31944184752371,29.4528009145495));
#8548=CARTESIAN_POINT('Ctrl Pts',(12.5996483503177,-3.31468944860804,29.9528009145495));
#8549=CARTESIAN_POINT('Ctrl Pts',(12.5996483503177,-3.31468944860804,29.4528009145495));
#8550=CARTESIAN_POINT('',(12.5996483503177,-3.31468944860804,29.4528009145495));
#8551=CARTESIAN_POINT('',(12.5996483503177,-3.31468944860804,29.9528009145495));
#8552=CARTESIAN_POINT('Ctrl Pts',(12.3496485887362,-3.42183177782405,29.4528009145495));
#8553=CARTESIAN_POINT('Ctrl Pts',(12.3864450280175,-3.39058448928899,29.4528009145495));
#8554=CARTESIAN_POINT('Ctrl Pts',(12.4588408446437,-3.32910644915703,29.4528009145495));
#8555=CARTESIAN_POINT('Ctrl Pts',(12.5532327706686,-3.31944184752371,29.4528009145495));
#8556=CARTESIAN_POINT('Ctrl Pts',(12.5996483503177,-3.31468944860804,29.4528009145495));
#8557=CARTESIAN_POINT('Origin',(12.5996483503177,-3.31468944860804,29.9528009145495));
#8558=CARTESIAN_POINT('',(12.9567910371615,-3.31468944860804,29.4528009145495));
#8559=CARTESIAN_POINT('',(12.9567910371615,-3.31468944860804,29.9528009145495));
#8560=CARTESIAN_POINT('',(12.5996483503177,-3.31468944860804,29.4528009145495));
#8561=CARTESIAN_POINT('Origin',(12.9567910371615,-3.31468944860804,29.9528009145495));
#8562=CARTESIAN_POINT('',(12.9567910371615,-1.17183213545192,29.4528009145495));
#8563=CARTESIAN_POINT('',(12.9567910371615,-1.17183213545192,29.9528009145495));
#8564=CARTESIAN_POINT('',(12.9567910371615,-3.31468944860804,29.4528009145495));
#8565=CARTESIAN_POINT('Origin',(13.6710764108493,-3.31468944860804,29.9528009145495));
#8566=CARTESIAN_POINT('',(13.6710764108493,-3.31468944860804,29.4528009145495));
#8567=CARTESIAN_POINT('',(13.6710764108493,-3.31468944860804,29.4528009145495));
#8568=CARTESIAN_POINT('',(13.6710764108493,-3.31468944860804,29.9528009145495));
#8569=CARTESIAN_POINT('Origin',(13.6710764108493,-0.814689150584821,29.9528009145495));
#8570=CARTESIAN_POINT('',(13.6710764108493,-0.814689150584821,29.4528009145495));
#8571=CARTESIAN_POINT('',(13.6710764108493,-0.814689150584821,29.4528009145495));
#8572=CARTESIAN_POINT('',(13.6710764108493,-0.814689150584821,29.9528009145495));
#8573=CARTESIAN_POINT('Ctrl Pts',(13.5639334855868,-0.564689090980176,29.9528009145495));
#8574=CARTESIAN_POINT('Ctrl Pts',(13.5639334855868,-0.564689090980176,29.4528009145495));
#8575=CARTESIAN_POINT('Ctrl Pts',(13.5951819264556,-0.601485275439423,29.9528009145495));
#8576=CARTESIAN_POINT('Ctrl Pts',(13.5951819264556,-0.601485275439423,29.4528009145495));
#8577=CARTESIAN_POINT('Ctrl Pts',(13.6566620473713,-0.673880371223348,29.9528009145495));
#8578=CARTESIAN_POINT('Ctrl Pts',(13.6566620473713,-0.673880371223348,29.4528009145495));
#8579=CARTESIAN_POINT('Ctrl Pts',(13.6663248911956,-0.768273248587737,29.9528009145495));
#8580=CARTESIAN_POINT('Ctrl Pts',(13.6663248911956,-0.768273248587737,29.4528009145495));
#8581=CARTESIAN_POINT('Ctrl Pts',(13.6710764108493,-0.814689150584821,29.9528009145495));
#8582=CARTESIAN_POINT('Ctrl Pts',(13.6710764108493,-0.814689150584821,29.4528009145495));
#8583=CARTESIAN_POINT('',(13.5639334855868,-0.564689090980176,29.4528009145495));
#8584=CARTESIAN_POINT('Ctrl Pts',(13.5639334855868,-0.564689090980176,29.4528009145495));
#8585=CARTESIAN_POINT('Ctrl Pts',(13.5951819264556,-0.601485275439423,29.4528009145495));
#8586=CARTESIAN_POINT('Ctrl Pts',(13.6566620473713,-0.673880371223348,29.4528009145495));
#8587=CARTESIAN_POINT('Ctrl Pts',(13.6663248911956,-0.768273248587737,29.4528009145495));
#8588=CARTESIAN_POINT('Ctrl Pts',(13.6710764108493,-0.814689150584821,29.4528009145495));
#8589=CARTESIAN_POINT('',(13.5639334855868,-0.564689090980176,29.9528009145495));
#8590=CARTESIAN_POINT('Ctrl Pts',(13.3139337240054,-0.457546165717725,29.9528009145495));
#8591=CARTESIAN_POINT('Ctrl Pts',(13.3139337240054,-0.457546165717725,29.4528009145495));
#8592=CARTESIAN_POINT('Ctrl Pts',(13.3603493236065,-0.462298537786716,29.9528009145495));
#8593=CARTESIAN_POINT('Ctrl Pts',(13.3603493236065,-0.462298537786716,29.4528009145495));
#8594=CARTESIAN_POINT('Ctrl Pts',(13.4547414055057,-0.471963096629152,29.9528009145495));
#8595=CARTESIAN_POINT('Ctrl Pts',(13.4547414055057,-0.471963096629152,29.4528009145495));
#8596=CARTESIAN_POINT('Ctrl Pts',(13.5271370767262,-0.533441553634845,29.9528009145495));
#8597=CARTESIAN_POINT('Ctrl Pts',(13.5271370767262,-0.533441553634845,29.4528009145495));
#8598=CARTESIAN_POINT('Ctrl Pts',(13.5639334855868,-0.564689090980176,29.9528009145495));
#8599=CARTESIAN_POINT('Ctrl Pts',(13.5639334855868,-0.564689090980176,29.4528009145495));
#8600=CARTESIAN_POINT('',(13.3139337240054,-0.457546165717725,29.4528009145495));
#8601=CARTESIAN_POINT('Ctrl Pts',(13.3139337240054,-0.457546165717725,29.4528009145495));
#8602=CARTESIAN_POINT('Ctrl Pts',(13.3603493236065,-0.462298537786716,29.4528009145495));
#8603=CARTESIAN_POINT('Ctrl Pts',(13.4547414055057,-0.471963096629152,29.4528009145495));
#8604=CARTESIAN_POINT('Ctrl Pts',(13.5271370767262,-0.533441553634845,29.4528009145495));
#8605=CARTESIAN_POINT('Ctrl Pts',(13.5639334855868,-0.564689090980176,29.4528009145495));
#8606=CARTESIAN_POINT('',(13.3139337240054,-0.457546165717725,29.9528009145495));
#8607=CARTESIAN_POINT('Origin',(12.5996483503177,-0.457546165717725,29.9528009145495));
#8608=CARTESIAN_POINT('',(12.5996483503177,-0.457546165717725,29.4528009145495));
#8609=CARTESIAN_POINT('',(12.5996483503177,-0.457546165717725,29.4528009145495));
#8610=CARTESIAN_POINT('',(12.5996483503177,-0.457546165717725,29.9528009145495));
#8611=CARTESIAN_POINT('Ctrl Pts',(12.3496485887362,-0.564689090980176,29.9528009145495));
#8612=CARTESIAN_POINT('Ctrl Pts',(12.3496485887362,-0.564689090980176,29.4528009145495));
#8613=CARTESIAN_POINT('Ctrl Pts',(12.3864449975969,-0.533441553634844,29.9528009145495));
#8614=CARTESIAN_POINT('Ctrl Pts',(12.3864449975969,-0.533441553634844,29.4528009145495));
#8615=CARTESIAN_POINT('Ctrl Pts',(12.4588406688174,-0.471963096629151,29.9528009145495));
#8616=CARTESIAN_POINT('Ctrl Pts',(12.4588406688174,-0.471963096629151,29.4528009145495));
#8617=CARTESIAN_POINT('Ctrl Pts',(12.5532327507166,-0.462298537786716,29.9528009145495));
#8618=CARTESIAN_POINT('Ctrl Pts',(12.5532327507166,-0.462298537786716,29.4528009145495));
#8619=CARTESIAN_POINT('Ctrl Pts',(12.5996483503177,-0.457546165717725,29.9528009145495));
#8620=CARTESIAN_POINT('Ctrl Pts',(12.5996483503177,-0.457546165717725,29.4528009145495));
#8621=CARTESIAN_POINT('',(12.3496485887362,-0.564689090980176,29.4528009145495));
#8622=CARTESIAN_POINT('Ctrl Pts',(12.3496485887362,-0.564689090980176,29.4528009145495));
#8623=CARTESIAN_POINT('Ctrl Pts',(12.3864449975969,-0.533441553634844,29.4528009145495));
#8624=CARTESIAN_POINT('Ctrl Pts',(12.4588406688174,-0.471963096629151,29.4528009145495));
#8625=CARTESIAN_POINT('Ctrl Pts',(12.5532327507166,-0.462298537786716,29.4528009145495));
#8626=CARTESIAN_POINT('Ctrl Pts',(12.5996483503177,-0.457546165717725,29.4528009145495));
#8627=CARTESIAN_POINT('',(12.3496485887362,-0.564689090980176,29.9528009145495));
#8628=CARTESIAN_POINT('Ctrl Pts',(12.2425056634738,-0.814689150584821,29.9528009145495));
#8629=CARTESIAN_POINT('Ctrl Pts',(12.2425056634738,-0.814689150584821,29.4528009145495));
#8630=CARTESIAN_POINT('Ctrl Pts',(12.2472582844767,-0.768273472039432,29.9528009145495));
#8631=CARTESIAN_POINT('Ctrl Pts',(12.2472582844767,-0.768273472039432,29.4528009145495));
#8632=CARTESIAN_POINT('Ctrl Pts',(12.2569233230371,-0.673881488611154,29.9528009145495));
#8633=CARTESIAN_POINT('Ctrl Pts',(12.2569233230371,-0.673881488611154,29.4528009145495));
#8634=CARTESIAN_POINT('Ctrl Pts',(12.3184013519372,-0.601485542084425,29.9528009145495));
#8635=CARTESIAN_POINT('Ctrl Pts',(12.3184013519372,-0.601485542084425,29.4528009145495));
#8636=CARTESIAN_POINT('Ctrl Pts',(12.3496485887362,-0.564689090980176,29.9528009145495));
#8637=CARTESIAN_POINT('Ctrl Pts',(12.3496485887362,-0.564689090980176,29.4528009145495));
#8638=CARTESIAN_POINT('',(12.2425056634738,-0.814689150584821,29.4528009145495));
#8639=CARTESIAN_POINT('Ctrl Pts',(12.2425056634738,-0.814689150584821,29.4528009145495));
#8640=CARTESIAN_POINT('Ctrl Pts',(12.2472582844767,-0.768273472039432,29.4528009145495));
#8641=CARTESIAN_POINT('Ctrl Pts',(12.2569233230371,-0.673881488611154,29.4528009145495));
#8642=CARTESIAN_POINT('Ctrl Pts',(12.3184013519372,-0.601485542084425,29.4528009145495));
#8643=CARTESIAN_POINT('Ctrl Pts',(12.3496485887362,-0.564689090980176,29.4528009145495));
#8644=CARTESIAN_POINT('',(12.2425056634738,-0.814689150584821,29.9528009145495));
#8645=CARTESIAN_POINT('Ctrl Pts',(12.3496485887362,-1.06468921018947,29.9528009145495));
#8646=CARTESIAN_POINT('Ctrl Pts',(12.3496485887362,-1.06468921018947,29.4528009145495));
#8647=CARTESIAN_POINT('Ctrl Pts',(12.3184013513505,-1.02789286071244,29.9528009145495));
#8648=CARTESIAN_POINT('Ctrl Pts',(12.3184013513505,-1.02789286071244,29.4528009145495));
#8649=CARTESIAN_POINT('Ctrl Pts',(12.2569232041409,-0.955496976174085,29.9528009145495));
#8650=CARTESIAN_POINT('Ctrl Pts',(12.2569232041409,-0.955496976174085,29.4528009145495));
#8651=CARTESIAN_POINT('Ctrl Pts',(12.2472582515593,-0.861104944352328,29.9528009145495));
#8652=CARTESIAN_POINT('Ctrl Pts',(12.2472582515593,-0.861104944352328,29.4528009145495));
#8653=CARTESIAN_POINT('Ctrl Pts',(12.2425056634738,-0.814689150584821,29.9528009145495));
#8654=CARTESIAN_POINT('Ctrl Pts',(12.2425056634738,-0.814689150584821,29.4528009145495));
#8655=CARTESIAN_POINT('',(12.3496485887362,-1.06468921018947,29.4528009145495));
#8656=CARTESIAN_POINT('Ctrl Pts',(12.3496485887362,-1.06468921018947,29.4528009145495));
#8657=CARTESIAN_POINT('Ctrl Pts',(12.3184013513505,-1.02789286071244,29.4528009145495));
#8658=CARTESIAN_POINT('Ctrl Pts',(12.2569232041409,-0.955496976174085,29.4528009145495));
#8659=CARTESIAN_POINT('Ctrl Pts',(12.2472582515593,-0.861104944352328,29.4528009145495));
#8660=CARTESIAN_POINT('Ctrl Pts',(12.2425056634738,-0.814689150584821,29.4528009145495));
#8661=CARTESIAN_POINT('',(12.3496485887362,-1.06468921018947,29.9528009145495));
#8662=CARTESIAN_POINT('Ctrl Pts',(12.5996483503177,-1.17183213545192,29.9528009145495));
#8663=CARTESIAN_POINT('Ctrl Pts',(12.5996483503177,-1.17183213545192,29.4528009145495));
#8664=CARTESIAN_POINT('Ctrl Pts',(12.5532327507166,-1.16707976338293,29.9528009145495));
#8665=CARTESIAN_POINT('Ctrl Pts',(12.5532327507166,-1.16707976338293,29.4528009145495));
#8666=CARTESIAN_POINT('Ctrl Pts',(12.4588406688174,-1.15741520454049,29.9528009145495));
#8667=CARTESIAN_POINT('Ctrl Pts',(12.4588406688174,-1.15741520454049,29.4528009145495));
#8668=CARTESIAN_POINT('Ctrl Pts',(12.3864449975969,-1.0959367475348,29.9528009145495));
#8669=CARTESIAN_POINT('Ctrl Pts',(12.3864449975969,-1.0959367475348,29.4528009145495));
#8670=CARTESIAN_POINT('Ctrl Pts',(12.3496485887362,-1.06468921018947,29.9528009145495));
#8671=CARTESIAN_POINT('Ctrl Pts',(12.3496485887362,-1.06468921018947,29.4528009145495));
#8672=CARTESIAN_POINT('',(12.5996483503177,-1.17183213545192,29.4528009145495));
#8673=CARTESIAN_POINT('Ctrl Pts',(12.5996483503177,-1.17183213545192,29.4528009145495));
#8674=CARTESIAN_POINT('Ctrl Pts',(12.5532327507166,-1.16707976338293,29.4528009145495));
#8675=CARTESIAN_POINT('Ctrl Pts',(12.4588406688174,-1.15741520454049,29.4528009145495));
#8676=CARTESIAN_POINT('Ctrl Pts',(12.3864449975969,-1.0959367475348,29.4528009145495));
#8677=CARTESIAN_POINT('Ctrl Pts',(12.3496485887362,-1.06468921018947,29.4528009145495));
#8678=CARTESIAN_POINT('',(12.5996483503177,-1.17183213545192,29.9528009145495));
#8679=CARTESIAN_POINT('Origin',(12.9567910371615,-1.17183213545192,29.9528009145495));
#8680=CARTESIAN_POINT('',(12.9567910371615,-1.17183213545192,29.4528009145495));
#8681=CARTESIAN_POINT('Origin',(6.69250685854692,-1.52897482229579,29.4528009145495));
#8682=CARTESIAN_POINT('Origin',(-11.3011459920713,1.27331574972823,29.9528009145495));
#8683=CARTESIAN_POINT('',(-12.2801552385385,2.27443489250567,29.9528009145495));
#8684=CARTESIAN_POINT('',(-11.5039778208968,-0.11216644007145,29.9528009145495));
#8685=CARTESIAN_POINT('',(-11.6980222679291,0.484484177867899,29.9528009145495));
#8686=CARTESIAN_POINT('',(-10.3221367456041,0.272190923115061,29.9528009145495));
#8687=CARTESIAN_POINT('',(-10.6175986163991,0.176101061326508,29.9528009145495));
#8688=CARTESIAN_POINT('',(-11.0983141632458,2.65879793952792,29.9528009145495));
#8689=CARTESIAN_POINT('',(-10.904270066831,2.06214697871524,29.9528009145495));
#8690=CARTESIAN_POINT('',(-11.984695544828,2.37052546722078,29.9528009145495));
#8691=CARTESIAN_POINT('Origin',(-10.3221367456041,0.272190923115061,29.9528009145495));
#8692=CARTESIAN_POINT('',(-11.5039778208968,-0.11216644007145,29.4528009145495));
#8693=CARTESIAN_POINT('',(-11.5039778208968,-0.11216644007145,29.9528009145495));
#8694=CARTESIAN_POINT('',(-10.3221367456041,0.272190923115061,29.4528009145495));
#8695=CARTESIAN_POINT('',(-10.3221367456041,0.272190923115061,29.4528009145495));
#8696=CARTESIAN_POINT('',(-10.3221367456041,0.272190923115061,29.9528009145495));
#8697=CARTESIAN_POINT('Origin',(-11.5039778208968,-0.11216644007145,29.9528009145495));
#8698=CARTESIAN_POINT('',(-12.2801552385385,2.27443489250567,29.4528009145495));
#8699=CARTESIAN_POINT('',(-12.2801552385385,2.27443489250567,29.9528009145495));
#8700=CARTESIAN_POINT('',(-11.5039778208968,-0.11216644007145,29.4528009145495));
#8701=CARTESIAN_POINT('Origin',(-11.0983141632458,2.65879793952792,29.9528009145495));
#8702=CARTESIAN_POINT('',(-11.0983141632458,2.65879793952792,29.4528009145495));
#8703=CARTESIAN_POINT('',(-11.0983141632458,2.65879793952792,29.4528009145495));
#8704=CARTESIAN_POINT('',(-11.0983141632458,2.65879793952792,29.9528009145495));
#8705=CARTESIAN_POINT('Origin',(-12.2801552385385,2.27443489250567,29.9528009145495));
#8706=CARTESIAN_POINT('',(-12.2801552385385,2.27443489250567,29.4528009145495));
#8707=CARTESIAN_POINT('Origin',(-11.3011459920713,1.27331574972823,29.4528009145495));
#8708=CARTESIAN_POINT('Origin',(-12.772171218329,-4.40187708136357,29.9528009145495));
#8709=CARTESIAN_POINT('',(-11.4557437862409,-4.8790877000785,29.9528009145495));
#8710=CARTESIAN_POINT('',(-13.1905502774366,-3.06560465576089,29.9528009145495));
#8711=CARTESIAN_POINT('',(-12.756851830895,-3.51897209653413,29.9528009145495));
#8712=CARTESIAN_POINT('',(-14.0885986504171,-3.92466688563176,29.9528009145495));
#8713=CARTESIAN_POINT('',(-13.8640799107758,-3.70989497030171,29.9528009145495));
#8714=CARTESIAN_POINT('',(-12.3537923707129,-5.73814950696624,29.9528009145495));
#8715=CARTESIAN_POINT('',(-12.7874907799941,-5.28478215561795,29.9528009145495));
#8716=CARTESIAN_POINT('',(-11.680262663167,-5.09385959040554,29.9528009145495));
#8717=CARTESIAN_POINT('Origin',(-14.0885986504171,-3.92466688563176,29.9528009145495));
#8718=CARTESIAN_POINT('',(-13.1905502774366,-3.06560465576089,29.4528009145495));
#8719=CARTESIAN_POINT('',(-13.1905502774366,-3.06560465576089,29.9528009145495));
#8720=CARTESIAN_POINT('',(-14.0885986504171,-3.92466688563176,29.4528009145495));
#8721=CARTESIAN_POINT('',(-14.0885986504171,-3.92466688563176,29.4528009145495));
#8722=CARTESIAN_POINT('',(-14.0885986504171,-3.92466688563176,29.9528009145495));
#8723=CARTESIAN_POINT('Origin',(-13.1905502774366,-3.06560465576089,29.9528009145495));
#8724=CARTESIAN_POINT('',(-11.4557437862409,-4.8790877000785,29.4528009145495));
#8725=CARTESIAN_POINT('',(-11.4557437862409,-4.8790877000785,29.9528009145495));
#8726=CARTESIAN_POINT('',(-13.1905502774366,-3.06560465576089,29.4528009145495));
#8727=CARTESIAN_POINT('Origin',(-12.3537923707129,-5.73814950696624,29.9528009145495));
#8728=CARTESIAN_POINT('',(-12.3537923707129,-5.73814950696624,29.4528009145495));
#8729=CARTESIAN_POINT('',(-12.3537923707129,-5.73814950696624,29.4528009145495));
#8730=CARTESIAN_POINT('',(-12.3537923707129,-5.73814950696624,29.9528009145495));
#8731=CARTESIAN_POINT('Origin',(-11.4557437862409,-4.8790877000785,29.9528009145495));
#8732=CARTESIAN_POINT('',(-11.4557437862409,-4.8790877000785,29.4528009145495));
#8733=CARTESIAN_POINT('Origin',(-12.772171218329,-4.40187708136357,29.4528009145495));
#8734=CARTESIAN_POINT('Origin',(-10.3891374840441,-3.3390687446432,29.9528009145495));
#8735=CARTESIAN_POINT('',(-9.19529362811408,-2.60738280697038,29.9528009145495));
#8736=CARTESIAN_POINT('',(-11.6947512468041,-2.83302865360831,29.9528009145495));
#8737=CARTESIAN_POINT('',(-11.0698792615051,-2.7766165075856,29.9528009145495));
#8738=CARTESIAN_POINT('',(-11.5830371737465,-4.07075468231602,29.9528009145495));
#8739=CARTESIAN_POINT('',(-11.6109667211115,-3.76131177331122,29.9528009145495));
#8740=CARTESIAN_POINT('',(-9.08352372128399,-3.84510883567809,29.9528009145495));
#8741=CARTESIAN_POINT('',(-9.70839643838374,-3.90151978763836,29.9528009145495));
#8742=CARTESIAN_POINT('',(-9.16735253377813,-2.91679900593668,29.9528009145495));
#8743=CARTESIAN_POINT('Origin',(-11.5830371737465,-4.07075468231602,29.9528009145495));
#8744=CARTESIAN_POINT('',(-11.6947512468041,-2.83302865360831,29.4528009145495));
#8745=CARTESIAN_POINT('',(-11.6947512468041,-2.83302865360831,29.9528009145495));
#8746=CARTESIAN_POINT('',(-11.5830371737465,-4.07075468231602,29.4528009145495));
#8747=CARTESIAN_POINT('',(-11.5830371737465,-4.07075468231602,29.4528009145495));
#8748=CARTESIAN_POINT('',(-11.5830371737465,-4.07075468231602,29.9528009145495));
#8749=CARTESIAN_POINT('Origin',(-11.6947512468041,-2.83302865360831,29.9528009145495));
#8750=CARTESIAN_POINT('',(-9.19529362811408,-2.60738280697038,29.4528009145495));
#8751=CARTESIAN_POINT('',(-9.19529362811408,-2.60738280697038,29.9528009145495));
#8752=CARTESIAN_POINT('',(-11.6947512468041,-2.83302865360831,29.4528009145495));
#8753=CARTESIAN_POINT('Origin',(-9.08352372128399,-3.84510883567809,29.9528009145495));
#8754=CARTESIAN_POINT('',(-9.08352372128399,-3.84510883567809,29.4528009145495));
#8755=CARTESIAN_POINT('',(-9.08352372128399,-3.84510883567809,29.4528009145495));
#8756=CARTESIAN_POINT('',(-9.08352372128399,-3.84510883567809,29.9528009145495));
#8757=CARTESIAN_POINT('Origin',(-9.19529362811408,-2.60738280697038,29.9528009145495));
#8758=CARTESIAN_POINT('',(-9.19529362811408,-2.60738280697038,29.4528009145495));
#8759=CARTESIAN_POINT('Origin',(-10.3891374840441,-3.3390687446432,29.4528009145495));
#8760=CARTESIAN_POINT('Origin',(-13.9093488710127,1.34865759642271,29.9528009145495));
#8761=CARTESIAN_POINT('',(-15.3024625091295,1.20742924136627,29.9528009145495));
#8762=CARTESIAN_POINT('',(-12.9526074653982,0.326229555190902,29.9528009145495));
#8763=CARTESIAN_POINT('',(-13.5400714277758,0.546529552276893,29.9528009145495));
#8764=CARTESIAN_POINT('',(-12.5162352328958,1.48989694904039,29.9528009145495));
#8765=CARTESIAN_POINT('',(-12.6253283578895,1.19897992226179,29.9528009145495));
#8766=CARTESIAN_POINT('',(-14.8660900651356,2.37108563765452,29.9528009145495));
#8767=CARTESIAN_POINT('',(-14.2786264831256,2.15078851276936,29.9528009145495));
#8768=CARTESIAN_POINT('',(-15.1933695220946,1.49834300986982,29.9528009145495));
#8769=CARTESIAN_POINT('Origin',(-12.5162352328958,1.48989694904039,29.9528009145495));
#8770=CARTESIAN_POINT('',(-12.9526074653982,0.326229555190902,29.4528009145495));
#8771=CARTESIAN_POINT('',(-12.9526074653982,0.326229555190902,29.9528009145495));
#8772=CARTESIAN_POINT('',(-12.5162352328958,1.48989694904039,29.4528009145495));
#8773=CARTESIAN_POINT('',(-12.5162352328958,1.48989694904039,29.4528009145495));
#8774=CARTESIAN_POINT('',(-12.5162352328958,1.48989694904039,29.9528009145495));
#8775=CARTESIAN_POINT('Origin',(-12.9526074653982,0.326229555190902,29.9528009145495));
#8776=CARTESIAN_POINT('',(-15.3024625091295,1.20742924136627,29.4528009145495));
#8777=CARTESIAN_POINT('',(-15.3024625091295,1.20742924136627,29.9528009145495));
#8778=CARTESIAN_POINT('',(-12.9526074653982,0.326229555190902,29.4528009145495));
#8779=CARTESIAN_POINT('Origin',(-14.8660900651356,2.37108563765452,29.9528009145495));
#8780=CARTESIAN_POINT('',(-14.8660900651356,2.37108563765452,29.4528009145495));
#8781=CARTESIAN_POINT('',(-14.8660900651356,2.37108563765452,29.4528009145495));
#8782=CARTESIAN_POINT('',(-14.8660900651356,2.37108563765452,29.9528009145495));
#8783=CARTESIAN_POINT('Origin',(-15.3024625091295,1.20742924136627,29.9528009145495));
#8784=CARTESIAN_POINT('',(-15.3024625091295,1.20742924136627,29.4528009145495));
#8785=CARTESIAN_POINT('Origin',(-13.9093488710127,1.34865759642271,29.4528009145495));
#8786=CARTESIAN_POINT('Origin',(-15.0889999511773,-3.20258054997342,29.9528009145495));
#8787=CARTESIAN_POINT('',(-14.6413147177682,-4.52936440663185,29.9528009145495));
#8788=CARTESIAN_POINT('',(-14.3051023512899,-2.04229257979851,29.9528009145495));
#8789=CARTESIAN_POINT('',(-14.3891552580886,-2.66405916932641,29.9528009145495));
#8790=CARTESIAN_POINT('',(-15.5366851845864,-1.87579669331499,29.9528009145495));
#8791=CARTESIAN_POINT('',(-15.2287867153665,-1.91742103817734,29.9528009145495));
#8792=CARTESIAN_POINT('',(-15.8728975510647,-4.36281903112274,29.9528009145495));
#8793=CARTESIAN_POINT('',(-15.788846176858,-3.74107615067726,29.9528009145495));
#8794=CARTESIAN_POINT('',(-14.949236079905,-4.48772459362221,29.9528009145495));
#8795=CARTESIAN_POINT('Origin',(-15.5366851845864,-1.87579669331499,29.9528009145495));
#8796=CARTESIAN_POINT('',(-14.3051023512899,-2.04229257979851,29.4528009145495));
#8797=CARTESIAN_POINT('',(-14.3051023512899,-2.04229257979851,29.9528009145495));
#8798=CARTESIAN_POINT('',(-15.5366851845864,-1.87579669331499,29.4528009145495));
#8799=CARTESIAN_POINT('',(-15.5366851845864,-1.87579669331499,29.4528009145495));
#8800=CARTESIAN_POINT('',(-15.5366851845864,-1.87579669331499,29.9528009145495));
#8801=CARTESIAN_POINT('Origin',(-14.3051023512899,-2.04229257979851,29.9528009145495));
#8802=CARTESIAN_POINT('',(-14.6413147177682,-4.52936440663185,29.4528009145495));
#8803=CARTESIAN_POINT('',(-14.6413147177682,-4.52936440663185,29.9528009145495));
#8804=CARTESIAN_POINT('',(-14.3051023512899,-2.04229257979851,29.4528009145495));
#8805=CARTESIAN_POINT('Origin',(-15.8728975510647,-4.36281903112274,29.9528009145495));
#8806=CARTESIAN_POINT('',(-15.8728975510647,-4.36281903112274,29.4528009145495));
#8807=CARTESIAN_POINT('',(-15.8728975510647,-4.36281903112274,29.4528009145495));
#8808=CARTESIAN_POINT('',(-15.8728975510647,-4.36281903112274,29.9528009145495));
#8809=CARTESIAN_POINT('Origin',(-14.6413147177682,-4.52936440663185,29.9528009145495));
#8810=CARTESIAN_POINT('',(-14.6413147177682,-4.52936440663185,29.4528009145495));
#8811=CARTESIAN_POINT('Origin',(-15.0889999511773,-3.20258054997342,29.4528009145495));
#8812=CARTESIAN_POINT('Origin',(-9.73457067562804,-0.813653391812391,29.9528009145495));
#8813=CARTESIAN_POINT('',(-9.56225940565493,0.57595921498151,29.9528009145495));
#8814=CARTESIAN_POINT('',(-10.9442429830664,-1.51889368431013,29.9528009145495));
#8815=CARTESIAN_POINT('',(-10.5987494699469,-0.995184069033407,29.9528009145495));
#8816=CARTESIAN_POINT('',(-9.90688152261801,-2.20326599860629,29.9528009145495));
#8817=CARTESIAN_POINT('',(-10.1662291522569,-2.03216812744914,29.9528009145495));
#8818=CARTESIAN_POINT('',(-8.52489836818964,-0.108413099314656,29.9528009145495));
#8819=CARTESIAN_POINT('',(-8.87039178355994,-0.632122726711674,29.9528009145495));
#8820=CARTESIAN_POINT('',(-9.30291185728394,0.404861327673756,29.9528009145495));
#8821=CARTESIAN_POINT('Origin',(-9.90688152261801,-2.20326599860629,29.9528009145495));
#8822=CARTESIAN_POINT('',(-10.9442429830664,-1.51889368431013,29.4528009145495));
#8823=CARTESIAN_POINT('',(-10.9442429830664,-1.51889368431013,29.9528009145495));
#8824=CARTESIAN_POINT('',(-9.90688152261801,-2.20326599860629,29.4528009145495));
#8825=CARTESIAN_POINT('',(-9.90688152261801,-2.20326599860629,29.4528009145495));
#8826=CARTESIAN_POINT('',(-9.90688152261801,-2.20326599860629,29.9528009145495));
#8827=CARTESIAN_POINT('Origin',(-10.9442429830664,-1.51889368431013,29.9528009145495));
#8828=CARTESIAN_POINT('',(-9.56225940565493,0.57595921498151,29.4528009145495));
#8829=CARTESIAN_POINT('',(-9.56225940565493,0.57595921498151,29.9528009145495));
#8830=CARTESIAN_POINT('',(-10.9442429830664,-1.51889368431013,29.4528009145495));
#8831=CARTESIAN_POINT('Origin',(-8.52489836818964,-0.108413099314656,29.9528009145495));
#8832=CARTESIAN_POINT('',(-8.52489836818964,-0.108413099314656,29.4528009145495));
#8833=CARTESIAN_POINT('',(-8.52489836818964,-0.108413099314656,29.4528009145495));
#8834=CARTESIAN_POINT('',(-8.52489836818964,-0.108413099314656,29.9528009145495));
#8835=CARTESIAN_POINT('Origin',(-9.56225940565493,0.57595921498151,29.9528009145495));
#8836=CARTESIAN_POINT('',(-9.56225940565493,0.57595921498151,29.4528009145495));
#8837=CARTESIAN_POINT('Origin',(-9.73457067562804,-0.813653391812391,29.4528009145495));
#8838=CARTESIAN_POINT('Origin',(-15.5949373498405,-0.641771661202395,29.9528009145495));
#8839=CARTESIAN_POINT('',(-16.353107437371,-1.81900824794564,29.9528009145495));
#8840=CARTESIAN_POINT('',(-14.1990543486789,-0.531235701892764,29.9528009145495));
#8841=CARTESIAN_POINT('',(-14.7375675942131,-0.853178822480309,29.9528009145495));
#8842=CARTESIAN_POINT('',(-14.8367616842201,0.535464925540853,29.9528009145495));
#8843=CARTESIAN_POINT('',(-14.6773339451005,0.26878825448643,29.9528009145495));
#8844=CARTESIAN_POINT('',(-16.9908203510021,-0.752313330784209,29.9528009145495));
#8845=CARTESIAN_POINT('',(-16.4523063262021,-0.430369150452522,29.9528009145495));
#8846=CARTESIAN_POINT('',(-16.5125355676297,-1.55233468282812,29.9528009145495));
#8847=CARTESIAN_POINT('Origin',(-14.8367616842201,0.535464925540853,29.9528009145495));
#8848=CARTESIAN_POINT('',(-14.1990543486789,-0.531235701892764,29.4528009145495));
#8849=CARTESIAN_POINT('',(-14.1990543486789,-0.531235701892764,29.9528009145495));
#8850=CARTESIAN_POINT('',(-14.8367616842201,0.535464925540853,29.4528009145495));
#8851=CARTESIAN_POINT('',(-14.8367616842201,0.535464925540853,29.4528009145495));
#8852=CARTESIAN_POINT('',(-14.8367616842201,0.535464925540853,29.9528009145495));
#8853=CARTESIAN_POINT('Origin',(-14.1990543486789,-0.531235701892764,29.9528009145495));
#8854=CARTESIAN_POINT('',(-16.353107437371,-1.81900824794564,29.4528009145495));
#8855=CARTESIAN_POINT('',(-16.353107437371,-1.81900824794564,29.9528009145495));
#8856=CARTESIAN_POINT('',(-14.1990543486789,-0.531235701892764,29.4528009145495));
#8857=CARTESIAN_POINT('Origin',(-16.9908203510021,-0.752313330784209,29.9528009145495));
#8858=CARTESIAN_POINT('',(-16.9908203510021,-0.752313330784209,29.4528009145495));
#8859=CARTESIAN_POINT('',(-16.9908203510021,-0.752313330784209,29.4528009145495));
#8860=CARTESIAN_POINT('',(-16.9908203510021,-0.752313330784209,29.9528009145495));
#8861=CARTESIAN_POINT('Origin',(-16.353107437371,-1.81900824794564,29.9528009145495));
#8862=CARTESIAN_POINT('',(-16.353107437371,-1.81900824794564,29.4528009145495));
#8863=CARTESIAN_POINT('Origin',(-15.5949373498405,-0.641771661202395,29.4528009145495));
#8864=CARTESIAN_POINT('Ctrl Pts',(13.063933962424,0.36388213323247,29.6528009145495));
#8865=CARTESIAN_POINT('Ctrl Pts',(13.063933962424,0.36388213323247,29.9528009145495));
#8866=CARTESIAN_POINT('Ctrl Pts',(13.1001318097371,0.333142947269641,29.6528009145495));
#8867=CARTESIAN_POINT('Ctrl Pts',(13.1001318097371,0.333142947269641,29.9528009145495));
#8868=CARTESIAN_POINT('Ctrl Pts',(13.1363296570501,0.302403761306801,29.6528009145495));
#8869=CARTESIAN_POINT('Ctrl Pts',(13.1363296570501,0.302403761306801,29.9528009145495));
#8870=CARTESIAN_POINT('Ctrl Pts',(13.2195666513213,0.266401396403015,29.6528009145495));
#8871=CARTESIAN_POINT('Ctrl Pts',(13.2195666513213,0.266401396403015,29.9528009145495));
#8872=CARTESIAN_POINT('Ctrl Pts',(13.265300165352,0.261718913540607,29.6528009145495));
#8873=CARTESIAN_POINT('Ctrl Pts',(13.265300165352,0.261718913540607,29.9528009145495));
#8874=CARTESIAN_POINT('Ctrl Pts',(13.3139337240054,0.256739505993243,29.6528009145495));
#8875=CARTESIAN_POINT('Ctrl Pts',(13.3139337240054,0.256739505993243,29.9528009145495));
#8876=CARTESIAN_POINT('',(13.3139337240054,0.256739505993243,29.6528009145495));
#8877=CARTESIAN_POINT('',(13.063933962424,0.36388213323247,29.6528009145495));
#8878=CARTESIAN_POINT('Ctrl Pts',(13.3139337240054,0.256739505993243,29.6528009145495));
#8879=CARTESIAN_POINT('Ctrl Pts',(13.265300165352,0.261718913540607,29.6528009145495));
#8880=CARTESIAN_POINT('Ctrl Pts',(13.2195666513213,0.266401396403015,29.6528009145495));
#8881=CARTESIAN_POINT('Ctrl Pts',(13.1779371413252,0.284407342229981,29.6528009145495));
#8882=CARTESIAN_POINT('Ctrl Pts',(13.1363296570501,0.302403761306801,29.6528009145495));
#8883=CARTESIAN_POINT('Ctrl Pts',(13.1001318097371,0.333142947269641,29.6528009145495));
#8884=CARTESIAN_POINT('Ctrl Pts',(13.063933962424,0.36388213323247,29.6528009145495));
#8885=CARTESIAN_POINT('',(13.3139337240054,0.256739505993243,29.9528009145495));
#8886=CARTESIAN_POINT('',(13.3139337240054,0.256739505993243,29.6528009145495));
#8887=CARTESIAN_POINT('',(13.063933962424,0.36388213323247,29.9528009145495));
#8888=CARTESIAN_POINT('Ctrl Pts',(13.063933962424,0.36388213323247,29.9528009145495));
#8889=CARTESIAN_POINT('Ctrl Pts',(13.1001318097371,0.333142947269641,29.9528009145495));
#8890=CARTESIAN_POINT('Ctrl Pts',(13.1363296570501,0.302403761306801,29.9528009145495));
#8891=CARTESIAN_POINT('Ctrl Pts',(13.1779371413252,0.284407342229981,29.9528009145495));
#8892=CARTESIAN_POINT('Ctrl Pts',(13.2195666513213,0.266401396403015,29.9528009145495));
#8893=CARTESIAN_POINT('Ctrl Pts',(13.265300165352,0.261718913540607,29.9528009145495));
#8894=CARTESIAN_POINT('Ctrl Pts',(13.3139337240054,0.256739505993243,29.9528009145495));
#8895=CARTESIAN_POINT('',(13.063933962424,0.36388213323247,29.6528009145495));
#8896=CARTESIAN_POINT('Ctrl Pts',(12.9567910371615,0.613882192837115,29.6528009145495));
#8897=CARTESIAN_POINT('Ctrl Pts',(12.9567910371615,0.613882192837115,29.9528009145495));
#8898=CARTESIAN_POINT('Ctrl Pts',(12.9617706681553,0.565249001597601,29.6528009145495));
#8899=CARTESIAN_POINT('Ctrl Pts',(12.9617706681553,0.565249001597601,29.9528009145495));
#8900=CARTESIAN_POINT('Ctrl Pts',(12.9664534329313,0.519515131925494,29.6528009145495));
#8901=CARTESIAN_POINT('Ctrl Pts',(12.9664534329313,0.519515131925494,29.9528009145495));
#8902=CARTESIAN_POINT('Ctrl Pts',(13.0024558152144,0.436278017770827,29.6528009145495));
#8903=CARTESIAN_POINT('Ctrl Pts',(13.0024558152144,0.436278017770827,29.9528009145495));
#8904=CARTESIAN_POINT('Ctrl Pts',(13.0331948888192,0.400080075501651,29.6528009145495));
#8905=CARTESIAN_POINT('Ctrl Pts',(13.0331948888192,0.400080075501651,29.9528009145495));
#8906=CARTESIAN_POINT('Ctrl Pts',(13.063933962424,0.36388213323247,29.6528009145495));
#8907=CARTESIAN_POINT('Ctrl Pts',(13.063933962424,0.36388213323247,29.9528009145495));
#8908=CARTESIAN_POINT('',(12.9567910371615,0.613882192837115,29.6528009145495));
#8909=CARTESIAN_POINT('Ctrl Pts',(13.063933962424,0.36388213323247,29.6528009145495));
#8910=CARTESIAN_POINT('Ctrl Pts',(13.0331948888192,0.400080075501651,29.6528009145495));
#8911=CARTESIAN_POINT('Ctrl Pts',(13.0024558152144,0.436278017770827,29.6528009145495));
#8912=CARTESIAN_POINT('Ctrl Pts',(12.9844593849328,0.477885567792027,29.6528009145495));
#8913=CARTESIAN_POINT('Ctrl Pts',(12.9664534329313,0.519515131925494,29.6528009145495));
#8914=CARTESIAN_POINT('Ctrl Pts',(12.9617706681553,0.565249001597601,29.6528009145495));
#8915=CARTESIAN_POINT('Ctrl Pts',(12.9567910371615,0.613882192837115,29.6528009145495));
#8916=CARTESIAN_POINT('',(12.9567910371615,0.613882192837115,29.9528009145495));
#8917=CARTESIAN_POINT('Ctrl Pts',(12.9567910371615,0.613882192837115,29.9528009145495));
#8918=CARTESIAN_POINT('Ctrl Pts',(12.9617706681553,0.565249001597601,29.9528009145495));
#8919=CARTESIAN_POINT('Ctrl Pts',(12.9664534329313,0.519515131925494,29.9528009145495));
#8920=CARTESIAN_POINT('Ctrl Pts',(12.9844593849328,0.477885567792027,29.9528009145494));
#8921=CARTESIAN_POINT('Ctrl Pts',(13.0024558152144,0.436278017770827,29.9528009145495));
#8922=CARTESIAN_POINT('Ctrl Pts',(13.0331948888192,0.400080075501651,29.9528009145495));
#8923=CARTESIAN_POINT('Ctrl Pts',(13.063933962424,0.36388213323247,29.9528009145495));
#8924=CARTESIAN_POINT('',(12.9567910371615,0.613882192837115,29.6528009145495));
#8925=CARTESIAN_POINT('Ctrl Pts',(13.063933962424,0.86388225244176,29.6528009145495));
#8926=CARTESIAN_POINT('Ctrl Pts',(13.063933962424,0.86388225244176,29.9528009145495));
#8927=CARTESIAN_POINT('Ctrl Pts',(13.0331948888192,0.827684310172601,29.6528009145495));
#8928=CARTESIAN_POINT('Ctrl Pts',(13.0331948888192,0.827684310172601,29.9528009145495));
#8929=CARTESIAN_POINT('Ctrl Pts',(13.0024558152144,0.791486367903418,29.6528009145495));
#8930=CARTESIAN_POINT('Ctrl Pts',(13.0024558152144,0.791486367903418,29.9528009145495));
#8931=CARTESIAN_POINT('Ctrl Pts',(12.9664534329313,0.708249253748756,29.6528009145495));
#8932=CARTESIAN_POINT('Ctrl Pts',(12.9664534329313,0.708249253748756,29.9528009145495));
#8933=CARTESIAN_POINT('Ctrl Pts',(12.9617706681553,0.66251538407674,29.6528009145495));
#8934=CARTESIAN_POINT('Ctrl Pts',(12.9617706681553,0.66251538407674,29.9528009145495));
#8935=CARTESIAN_POINT('Ctrl Pts',(12.9567910371615,0.613882192837115,29.6528009145495));
#8936=CARTESIAN_POINT('Ctrl Pts',(12.9567910371615,0.613882192837115,29.9528009145495));
#8937=CARTESIAN_POINT('',(13.063933962424,0.86388225244176,29.6528009145495));
#8938=CARTESIAN_POINT('Ctrl Pts',(12.9567910371615,0.613882192837115,29.6528009145495));
#8939=CARTESIAN_POINT('Ctrl Pts',(12.9617706681553,0.66251538407674,29.6528009145495));
#8940=CARTESIAN_POINT('Ctrl Pts',(12.9664534329313,0.708249253748756,29.6528009145495));
#8941=CARTESIAN_POINT('Ctrl Pts',(12.9844593849328,0.749878817882203,29.6528009145495));
#8942=CARTESIAN_POINT('Ctrl Pts',(13.0024558152144,0.791486367903418,29.6528009145495));
#8943=CARTESIAN_POINT('Ctrl Pts',(13.0331948888192,0.827684310172601,29.6528009145495));
#8944=CARTESIAN_POINT('Ctrl Pts',(13.063933962424,0.86388225244176,29.6528009145495));
#8945=CARTESIAN_POINT('',(13.063933962424,0.86388225244176,29.9528009145495));
#8946=CARTESIAN_POINT('Ctrl Pts',(13.063933962424,0.86388225244176,29.9528009145495));
#8947=CARTESIAN_POINT('Ctrl Pts',(13.0331948888192,0.827684310172601,29.9528009145495));
#8948=CARTESIAN_POINT('Ctrl Pts',(13.0024558152144,0.791486367903418,29.9528009145495));
#8949=CARTESIAN_POINT('Ctrl Pts',(12.9844593849328,0.749878817882203,29.9528009145495));
#8950=CARTESIAN_POINT('Ctrl Pts',(12.9664534329313,0.708249253748756,29.9528009145495));
#8951=CARTESIAN_POINT('Ctrl Pts',(12.9617706681553,0.66251538407674,29.9528009145495));
#8952=CARTESIAN_POINT('Ctrl Pts',(12.9567910371615,0.613882192837115,29.9528009145495));
#8953=CARTESIAN_POINT('',(13.063933962424,0.86388225244176,29.6528009145495));
#8954=CARTESIAN_POINT('Ctrl Pts',(13.3139337240054,0.971025177704211,29.6528009145495));
#8955=CARTESIAN_POINT('Ctrl Pts',(13.3139337240054,0.971025177704211,29.9528009145495));
#8956=CARTESIAN_POINT('Ctrl Pts',(13.2653001369924,0.966045711694473,29.6528009145495));
#8957=CARTESIAN_POINT('Ctrl Pts',(13.2653001369924,0.966045711694473,29.9528009145495));
#8958=CARTESIAN_POINT('Ctrl Pts',(13.2195666268121,0.961363176980584,29.6528009145495));
#8959=CARTESIAN_POINT('Ctrl Pts',(13.2195666268121,0.961363176980584,29.9528009145495));
#8960=CARTESIAN_POINT('Ctrl Pts',(13.1363296336445,0.925360709447452,29.6528009145495));
#8961=CARTESIAN_POINT('Ctrl Pts',(13.1363296336445,0.925360709447452,29.9528009145495));
#8962=CARTESIAN_POINT('Ctrl Pts',(13.1001317980342,0.894621480944603,29.6528009145495));
#8963=CARTESIAN_POINT('Ctrl Pts',(13.1001317980342,0.894621480944603,29.9528009145495));
#8964=CARTESIAN_POINT('Ctrl Pts',(13.063933962424,0.86388225244176,29.6528009145495));
#8965=CARTESIAN_POINT('Ctrl Pts',(13.063933962424,0.86388225244176,29.9528009145495));
#8966=CARTESIAN_POINT('',(13.3139337240054,0.971025177704211,29.6528009145495));
#8967=CARTESIAN_POINT('Ctrl Pts',(13.063933962424,0.86388225244176,29.6528009145495));
#8968=CARTESIAN_POINT('Ctrl Pts',(13.1001317980342,0.894621480944603,29.6528009145495));
#8969=CARTESIAN_POINT('Ctrl Pts',(13.1363296336445,0.925360709447452,29.6528009145495));
#8970=CARTESIAN_POINT('Ctrl Pts',(13.1779371171145,0.943357179715773,29.6528009145495));
#8971=CARTESIAN_POINT('Ctrl Pts',(13.2195666268121,0.961363176980584,29.6528009145495));
#8972=CARTESIAN_POINT('Ctrl Pts',(13.2653001369924,0.966045711694473,29.6528009145495));
#8973=CARTESIAN_POINT('Ctrl Pts',(13.3139337240054,0.971025177704211,29.6528009145495));
#8974=CARTESIAN_POINT('',(13.3139337240054,0.971025177704211,29.9528009145495));
#8975=CARTESIAN_POINT('Ctrl Pts',(13.3139337240054,0.971025177704211,29.9528009145495));
#8976=CARTESIAN_POINT('Ctrl Pts',(13.2653001369924,0.966045711694473,29.9528009145495));
#8977=CARTESIAN_POINT('Ctrl Pts',(13.2195666268121,0.961363176980584,29.9528009145495));
#8978=CARTESIAN_POINT('Ctrl Pts',(13.1779371171145,0.943357179715773,29.9528009145495));
#8979=CARTESIAN_POINT('Ctrl Pts',(13.1363296336445,0.925360709447452,29.9528009145495));
#8980=CARTESIAN_POINT('Ctrl Pts',(13.1001317980342,0.894621480944603,29.9528009145495));
#8981=CARTESIAN_POINT('Ctrl Pts',(13.063933962424,0.86388225244176,29.9528009145495));
#8982=CARTESIAN_POINT('',(13.3139337240054,0.971025177704211,29.6528009145495));
#8983=CARTESIAN_POINT('Ctrl Pts',(13.5639334855868,0.86388225244176,29.6528009145495));
#8984=CARTESIAN_POINT('Ctrl Pts',(13.5639334855868,0.86388225244176,29.9528009145495));
#8985=CARTESIAN_POINT('Ctrl Pts',(13.5277356499766,0.894621480944605,29.6528009145495));
#8986=CARTESIAN_POINT('Ctrl Pts',(13.5277356499766,0.894621480944605,29.9528009145495));
#8987=CARTESIAN_POINT('Ctrl Pts',(13.4915378143664,0.925360709447451,29.6528009145495));
#8988=CARTESIAN_POINT('Ctrl Pts',(13.4915378143664,0.925360709447451,29.9528009145495));
#8989=CARTESIAN_POINT('Ctrl Pts',(13.4083008211988,0.961363176980583,29.6528009145495));
#8990=CARTESIAN_POINT('Ctrl Pts',(13.4083008211988,0.961363176980583,29.9528009145495));
#8991=CARTESIAN_POINT('Ctrl Pts',(13.3625673110184,0.96604571169447,29.6528009145495));
#8992=CARTESIAN_POINT('Ctrl Pts',(13.3625673110184,0.96604571169447,29.9528009145495));
#8993=CARTESIAN_POINT('Ctrl Pts',(13.3139337240054,0.971025177704211,29.6528009145495));
#8994=CARTESIAN_POINT('Ctrl Pts',(13.3139337240054,0.971025177704211,29.9528009145495));
#8995=CARTESIAN_POINT('',(13.5639334855868,0.86388225244176,29.6528009145495));
#8996=CARTESIAN_POINT('Ctrl Pts',(13.3139337240054,0.971025177704211,29.6528009145495));
#8997=CARTESIAN_POINT('Ctrl Pts',(13.3625673110184,0.96604571169447,29.6528009145495));
#8998=CARTESIAN_POINT('Ctrl Pts',(13.4083008211988,0.961363176980583,29.6528009145495));
#8999=CARTESIAN_POINT('Ctrl Pts',(13.4499303308963,0.943357179715772,29.6528009145495));
#9000=CARTESIAN_POINT('Ctrl Pts',(13.4915378143664,0.925360709447451,29.6528009145495));
#9001=CARTESIAN_POINT('Ctrl Pts',(13.5277356499766,0.894621480944605,29.6528009145495));
#9002=CARTESIAN_POINT('Ctrl Pts',(13.5639334855868,0.86388225244176,29.6528009145495));
#9003=CARTESIAN_POINT('',(13.5639334855868,0.86388225244176,29.9528009145495));
#9004=CARTESIAN_POINT('Ctrl Pts',(13.5639334855868,0.86388225244176,29.9528009145495));
#9005=CARTESIAN_POINT('Ctrl Pts',(13.5277356499766,0.894621480944605,29.9528009145495));
#9006=CARTESIAN_POINT('Ctrl Pts',(13.4915378143664,0.925360709447451,29.9528009145495));
#9007=CARTESIAN_POINT('Ctrl Pts',(13.4499303308963,0.943357179715772,29.9528009145495));
#9008=CARTESIAN_POINT('Ctrl Pts',(13.4083008211988,0.961363176980583,29.9528009145495));
#9009=CARTESIAN_POINT('Ctrl Pts',(13.3625673110184,0.96604571169447,29.9528009145495));
#9010=CARTESIAN_POINT('Ctrl Pts',(13.3139337240054,0.971025177704211,29.9528009145495));
#9011=CARTESIAN_POINT('',(13.5639334855868,0.86388225244176,29.6528009145495));
#9012=CARTESIAN_POINT('Ctrl Pts',(13.6710764108493,0.613882192837115,29.6528009145495));
#9013=CARTESIAN_POINT('Ctrl Pts',(13.6710764108493,0.613882192837115,29.9528009145495));
#9014=CARTESIAN_POINT('Ctrl Pts',(13.6660978131035,0.662516339783228,29.6528009145495));
#9015=CARTESIAN_POINT('Ctrl Pts',(13.6660978131035,0.662516339783228,29.9528009145495));
#9016=CARTESIAN_POINT('Ctrl Pts',(13.6614161252623,0.708250079692723,29.6528009145495));
#9017=CARTESIAN_POINT('Ctrl Pts',(13.6614161252623,0.708250079692723,29.9528009145495));
#9018=CARTESIAN_POINT('Ctrl Pts',(13.6254136065026,0.791487156657824,29.6528009145495));
#9019=CARTESIAN_POINT('Ctrl Pts',(13.6254136065026,0.791487156657824,29.9528009145495));
#9020=CARTESIAN_POINT('Ctrl Pts',(13.5946735460447,0.827684704549777,29.6528009145495));
#9021=CARTESIAN_POINT('Ctrl Pts',(13.5946735460447,0.827684704549777,29.9528009145495));
#9022=CARTESIAN_POINT('Ctrl Pts',(13.5639334855868,0.86388225244176,29.6528009145495));
#9023=CARTESIAN_POINT('Ctrl Pts',(13.5639334855868,0.86388225244176,29.9528009145495));
#9024=CARTESIAN_POINT('',(13.6710764108493,0.613882192837115,29.6528009145495));
#9025=CARTESIAN_POINT('Ctrl Pts',(13.5639334855868,0.86388225244176,29.6528009145495));
#9026=CARTESIAN_POINT('Ctrl Pts',(13.5946735460447,0.827684704549777,29.6528009145495));
#9027=CARTESIAN_POINT('Ctrl Pts',(13.6254136065026,0.791487156657824,29.6528009145495));
#9028=CARTESIAN_POINT('Ctrl Pts',(13.6434101013115,0.749879633764541,29.6528009145495));
#9029=CARTESIAN_POINT('Ctrl Pts',(13.6614161252623,0.708250079692723,29.6528009145495));
#9030=CARTESIAN_POINT('Ctrl Pts',(13.6660978131035,0.662516339783228,29.6528009145495));
#9031=CARTESIAN_POINT('Ctrl Pts',(13.6710764108493,0.613882192837115,29.6528009145495));
#9032=CARTESIAN_POINT('',(13.6710764108493,0.613882192837115,29.9528009145495));
#9033=CARTESIAN_POINT('Ctrl Pts',(13.6710764108493,0.613882192837115,29.9528009145495));
#9034=CARTESIAN_POINT('Ctrl Pts',(13.6660978131035,0.662516339783228,29.9528009145495));
#9035=CARTESIAN_POINT('Ctrl Pts',(13.6614161252623,0.708250079692723,29.9528009145495));
#9036=CARTESIAN_POINT('Ctrl Pts',(13.6434101013115,0.749879633764541,29.9528009145495));
#9037=CARTESIAN_POINT('Ctrl Pts',(13.6254136065026,0.791487156657824,29.9528009145495));
#9038=CARTESIAN_POINT('Ctrl Pts',(13.5946735460447,0.827684704549777,29.9528009145495));
#9039=CARTESIAN_POINT('Ctrl Pts',(13.5639334855868,0.86388225244176,29.9528009145495));
#9040=CARTESIAN_POINT('',(13.6710764108493,0.613882192837115,29.6528009145495));
#9041=CARTESIAN_POINT('Ctrl Pts',(13.5639334855868,0.36388213323247,29.6528009145495));
#9042=CARTESIAN_POINT('Ctrl Pts',(13.5639334855868,0.36388213323247,29.9528009145495));
#9043=CARTESIAN_POINT('Ctrl Pts',(13.5946725296143,0.400080090998768,29.6528009145495));
#9044=CARTESIAN_POINT('Ctrl Pts',(13.5946725296143,0.400080090998768,29.9528009145495));
#9045=CARTESIAN_POINT('Ctrl Pts',(13.6254115736417,0.436278048765054,29.6528009145495));
#9046=CARTESIAN_POINT('Ctrl Pts',(13.6254115736417,0.436278048765054,29.9528009145495));
#9047=CARTESIAN_POINT('Ctrl Pts',(13.6614139723963,0.519515158995159,29.6528009145495));
#9048=CARTESIAN_POINT('Ctrl Pts',(13.6614139723963,0.519515158995159,29.9528009145495));
#9049=CARTESIAN_POINT('Ctrl Pts',(13.6660967497913,0.565248936763472,29.6528009145495));
#9050=CARTESIAN_POINT('Ctrl Pts',(13.6660967497913,0.565248936763472,29.9528009145495));
#9051=CARTESIAN_POINT('Ctrl Pts',(13.6710764108493,0.613882192837115,29.6528009145495));
#9052=CARTESIAN_POINT('Ctrl Pts',(13.6710764108493,0.613882192837115,29.9528009145495));
#9053=CARTESIAN_POINT('',(13.5639334855868,0.36388213323247,29.6528009145495));
#9054=CARTESIAN_POINT('Ctrl Pts',(13.6710764108493,0.613882192837115,29.6528009145495));
#9055=CARTESIAN_POINT('Ctrl Pts',(13.6660967497913,0.565248936763472,29.6528009145495));
#9056=CARTESIAN_POINT('Ctrl Pts',(13.6614139723963,0.519515158995159,29.6528009145495));
#9057=CARTESIAN_POINT('Ctrl Pts',(13.643408011608,0.477885595555644,29.6528009145495));
#9058=CARTESIAN_POINT('Ctrl Pts',(13.6254115736417,0.436278048765054,29.6528009145495));
#9059=CARTESIAN_POINT('Ctrl Pts',(13.5946725296143,0.400080090998768,29.6528009145495));
#9060=CARTESIAN_POINT('Ctrl Pts',(13.5639334855868,0.36388213323247,29.6528009145495));
#9061=CARTESIAN_POINT('',(13.5639334855868,0.36388213323247,29.9528009145495));
#9062=CARTESIAN_POINT('Ctrl Pts',(13.5639334855868,0.36388213323247,29.9528009145495));
#9063=CARTESIAN_POINT('Ctrl Pts',(13.5946725296143,0.400080090998768,29.9528009145495));
#9064=CARTESIAN_POINT('Ctrl Pts',(13.6254115736417,0.436278048765054,29.9528009145495));
#9065=CARTESIAN_POINT('Ctrl Pts',(13.643408011608,0.477885595555644,29.9528009145495));
#9066=CARTESIAN_POINT('Ctrl Pts',(13.6614139723963,0.519515158995159,29.9528009145495));
#9067=CARTESIAN_POINT('Ctrl Pts',(13.6660967497913,0.565248936763472,29.9528009145495));
#9068=CARTESIAN_POINT('Ctrl Pts',(13.6710764108493,0.613882192837115,29.9528009145495));
#9069=CARTESIAN_POINT('',(13.5639334855868,0.36388213323247,29.6528009145495));
#9070=CARTESIAN_POINT('Ctrl Pts',(13.3139337240054,0.256739505993243,29.6528009145495));
#9071=CARTESIAN_POINT('Ctrl Pts',(13.3139337240054,0.256739505993243,29.9528009145495));
#9072=CARTESIAN_POINT('Ctrl Pts',(13.3625667042525,0.261718737609393,29.6528009145495));
#9073=CARTESIAN_POINT('Ctrl Pts',(13.3625667042525,0.261718737609393,29.9528009145495));
#9074=CARTESIAN_POINT('Ctrl Pts',(13.4083009616257,0.266401186825888,29.6528009145495));
#9075=CARTESIAN_POINT('Ctrl Pts',(13.4083009616257,0.266401186825888,29.9528009145495));
#9076=CARTESIAN_POINT('Ctrl Pts',(13.4915379896188,0.302403411425222,29.6528009145495));
#9077=CARTESIAN_POINT('Ctrl Pts',(13.4915379896188,0.302403411425222,29.9528009145495));
#9078=CARTESIAN_POINT('Ctrl Pts',(13.5277357376028,0.33314277232885,29.6528009145495));
#9079=CARTESIAN_POINT('Ctrl Pts',(13.5277357376028,0.33314277232885,29.9528009145495));
#9080=CARTESIAN_POINT('Ctrl Pts',(13.5639334855868,0.36388213323247,29.6528009145495));
#9081=CARTESIAN_POINT('Ctrl Pts',(13.5639334855868,0.36388213323247,29.9528009145495));
#9082=CARTESIAN_POINT('Ctrl Pts',(13.5639334855868,0.36388213323247,29.6528009145495));
#9083=CARTESIAN_POINT('Ctrl Pts',(13.5277357376028,0.33314277232885,29.6528009145495));
#9084=CARTESIAN_POINT('Ctrl Pts',(13.4915379896188,0.302403411425222,29.6528009145495));
#9085=CARTESIAN_POINT('Ctrl Pts',(13.449930477803,0.284407057860829,29.6528009145495));
#9086=CARTESIAN_POINT('Ctrl Pts',(13.4083009616257,0.266401186825888,29.6528009145495));
#9087=CARTESIAN_POINT('Ctrl Pts',(13.3625667042525,0.261718737609393,29.6528009145495));
#9088=CARTESIAN_POINT('Ctrl Pts',(13.3139337240054,0.256739505993243,29.6528009145495));
#9089=CARTESIAN_POINT('Ctrl Pts',(13.3139337240054,0.256739505993243,29.9528009145495));
#9090=CARTESIAN_POINT('Ctrl Pts',(13.3625667042525,0.261718737609393,29.9528009145495));
#9091=CARTESIAN_POINT('Ctrl Pts',(13.4083009616257,0.266401186825888,29.9528009145495));
#9092=CARTESIAN_POINT('Ctrl Pts',(13.449930477803,0.284407057860829,29.9528009145495));
#9093=CARTESIAN_POINT('Ctrl Pts',(13.4915379896188,0.302403411425222,29.9528009145495));
#9094=CARTESIAN_POINT('Ctrl Pts',(13.5277357376028,0.33314277232885,29.9528009145495));
#9095=CARTESIAN_POINT('Ctrl Pts',(13.5639334855868,0.36388213323247,29.9528009145495));
#9096=CARTESIAN_POINT('Origin',(6.69250685854692,-1.52897482229579,29.9528009145495));
#9097=CARTESIAN_POINT('Ctrl Pts',(13.3139337240054,0.971025177704211,29.9528009145495));
#9098=CARTESIAN_POINT('Ctrl Pts',(13.3139337240054,0.971025177704211,29.4528009145495));
#9099=CARTESIAN_POINT('Ctrl Pts',(13.3603493236065,0.96627280563522,29.9528009145495));
#9100=CARTESIAN_POINT('Ctrl Pts',(13.3603493236065,0.96627280563522,29.4528009145495));
#9101=CARTESIAN_POINT('Ctrl Pts',(13.4547414055057,0.956608246792784,29.9528009145495));
#9102=CARTESIAN_POINT('Ctrl Pts',(13.4547414055057,0.956608246792784,29.4528009145495));
#9103=CARTESIAN_POINT('Ctrl Pts',(13.5271370767262,0.895129789787092,29.9528009145495));
#9104=CARTESIAN_POINT('Ctrl Pts',(13.5271370767262,0.895129789787092,29.4528009145495));
#9105=CARTESIAN_POINT('Ctrl Pts',(13.5639334855868,0.86388225244176,29.9528009145495));
#9106=CARTESIAN_POINT('Ctrl Pts',(13.5639334855868,0.86388225244176,29.4528009145495));
#9107=CARTESIAN_POINT('',(13.5639334855868,0.86388225244176,29.4528009145495));
#9108=CARTESIAN_POINT('',(13.5639334855868,0.86388225244176,29.9528009145495));
#9109=CARTESIAN_POINT('',(13.3139337240054,0.971025177704211,29.4528009145495));
#9110=CARTESIAN_POINT('Ctrl Pts',(13.3139337240054,0.971025177704211,29.4528009145495));
#9111=CARTESIAN_POINT('Ctrl Pts',(13.3603493236065,0.96627280563522,29.4528009145495));
#9112=CARTESIAN_POINT('Ctrl Pts',(13.4547414055057,0.956608246792784,29.4528009145495));
#9113=CARTESIAN_POINT('Ctrl Pts',(13.5271370767262,0.895129789787092,29.4528009145495));
#9114=CARTESIAN_POINT('Ctrl Pts',(13.5639334855868,0.86388225244176,29.4528009145495));
#9115=CARTESIAN_POINT('',(13.3139337240054,0.971025177704211,29.9528009145495));
#9116=CARTESIAN_POINT('Ctrl Pts',(13.5639334855868,0.86388225244176,29.9528009145495));
#9117=CARTESIAN_POINT('Ctrl Pts',(13.5639334855868,0.86388225244176,29.4528009145495));
#9118=CARTESIAN_POINT('Ctrl Pts',(13.5951819264556,0.827086067982513,29.9528009145495));
#9119=CARTESIAN_POINT('Ctrl Pts',(13.5951819264556,0.827086067982513,29.4528009145495));
#9120=CARTESIAN_POINT('Ctrl Pts',(13.6566620473713,0.754690972198588,29.9528009145495));
#9121=CARTESIAN_POINT('Ctrl Pts',(13.6566620473713,0.754690972198588,29.4528009145495));
#9122=CARTESIAN_POINT('Ctrl Pts',(13.6663248911956,0.660298094834197,29.9528009145495));
#9123=CARTESIAN_POINT('Ctrl Pts',(13.6663248911956,0.660298094834197,29.4528009145495));
#9124=CARTESIAN_POINT('Ctrl Pts',(13.6710764108493,0.613882192837115,29.9528009145495));
#9125=CARTESIAN_POINT('Ctrl Pts',(13.6710764108493,0.613882192837115,29.4528009145495));
#9126=CARTESIAN_POINT('',(13.6710764108493,0.613882192837115,29.4528009145495));
#9127=CARTESIAN_POINT('',(13.6710764108493,0.613882192837115,29.9528009145495));
#9128=CARTESIAN_POINT('Ctrl Pts',(13.5639334855868,0.86388225244176,29.4528009145495));
#9129=CARTESIAN_POINT('Ctrl Pts',(13.5951819264556,0.827086067982513,29.4528009145495));
#9130=CARTESIAN_POINT('Ctrl Pts',(13.6566620473713,0.754690972198588,29.4528009145495));
#9131=CARTESIAN_POINT('Ctrl Pts',(13.6663248911956,0.660298094834197,29.4528009145495));
#9132=CARTESIAN_POINT('Ctrl Pts',(13.6710764108493,0.613882192837115,29.4528009145495));
#9133=CARTESIAN_POINT('Ctrl Pts',(13.6710764108493,0.613882192837115,29.9528009145495));
#9134=CARTESIAN_POINT('Ctrl Pts',(13.6710764108493,0.613882192837115,29.4528009145495));
#9135=CARTESIAN_POINT('Ctrl Pts',(13.6663238063051,0.567466456680682,29.9528009145495));
#9136=CARTESIAN_POINT('Ctrl Pts',(13.6663238063051,0.567466456680682,29.4528009145495));
#9137=CARTESIAN_POINT('Ctrl Pts',(13.6566588107341,0.473074449055685,29.9528009145495));
#9138=CARTESIAN_POINT('Ctrl Pts',(13.6566588107341,0.473074449055685,29.4528009145495));
#9139=CARTESIAN_POINT('Ctrl Pts',(13.5951807226792,0.400678533523107,29.9528009145495));
#9140=CARTESIAN_POINT('Ctrl Pts',(13.5951807226792,0.400678533523107,29.4528009145495));
#9141=CARTESIAN_POINT('Ctrl Pts',(13.5639334855868,0.36388213323247,29.9528009145495));
#9142=CARTESIAN_POINT('Ctrl Pts',(13.5639334855868,0.36388213323247,29.4528009145495));
#9143=CARTESIAN_POINT('',(13.5639334855868,0.36388213323247,29.4528009145495));
#9144=CARTESIAN_POINT('',(13.5639334855868,0.36388213323247,29.9528009145495));
#9145=CARTESIAN_POINT('Ctrl Pts',(13.6710764108493,0.613882192837115,29.4528009145495));
#9146=CARTESIAN_POINT('Ctrl Pts',(13.6663238063051,0.567466456680682,29.4528009145495));
#9147=CARTESIAN_POINT('Ctrl Pts',(13.6566588107341,0.473074449055685,29.4528009145495));
#9148=CARTESIAN_POINT('Ctrl Pts',(13.5951807226792,0.400678533523107,29.4528009145495));
#9149=CARTESIAN_POINT('Ctrl Pts',(13.5639334855868,0.36388213323247,29.4528009145495));
#9150=CARTESIAN_POINT('Ctrl Pts',(13.5639334855868,0.36388213323247,29.9528009145495));
#9151=CARTESIAN_POINT('Ctrl Pts',(13.5639334855868,0.36388213323247,29.4528009145495));
#9152=CARTESIAN_POINT('Ctrl Pts',(13.5271374680244,0.332634717946648,29.9528009145495));
#9153=CARTESIAN_POINT('Ctrl Pts',(13.5271374680244,0.332634717946648,29.4528009145495));
#9154=CARTESIAN_POINT('Ctrl Pts',(13.4547419720564,0.271155996139397,29.9528009145495));
#9155=CARTESIAN_POINT('Ctrl Pts',(13.4547419720564,0.271155996139397,29.4528009145495));
#9156=CARTESIAN_POINT('Ctrl Pts',(13.3603497745197,0.261491759814489,29.9528009145495));
#9157=CARTESIAN_POINT('Ctrl Pts',(13.3603497745197,0.261491759814489,29.4528009145495));
#9158=CARTESIAN_POINT('Ctrl Pts',(13.3139337240054,0.256739505993243,29.9528009145495));
#9159=CARTESIAN_POINT('Ctrl Pts',(13.3139337240054,0.256739505993243,29.4528009145495));
#9160=CARTESIAN_POINT('',(13.3139337240054,0.256739505993243,29.4528009145495));
#9161=CARTESIAN_POINT('',(13.3139337240054,0.256739505993243,29.9528009145495));
#9162=CARTESIAN_POINT('Ctrl Pts',(13.5639334855868,0.36388213323247,29.4528009145495));
#9163=CARTESIAN_POINT('Ctrl Pts',(13.5271374680244,0.332634717946648,29.4528009145495));
#9164=CARTESIAN_POINT('Ctrl Pts',(13.4547419720564,0.271155996139397,29.4528009145495));
#9165=CARTESIAN_POINT('Ctrl Pts',(13.3603497745197,0.261491759814489,29.4528009145495));
#9166=CARTESIAN_POINT('Ctrl Pts',(13.3139337240054,0.256739505993243,29.4528009145495));
#9167=CARTESIAN_POINT('Ctrl Pts',(13.063933962424,0.86388225244176,29.9528009145495));
#9168=CARTESIAN_POINT('Ctrl Pts',(13.063933962424,0.86388225244176,29.4528009145495));
#9169=CARTESIAN_POINT('Ctrl Pts',(13.1007303712846,0.895129789787092,29.9528009145495));
#9170=CARTESIAN_POINT('Ctrl Pts',(13.1007303712846,0.895129789787092,29.4528009145495));
#9171=CARTESIAN_POINT('Ctrl Pts',(13.1731260425051,0.956608246792784,29.9528009145495));
#9172=CARTESIAN_POINT('Ctrl Pts',(13.1731260425051,0.956608246792784,29.4528009145495));
#9173=CARTESIAN_POINT('Ctrl Pts',(13.2675181244043,0.96627280563522,29.9528009145495));
#9174=CARTESIAN_POINT('Ctrl Pts',(13.2675181244043,0.96627280563522,29.4528009145495));
#9175=CARTESIAN_POINT('Ctrl Pts',(13.3139337240054,0.971025177704211,29.9528009145495));
#9176=CARTESIAN_POINT('Ctrl Pts',(13.3139337240054,0.971025177704211,29.4528009145495));
#9177=CARTESIAN_POINT('',(13.063933962424,0.86388225244176,29.4528009145495));
#9178=CARTESIAN_POINT('Ctrl Pts',(13.063933962424,0.86388225244176,29.4528009145495));
#9179=CARTESIAN_POINT('Ctrl Pts',(13.1007303712846,0.895129789787092,29.4528009145495));
#9180=CARTESIAN_POINT('Ctrl Pts',(13.1731260425051,0.956608246792784,29.4528009145495));
#9181=CARTESIAN_POINT('Ctrl Pts',(13.2675181244043,0.96627280563522,29.4528009145495));
#9182=CARTESIAN_POINT('Ctrl Pts',(13.3139337240054,0.971025177704211,29.4528009145495));
#9183=CARTESIAN_POINT('',(13.063933962424,0.86388225244176,29.9528009145495));
#9184=CARTESIAN_POINT('Ctrl Pts',(12.9567910371615,0.613882192837115,29.9528009145495));
#9185=CARTESIAN_POINT('Ctrl Pts',(12.9567910371615,0.613882192837115,29.4528009145495));
#9186=CARTESIAN_POINT('Ctrl Pts',(12.961543625247,0.660297986604622,29.9528009145495));
#9187=CARTESIAN_POINT('Ctrl Pts',(12.961543625247,0.660297986604622,29.4528009145495));
#9188=CARTESIAN_POINT('Ctrl Pts',(12.9712085778286,0.754690018426379,29.9528009145495));
#9189=CARTESIAN_POINT('Ctrl Pts',(12.9712085778286,0.754690018426379,29.4528009145495));
#9190=CARTESIAN_POINT('Ctrl Pts',(13.0326867250382,0.827085902964733,29.9528009145495));
#9191=CARTESIAN_POINT('Ctrl Pts',(13.0326867250382,0.827085902964733,29.4528009145495));
#9192=CARTESIAN_POINT('Ctrl Pts',(13.063933962424,0.86388225244176,29.9528009145495));
#9193=CARTESIAN_POINT('Ctrl Pts',(13.063933962424,0.86388225244176,29.4528009145495));
#9194=CARTESIAN_POINT('',(12.9567910371615,0.613882192837115,29.4528009145495));
#9195=CARTESIAN_POINT('Ctrl Pts',(12.9567910371615,0.613882192837115,29.4528009145495));
#9196=CARTESIAN_POINT('Ctrl Pts',(12.961543625247,0.660297986604622,29.4528009145495));
#9197=CARTESIAN_POINT('Ctrl Pts',(12.9712085778286,0.754690018426379,29.4528009145495));
#9198=CARTESIAN_POINT('Ctrl Pts',(13.0326867250382,0.827085902964733,29.4528009145495));
#9199=CARTESIAN_POINT('Ctrl Pts',(13.063933962424,0.86388225244176,29.4528009145495));
#9200=CARTESIAN_POINT('',(12.9567910371615,0.613882192837115,29.9528009145495));
#9201=CARTESIAN_POINT('Ctrl Pts',(13.063933962424,0.36388213323247,29.9528009145495));
#9202=CARTESIAN_POINT('Ctrl Pts',(13.063933962424,0.36388213323247,29.4528009145495));
#9203=CARTESIAN_POINT('Ctrl Pts',(13.0326867250382,0.400678482709497,29.9528009145495));
#9204=CARTESIAN_POINT('Ctrl Pts',(13.0326867250382,0.400678482709497,29.4528009145495));
#9205=CARTESIAN_POINT('Ctrl Pts',(12.9712085778286,0.47307436724785,29.9528009145495));
#9206=CARTESIAN_POINT('Ctrl Pts',(12.9712085778286,0.47307436724785,29.4528009145495));
#9207=CARTESIAN_POINT('Ctrl Pts',(12.961543625247,0.567466399069608,29.9528009145495));
#9208=CARTESIAN_POINT('Ctrl Pts',(12.961543625247,0.567466399069608,29.4528009145495));
#9209=CARTESIAN_POINT('Ctrl Pts',(12.9567910371615,0.613882192837115,29.9528009145495));
#9210=CARTESIAN_POINT('Ctrl Pts',(12.9567910371615,0.613882192837115,29.4528009145495));
#9211=CARTESIAN_POINT('',(13.063933962424,0.36388213323247,29.4528009145495));
#9212=CARTESIAN_POINT('Ctrl Pts',(13.063933962424,0.36388213323247,29.4528009145495));
#9213=CARTESIAN_POINT('Ctrl Pts',(13.0326867250382,0.400678482709497,29.4528009145495));
#9214=CARTESIAN_POINT('Ctrl Pts',(12.9712085778286,0.47307436724785,29.4528009145495));
#9215=CARTESIAN_POINT('Ctrl Pts',(12.961543625247,0.567466399069608,29.4528009145495));
#9216=CARTESIAN_POINT('Ctrl Pts',(12.9567910371615,0.613882192837115,29.4528009145495));
#9217=CARTESIAN_POINT('',(13.063933962424,0.36388213323247,29.9528009145495));
#9218=CARTESIAN_POINT('Ctrl Pts',(13.3139337240054,0.256739505993243,29.9528009145495));
#9219=CARTESIAN_POINT('Ctrl Pts',(13.3139337240054,0.256739505993243,29.4528009145495));
#9220=CARTESIAN_POINT('Ctrl Pts',(13.267518127616,0.261491824708481,29.9528009145495));
#9221=CARTESIAN_POINT('Ctrl Pts',(13.267518127616,0.261491824708481,29.4528009145495));
#9222=CARTESIAN_POINT('Ctrl Pts',(13.1731260708075,0.271156273148972,29.9528009145495));
#9223=CARTESIAN_POINT('Ctrl Pts',(13.1731260708075,0.271156273148972,29.4528009145495));
#9224=CARTESIAN_POINT('Ctrl Pts',(13.1007303761814,0.332634645074643,29.9528009145495));
#9225=CARTESIAN_POINT('Ctrl Pts',(13.1007303761814,0.332634645074643,29.4528009145495));
#9226=CARTESIAN_POINT('Ctrl Pts',(13.063933962424,0.36388213323247,29.9528009145495));
#9227=CARTESIAN_POINT('Ctrl Pts',(13.063933962424,0.36388213323247,29.4528009145495));
#9228=CARTESIAN_POINT('Ctrl Pts',(13.3139337240054,0.256739505993243,29.4528009145495));
#9229=CARTESIAN_POINT('Ctrl Pts',(13.267518127616,0.261491824708481,29.4528009145495));
#9230=CARTESIAN_POINT('Ctrl Pts',(13.1731260708075,0.271156273148972,29.4528009145495));
#9231=CARTESIAN_POINT('Ctrl Pts',(13.1007303761814,0.332634645074643,29.4528009145495));
#9232=CARTESIAN_POINT('Ctrl Pts',(13.063933962424,0.36388213323247,29.4528009145495));
#9233=CARTESIAN_POINT('Origin',(6.69250685854692,-1.52897482229579,29.4528009145495));
#9234=CARTESIAN_POINT('Ctrl Pts',(7.93536316736479,-1.27897476269114,29.6528009145495));
#9235=CARTESIAN_POINT('Ctrl Pts',(7.93536316736479,-1.27897476269114,29.9528009145495));
#9236=CARTESIAN_POINT('Ctrl Pts',(7.97156103932646,-1.24823563840667,29.6528009145495));
#9237=CARTESIAN_POINT('Ctrl Pts',(7.97156103932646,-1.24823563840667,29.9528009145495));
#9238=CARTESIAN_POINT('Ctrl Pts',(8.00775891128814,-1.21749651412219,29.6528009145495));
#9239=CARTESIAN_POINT('Ctrl Pts',(8.00775891128814,-1.21749651412219,29.9528009145495));
#9240=CARTESIAN_POINT('Ctrl Pts',(8.09099590788348,-1.18149415774812,29.6528009145495));
#9241=CARTESIAN_POINT('Ctrl Pts',(8.09099590788348,-1.18149415774812,29.9528009145495));
#9242=CARTESIAN_POINT('Ctrl Pts',(8.1367294300241,-1.1768116075772,29.6528009145495));
#9243=CARTESIAN_POINT('Ctrl Pts',(8.1367294300241,-1.1768116075772,29.9528009145495));
#9244=CARTESIAN_POINT('Ctrl Pts',(8.18536292894621,-1.17183213545192,29.6528009145495));
#9245=CARTESIAN_POINT('Ctrl Pts',(8.18536292894621,-1.17183213545192,29.9528009145495));
#9246=CARTESIAN_POINT('',(8.18536292894621,-1.17183213545192,29.6528009145495));
#9247=CARTESIAN_POINT('',(7.93536316736479,-1.27897476269114,29.6528009145495));
#9248=CARTESIAN_POINT('Ctrl Pts',(8.18536292894621,-1.17183213545192,29.6528009145495));
#9249=CARTESIAN_POINT('Ctrl Pts',(8.1367294300241,-1.1768116075772,29.6528009145495));
#9250=CARTESIAN_POINT('Ctrl Pts',(8.09099590788348,-1.18149415774812,29.6528009145495));
#9251=CARTESIAN_POINT('Ctrl Pts',(8.04936639725862,-1.19950009907828,29.6528009145495));
#9252=CARTESIAN_POINT('Ctrl Pts',(8.00775891128814,-1.21749651412219,29.6528009145495));
#9253=CARTESIAN_POINT('Ctrl Pts',(7.97156103932646,-1.24823563840667,29.6528009145495));
#9254=CARTESIAN_POINT('Ctrl Pts',(7.93536316736479,-1.27897476269114,29.6528009145495));
#9255=CARTESIAN_POINT('',(8.18536292894621,-1.17183213545192,29.9528009145495));
#9256=CARTESIAN_POINT('',(8.18536292894621,-1.17183213545192,29.6528009145495));
#9257=CARTESIAN_POINT('',(7.93536316736479,-1.27897476269114,29.9528009145495));
#9258=CARTESIAN_POINT('Ctrl Pts',(7.93536316736479,-1.27897476269114,29.9528009145495));
#9259=CARTESIAN_POINT('Ctrl Pts',(7.97156103932646,-1.24823563840667,29.9528009145495));
#9260=CARTESIAN_POINT('Ctrl Pts',(8.00775891128814,-1.21749651412219,29.9528009145495));
#9261=CARTESIAN_POINT('Ctrl Pts',(8.04936639725862,-1.19950009907828,29.9528009145495));
#9262=CARTESIAN_POINT('Ctrl Pts',(8.09099590788348,-1.18149415774812,29.9528009145495));
#9263=CARTESIAN_POINT('Ctrl Pts',(8.1367294300241,-1.1768116075772,29.9528009145495));
#9264=CARTESIAN_POINT('Ctrl Pts',(8.18536292894621,-1.17183213545192,29.9528009145495));
#9265=CARTESIAN_POINT('',(7.93536316736479,-1.27897476269114,29.6528009145495));
#9266=CARTESIAN_POINT('Ctrl Pts',(7.82822024210233,-1.52897482229579,29.6528009145495));
#9267=CARTESIAN_POINT('Ctrl Pts',(7.82822024210233,-1.52897482229579,29.9528009145495));
#9268=CARTESIAN_POINT('Ctrl Pts',(7.83319935647661,-1.48034115319832,29.6528009145495));
#9269=CARTESIAN_POINT('Ctrl Pts',(7.83319935647661,-1.48034115319832,29.9528009145495));
#9270=CARTESIAN_POINT('Ctrl Pts',(7.8378815827827,-1.43460734841035,29.6528009145495));
#9271=CARTESIAN_POINT('Ctrl Pts',(7.8378815827827,-1.43460734841035,29.9528009145495));
#9272=CARTESIAN_POINT('Ctrl Pts',(7.8738840333021,-1.35137025285061,29.6528009145495));
#9273=CARTESIAN_POINT('Ctrl Pts',(7.8738840333021,-1.35137025285061,29.9528009145495));
#9274=CARTESIAN_POINT('Ctrl Pts',(7.90462360033345,-1.31517250777087,29.6528009145495));
#9275=CARTESIAN_POINT('Ctrl Pts',(7.90462360033345,-1.31517250777087,29.9528009145495));
#9276=CARTESIAN_POINT('Ctrl Pts',(7.93536316736479,-1.27897476269114,29.6528009145495));
#9277=CARTESIAN_POINT('Ctrl Pts',(7.93536316736479,-1.27897476269114,29.9528009145495));
#9278=CARTESIAN_POINT('',(7.82822024210233,-1.52897482229579,29.6528009145495));
#9279=CARTESIAN_POINT('Ctrl Pts',(7.93536316736479,-1.27897476269114,29.6528009145495));
#9280=CARTESIAN_POINT('Ctrl Pts',(7.90462360033345,-1.31517250777087,29.6528009145495));
#9281=CARTESIAN_POINT('Ctrl Pts',(7.8738840333021,-1.35137025285061,29.6528009145495));
#9282=CARTESIAN_POINT('Ctrl Pts',(7.85588757075767,-1.39297778930818,29.6528009145495));
#9283=CARTESIAN_POINT('Ctrl Pts',(7.8378815827827,-1.43460734841035,29.6528009145495));
#9284=CARTESIAN_POINT('Ctrl Pts',(7.83319935647661,-1.48034115319832,29.6528009145495));
#9285=CARTESIAN_POINT('Ctrl Pts',(7.82822024210233,-1.52897482229579,29.6528009145495));
#9286=CARTESIAN_POINT('',(7.82822024210233,-1.52897482229579,29.9528009145495));
#9287=CARTESIAN_POINT('Ctrl Pts',(7.82822024210233,-1.52897482229579,29.9528009145495));
#9288=CARTESIAN_POINT('Ctrl Pts',(7.83319935647661,-1.48034115319832,29.9528009145495));
#9289=CARTESIAN_POINT('Ctrl Pts',(7.8378815827827,-1.43460734841035,29.9528009145495));
#9290=CARTESIAN_POINT('Ctrl Pts',(7.85588757075767,-1.39297778930818,29.9528009145495));
#9291=CARTESIAN_POINT('Ctrl Pts',(7.8738840333021,-1.35137025285061,29.9528009145495));
#9292=CARTESIAN_POINT('Ctrl Pts',(7.90462360033345,-1.31517250777087,29.9528009145495));
#9293=CARTESIAN_POINT('Ctrl Pts',(7.93536316736479,-1.27897476269114,29.9528009145495));
#9294=CARTESIAN_POINT('',(7.82822024210233,-1.52897482229579,29.6528009145495));
#9295=CARTESIAN_POINT('Ctrl Pts',(7.93536316736479,-3.20754652334559,29.6528009145495));
#9296=CARTESIAN_POINT('Ctrl Pts',(7.93536316736479,-3.20754652334559,29.9528009145495));
#9297=CARTESIAN_POINT('Ctrl Pts',(7.90462412025431,-3.17134851102386,29.6528009145495));
#9298=CARTESIAN_POINT('Ctrl Pts',(7.90462412025431,-3.17134851102386,29.9528009145495));
#9299=CARTESIAN_POINT('Ctrl Pts',(7.87388507314382,-3.1351504987021,29.6528009145495));
#9300=CARTESIAN_POINT('Ctrl Pts',(7.87388507314382,-3.1351504987021,29.9528009145495));
#9301=CARTESIAN_POINT('Ctrl Pts',(7.83788267610614,-3.05191328855494,29.6528009145495));
#9302=CARTESIAN_POINT('Ctrl Pts',(7.83788267610614,-3.05191328855494,29.9528009145495));
#9303=CARTESIAN_POINT('Ctrl Pts',(7.8331999000265,-3.00617945944389,29.6528009145495));
#9304=CARTESIAN_POINT('Ctrl Pts',(7.8331999000265,-3.00617945944389,29.9528009145495));
#9305=CARTESIAN_POINT('Ctrl Pts',(7.82822024210233,-2.95754616571772,29.6528009145495));
#9306=CARTESIAN_POINT('Ctrl Pts',(7.82822024210233,-2.95754616571772,29.9528009145495));
#9307=CARTESIAN_POINT('',(7.82822024210233,-2.95754616571772,29.6528009145495));
#9308=CARTESIAN_POINT('',(7.93536316736479,-3.20754652334559,29.6528009145495));
#9309=CARTESIAN_POINT('Ctrl Pts',(7.82822024210233,-2.95754616571772,29.6528009145495));
#9310=CARTESIAN_POINT('Ctrl Pts',(7.8331999000265,-3.00617945944389,29.6528009145495));
#9311=CARTESIAN_POINT('Ctrl Pts',(7.83788267610614,-3.05191328855494,29.6528009145495));
#9312=CARTESIAN_POINT('Ctrl Pts',(7.85588863597848,-3.09354290183393,29.6528009145495));
#9313=CARTESIAN_POINT('Ctrl Pts',(7.87388507314382,-3.1351504987021,29.6528009145495));
#9314=CARTESIAN_POINT('Ctrl Pts',(7.90462412025431,-3.17134851102386,29.6528009145495));
#9315=CARTESIAN_POINT('Ctrl Pts',(7.93536316736479,-3.20754652334559,29.6528009145495));
#9316=CARTESIAN_POINT('',(7.82822024210233,-2.95754616571772,29.9528009145495));
#9317=CARTESIAN_POINT('',(7.82822024210233,-2.95754616571772,29.6528009145495));
#9318=CARTESIAN_POINT('',(7.93536316736479,-3.20754652334559,29.9528009145495));
#9319=CARTESIAN_POINT('Ctrl Pts',(7.93536316736479,-3.20754652334559,29.9528009145495));
#9320=CARTESIAN_POINT('Ctrl Pts',(7.90462412025431,-3.17134851102386,29.9528009145495));
#9321=CARTESIAN_POINT('Ctrl Pts',(7.87388507314382,-3.1351504987021,29.9528009145495));
#9322=CARTESIAN_POINT('Ctrl Pts',(7.85588863597848,-3.09354290183393,29.9528009145495));
#9323=CARTESIAN_POINT('Ctrl Pts',(7.83788267610614,-3.05191328855494,29.9528009145495));
#9324=CARTESIAN_POINT('Ctrl Pts',(7.8331999000265,-3.00617945944389,29.9528009145495));
#9325=CARTESIAN_POINT('Ctrl Pts',(7.82822024210233,-2.95754616571772,29.9528009145495));
#9326=CARTESIAN_POINT('',(7.93536316736479,-3.20754652334559,29.6528009145495));
#9327=CARTESIAN_POINT('Ctrl Pts',(8.18536292894621,-3.31468944860804,29.6528009145495));
#9328=CARTESIAN_POINT('Ctrl Pts',(8.18536292894621,-3.31468944860804,29.9528009145495));
#9329=CARTESIAN_POINT('Ctrl Pts',(8.13672986060371,-3.30971022310717,29.6528009145495));
#9330=CARTESIAN_POINT('Ctrl Pts',(8.13672986060371,-3.30971022310717,29.9528009145495));
#9331=CARTESIAN_POINT('Ctrl Pts',(8.09099561519369,-3.3050277893482,29.6528009145495));
#9332=CARTESIAN_POINT('Ctrl Pts',(8.09099561519369,-3.3050277893482,29.9528009145495));
#9333=CARTESIAN_POINT('Ctrl Pts',(8.00775859062885,-3.26902545359017,29.6528009145495));
#9334=CARTESIAN_POINT('Ctrl Pts',(8.00775859062885,-3.26902545359017,29.9528009145495));
#9335=CARTESIAN_POINT('Ctrl Pts',(7.97156087899683,-3.23828598846789,29.6528009145495));
#9336=CARTESIAN_POINT('Ctrl Pts',(7.97156087899683,-3.23828598846789,29.9528009145495));
#9337=CARTESIAN_POINT('Ctrl Pts',(7.93536316736479,-3.20754652334559,29.6528009145495));
#9338=CARTESIAN_POINT('Ctrl Pts',(7.93536316736479,-3.20754652334559,29.9528009145495));
#9339=CARTESIAN_POINT('',(8.18536292894621,-3.31468944860804,29.6528009145495));
#9340=CARTESIAN_POINT('Ctrl Pts',(7.93536316736479,-3.20754652334559,29.6528009145495));
#9341=CARTESIAN_POINT('Ctrl Pts',(7.97156087899683,-3.23828598846789,29.6528009145495));
#9342=CARTESIAN_POINT('Ctrl Pts',(8.00775859062885,-3.26902545359017,29.6528009145495));
#9343=CARTESIAN_POINT('Ctrl Pts',(8.0493660999443,-3.28702186237895,29.6528009145495));
#9344=CARTESIAN_POINT('Ctrl Pts',(8.09099561519369,-3.3050277893482,29.6528009145495));
#9345=CARTESIAN_POINT('Ctrl Pts',(8.13672986060371,-3.30971022310717,29.6528009145495));
#9346=CARTESIAN_POINT('Ctrl Pts',(8.18536292894621,-3.31468944860804,29.6528009145495));
#9347=CARTESIAN_POINT('',(8.18536292894621,-3.31468944860804,29.9528009145495));
#9348=CARTESIAN_POINT('Ctrl Pts',(8.18536292894621,-3.31468944860804,29.9528009145495));
#9349=CARTESIAN_POINT('Ctrl Pts',(8.13672986060371,-3.30971022310717,29.9528009145495));
#9350=CARTESIAN_POINT('Ctrl Pts',(8.09099561519369,-3.3050277893482,29.9528009145495));
#9351=CARTESIAN_POINT('Ctrl Pts',(8.0493660999443,-3.28702186237895,29.9528009145495));
#9352=CARTESIAN_POINT('Ctrl Pts',(8.00775859062885,-3.26902545359017,29.9528009145495));
#9353=CARTESIAN_POINT('Ctrl Pts',(7.97156087899683,-3.23828598846789,29.9528009145495));
#9354=CARTESIAN_POINT('Ctrl Pts',(7.93536316736479,-3.20754652334559,29.9528009145495));
#9355=CARTESIAN_POINT('',(8.18536292894621,-3.31468944860804,29.6528009145495));
#9356=CARTESIAN_POINT('Ctrl Pts',(7.43536364420194,-3.70754604650844,29.6528009145495));
#9357=CARTESIAN_POINT('Ctrl Pts',(7.43536364420194,-3.70754604650844,29.9528009145495));
#9358=CARTESIAN_POINT('Ctrl Pts',(7.54395702705525,-3.79976396863579,29.6528009145495));
#9359=CARTESIAN_POINT('Ctrl Pts',(7.54395702705525,-3.79976396863579,29.9528009145495));
#9360=CARTESIAN_POINT('Ctrl Pts',(7.65255040990857,-3.89198189076315,29.6528009145495));
#9361=CARTESIAN_POINT('Ctrl Pts',(7.65255040990857,-3.89198189076315,29.9528009145495));
#9362=CARTESIAN_POINT('Ctrl Pts',(7.90226142080451,-3.99998916158831,29.6528009145495));
#9363=CARTESIAN_POINT('Ctrl Pts',(7.90226142080451,-3.99998916158831,29.9528009145495));
#9364=CARTESIAN_POINT('Ctrl Pts',(8.03946268656144,-4.01403666477532,29.6528009145495));
#9365=CARTESIAN_POINT('Ctrl Pts',(8.03946268656144,-4.01403666477532,29.9528009145495));
#9366=CARTESIAN_POINT('Ctrl Pts',(8.18536292894621,-4.02897482229579,29.6528009145495));
#9367=CARTESIAN_POINT('Ctrl Pts',(8.18536292894621,-4.02897482229579,29.9528009145495));
#9368=CARTESIAN_POINT('',(8.18536292894621,-4.02897482229579,29.6528009145495));
#9369=CARTESIAN_POINT('',(7.43536364420194,-3.70754604650844,29.6528009145495));
#9370=CARTESIAN_POINT('Ctrl Pts',(8.18536292894621,-4.02897482229579,29.6528009145495));
#9371=CARTESIAN_POINT('Ctrl Pts',(8.03946268656144,-4.01403666477532,29.6528009145495));
#9372=CARTESIAN_POINT('Ctrl Pts',(7.90226142080451,-3.99998916158831,29.6528009145495));
#9373=CARTESIAN_POINT('Ctrl Pts',(7.77737288616355,-3.94597124008967,29.6528009145495));
#9374=CARTESIAN_POINT('Ctrl Pts',(7.65255040990857,-3.89198189076315,29.6528009145495));
#9375=CARTESIAN_POINT('Ctrl Pts',(7.54395702705525,-3.79976396863579,29.6528009145495));
#9376=CARTESIAN_POINT('Ctrl Pts',(7.43536364420194,-3.70754604650844,29.6528009145495));
#9377=CARTESIAN_POINT('',(8.18536292894621,-4.02897482229579,29.9528009145495));
#9378=CARTESIAN_POINT('',(8.18536292894621,-4.02897482229579,29.6528009145495));
#9379=CARTESIAN_POINT('',(7.43536364420194,-3.70754604650844,29.9528009145495));
#9380=CARTESIAN_POINT('Ctrl Pts',(7.43536364420194,-3.70754604650844,29.9528009145495));
#9381=CARTESIAN_POINT('Ctrl Pts',(7.54395702705525,-3.79976396863579,29.9528009145495));
#9382=CARTESIAN_POINT('Ctrl Pts',(7.65255040990857,-3.89198189076315,29.9528009145495));
#9383=CARTESIAN_POINT('Ctrl Pts',(7.77737288616355,-3.94597124008967,29.9528009145495));
#9384=CARTESIAN_POINT('Ctrl Pts',(7.90226142080451,-3.99998916158831,29.9528009145495));
#9385=CARTESIAN_POINT('Ctrl Pts',(8.03946268656144,-4.01403666477532,29.9528009145495));
#9386=CARTESIAN_POINT('Ctrl Pts',(8.18536292894621,-4.02897482229579,29.9528009145495));
#9387=CARTESIAN_POINT('',(7.43536364420194,-3.70754604650844,29.6528009145495));
#9388=CARTESIAN_POINT('Ctrl Pts',(7.11393486841459,-2.95754616571772,29.6528009145495));
#9389=CARTESIAN_POINT('Ctrl Pts',(7.11393486841459,-2.95754616571772,29.9528009145495));
#9390=CARTESIAN_POINT('Ctrl Pts',(7.12887321784933,-3.10344611481124,29.6528009145495));
#9391=CARTESIAN_POINT('Ctrl Pts',(7.12887321784933,-3.10344611481124,29.9528009145495));
#9392=CARTESIAN_POINT('Ctrl Pts',(7.14292096240202,-3.24064769950233,29.6528009145495));
#9393=CARTESIAN_POINT('Ctrl Pts',(7.14292096240202,-3.24064769950233,29.9528009145495));
#9394=CARTESIAN_POINT('Ctrl Pts',(7.25092816273149,-3.49035892737884,29.6528009145495));
#9395=CARTESIAN_POINT('Ctrl Pts',(7.25092816273149,-3.49035892737884,29.9528009145495));
#9396=CARTESIAN_POINT('Ctrl Pts',(7.34314590346672,-3.59895248694364,29.6528009145495));
#9397=CARTESIAN_POINT('Ctrl Pts',(7.34314590346672,-3.59895248694364,29.9528009145495));
#9398=CARTESIAN_POINT('Ctrl Pts',(7.43536364420194,-3.70754604650844,29.6528009145495));
#9399=CARTESIAN_POINT('Ctrl Pts',(7.43536364420194,-3.70754604650844,29.9528009145495));
#9400=CARTESIAN_POINT('',(7.11393486841459,-2.95754616571772,29.6528009145495));
#9401=CARTESIAN_POINT('Ctrl Pts',(7.43536364420194,-3.70754604650844,29.6528009145495));
#9402=CARTESIAN_POINT('Ctrl Pts',(7.34314590346672,-3.59895248694364,29.6528009145495));
#9403=CARTESIAN_POINT('Ctrl Pts',(7.25092816273149,-3.49035892737884,29.6528009145495));
#9404=CARTESIAN_POINT('Ctrl Pts',(7.19693884650824,-3.36553633772559,29.6528009145495));
#9405=CARTESIAN_POINT('Ctrl Pts',(7.14292096240202,-3.24064769950233,29.6528009145495));
#9406=CARTESIAN_POINT('Ctrl Pts',(7.12887321784933,-3.10344611481124,29.6528009145495));
#9407=CARTESIAN_POINT('Ctrl Pts',(7.11393486841459,-2.95754616571772,29.6528009145495));
#9408=CARTESIAN_POINT('',(7.11393486841459,-2.95754616571772,29.9528009145495));
#9409=CARTESIAN_POINT('Ctrl Pts',(7.11393486841459,-2.95754616571772,29.9528009145495));
#9410=CARTESIAN_POINT('Ctrl Pts',(7.12887321784933,-3.10344611481124,29.9528009145495));
#9411=CARTESIAN_POINT('Ctrl Pts',(7.14292096240202,-3.24064769950233,29.9528009145495));
#9412=CARTESIAN_POINT('Ctrl Pts',(7.19693884650824,-3.36553633772559,29.9528009145495));
#9413=CARTESIAN_POINT('Ctrl Pts',(7.25092816273149,-3.49035892737884,29.9528009145495));
#9414=CARTESIAN_POINT('Ctrl Pts',(7.34314590346672,-3.59895248694364,29.9528009145495));
#9415=CARTESIAN_POINT('Ctrl Pts',(7.43536364420194,-3.70754604650844,29.9528009145495));
#9416=CARTESIAN_POINT('',(7.11393486841459,-2.95754616571772,29.6528009145495));
#9417=CARTESIAN_POINT('Ctrl Pts',(7.43536364420195,-0.778974941505079,29.6528009145495));
#9418=CARTESIAN_POINT('Ctrl Pts',(7.43536364420195,-0.778974941505079,29.9528009145495));
#9419=CARTESIAN_POINT('Ctrl Pts',(7.34314541004024,-0.887568303880354,29.6528009145495));
#9420=CARTESIAN_POINT('Ctrl Pts',(7.34314541004024,-0.887568303880354,29.9528009145495));
#9421=CARTESIAN_POINT('Ctrl Pts',(7.25092717587854,-0.99616166625561,29.6528009145495));
#9422=CARTESIAN_POINT('Ctrl Pts',(7.25092717587854,-0.99616166625561,29.9528009145495));
#9423=CARTESIAN_POINT('Ctrl Pts',(7.14291990731287,-1.24587287553709,29.6528009145495));
#9424=CARTESIAN_POINT('Ctrl Pts',(7.14291990731287,-1.24587287553709,29.9528009145495));
#9425=CARTESIAN_POINT('Ctrl Pts',(7.12887270123031,-1.38307439534352,29.6528009145495));
#9426=CARTESIAN_POINT('Ctrl Pts',(7.12887270123031,-1.38307439534352,29.9528009145495));
#9427=CARTESIAN_POINT('Ctrl Pts',(7.11393486841459,-1.52897482229579,29.6528009145495));
#9428=CARTESIAN_POINT('Ctrl Pts',(7.11393486841459,-1.52897482229579,29.9528009145495));
#9429=CARTESIAN_POINT('',(7.11393486841459,-1.52897482229579,29.6528009145495));
#9430=CARTESIAN_POINT('',(7.43536364420194,-0.778974941505078,29.6528009145495));
#9431=CARTESIAN_POINT('Ctrl Pts',(7.11393486841459,-1.52897482229579,29.6528009145495));
#9432=CARTESIAN_POINT('Ctrl Pts',(7.12887270123031,-1.38307439534352,29.6528009145495));
#9433=CARTESIAN_POINT('Ctrl Pts',(7.14291990731287,-1.24587287553709,29.6528009145495));
#9434=CARTESIAN_POINT('Ctrl Pts',(7.19693782739249,-1.12098424234523,29.6528009145495));
#9435=CARTESIAN_POINT('Ctrl Pts',(7.25092717587854,-0.99616166625561,29.6528009145495));
#9436=CARTESIAN_POINT('Ctrl Pts',(7.34314541004024,-0.887568303880354,29.6528009145495));
#9437=CARTESIAN_POINT('Ctrl Pts',(7.43536364420195,-0.778974941505079,29.6528009145495));
#9438=CARTESIAN_POINT('',(7.11393486841459,-1.52897482229579,29.9528009145495));
#9439=CARTESIAN_POINT('',(7.11393486841459,-1.52897482229579,29.6528009145495));
#9440=CARTESIAN_POINT('',(7.43536364420194,-0.778974941505078,29.9528009145495));
#9441=CARTESIAN_POINT('Ctrl Pts',(7.43536364420195,-0.778974941505079,29.9528009145495));
#9442=CARTESIAN_POINT('Ctrl Pts',(7.34314541004024,-0.887568303880354,29.9528009145495));
#9443=CARTESIAN_POINT('Ctrl Pts',(7.25092717587854,-0.99616166625561,29.9528009145495));
#9444=CARTESIAN_POINT('Ctrl Pts',(7.19693782739249,-1.12098424234523,29.9528009145495));
#9445=CARTESIAN_POINT('Ctrl Pts',(7.14291990731287,-1.24587287553709,29.9528009145495));
#9446=CARTESIAN_POINT('Ctrl Pts',(7.12887270123031,-1.38307439534352,29.9528009145495));
#9447=CARTESIAN_POINT('Ctrl Pts',(7.11393486841459,-1.52897482229579,29.9528009145495));
#9448=CARTESIAN_POINT('',(7.43536364420194,-0.778974941505078,29.6528009145495));
#9449=CARTESIAN_POINT('Ctrl Pts',(8.18536292894621,-0.457546165717725,29.6528009145495));
#9450=CARTESIAN_POINT('Ctrl Pts',(8.18536292894621,-0.457546165717725,29.9528009145495));
#9451=CARTESIAN_POINT('Ctrl Pts',(8.03946268656144,-0.472484323238195,29.6528009145495));
#9452=CARTESIAN_POINT('Ctrl Pts',(8.03946268656144,-0.472484323238195,29.9528009145495));
#9453=CARTESIAN_POINT('Ctrl Pts',(7.90226142080451,-0.486531826425201,29.6528009145495));
#9454=CARTESIAN_POINT('Ctrl Pts',(7.90226142080451,-0.486531826425201,29.9528009145495));
#9455=CARTESIAN_POINT('Ctrl Pts',(7.65255040990857,-0.594539097250361,29.6528009145495));
#9456=CARTESIAN_POINT('Ctrl Pts',(7.65255040990857,-0.594539097250361,29.9528009145495));
#9457=CARTESIAN_POINT('Ctrl Pts',(7.54395702705525,-0.686757019377722,29.6528009145495));
#9458=CARTESIAN_POINT('Ctrl Pts',(7.54395702705525,-0.686757019377722,29.9528009145495));
#9459=CARTESIAN_POINT('Ctrl Pts',(7.43536364420194,-0.778974941505079,29.6528009145495));
#9460=CARTESIAN_POINT('Ctrl Pts',(7.43536364420194,-0.778974941505079,29.9528009145495));
#9461=CARTESIAN_POINT('',(8.18536292894621,-0.457546165717725,29.6528009145495));
#9462=CARTESIAN_POINT('Ctrl Pts',(7.43536364420194,-0.778974941505079,29.6528009145495));
#9463=CARTESIAN_POINT('Ctrl Pts',(7.54395702705525,-0.686757019377722,29.6528009145495));
#9464=CARTESIAN_POINT('Ctrl Pts',(7.65255040990857,-0.594539097250361,29.6528009145495));
#9465=CARTESIAN_POINT('Ctrl Pts',(7.77737288616355,-0.540549747923841,29.6528009145495));
#9466=CARTESIAN_POINT('Ctrl Pts',(7.90226142080451,-0.486531826425201,29.6528009145495));
#9467=CARTESIAN_POINT('Ctrl Pts',(8.03946268656144,-0.472484323238195,29.6528009145495));
#9468=CARTESIAN_POINT('Ctrl Pts',(8.18536292894621,-0.457546165717725,29.6528009145495));
#9469=CARTESIAN_POINT('',(8.18536292894621,-0.457546165717725,29.9528009145495));
#9470=CARTESIAN_POINT('Ctrl Pts',(8.18536292894621,-0.457546165717725,29.9528009145495));
#9471=CARTESIAN_POINT('Ctrl Pts',(8.03946268656144,-0.472484323238195,29.9528009145495));
#9472=CARTESIAN_POINT('Ctrl Pts',(7.90226142080451,-0.486531826425201,29.9528009145495));
#9473=CARTESIAN_POINT('Ctrl Pts',(7.77737288616355,-0.540549747923841,29.9528009145495));
#9474=CARTESIAN_POINT('Ctrl Pts',(7.65255040990857,-0.594539097250361,29.9528009145495));
#9475=CARTESIAN_POINT('Ctrl Pts',(7.54395702705525,-0.686757019377722,29.9528009145495));
#9476=CARTESIAN_POINT('Ctrl Pts',(7.43536364420194,-0.778974941505079,29.9528009145495));
#9477=CARTESIAN_POINT('',(8.18536292894621,-0.457546165717725,29.6528009145495));
#9478=CARTESIAN_POINT('Ctrl Pts',(10.0782204805209,0.86388225244176,29.6528009145495));
#9479=CARTESIAN_POINT('Ctrl Pts',(10.0782204805209,0.86388225244176,29.9528009145495));
#9480=CARTESIAN_POINT('Ctrl Pts',(10.0474814069161,0.827684310172601,29.6528009145495));
#9481=CARTESIAN_POINT('Ctrl Pts',(10.0474814069161,0.827684310172601,29.9528009145495));
#9482=CARTESIAN_POINT('Ctrl Pts',(10.0167423333113,0.791486367903418,29.6528009145495));
#9483=CARTESIAN_POINT('Ctrl Pts',(10.0167423333113,0.791486367903418,29.9528009145495));
#9484=CARTESIAN_POINT('Ctrl Pts',(9.98073995102823,0.708249253748736,29.6528009145495));
#9485=CARTESIAN_POINT('Ctrl Pts',(9.98073995102823,0.708249253748736,29.9528009145495));
#9486=CARTESIAN_POINT('Ctrl Pts',(9.9760571862522,0.662515384076655,29.6528009145495));
#9487=CARTESIAN_POINT('Ctrl Pts',(9.9760571862522,0.662515384076655,29.9528009145495));
#9488=CARTESIAN_POINT('Ctrl Pts',(9.97107755525846,0.613882192837115,29.6528009145495));
#9489=CARTESIAN_POINT('Ctrl Pts',(9.97107755525846,0.613882192837115,29.9528009145495));
#9490=CARTESIAN_POINT('',(9.97107755525846,0.613882192837115,29.6528009145495));
#9491=CARTESIAN_POINT('',(10.0782204805209,0.86388225244176,29.6528009145495));
#9492=CARTESIAN_POINT('Ctrl Pts',(9.97107755525846,0.613882192837115,29.6528009145495));
#9493=CARTESIAN_POINT('Ctrl Pts',(9.9760571862522,0.662515384076655,29.6528009145495));
#9494=CARTESIAN_POINT('Ctrl Pts',(9.98073995102823,0.708249253748736,29.6528009145495));
#9495=CARTESIAN_POINT('Ctrl Pts',(9.99874590302972,0.749878817882203,29.6528009145495));
#9496=CARTESIAN_POINT('Ctrl Pts',(10.0167423333113,0.791486367903418,29.6528009145495));
#9497=CARTESIAN_POINT('Ctrl Pts',(10.0474814069161,0.827684310172601,29.6528009145495));
#9498=CARTESIAN_POINT('Ctrl Pts',(10.0782204805209,0.86388225244176,29.6528009145495));
#9499=CARTESIAN_POINT('',(9.97107755525846,0.613882192837115,29.9528009145495));
#9500=CARTESIAN_POINT('',(9.97107755525846,0.613882192837115,29.6528009145495));
#9501=CARTESIAN_POINT('',(10.0782204805209,0.86388225244176,29.9528009145495));
#9502=CARTESIAN_POINT('Ctrl Pts',(10.0782204805209,0.86388225244176,29.9528009145495));
#9503=CARTESIAN_POINT('Ctrl Pts',(10.0474814069161,0.827684310172601,29.9528009145495));
#9504=CARTESIAN_POINT('Ctrl Pts',(10.0167423333113,0.791486367903418,29.9528009145495));
#9505=CARTESIAN_POINT('Ctrl Pts',(9.99874590302972,0.749878817882203,29.9528009145495));
#9506=CARTESIAN_POINT('Ctrl Pts',(9.98073995102823,0.708249253748736,29.9528009145495));
#9507=CARTESIAN_POINT('Ctrl Pts',(9.9760571862522,0.662515384076655,29.9528009145495));
#9508=CARTESIAN_POINT('Ctrl Pts',(9.97107755525846,0.613882192837115,29.9528009145495));
#9509=CARTESIAN_POINT('',(10.0782204805209,0.86388225244176,29.6528009145495));
#9510=CARTESIAN_POINT('Ctrl Pts',(10.3282202421023,0.971025177704211,29.6528009145495));
#9511=CARTESIAN_POINT('Ctrl Pts',(10.3282202421023,0.971025177704211,29.9528009145495));
#9512=CARTESIAN_POINT('Ctrl Pts',(10.2795871737598,0.966045952203329,29.6528009145495));
#9513=CARTESIAN_POINT('Ctrl Pts',(10.2795871737598,0.966045952203329,29.9528009145495));
#9514=CARTESIAN_POINT('Ctrl Pts',(10.2338529283498,0.961363518444362,29.6528009145495));
#9515=CARTESIAN_POINT('Ctrl Pts',(10.2338529283498,0.961363518444362,29.9528009145495));
#9516=CARTESIAN_POINT('Ctrl Pts',(10.150615903785,0.92536118268634,29.6528009145495));
#9517=CARTESIAN_POINT('Ctrl Pts',(10.150615903785,0.92536118268634,29.9528009145495));
#9518=CARTESIAN_POINT('Ctrl Pts',(10.1144181921529,0.894621717564051,29.6528009145495));
#9519=CARTESIAN_POINT('Ctrl Pts',(10.1144181921529,0.894621717564051,29.9528009145495));
#9520=CARTESIAN_POINT('Ctrl Pts',(10.0782204805209,0.86388225244176,29.6528009145495));
#9521=CARTESIAN_POINT('Ctrl Pts',(10.0782204805209,0.86388225244176,29.9528009145495));
#9522=CARTESIAN_POINT('',(10.3282202421023,0.971025177704211,29.6528009145495));
#9523=CARTESIAN_POINT('Ctrl Pts',(10.0782204805209,0.86388225244176,29.6528009145495));
#9524=CARTESIAN_POINT('Ctrl Pts',(10.1144181921529,0.894621717564051,29.6528009145495));
#9525=CARTESIAN_POINT('Ctrl Pts',(10.150615903785,0.92536118268634,29.6528009145495));
#9526=CARTESIAN_POINT('Ctrl Pts',(10.1922234131004,0.943357591475114,29.6528009145495));
#9527=CARTESIAN_POINT('Ctrl Pts',(10.2338529283498,0.961363518444362,29.6528009145495));
#9528=CARTESIAN_POINT('Ctrl Pts',(10.2795871737598,0.966045952203329,29.6528009145495));
#9529=CARTESIAN_POINT('Ctrl Pts',(10.3282202421023,0.971025177704211,29.6528009145495));
#9530=CARTESIAN_POINT('',(10.3282202421023,0.971025177704211,29.9528009145495));
#9531=CARTESIAN_POINT('Ctrl Pts',(10.3282202421023,0.971025177704211,29.9528009145495));
#9532=CARTESIAN_POINT('Ctrl Pts',(10.2795871737598,0.966045952203329,29.9528009145495));
#9533=CARTESIAN_POINT('Ctrl Pts',(10.2338529283498,0.961363518444362,29.9528009145495));
#9534=CARTESIAN_POINT('Ctrl Pts',(10.1922234131004,0.943357591475114,29.9528009145495));
#9535=CARTESIAN_POINT('Ctrl Pts',(10.150615903785,0.92536118268634,29.9528009145495));
#9536=CARTESIAN_POINT('Ctrl Pts',(10.1144181921529,0.894621717564051,29.9528009145495));
#9537=CARTESIAN_POINT('Ctrl Pts',(10.0782204805209,0.86388225244176,29.9528009145495));
#9538=CARTESIAN_POINT('',(10.3282202421023,0.971025177704211,29.6528009145495));
#9539=CARTESIAN_POINT('Ctrl Pts',(10.5782200036838,0.86388225244176,29.6528009145495));
#9540=CARTESIAN_POINT('Ctrl Pts',(10.5782200036838,0.86388225244176,29.9528009145495));
#9541=CARTESIAN_POINT('Ctrl Pts',(10.5420221680735,0.894621480944609,29.6528009145495));
#9542=CARTESIAN_POINT('Ctrl Pts',(10.5420221680735,0.894621480944609,29.9528009145495));
#9543=CARTESIAN_POINT('Ctrl Pts',(10.5058243324633,0.925360709447453,29.6528009145495));
#9544=CARTESIAN_POINT('Ctrl Pts',(10.5058243324633,0.925360709447453,29.9528009145495));
#9545=CARTESIAN_POINT('Ctrl Pts',(10.4225873392957,0.961363176980584,29.6528009145495));
#9546=CARTESIAN_POINT('Ctrl Pts',(10.4225873392957,0.961363176980584,29.9528009145495));
#9547=CARTESIAN_POINT('Ctrl Pts',(10.3768538291153,0.966045711694474,29.6528009145495));
#9548=CARTESIAN_POINT('Ctrl Pts',(10.3768538291153,0.966045711694474,29.9528009145495));
#9549=CARTESIAN_POINT('Ctrl Pts',(10.3282202421023,0.971025177704211,29.6528009145495));
#9550=CARTESIAN_POINT('Ctrl Pts',(10.3282202421023,0.971025177704211,29.9528009145495));
#9551=CARTESIAN_POINT('',(10.5782200036838,0.86388225244176,29.6528009145495));
#9552=CARTESIAN_POINT('Ctrl Pts',(10.3282202421023,0.971025177704211,29.6528009145495));
#9553=CARTESIAN_POINT('Ctrl Pts',(10.3768538291153,0.966045711694474,29.6528009145495));
#9554=CARTESIAN_POINT('Ctrl Pts',(10.4225873392957,0.961363176980584,29.6528009145495));
#9555=CARTESIAN_POINT('Ctrl Pts',(10.4642168489932,0.943357179715772,29.6528009145495));
#9556=CARTESIAN_POINT('Ctrl Pts',(10.5058243324633,0.925360709447453,29.6528009145495));
#9557=CARTESIAN_POINT('Ctrl Pts',(10.5420221680735,0.894621480944609,29.6528009145495));
#9558=CARTESIAN_POINT('Ctrl Pts',(10.5782200036838,0.86388225244176,29.6528009145495));
#9559=CARTESIAN_POINT('',(10.5782200036838,0.86388225244176,29.9528009145495));
#9560=CARTESIAN_POINT('Ctrl Pts',(10.5782200036838,0.86388225244176,29.9528009145495));
#9561=CARTESIAN_POINT('Ctrl Pts',(10.5420221680735,0.894621480944609,29.9528009145495));
#9562=CARTESIAN_POINT('Ctrl Pts',(10.5058243324633,0.925360709447453,29.9528009145495));
#9563=CARTESIAN_POINT('Ctrl Pts',(10.4642168489932,0.943357179715772,29.9528009145495));
#9564=CARTESIAN_POINT('Ctrl Pts',(10.4225873392957,0.961363176980584,29.9528009145495));
#9565=CARTESIAN_POINT('Ctrl Pts',(10.3768538291153,0.966045711694474,29.9528009145495));
#9566=CARTESIAN_POINT('Ctrl Pts',(10.3282202421023,0.971025177704211,29.9528009145495));
#9567=CARTESIAN_POINT('',(10.5782200036838,0.86388225244176,29.6528009145495));
#9568=CARTESIAN_POINT('Ctrl Pts',(10.6853629289462,0.613882192837115,29.6528009145495));
#9569=CARTESIAN_POINT('Ctrl Pts',(10.6853629289462,0.613882192837115,29.9528009145495));
#9570=CARTESIAN_POINT('Ctrl Pts',(10.6803832979525,0.66251538407672,29.6528009145495));
#9571=CARTESIAN_POINT('Ctrl Pts',(10.6803832979525,0.66251538407672,29.9528009145495));
#9572=CARTESIAN_POINT('Ctrl Pts',(10.6757005331764,0.708249253748757,29.6528009145495));
#9573=CARTESIAN_POINT('Ctrl Pts',(10.6757005331764,0.708249253748757,29.9528009145495));
#9574=CARTESIAN_POINT('Ctrl Pts',(10.6396981508933,0.791486367903417,29.6528009145495));
#9575=CARTESIAN_POINT('Ctrl Pts',(10.6396981508933,0.791486367903417,29.9528009145495));
#9576=CARTESIAN_POINT('Ctrl Pts',(10.6089590772885,0.827684310172598,29.6528009145495));
#9577=CARTESIAN_POINT('Ctrl Pts',(10.6089590772885,0.827684310172598,29.9528009145495));
#9578=CARTESIAN_POINT('Ctrl Pts',(10.5782200036838,0.86388225244176,29.6528009145495));
#9579=CARTESIAN_POINT('Ctrl Pts',(10.5782200036838,0.86388225244176,29.9528009145495));
#9580=CARTESIAN_POINT('',(10.6853629289462,0.613882192837115,29.6528009145495));
#9581=CARTESIAN_POINT('Ctrl Pts',(10.5782200036838,0.86388225244176,29.6528009145495));
#9582=CARTESIAN_POINT('Ctrl Pts',(10.6089590772885,0.827684310172598,29.6528009145495));
#9583=CARTESIAN_POINT('Ctrl Pts',(10.6396981508933,0.791486367903417,29.6528009145495));
#9584=CARTESIAN_POINT('Ctrl Pts',(10.657694581175,0.749878817882203,29.6528009145495));
#9585=CARTESIAN_POINT('Ctrl Pts',(10.6757005331764,0.708249253748757,29.6528009145495));
#9586=CARTESIAN_POINT('Ctrl Pts',(10.6803832979525,0.66251538407672,29.6528009145495));
#9587=CARTESIAN_POINT('Ctrl Pts',(10.6853629289462,0.613882192837115,29.6528009145495));
#9588=CARTESIAN_POINT('',(10.6853629289462,0.613882192837115,29.9528009145495));
#9589=CARTESIAN_POINT('Ctrl Pts',(10.6853629289462,0.613882192837115,29.9528009145495));
#9590=CARTESIAN_POINT('Ctrl Pts',(10.6803832979525,0.66251538407672,29.9528009145495));
#9591=CARTESIAN_POINT('Ctrl Pts',(10.6757005331764,0.708249253748757,29.9528009145495));
#9592=CARTESIAN_POINT('Ctrl Pts',(10.657694581175,0.749878817882203,29.9528009145494));
#9593=CARTESIAN_POINT('Ctrl Pts',(10.6396981508933,0.791486367903417,29.9528009145495));
#9594=CARTESIAN_POINT('Ctrl Pts',(10.6089590772885,0.827684310172598,29.9528009145495));
#9595=CARTESIAN_POINT('Ctrl Pts',(10.5782200036838,0.86388225244176,29.9528009145495));
#9596=CARTESIAN_POINT('',(10.6853629289462,0.613882192837115,29.6528009145495));
#9597=CARTESIAN_POINT('Ctrl Pts',(10.5782200036838,-3.92183189703334,29.6528009145495));
#9598=CARTESIAN_POINT('Ctrl Pts',(10.5782200036838,-3.92183189703334,29.9528009145495));
#9599=CARTESIAN_POINT('Ctrl Pts',(10.6089589854734,-3.88563396282836,29.6528009145495));
#9600=CARTESIAN_POINT('Ctrl Pts',(10.6089589854734,-3.88563396282836,29.9528009145495));
#9601=CARTESIAN_POINT('Ctrl Pts',(10.639697967263,-3.84943602862337,29.6528009145495));
#9602=CARTESIAN_POINT('Ctrl Pts',(10.639697967263,-3.84943602862337,29.9528009145495));
#9603=CARTESIAN_POINT('Ctrl Pts',(10.6757004006776,-3.7661990261588,29.6528009145495));
#9604=CARTESIAN_POINT('Ctrl Pts',(10.6757004006776,-3.7661990261588,29.9528009145495));
#9605=CARTESIAN_POINT('Ctrl Pts',(10.6803832046259,-3.72046548353861,29.6528009145495));
#9606=CARTESIAN_POINT('Ctrl Pts',(10.6803832046259,-3.72046548353861,29.9528009145495));
#9607=CARTESIAN_POINT('Ctrl Pts',(10.6853629289462,-3.67183213545192,29.6528009145495));
#9608=CARTESIAN_POINT('Ctrl Pts',(10.6853629289462,-3.67183213545192,29.9528009145495));
#9609=CARTESIAN_POINT('',(10.6853629289462,-3.67183213545192,29.6528009145495));
#9610=CARTESIAN_POINT('',(10.5782200036838,-3.92183189703334,29.6528009145495));
#9611=CARTESIAN_POINT('Ctrl Pts',(10.6853629289462,-3.67183213545192,29.6528009145495));
#9612=CARTESIAN_POINT('Ctrl Pts',(10.6803832046259,-3.72046548353861,29.6528009145495));
#9613=CARTESIAN_POINT('Ctrl Pts',(10.6757004006776,-3.7661990261588,29.6528009145495));
#9614=CARTESIAN_POINT('Ctrl Pts',(10.6576944213998,-3.80782853837149,29.6528009145495));
#9615=CARTESIAN_POINT('Ctrl Pts',(10.639697967263,-3.84943602862337,29.6528009145495));
#9616=CARTESIAN_POINT('Ctrl Pts',(10.6089589854734,-3.88563396282836,29.6528009145495));
#9617=CARTESIAN_POINT('Ctrl Pts',(10.5782200036838,-3.92183189703334,29.6528009145495));
#9618=CARTESIAN_POINT('',(10.6853629289462,-3.67183213545192,29.9528009145495));
#9619=CARTESIAN_POINT('',(10.6853629289462,-3.67183213545192,29.6528009145495));
#9620=CARTESIAN_POINT('',(10.5782200036838,-3.92183189703334,29.9528009145495));
#9621=CARTESIAN_POINT('Ctrl Pts',(10.5782200036838,-3.92183189703334,29.9528009145495));
#9622=CARTESIAN_POINT('Ctrl Pts',(10.6089589854734,-3.88563396282836,29.9528009145495));
#9623=CARTESIAN_POINT('Ctrl Pts',(10.639697967263,-3.84943602862337,29.9528009145495));
#9624=CARTESIAN_POINT('Ctrl Pts',(10.6576944213998,-3.80782853837149,29.9528009145495));
#9625=CARTESIAN_POINT('Ctrl Pts',(10.6757004006776,-3.7661990261588,29.9528009145495));
#9626=CARTESIAN_POINT('Ctrl Pts',(10.6803832046259,-3.72046548353861,29.9528009145495));
#9627=CARTESIAN_POINT('Ctrl Pts',(10.6853629289462,-3.67183213545192,29.9528009145495));
#9628=CARTESIAN_POINT('',(10.5782200036838,-3.92183189703334,29.6528009145495));
#9629=CARTESIAN_POINT('Ctrl Pts',(10.3282202421023,-4.02897482229579,29.6528009145495));
#9630=CARTESIAN_POINT('Ctrl Pts',(10.3282202421023,-4.02897482229579,29.9528009145495));
#9631=CARTESIAN_POINT('Ctrl Pts',(10.3768538291153,-4.02399535628605,29.6528009145495));
#9632=CARTESIAN_POINT('Ctrl Pts',(10.3768538291153,-4.02399535628605,29.9528009145495));
#9633=CARTESIAN_POINT('Ctrl Pts',(10.4225873392957,-4.01931282157216,29.6528009145495));
#9634=CARTESIAN_POINT('Ctrl Pts',(10.4225873392957,-4.01931282157216,29.9528009145495));
#9635=CARTESIAN_POINT('Ctrl Pts',(10.5058243324633,-3.98331035403903,29.6528009145495));
#9636=CARTESIAN_POINT('Ctrl Pts',(10.5058243324633,-3.98331035403903,29.9528009145495));
#9637=CARTESIAN_POINT('Ctrl Pts',(10.5420221680735,-3.95257112553619,29.6528009145495));
#9638=CARTESIAN_POINT('Ctrl Pts',(10.5420221680735,-3.95257112553619,29.9528009145495));
#9639=CARTESIAN_POINT('Ctrl Pts',(10.5782200036838,-3.92183189703334,29.6528009145495));
#9640=CARTESIAN_POINT('Ctrl Pts',(10.5782200036838,-3.92183189703334,29.9528009145495));
#9641=CARTESIAN_POINT('',(10.3282202421023,-4.02897482229579,29.6528009145495));
#9642=CARTESIAN_POINT('Ctrl Pts',(10.5782200036838,-3.92183189703334,29.6528009145495));
#9643=CARTESIAN_POINT('Ctrl Pts',(10.5420221680735,-3.95257112553619,29.6528009145495));
#9644=CARTESIAN_POINT('Ctrl Pts',(10.5058243324633,-3.98331035403903,29.6528009145495));
#9645=CARTESIAN_POINT('Ctrl Pts',(10.4642168489932,-4.00130682430735,29.6528009145495));
#9646=CARTESIAN_POINT('Ctrl Pts',(10.4225873392957,-4.01931282157216,29.6528009145495));
#9647=CARTESIAN_POINT('Ctrl Pts',(10.3768538291153,-4.02399535628605,29.6528009145495));
#9648=CARTESIAN_POINT('Ctrl Pts',(10.3282202421023,-4.02897482229579,29.6528009145495));
#9649=CARTESIAN_POINT('',(10.3282202421023,-4.02897482229579,29.9528009145495));
#9650=CARTESIAN_POINT('Ctrl Pts',(10.3282202421023,-4.02897482229579,29.9528009145495));
#9651=CARTESIAN_POINT('Ctrl Pts',(10.3768538291153,-4.02399535628605,29.9528009145495));
#9652=CARTESIAN_POINT('Ctrl Pts',(10.4225873392957,-4.01931282157216,29.9528009145495));
#9653=CARTESIAN_POINT('Ctrl Pts',(10.4642168489932,-4.00130682430735,29.9528009145495));
#9654=CARTESIAN_POINT('Ctrl Pts',(10.5058243324633,-3.98331035403903,29.9528009145495));
#9655=CARTESIAN_POINT('Ctrl Pts',(10.5420221680735,-3.95257112553619,29.9528009145495));
#9656=CARTESIAN_POINT('Ctrl Pts',(10.5782200036838,-3.92183189703334,29.9528009145495));
#9657=CARTESIAN_POINT('',(10.3282202421023,-4.02897482229579,29.6528009145495));
#9658=CARTESIAN_POINT('Origin',(6.69250685854692,-1.52897482229579,29.9528009145495));
#9659=CARTESIAN_POINT('',(10.6853629289462,-0.457546314729337,29.9528009145495));
#9660=CARTESIAN_POINT('',(9.97107755525846,-0.457546165717725,29.9528009145495));
#9661=CARTESIAN_POINT('',(9.97107755525846,-0.993260494006757,29.9528009145495));
#9662=CARTESIAN_POINT('',(7.43893489374656,-0.457546165717725,29.9528009145495));
#9663=CARTESIAN_POINT('',(7.11393486841459,-2.24326049400676,29.9528009145495));
#9664=CARTESIAN_POINT('',(8.51036355032463,-4.02897482229579,29.9528009145495));
#9665=CARTESIAN_POINT('',(9.97107755525846,-1.17183213545192,29.9528009145495));
#9666=CARTESIAN_POINT('',(8.33179220690269,-1.17183213545192,29.9528009145495));
#9667=CARTESIAN_POINT('',(9.97107755525846,-3.31468944860804,29.9528009145495));
#9668=CARTESIAN_POINT('',(9.97107755525846,-2.42183213545192,29.9528009145495));
#9669=CARTESIAN_POINT('',(7.43893489374656,-3.31468944860804,29.9528009145495));
#9670=CARTESIAN_POINT('',(7.82822024210233,-1.52897482229579,29.9528009145495));
#9671=CARTESIAN_POINT('Ctrl Pts',(7.93536316736479,-3.20754652334559,29.9528009145495));
#9672=CARTESIAN_POINT('Ctrl Pts',(7.93536316736479,-3.20754652334559,29.4528009145495));
#9673=CARTESIAN_POINT('Ctrl Pts',(7.97215916971683,-3.23879406303646,29.9528009145495));
#9674=CARTESIAN_POINT('Ctrl Pts',(7.97215916971683,-3.23879406303646,29.4528009145495));
#9675=CARTESIAN_POINT('Ctrl Pts',(8.04455459298089,-3.30027299328103,29.9528009145495));
#9676=CARTESIAN_POINT('Ctrl Pts',(8.04455459298089,-3.30027299328103,29.4528009145495));
#9677=CARTESIAN_POINT('Ctrl Pts',(8.1389468684556,-3.30993720821027,29.9528009145495));
#9678=CARTESIAN_POINT('Ctrl Pts',(8.1389468684556,-3.30993720821027,29.4528009145495));
#9679=CARTESIAN_POINT('Ctrl Pts',(8.18536292894621,-3.31468944860804,29.9528009145495));
#9680=CARTESIAN_POINT('Ctrl Pts',(8.18536292894621,-3.31468944860804,29.4528009145495));
#9681=CARTESIAN_POINT('',(8.18536292894621,-3.31468944860804,29.4528009145495));
#9682=CARTESIAN_POINT('',(8.18536292894621,-3.31468944860804,29.9528009145495));
#9683=CARTESIAN_POINT('',(7.93536316736479,-3.20754652334559,29.4528009145495));
#9684=CARTESIAN_POINT('Ctrl Pts',(7.93536316736479,-3.20754652334559,29.4528009145495));
#9685=CARTESIAN_POINT('Ctrl Pts',(7.97215916971683,-3.23879406303646,29.4528009145495));
#9686=CARTESIAN_POINT('Ctrl Pts',(8.04455459298089,-3.30027299328103,29.4528009145495));
#9687=CARTESIAN_POINT('Ctrl Pts',(8.1389468684556,-3.30993720821027,29.4528009145495));
#9688=CARTESIAN_POINT('Ctrl Pts',(8.18536292894621,-3.31468944860804,29.4528009145495));
#9689=CARTESIAN_POINT('',(7.93536316736479,-3.20754652334559,29.9528009145495));
#9690=CARTESIAN_POINT('Origin',(8.18536292894621,-3.31468944860804,29.9528009145495));
#9691=CARTESIAN_POINT('',(9.97107755525846,-3.31468944860804,29.4528009145495));
#9692=CARTESIAN_POINT('',(9.97107755525846,-3.31468944860804,29.9528009145495));
#9693=CARTESIAN_POINT('',(8.18536292894621,-3.31468944860804,29.4528009145495));
#9694=CARTESIAN_POINT('Origin',(9.97107755525846,-3.31468944860804,29.9528009145495));
#9695=CARTESIAN_POINT('',(9.97107755525846,-1.17183213545192,29.4528009145495));
#9696=CARTESIAN_POINT('',(9.97107755525846,-1.17183213545192,29.9528009145495));
#9697=CARTESIAN_POINT('',(9.97107755525846,-3.31468944860804,29.4528009145495));
#9698=CARTESIAN_POINT('Origin',(9.97107755525846,-1.17183213545192,29.9528009145495));
#9699=CARTESIAN_POINT('',(8.18536292894621,-1.17183213545192,29.4528009145495));
#9700=CARTESIAN_POINT('',(8.18536292894621,-1.17183213545192,29.9528009145495));
#9701=CARTESIAN_POINT('',(9.97107755525846,-1.17183213545192,29.4528009145495));
#9702=CARTESIAN_POINT('Origin',(9.97107755525846,-0.457546165717725,29.9528009145495));
#9703=CARTESIAN_POINT('',(9.97107755525846,0.613882192837115,29.4528009145495));
#9704=CARTESIAN_POINT('',(9.97107755525846,0.613882192837115,29.9528009145495));
#9705=CARTESIAN_POINT('',(9.97107755525846,-0.457546165717725,29.4528009145495));
#9706=CARTESIAN_POINT('',(9.97107755525846,-0.457546165717725,29.4528009145495));
#9707=CARTESIAN_POINT('',(9.97107755525846,-0.457546165717725,29.9528009145495));
#9708=CARTESIAN_POINT('Ctrl Pts',(9.97107755525846,0.613882192837115,29.9528009145495));
#9709=CARTESIAN_POINT('Ctrl Pts',(9.97107755525846,0.613882192837115,29.4528009145495));
#9710=CARTESIAN_POINT('Ctrl Pts',(9.97583014334394,0.660297986604622,29.9528009145495));
#9711=CARTESIAN_POINT('Ctrl Pts',(9.97583014334394,0.660297986604622,29.4528009145495));
#9712=CARTESIAN_POINT('Ctrl Pts',(9.98549509592553,0.754690018426379,29.9528009145495));
#9713=CARTESIAN_POINT('Ctrl Pts',(9.98549509592553,0.754690018426379,29.4528009145495));
#9714=CARTESIAN_POINT('Ctrl Pts',(10.0469732431351,0.827085902964733,29.9528009145495));
#9715=CARTESIAN_POINT('Ctrl Pts',(10.0469732431351,0.827085902964733,29.4528009145495));
#9716=CARTESIAN_POINT('Ctrl Pts',(10.0782204805209,0.86388225244176,29.9528009145495));
#9717=CARTESIAN_POINT('Ctrl Pts',(10.0782204805209,0.86388225244176,29.4528009145495));
#9718=CARTESIAN_POINT('',(10.0782204805209,0.86388225244176,29.4528009145495));
#9719=CARTESIAN_POINT('',(10.0782204805209,0.86388225244176,29.9528009145495));
#9720=CARTESIAN_POINT('Ctrl Pts',(9.97107755525846,0.613882192837115,29.4528009145495));
#9721=CARTESIAN_POINT('Ctrl Pts',(9.97583014334394,0.660297986604622,29.4528009145495));
#9722=CARTESIAN_POINT('Ctrl Pts',(9.98549509592553,0.754690018426379,29.4528009145495));
#9723=CARTESIAN_POINT('Ctrl Pts',(10.0469732431351,0.827085902964733,29.4528009145495));
#9724=CARTESIAN_POINT('Ctrl Pts',(10.0782204805209,0.86388225244176,29.4528009145495));
#9725=CARTESIAN_POINT('Ctrl Pts',(10.0782204805209,0.86388225244176,29.9528009145495));
#9726=CARTESIAN_POINT('Ctrl Pts',(10.0782204805209,0.86388225244176,29.4528009145495));
#9727=CARTESIAN_POINT('Ctrl Pts',(10.115016482873,0.895129792132623,29.9528009145495));
#9728=CARTESIAN_POINT('Ctrl Pts',(10.115016482873,0.895129792132623,29.4528009145495));
#9729=CARTESIAN_POINT('Ctrl Pts',(10.187411906137,0.956608722377202,29.9528009145495));
#9730=CARTESIAN_POINT('Ctrl Pts',(10.187411906137,0.956608722377202,29.4528009145495));
#9731=CARTESIAN_POINT('Ctrl Pts',(10.2818041816117,0.966272937306431,29.9528009145495));
#9732=CARTESIAN_POINT('Ctrl Pts',(10.2818041816117,0.966272937306431,29.4528009145495));
#9733=CARTESIAN_POINT('Ctrl Pts',(10.3282202421023,0.971025177704211,29.9528009145495));
#9734=CARTESIAN_POINT('Ctrl Pts',(10.3282202421023,0.971025177704211,29.4528009145495));
#9735=CARTESIAN_POINT('',(10.3282202421023,0.971025177704211,29.4528009145495));
#9736=CARTESIAN_POINT('',(10.3282202421023,0.971025177704211,29.9528009145495));
#9737=CARTESIAN_POINT('Ctrl Pts',(10.0782204805209,0.86388225244176,29.4528009145495));
#9738=CARTESIAN_POINT('Ctrl Pts',(10.115016482873,0.895129792132623,29.4528009145495));
#9739=CARTESIAN_POINT('Ctrl Pts',(10.187411906137,0.956608722377202,29.4528009145495));
#9740=CARTESIAN_POINT('Ctrl Pts',(10.2818041816117,0.966272937306431,29.4528009145495));
#9741=CARTESIAN_POINT('Ctrl Pts',(10.3282202421023,0.971025177704211,29.4528009145495));
#9742=CARTESIAN_POINT('Ctrl Pts',(10.3282202421023,0.971025177704211,29.9528009145495));
#9743=CARTESIAN_POINT('Ctrl Pts',(10.3282202421023,0.971025177704211,29.4528009145495));
#9744=CARTESIAN_POINT('Ctrl Pts',(10.3746358417034,0.96627280563522,29.9528009145495));
#9745=CARTESIAN_POINT('Ctrl Pts',(10.3746358417034,0.96627280563522,29.4528009145495));
#9746=CARTESIAN_POINT('Ctrl Pts',(10.4690279236026,0.956608246792784,29.9528009145495));
#9747=CARTESIAN_POINT('Ctrl Pts',(10.4690279236026,0.956608246792784,29.4528009145495));
#9748=CARTESIAN_POINT('Ctrl Pts',(10.5414235948231,0.895129789787092,29.9528009145495));
#9749=CARTESIAN_POINT('Ctrl Pts',(10.5414235948231,0.895129789787092,29.4528009145495));
#9750=CARTESIAN_POINT('Ctrl Pts',(10.5782200036838,0.86388225244176,29.9528009145495));
#9751=CARTESIAN_POINT('Ctrl Pts',(10.5782200036838,0.86388225244176,29.4528009145495));
#9752=CARTESIAN_POINT('',(10.5782200036838,0.86388225244176,29.4528009145495));
#9753=CARTESIAN_POINT('',(10.5782200036838,0.86388225244176,29.9528009145495));
#9754=CARTESIAN_POINT('Ctrl Pts',(10.3282202421023,0.971025177704211,29.4528009145495));
#9755=CARTESIAN_POINT('Ctrl Pts',(10.3746358417034,0.96627280563522,29.4528009145495));
#9756=CARTESIAN_POINT('Ctrl Pts',(10.4690279236026,0.956608246792784,29.4528009145495));
#9757=CARTESIAN_POINT('Ctrl Pts',(10.5414235948231,0.895129789787092,29.4528009145495));
#9758=CARTESIAN_POINT('Ctrl Pts',(10.5782200036838,0.86388225244176,29.4528009145495));
#9759=CARTESIAN_POINT('Ctrl Pts',(10.5782200036838,0.86388225244176,29.9528009145495));
#9760=CARTESIAN_POINT('Ctrl Pts',(10.5782200036838,0.86388225244176,29.4528009145495));
#9761=CARTESIAN_POINT('Ctrl Pts',(10.6094672410696,0.827085902964733,29.9528009145495));
#9762=CARTESIAN_POINT('Ctrl Pts',(10.6094672410696,0.827085902964733,29.4528009145495));
#9763=CARTESIAN_POINT('Ctrl Pts',(10.6709453882791,0.75469001842638,29.9528009145495));
#9764=CARTESIAN_POINT('Ctrl Pts',(10.6709453882791,0.75469001842638,29.4528009145495));
#9765=CARTESIAN_POINT('Ctrl Pts',(10.6806103408607,0.660297986604622,29.9528009145495));
#9766=CARTESIAN_POINT('Ctrl Pts',(10.6806103408607,0.660297986604622,29.4528009145495));
#9767=CARTESIAN_POINT('Ctrl Pts',(10.6853629289462,0.613882192837115,29.9528009145495));
#9768=CARTESIAN_POINT('Ctrl Pts',(10.6853629289462,0.613882192837115,29.4528009145495));
#9769=CARTESIAN_POINT('',(10.6853629289462,0.613882192837115,29.4528009145495));
#9770=CARTESIAN_POINT('',(10.6853629289462,0.613882192837115,29.9528009145495));
#9771=CARTESIAN_POINT('Ctrl Pts',(10.5782200036838,0.86388225244176,29.4528009145495));
#9772=CARTESIAN_POINT('Ctrl Pts',(10.6094672410696,0.827085902964733,29.4528009145495));
#9773=CARTESIAN_POINT('Ctrl Pts',(10.6709453882791,0.75469001842638,29.4528009145495));
#9774=CARTESIAN_POINT('Ctrl Pts',(10.6806103408607,0.660297986604622,29.4528009145495));
#9775=CARTESIAN_POINT('Ctrl Pts',(10.6853629289462,0.613882192837115,29.4528009145495));
#9776=CARTESIAN_POINT('Origin',(10.6853629289462,0.613882192837115,29.9528009145495));
#9777=CARTESIAN_POINT('',(10.6853629289462,-3.67183213545192,29.4528009145495));
#9778=CARTESIAN_POINT('',(10.6853629289462,-3.67183213545192,29.9528009145495));
#9779=CARTESIAN_POINT('',(10.6853629289462,0.613882192837115,29.4528009145495));
#9780=CARTESIAN_POINT('Ctrl Pts',(10.6853629289462,-3.67183213545192,29.9528009145495));
#9781=CARTESIAN_POINT('Ctrl Pts',(10.6853629289462,-3.67183213545192,29.4528009145495));
#9782=CARTESIAN_POINT('Ctrl Pts',(10.680610289769,-3.71824770799536,29.9528009145495));
#9783=CARTESIAN_POINT('Ctrl Pts',(10.680610289769,-3.71824770799536,29.4528009145495));
#9784=CARTESIAN_POINT('Ctrl Pts',(10.670945203738,-3.8126395785083,29.9528009145495));
#9785=CARTESIAN_POINT('Ctrl Pts',(10.670945203738,-3.8126395785083,29.4528009145495));
#9786=CARTESIAN_POINT('Ctrl Pts',(10.6094672401588,-3.88503544691827,29.9528009145495));
#9787=CARTESIAN_POINT('Ctrl Pts',(10.6094672401588,-3.88503544691827,29.4528009145495));
#9788=CARTESIAN_POINT('Ctrl Pts',(10.5782200036838,-3.92183189703334,29.9528009145495));
#9789=CARTESIAN_POINT('Ctrl Pts',(10.5782200036838,-3.92183189703334,29.4528009145495));
#9790=CARTESIAN_POINT('',(10.5782200036838,-3.92183189703334,29.4528009145495));
#9791=CARTESIAN_POINT('',(10.5782200036838,-3.92183189703334,29.9528009145495));
#9792=CARTESIAN_POINT('Ctrl Pts',(10.6853629289462,-3.67183213545192,29.4528009145495));
#9793=CARTESIAN_POINT('Ctrl Pts',(10.680610289769,-3.71824770799536,29.4528009145495));
#9794=CARTESIAN_POINT('Ctrl Pts',(10.670945203738,-3.8126395785083,29.4528009145495));
#9795=CARTESIAN_POINT('Ctrl Pts',(10.6094672401588,-3.88503544691827,29.4528009145495));
#9796=CARTESIAN_POINT('Ctrl Pts',(10.5782200036838,-3.92183189703334,29.4528009145495));
#9797=CARTESIAN_POINT('Ctrl Pts',(10.5782200036838,-3.92183189703334,29.9528009145495));
#9798=CARTESIAN_POINT('Ctrl Pts',(10.5782200036838,-3.92183189703334,29.4528009145495));
#9799=CARTESIAN_POINT('Ctrl Pts',(10.5414235948231,-3.95307943437867,29.9528009145495));
#9800=CARTESIAN_POINT('Ctrl Pts',(10.5414235948231,-3.95307943437867,29.4528009145495));
#9801=CARTESIAN_POINT('Ctrl Pts',(10.4690279236026,-4.01455789138436,29.9528009145495));
#9802=CARTESIAN_POINT('Ctrl Pts',(10.4690279236026,-4.01455789138436,29.4528009145495));
#9803=CARTESIAN_POINT('Ctrl Pts',(10.3746358417034,-4.0242224502268,29.9528009145495));
#9804=CARTESIAN_POINT('Ctrl Pts',(10.3746358417034,-4.0242224502268,29.4528009145495));
#9805=CARTESIAN_POINT('Ctrl Pts',(10.3282202421023,-4.02897482229579,29.9528009145495));
#9806=CARTESIAN_POINT('Ctrl Pts',(10.3282202421023,-4.02897482229579,29.4528009145495));
#9807=CARTESIAN_POINT('',(10.3282202421023,-4.02897482229579,29.4528009145495));
#9808=CARTESIAN_POINT('',(10.3282202421023,-4.02897482229579,29.9528009145495));
#9809=CARTESIAN_POINT('Ctrl Pts',(10.5782200036838,-3.92183189703334,29.4528009145495));
#9810=CARTESIAN_POINT('Ctrl Pts',(10.5414235948231,-3.95307943437867,29.4528009145495));
#9811=CARTESIAN_POINT('Ctrl Pts',(10.4690279236026,-4.01455789138436,29.4528009145495));
#9812=CARTESIAN_POINT('Ctrl Pts',(10.3746358417034,-4.0242224502268,29.4528009145495));
#9813=CARTESIAN_POINT('Ctrl Pts',(10.3282202421023,-4.02897482229579,29.4528009145495));
#9814=CARTESIAN_POINT('Ctrl Pts',(7.82822024210233,-2.95754616571772,29.9528009145495));
#9815=CARTESIAN_POINT('Ctrl Pts',(7.82822024210233,-2.95754616571772,29.4528009145495));
#9816=CARTESIAN_POINT('Ctrl Pts',(7.83297284493094,-3.00396195026507,29.9528009145495));
#9817=CARTESIAN_POINT('Ctrl Pts',(7.83297284493094,-3.00396195026507,29.4528009145495));
#9818=CARTESIAN_POINT('Ctrl Pts',(7.84263783602083,-3.09835404660866,29.9528009145495));
#9819=CARTESIAN_POINT('Ctrl Pts',(7.84263783602083,-3.09835404660866,29.4528009145495));
#9820=CARTESIAN_POINT('Ctrl Pts',(7.9041159302418,-3.17075007125216,29.9528009145495));
#9821=CARTESIAN_POINT('Ctrl Pts',(7.9041159302418,-3.17075007125216,29.4528009145495));
#9822=CARTESIAN_POINT('Ctrl Pts',(7.93536316736479,-3.20754652334559,29.9528009145495));
#9823=CARTESIAN_POINT('Ctrl Pts',(7.93536316736479,-3.20754652334559,29.4528009145495));
#9824=CARTESIAN_POINT('',(7.82822024210233,-2.95754616571772,29.4528009145495));
#9825=CARTESIAN_POINT('Ctrl Pts',(7.82822024210233,-2.95754616571772,29.4528009145495));
#9826=CARTESIAN_POINT('Ctrl Pts',(7.83297284493094,-3.00396195026507,29.4528009145495));
#9827=CARTESIAN_POINT('Ctrl Pts',(7.84263783602083,-3.09835404660866,29.4528009145495));
#9828=CARTESIAN_POINT('Ctrl Pts',(7.9041159302418,-3.17075007125216,29.4528009145495));
#9829=CARTESIAN_POINT('Ctrl Pts',(7.93536316736479,-3.20754652334559,29.4528009145495));
#9830=CARTESIAN_POINT('',(7.82822024210233,-2.95754616571772,29.9528009145495));
#9831=CARTESIAN_POINT('Origin',(7.82822024210233,-1.52897482229579,29.9528009145495));
#9832=CARTESIAN_POINT('',(7.82822024210233,-1.52897482229579,29.4528009145495));
#9833=CARTESIAN_POINT('',(7.82822024210233,-1.52897482229579,29.4528009145495));
#9834=CARTESIAN_POINT('',(7.82822024210233,-1.52897482229579,29.9528009145495));
#9835=CARTESIAN_POINT('Ctrl Pts',(7.93536316736479,-1.27897476269114,29.9528009145495));
#9836=CARTESIAN_POINT('Ctrl Pts',(7.93536316736479,-1.27897476269114,29.4528009145495));
#9837=CARTESIAN_POINT('Ctrl Pts',(7.90411532823875,-1.31577102965949,29.9528009145495));
#9838=CARTESIAN_POINT('Ctrl Pts',(7.90411532823875,-1.31577102965949,29.4528009145495));
#9839=CARTESIAN_POINT('Ctrl Pts',(7.84263619417607,-1.38816651981895,29.9528009145495));
#9840=CARTESIAN_POINT('Ctrl Pts',(7.84263619417607,-1.38816651981895,29.4528009145495));
#9841=CARTESIAN_POINT('Ctrl Pts',(7.83297229597111,-1.48255897441291,29.9528009145495));
#9842=CARTESIAN_POINT('Ctrl Pts',(7.83297229597111,-1.48255897441291,29.4528009145495));
#9843=CARTESIAN_POINT('Ctrl Pts',(7.82822024210233,-1.52897482229579,29.9528009145495));
#9844=CARTESIAN_POINT('Ctrl Pts',(7.82822024210233,-1.52897482229579,29.4528009145495));
#9845=CARTESIAN_POINT('',(7.93536316736479,-1.27897476269114,29.4528009145495));
#9846=CARTESIAN_POINT('Ctrl Pts',(7.93536316736479,-1.27897476269114,29.4528009145495));
#9847=CARTESIAN_POINT('Ctrl Pts',(7.90411532823875,-1.31577102965949,29.4528009145495));
#9848=CARTESIAN_POINT('Ctrl Pts',(7.84263619417607,-1.38816651981895,29.4528009145495));
#9849=CARTESIAN_POINT('Ctrl Pts',(7.83297229597111,-1.48255897441291,29.4528009145495));
#9850=CARTESIAN_POINT('Ctrl Pts',(7.82822024210233,-1.52897482229579,29.4528009145495));
#9851=CARTESIAN_POINT('',(7.93536316736479,-1.27897476269114,29.9528009145495));
#9852=CARTESIAN_POINT('Ctrl Pts',(8.18536292894621,-1.17183213545192,29.9528009145495));
#9853=CARTESIAN_POINT('Ctrl Pts',(8.18536292894621,-1.17183213545192,29.4528009145495));
#9854=CARTESIAN_POINT('Ctrl Pts',(8.13894733932113,-1.1765845209442,29.9528009145495));
#9855=CARTESIAN_POINT('Ctrl Pts',(8.13894733932113,-1.1765845209442,29.4528009145495));
#9856=CARTESIAN_POINT('Ctrl Pts',(8.04455533535912,-1.18624910118201,29.9528009145495));
#9857=CARTESIAN_POINT('Ctrl Pts',(8.04455533535912,-1.18624910118201,29.4528009145495));
#9858=CARTESIAN_POINT('Ctrl Pts',(7.97215959143577,-1.24772734975096,29.9528009145495));
#9859=CARTESIAN_POINT('Ctrl Pts',(7.97215959143577,-1.24772734975096,29.4528009145495));
#9860=CARTESIAN_POINT('Ctrl Pts',(7.93536316736479,-1.27897476269114,29.9528009145495));
#9861=CARTESIAN_POINT('Ctrl Pts',(7.93536316736479,-1.27897476269114,29.4528009145495));
#9862=CARTESIAN_POINT('Ctrl Pts',(8.18536292894621,-1.17183213545192,29.4528009145495));
#9863=CARTESIAN_POINT('Ctrl Pts',(8.13894733932113,-1.1765845209442,29.4528009145495));
#9864=CARTESIAN_POINT('Ctrl Pts',(8.04455533535912,-1.18624910118201,29.4528009145495));
#9865=CARTESIAN_POINT('Ctrl Pts',(7.97215959143577,-1.24772734975096,29.4528009145495));
#9866=CARTESIAN_POINT('Ctrl Pts',(7.93536316736479,-1.27897476269114,29.4528009145495));
#9867=CARTESIAN_POINT('Origin',(8.18536292894621,-0.457546165717725,29.9528009145495));
#9868=CARTESIAN_POINT('',(8.18536292894621,-0.457546165717725,29.4528009145495));
#9869=CARTESIAN_POINT('',(8.18536292894621,-0.457546165717725,29.4528009145495));
#9870=CARTESIAN_POINT('',(8.18536292894621,-0.457546165717725,29.9528009145495));
#9871=CARTESIAN_POINT('Ctrl Pts',(7.43536364420194,-0.778974941505078,29.9528009145495));
#9872=CARTESIAN_POINT('Ctrl Pts',(7.43536364420194,-0.778974941505078,29.4528009145495));
#9873=CARTESIAN_POINT('Ctrl Pts',(7.54575246427518,-0.685232327123174,29.9528009145495));
#9874=CARTESIAN_POINT('Ctrl Pts',(7.54575246427518,-0.685232327123174,29.4528009145495));
#9875=CARTESIAN_POINT('Ctrl Pts',(7.7629392299818,-0.500796482868456,29.9528009145495));
#9876=CARTESIAN_POINT('Ctrl Pts',(7.7629392299818,-0.500796482868456,29.4528009145495));
#9877=CARTESIAN_POINT('Ctrl Pts',(8.04611566925404,-0.471803150254391,29.9528009145495));
#9878=CARTESIAN_POINT('Ctrl Pts',(8.04611566925404,-0.471803150254391,29.4528009145495));
#9879=CARTESIAN_POINT('Ctrl Pts',(8.18536292894621,-0.457546165717725,29.9528009145495));
#9880=CARTESIAN_POINT('Ctrl Pts',(8.18536292894621,-0.457546165717725,29.4528009145495));
#9881=CARTESIAN_POINT('',(7.43536364420194,-0.778974941505078,29.4528009145495));
#9882=CARTESIAN_POINT('Ctrl Pts',(7.43536364420194,-0.778974941505078,29.4528009145495));
#9883=CARTESIAN_POINT('Ctrl Pts',(7.54575246427518,-0.685232327123174,29.4528009145495));
#9884=CARTESIAN_POINT('Ctrl Pts',(7.7629392299818,-0.500796482868456,29.4528009145495));
#9885=CARTESIAN_POINT('Ctrl Pts',(8.04611566925404,-0.471803150254391,29.4528009145495));
#9886=CARTESIAN_POINT('Ctrl Pts',(8.18536292894621,-0.457546165717725,29.4528009145495));
#9887=CARTESIAN_POINT('',(7.43536364420194,-0.778974941505078,29.9528009145495));
#9888=CARTESIAN_POINT('Ctrl Pts',(7.11393486841459,-1.52897482229579,29.9528009145495));
#9889=CARTESIAN_POINT('Ctrl Pts',(7.11393486841459,-1.52897482229579,29.4528009145495));
#9890=CARTESIAN_POINT('Ctrl Pts',(7.1281915494939,-1.38972732354186,29.9528009145495));
#9891=CARTESIAN_POINT('Ctrl Pts',(7.1281915494939,-1.38972732354186,29.4528009145495));
#9892=CARTESIAN_POINT('Ctrl Pts',(7.15718425997892,-1.10655044705303,29.9528009145495));
#9893=CARTESIAN_POINT('Ctrl Pts',(7.15718425997892,-1.10655044705303,29.4528009145495));
#9894=CARTESIAN_POINT('Ctrl Pts',(7.34162072830232,-0.889363722302504,29.9528009145495));
#9895=CARTESIAN_POINT('Ctrl Pts',(7.34162072830232,-0.889363722302504,29.4528009145495));
#9896=CARTESIAN_POINT('Ctrl Pts',(7.43536364420194,-0.778974941505078,29.9528009145495));
#9897=CARTESIAN_POINT('Ctrl Pts',(7.43536364420194,-0.778974941505078,29.4528009145495));
#9898=CARTESIAN_POINT('',(7.11393486841459,-1.52897482229579,29.4528009145495));
#9899=CARTESIAN_POINT('Ctrl Pts',(7.11393486841459,-1.52897482229579,29.4528009145495));
#9900=CARTESIAN_POINT('Ctrl Pts',(7.1281915494939,-1.38972732354186,29.4528009145495));
#9901=CARTESIAN_POINT('Ctrl Pts',(7.15718425997892,-1.10655044705303,29.4528009145495));
#9902=CARTESIAN_POINT('Ctrl Pts',(7.34162072830232,-0.889363722302504,29.4528009145495));
#9903=CARTESIAN_POINT('Ctrl Pts',(7.43536364420194,-0.778974941505078,29.4528009145495));
#9904=CARTESIAN_POINT('',(7.11393486841459,-1.52897482229579,29.9528009145495));
#9905=CARTESIAN_POINT('Origin',(7.11393486841459,-2.95754616571772,29.9528009145495));
#9906=CARTESIAN_POINT('',(7.11393486841459,-2.95754616571772,29.4528009145495));
#9907=CARTESIAN_POINT('',(7.11393486841459,-2.95754616571772,29.4528009145495));
#9908=CARTESIAN_POINT('',(7.11393486841459,-2.95754616571772,29.9528009145495));
#9909=CARTESIAN_POINT('Ctrl Pts',(7.43536364420194,-3.70754604650844,29.9528009145495));
#9910=CARTESIAN_POINT('Ctrl Pts',(7.43536364420194,-3.70754604650844,29.4528009145495));
#9911=CARTESIAN_POINT('Ctrl Pts',(7.34162133004246,-3.59715718320232,29.9528009145495));
#9912=CARTESIAN_POINT('Ctrl Pts',(7.34162133004246,-3.59715718320232,29.4528009145495));
#9913=CARTESIAN_POINT('Ctrl Pts',(7.15718584857201,-3.37997006407273,29.9528009145495));
#9914=CARTESIAN_POINT('Ctrl Pts',(7.15718584857201,-3.37997006407273,29.4528009145495));
#9915=CARTESIAN_POINT('Ctrl Pts',(7.12819208371061,-3.09679361035624,29.9528009145495));
#9916=CARTESIAN_POINT('Ctrl Pts',(7.12819208371061,-3.09679361035624,29.4528009145495));
#9917=CARTESIAN_POINT('Ctrl Pts',(7.11393486841459,-2.95754616571772,29.9528009145495));
#9918=CARTESIAN_POINT('Ctrl Pts',(7.11393486841459,-2.95754616571772,29.4528009145495));
#9919=CARTESIAN_POINT('',(7.43536364420194,-3.70754604650844,29.4528009145495));
#9920=CARTESIAN_POINT('Ctrl Pts',(7.43536364420194,-3.70754604650844,29.4528009145495));
#9921=CARTESIAN_POINT('Ctrl Pts',(7.34162133004246,-3.59715718320232,29.4528009145495));
#9922=CARTESIAN_POINT('Ctrl Pts',(7.15718584857201,-3.37997006407273,29.4528009145495));
#9923=CARTESIAN_POINT('Ctrl Pts',(7.12819208371061,-3.09679361035624,29.4528009145495));
#9924=CARTESIAN_POINT('Ctrl Pts',(7.11393486841459,-2.95754616571772,29.4528009145495));
#9925=CARTESIAN_POINT('',(7.43536364420194,-3.70754604650844,29.9528009145495));
#9926=CARTESIAN_POINT('Ctrl Pts',(8.18536292894621,-4.02897482229579,29.9528009145495));
#9927=CARTESIAN_POINT('Ctrl Pts',(8.18536292894621,-4.02897482229579,29.4528009145495));
#9928=CARTESIAN_POINT('Ctrl Pts',(8.04611566925404,-4.01471783775912,29.9528009145495));
#9929=CARTESIAN_POINT('Ctrl Pts',(8.04611566925404,-4.01471783775912,29.4528009145495));
#9930=CARTESIAN_POINT('Ctrl Pts',(7.7629392299818,-3.98572450514506,29.9528009145495));
#9931=CARTESIAN_POINT('Ctrl Pts',(7.7629392299818,-3.98572450514506,29.4528009145495));
#9932=CARTESIAN_POINT('Ctrl Pts',(7.54575246427518,-3.80128866089034,29.9528009145495));
#9933=CARTESIAN_POINT('Ctrl Pts',(7.54575246427518,-3.80128866089034,29.4528009145495));
#9934=CARTESIAN_POINT('Ctrl Pts',(7.43536364420194,-3.70754604650844,29.9528009145495));
#9935=CARTESIAN_POINT('Ctrl Pts',(7.43536364420194,-3.70754604650844,29.4528009145495));
#9936=CARTESIAN_POINT('',(8.18536292894621,-4.02897482229579,29.4528009145495));
#9937=CARTESIAN_POINT('Ctrl Pts',(8.18536292894621,-4.02897482229579,29.4528009145495));
#9938=CARTESIAN_POINT('Ctrl Pts',(8.04611566925404,-4.01471783775912,29.4528009145495));
#9939=CARTESIAN_POINT('Ctrl Pts',(7.7629392299818,-3.98572450514506,29.4528009145495));
#9940=CARTESIAN_POINT('Ctrl Pts',(7.54575246427518,-3.80128866089034,29.4528009145495));
#9941=CARTESIAN_POINT('Ctrl Pts',(7.43536364420194,-3.70754604650844,29.4528009145495));
#9942=CARTESIAN_POINT('',(8.18536292894621,-4.02897482229579,29.9528009145495));
#9943=CARTESIAN_POINT('Origin',(10.3282202421023,-4.02897482229579,29.9528009145495));
#9944=CARTESIAN_POINT('',(10.3282202421023,-4.02897482229579,29.4528009145495));
#9945=CARTESIAN_POINT('Origin',(6.69250685854692,-1.52897482229579,29.4528009145495));
#9946=CARTESIAN_POINT('Ctrl Pts',(4.02107726915617,-3.92183189703334,29.6528009145495));
#9947=CARTESIAN_POINT('Ctrl Pts',(4.02107726915617,-3.92183189703334,29.9528009145495));
#9948=CARTESIAN_POINT('Ctrl Pts',(4.05181625094578,-3.88563396282835,29.6528009145495));
#9949=CARTESIAN_POINT('Ctrl Pts',(4.05181625094578,-3.88563396282835,29.9528009145495));
#9950=CARTESIAN_POINT('Ctrl Pts',(4.0825552327354,-3.84943602862337,29.6528009145495));
#9951=CARTESIAN_POINT('Ctrl Pts',(4.0825552327354,-3.84943602862337,29.9528009145495));
#9952=CARTESIAN_POINT('Ctrl Pts',(4.11855766614998,-3.7661990261588,29.6528009145495));
#9953=CARTESIAN_POINT('Ctrl Pts',(4.11855766614998,-3.7661990261588,29.9528009145495));
#9954=CARTESIAN_POINT('Ctrl Pts',(4.1232404700983,-3.7204654835386,29.6528009145495));
#9955=CARTESIAN_POINT('Ctrl Pts',(4.1232404700983,-3.7204654835386,29.9528009145495));
#9956=CARTESIAN_POINT('Ctrl Pts',(4.12822019441862,-3.67183213545192,29.6528009145495));
#9957=CARTESIAN_POINT('Ctrl Pts',(4.12822019441862,-3.67183213545192,29.9528009145495));
#9958=CARTESIAN_POINT('',(4.12822019441862,-3.67183213545192,29.6528009145495));
#9959=CARTESIAN_POINT('',(4.02107726915617,-3.92183189703334,29.6528009145495));
#9960=CARTESIAN_POINT('Ctrl Pts',(4.12822019441862,-3.67183213545192,29.6528009145495));
#9961=CARTESIAN_POINT('Ctrl Pts',(4.1232404700983,-3.7204654835386,29.6528009145495));
#9962=CARTESIAN_POINT('Ctrl Pts',(4.11855766614998,-3.7661990261588,29.6528009145495));
#9963=CARTESIAN_POINT('Ctrl Pts',(4.10055168687223,-3.80782853837149,29.6528009145495));
#9964=CARTESIAN_POINT('Ctrl Pts',(4.0825552327354,-3.84943602862337,29.6528009145495));
#9965=CARTESIAN_POINT('Ctrl Pts',(4.05181625094578,-3.88563396282835,29.6528009145495));
#9966=CARTESIAN_POINT('Ctrl Pts',(4.02107726915617,-3.92183189703334,29.6528009145495));
#9967=CARTESIAN_POINT('',(4.12822019441862,-3.67183213545192,29.9528009145495));
#9968=CARTESIAN_POINT('',(4.12822019441862,-3.67183213545192,29.6528009145495));
#9969=CARTESIAN_POINT('',(4.02107726915617,-3.92183189703334,29.9528009145495));
#9970=CARTESIAN_POINT('Ctrl Pts',(4.02107726915617,-3.92183189703334,29.9528009145495));
#9971=CARTESIAN_POINT('Ctrl Pts',(4.05181625094578,-3.88563396282835,29.9528009145495));
#9972=CARTESIAN_POINT('Ctrl Pts',(4.0825552327354,-3.84943602862337,29.9528009145495));
#9973=CARTESIAN_POINT('Ctrl Pts',(4.10055168687223,-3.80782853837149,29.9528009145495));
#9974=CARTESIAN_POINT('Ctrl Pts',(4.11855766614998,-3.7661990261588,29.9528009145495));
#9975=CARTESIAN_POINT('Ctrl Pts',(4.1232404700983,-3.7204654835386,29.9528009145495));
#9976=CARTESIAN_POINT('Ctrl Pts',(4.12822019441862,-3.67183213545192,29.9528009145495));
#9977=CARTESIAN_POINT('',(4.02107726915617,-3.92183189703334,29.6528009145495));
#9978=CARTESIAN_POINT('Ctrl Pts',(3.77107750757475,-4.02897482229579,29.6528009145495));
#9979=CARTESIAN_POINT('Ctrl Pts',(3.77107750757475,-4.02897482229579,29.9528009145495));
#9980=CARTESIAN_POINT('Ctrl Pts',(3.81971109458774,-4.02399535628605,29.6528009145495));
#9981=CARTESIAN_POINT('Ctrl Pts',(3.81971109458774,-4.02399535628605,29.9528009145495));
#9982=CARTESIAN_POINT('Ctrl Pts',(3.86544460476809,-4.01931282157216,29.6528009145495));
#9983=CARTESIAN_POINT('Ctrl Pts',(3.86544460476809,-4.01931282157216,29.9528009145495));
#9984=CARTESIAN_POINT('Ctrl Pts',(3.94868159793569,-3.98331035403903,29.6528009145495));
#9985=CARTESIAN_POINT('Ctrl Pts',(3.94868159793569,-3.98331035403903,29.9528009145495));
#9986=CARTESIAN_POINT('Ctrl Pts',(3.98487943354593,-3.95257112553619,29.6528009145495));
#9987=CARTESIAN_POINT('Ctrl Pts',(3.98487943354593,-3.95257112553619,29.9528009145495));
#9988=CARTESIAN_POINT('Ctrl Pts',(4.02107726915617,-3.92183189703334,29.6528009145495));
#9989=CARTESIAN_POINT('Ctrl Pts',(4.02107726915617,-3.92183189703334,29.9528009145495));
#9990=CARTESIAN_POINT('',(3.77107750757475,-4.02897482229579,29.6528009145495));
#9991=CARTESIAN_POINT('Ctrl Pts',(4.02107726915617,-3.92183189703334,29.6528009145495));
#9992=CARTESIAN_POINT('Ctrl Pts',(3.98487943354593,-3.95257112553619,29.6528009145495));
#9993=CARTESIAN_POINT('Ctrl Pts',(3.94868159793569,-3.98331035403903,29.6528009145495));
#9994=CARTESIAN_POINT('Ctrl Pts',(3.90707411446566,-4.00130682430735,29.6528009145495));
#9995=CARTESIAN_POINT('Ctrl Pts',(3.86544460476809,-4.01931282157216,29.6528009145495));
#9996=CARTESIAN_POINT('Ctrl Pts',(3.81971109458774,-4.02399535628605,29.6528009145495));
#9997=CARTESIAN_POINT('Ctrl Pts',(3.77107750757475,-4.02897482229579,29.6528009145495));
#9998=CARTESIAN_POINT('',(3.77107750757475,-4.02897482229579,29.9528009145495));
#9999=CARTESIAN_POINT('Ctrl Pts',(3.77107750757475,-4.02897482229579,29.9528009145495));
#10000=CARTESIAN_POINT('Ctrl Pts',(3.81971109458774,-4.02399535628605,29.9528009145495));
#10001=CARTESIAN_POINT('Ctrl Pts',(3.86544460476809,-4.01931282157216,29.9528009145495));
#10002=CARTESIAN_POINT('Ctrl Pts',(3.90707411446566,-4.00130682430735,29.9528009145495));
#10003=CARTESIAN_POINT('Ctrl Pts',(3.94868159793569,-3.98331035403903,29.9528009145495));
#10004=CARTESIAN_POINT('Ctrl Pts',(3.98487943354593,-3.95257112553619,29.9528009145495));
#10005=CARTESIAN_POINT('Ctrl Pts',(4.02107726915617,-3.92183189703334,29.9528009145495));
#10006=CARTESIAN_POINT('',(3.77107750757475,-4.02897482229579,29.6528009145495));
#10007=CARTESIAN_POINT('Ctrl Pts',(3.52107774599333,-3.92183189703334,29.6528009145495));
#10008=CARTESIAN_POINT('Ctrl Pts',(3.52107774599333,-3.92183189703334,29.9528009145495));
#10009=CARTESIAN_POINT('Ctrl Pts',(3.55727558160357,-3.95257112553619,29.6528009145495));
#10010=CARTESIAN_POINT('Ctrl Pts',(3.55727558160357,-3.95257112553619,29.9528009145495));
#10011=CARTESIAN_POINT('Ctrl Pts',(3.5934734172138,-3.98331035403903,29.6528009145495));
#10012=CARTESIAN_POINT('Ctrl Pts',(3.5934734172138,-3.98331035403903,29.9528009145495));
#10013=CARTESIAN_POINT('Ctrl Pts',(3.67671041038141,-4.01931282157216,29.6528009145495));
#10014=CARTESIAN_POINT('Ctrl Pts',(3.67671041038141,-4.01931282157216,29.9528009145495));
#10015=CARTESIAN_POINT('Ctrl Pts',(3.72244392056177,-4.02399535628605,29.6528009145495));
#10016=CARTESIAN_POINT('Ctrl Pts',(3.72244392056177,-4.02399535628605,29.9528009145495));
#10017=CARTESIAN_POINT('Ctrl Pts',(3.77107750757475,-4.02897482229579,29.6528009145495));
#10018=CARTESIAN_POINT('Ctrl Pts',(3.77107750757475,-4.02897482229579,29.9528009145495));
#10019=CARTESIAN_POINT('',(3.52107774599333,-3.92183189703334,29.6528009145495));
#10020=CARTESIAN_POINT('Ctrl Pts',(3.77107750757475,-4.02897482229579,29.6528009145495));
#10021=CARTESIAN_POINT('Ctrl Pts',(3.72244392056177,-4.02399535628605,29.6528009145495));
#10022=CARTESIAN_POINT('Ctrl Pts',(3.67671041038141,-4.01931282157216,29.6528009145495));
#10023=CARTESIAN_POINT('Ctrl Pts',(3.63508090068384,-4.00130682430735,29.6528009145495));
#10024=CARTESIAN_POINT('Ctrl Pts',(3.5934734172138,-3.98331035403903,29.6528009145495));
#10025=CARTESIAN_POINT('Ctrl Pts',(3.55727558160357,-3.95257112553619,29.6528009145495));
#10026=CARTESIAN_POINT('Ctrl Pts',(3.52107774599333,-3.92183189703334,29.6528009145495));
#10027=CARTESIAN_POINT('',(3.52107774599333,-3.92183189703334,29.9528009145495));
#10028=CARTESIAN_POINT('Ctrl Pts',(3.52107774599333,-3.92183189703334,29.9528009145495));
#10029=CARTESIAN_POINT('Ctrl Pts',(3.55727558160357,-3.95257112553619,29.9528009145495));
#10030=CARTESIAN_POINT('Ctrl Pts',(3.5934734172138,-3.98331035403903,29.9528009145495));
#10031=CARTESIAN_POINT('Ctrl Pts',(3.63508090068384,-4.00130682430735,29.9528009145495));
#10032=CARTESIAN_POINT('Ctrl Pts',(3.67671041038141,-4.01931282157216,29.9528009145495));
#10033=CARTESIAN_POINT('Ctrl Pts',(3.72244392056177,-4.02399535628605,29.9528009145495));
#10034=CARTESIAN_POINT('Ctrl Pts',(3.77107750757475,-4.02897482229579,29.9528009145495));
#10035=CARTESIAN_POINT('',(3.52107774599333,-3.92183189703334,29.6528009145495));
#10036=CARTESIAN_POINT('Ctrl Pts',(3.41393482073088,-3.67183213545192,29.6528009145495));
#10037=CARTESIAN_POINT('Ctrl Pts',(3.41393482073088,-3.67183213545192,29.9528009145495));
#10038=CARTESIAN_POINT('Ctrl Pts',(3.41891428674062,-3.72046572246491,29.6528009145495));
#10039=CARTESIAN_POINT('Ctrl Pts',(3.41891428674062,-3.72046572246491,29.9528009145495));
#10040=CARTESIAN_POINT('Ctrl Pts',(3.4235968214545,-3.76619923264526,29.6528009145495));
#10041=CARTESIAN_POINT('Ctrl Pts',(3.4235968214545,-3.76619923264526,29.9528009145495));
#10042=CARTESIAN_POINT('Ctrl Pts',(3.45959928898763,-3.84943622581286,29.6528009145495));
#10043=CARTESIAN_POINT('Ctrl Pts',(3.45959928898763,-3.84943622581286,29.9528009145495));
#10044=CARTESIAN_POINT('Ctrl Pts',(3.49033851749048,-3.8856340614231,29.6528009145495));
#10045=CARTESIAN_POINT('Ctrl Pts',(3.49033851749048,-3.8856340614231,29.9528009145495));
#10046=CARTESIAN_POINT('Ctrl Pts',(3.52107774599333,-3.92183189703334,29.6528009145495));
#10047=CARTESIAN_POINT('Ctrl Pts',(3.52107774599333,-3.92183189703334,29.9528009145495));
#10048=CARTESIAN_POINT('',(3.41393482073088,-3.67183213545192,29.6528009145495));
#10049=CARTESIAN_POINT('Ctrl Pts',(3.52107774599333,-3.92183189703334,29.6528009145495));
#10050=CARTESIAN_POINT('Ctrl Pts',(3.49033851749048,-3.8856340614231,29.6528009145495));
#10051=CARTESIAN_POINT('Ctrl Pts',(3.45959928898763,-3.84943622581286,29.6528009145495));
#10052=CARTESIAN_POINT('Ctrl Pts',(3.44160281871931,-3.80782874234283,29.6528009145495));
#10053=CARTESIAN_POINT('Ctrl Pts',(3.4235968214545,-3.76619923264526,29.6528009145495));
#10054=CARTESIAN_POINT('Ctrl Pts',(3.41891428674062,-3.72046572246491,29.6528009145495));
#10055=CARTESIAN_POINT('Ctrl Pts',(3.41393482073088,-3.67183213545192,29.6528009145495));
#10056=CARTESIAN_POINT('',(3.41393482073088,-3.67183213545192,29.9528009145495));
#10057=CARTESIAN_POINT('Ctrl Pts',(3.41393482073088,-3.67183213545192,29.9528009145495));
#10058=CARTESIAN_POINT('Ctrl Pts',(3.41891428674062,-3.72046572246491,29.9528009145495));
#10059=CARTESIAN_POINT('Ctrl Pts',(3.4235968214545,-3.76619923264526,29.9528009145495));
#10060=CARTESIAN_POINT('Ctrl Pts',(3.44160281871931,-3.80782874234283,29.9528009145495));
#10061=CARTESIAN_POINT('Ctrl Pts',(3.45959928898763,-3.84943622581286,29.9528009145495));
#10062=CARTESIAN_POINT('Ctrl Pts',(3.49033851749048,-3.8856340614231,29.9528009145495));
#10063=CARTESIAN_POINT('Ctrl Pts',(3.52107774599333,-3.92183189703334,29.9528009145495));
#10064=CARTESIAN_POINT('',(3.41393482073088,-3.67183213545192,29.6528009145495));
#10065=CARTESIAN_POINT('Ctrl Pts',(3.52107774599333,-0.564689090980176,
29.6528009145495));
#10066=CARTESIAN_POINT('Ctrl Pts',(3.52107774599333,-0.564689090980176,
29.9528009145495));
#10067=CARTESIAN_POINT('Ctrl Pts',(3.49033848482995,-0.600886965648779,
29.6528009145495));
#10068=CARTESIAN_POINT('Ctrl Pts',(3.49033848482995,-0.600886965648779,
29.9528009145495));
#10069=CARTESIAN_POINT('Ctrl Pts',(3.45959922366659,-0.637084840317366,
29.6528009145495));
#10070=CARTESIAN_POINT('Ctrl Pts',(3.45959922366659,-0.637084840317366,
29.9528009145495));
#10071=CARTESIAN_POINT('Ctrl Pts',(3.42359677432225,-0.720321937325991,
29.6528009145495));
#10072=CARTESIAN_POINT('Ctrl Pts',(3.42359677432225,-0.720321937325991,
29.9528009145495));
#10073=CARTESIAN_POINT('Ctrl Pts',(3.41891425354315,-0.766055590750394,
29.6528009145495));
#10074=CARTESIAN_POINT('Ctrl Pts',(3.41891425354315,-0.766055590750394,
29.9528009145495));
#10075=CARTESIAN_POINT('Ctrl Pts',(3.41393482073088,-0.814689150584821,
29.6528009145495));
#10076=CARTESIAN_POINT('Ctrl Pts',(3.41393482073088,-0.814689150584821,
29.9528009145495));
#10077=CARTESIAN_POINT('',(3.41393482073088,-0.814689150584821,29.6528009145495));
#10078=CARTESIAN_POINT('',(3.52107774599333,-0.564689090980176,29.6528009145495));
#10079=CARTESIAN_POINT('Ctrl Pts',(3.41393482073088,-0.814689150584821,
29.6528009145495));
#10080=CARTESIAN_POINT('Ctrl Pts',(3.41891425354315,-0.766055590750394,
29.6528009145495));
#10081=CARTESIAN_POINT('Ctrl Pts',(3.42359677432225,-0.720321937325991,
29.6528009145495));
#10082=CARTESIAN_POINT('Ctrl Pts',(3.44160276188411,-0.678692377095581,
29.6528009145495));
#10083=CARTESIAN_POINT('Ctrl Pts',(3.45959922366659,-0.637084840317366,
29.6528009145495));
#10084=CARTESIAN_POINT('Ctrl Pts',(3.49033848482995,-0.600886965648779,
29.6528009145495));
#10085=CARTESIAN_POINT('Ctrl Pts',(3.52107774599333,-0.564689090980176,
29.6528009145495));
#10086=CARTESIAN_POINT('',(3.41393482073088,-0.814689150584821,29.9528009145495));
#10087=CARTESIAN_POINT('',(3.41393482073088,-0.814689150584821,29.6528009145495));
#10088=CARTESIAN_POINT('',(3.52107774599333,-0.564689090980176,29.9528009145495));
#10089=CARTESIAN_POINT('Ctrl Pts',(3.52107774599333,-0.564689090980176,
29.9528009145495));
#10090=CARTESIAN_POINT('Ctrl Pts',(3.49033848482995,-0.600886965648779,
29.9528009145495));
#10091=CARTESIAN_POINT('Ctrl Pts',(3.45959922366659,-0.637084840317366,
29.9528009145495));
#10092=CARTESIAN_POINT('Ctrl Pts',(3.44160276188411,-0.678692377095581,
29.9528009145495));
#10093=CARTESIAN_POINT('Ctrl Pts',(3.42359677432225,-0.720321937325991,
29.9528009145495));
#10094=CARTESIAN_POINT('Ctrl Pts',(3.41891425354315,-0.766055590750394,
29.9528009145495));
#10095=CARTESIAN_POINT('Ctrl Pts',(3.41393482073088,-0.814689150584821,
29.9528009145495));
#10096=CARTESIAN_POINT('',(3.52107774599333,-0.564689090980176,29.6528009145495));
#10097=CARTESIAN_POINT('Ctrl Pts',(3.77107750757475,-0.457546165717725,
29.6528009145495));
#10098=CARTESIAN_POINT('Ctrl Pts',(3.77107750757475,-0.457546165717725,
29.9528009145495));
#10099=CARTESIAN_POINT('Ctrl Pts',(3.72244392056177,-0.462525631727464,
29.6528009145495));
#10100=CARTESIAN_POINT('Ctrl Pts',(3.72244392056177,-0.462525631727464,
29.9528009145495));
#10101=CARTESIAN_POINT('Ctrl Pts',(3.67671041038141,-0.467208166441351,
29.6528009145495));
#10102=CARTESIAN_POINT('Ctrl Pts',(3.67671041038141,-0.467208166441351,
29.9528009145495));
#10103=CARTESIAN_POINT('Ctrl Pts',(3.5934734172138,-0.503210633974485,29.6528009145495));
#10104=CARTESIAN_POINT('Ctrl Pts',(3.5934734172138,-0.503210633974485,29.9528009145495));
#10105=CARTESIAN_POINT('Ctrl Pts',(3.55727558160355,-0.533949862477337,
29.6528009145495));
#10106=CARTESIAN_POINT('Ctrl Pts',(3.55727558160355,-0.533949862477337,
29.9528009145495));
#10107=CARTESIAN_POINT('Ctrl Pts',(3.52107774599333,-0.564689090980176,
29.6528009145495));
#10108=CARTESIAN_POINT('Ctrl Pts',(3.52107774599333,-0.564689090980176,
29.9528009145495));
#10109=CARTESIAN_POINT('',(3.77107750757475,-0.457546165717725,29.6528009145495));
#10110=CARTESIAN_POINT('Ctrl Pts',(3.52107774599333,-0.564689090980176,
29.6528009145495));
#10111=CARTESIAN_POINT('Ctrl Pts',(3.55727558160355,-0.533949862477337,
29.6528009145495));
#10112=CARTESIAN_POINT('Ctrl Pts',(3.5934734172138,-0.503210633974485,29.6528009145495));
#10113=CARTESIAN_POINT('Ctrl Pts',(3.63508090068383,-0.485214163706163,
29.6528009145495));
#10114=CARTESIAN_POINT('Ctrl Pts',(3.67671041038141,-0.467208166441351,
29.6528009145495));
#10115=CARTESIAN_POINT('Ctrl Pts',(3.72244392056177,-0.462525631727464,
29.6528009145495));
#10116=CARTESIAN_POINT('Ctrl Pts',(3.77107750757475,-0.457546165717725,
29.6528009145495));
#10117=CARTESIAN_POINT('',(3.77107750757475,-0.457546165717725,29.9528009145495));
#10118=CARTESIAN_POINT('Ctrl Pts',(3.77107750757475,-0.457546165717725,
29.9528009145495));
#10119=CARTESIAN_POINT('Ctrl Pts',(3.72244392056177,-0.462525631727464,
29.9528009145495));
#10120=CARTESIAN_POINT('Ctrl Pts',(3.67671041038141,-0.467208166441351,
29.9528009145495));
#10121=CARTESIAN_POINT('Ctrl Pts',(3.63508090068383,-0.485214163706163,
29.9528009145495));
#10122=CARTESIAN_POINT('Ctrl Pts',(3.5934734172138,-0.503210633974485,29.9528009145495));
#10123=CARTESIAN_POINT('Ctrl Pts',(3.55727558160355,-0.533949862477337,
29.9528009145495));
#10124=CARTESIAN_POINT('Ctrl Pts',(3.52107774599333,-0.564689090980176,
29.9528009145495));
#10125=CARTESIAN_POINT('',(3.77107750757475,-0.457546165717725,29.6528009145495));
#10126=CARTESIAN_POINT('Ctrl Pts',(5.94964873178739,-0.778974941505078,
29.6528009145495));
#10127=CARTESIAN_POINT('Ctrl Pts',(5.94964873178739,-0.778974941505078,
29.9528009145495));
#10128=CARTESIAN_POINT('Ctrl Pts',(5.84105534893407,-0.686757019377715,
29.6528009145495));
#10129=CARTESIAN_POINT('Ctrl Pts',(5.84105534893407,-0.686757019377715,
29.9528009145495));
#10130=CARTESIAN_POINT('Ctrl Pts',(5.73246196608077,-0.594539097250359,
29.6528009145495));
#10131=CARTESIAN_POINT('Ctrl Pts',(5.73246196608077,-0.594539097250359,
29.9528009145495));
#10132=CARTESIAN_POINT('Ctrl Pts',(5.48275095518483,-0.4865318264252,29.6528009145495));
#10133=CARTESIAN_POINT('Ctrl Pts',(5.48275095518483,-0.4865318264252,29.9528009145495));
#10134=CARTESIAN_POINT('Ctrl Pts',(5.3455496894279,-0.472484323238195,29.6528009145495));
#10135=CARTESIAN_POINT('Ctrl Pts',(5.3455496894279,-0.472484323238195,29.9528009145495));
#10136=CARTESIAN_POINT('Ctrl Pts',(5.19964944704313,-0.457546165717725,
29.6528009145495));
#10137=CARTESIAN_POINT('Ctrl Pts',(5.19964944704313,-0.457546165717725,
29.9528009145495));
#10138=CARTESIAN_POINT('',(5.19964944704313,-0.457546165717725,29.6528009145495));
#10139=CARTESIAN_POINT('',(5.94964873178739,-0.778974941505078,29.6528009145495));
#10140=CARTESIAN_POINT('Ctrl Pts',(5.19964944704313,-0.457546165717725,
29.6528009145495));
#10141=CARTESIAN_POINT('Ctrl Pts',(5.3455496894279,-0.472484323238195,29.6528009145495));
#10142=CARTESIAN_POINT('Ctrl Pts',(5.48275095518483,-0.4865318264252,29.6528009145495));
#10143=CARTESIAN_POINT('Ctrl Pts',(5.60763948982578,-0.540549747923841,
29.6528009145495));
#10144=CARTESIAN_POINT('Ctrl Pts',(5.73246196608077,-0.594539097250359,
29.6528009145495));
#10145=CARTESIAN_POINT('Ctrl Pts',(5.84105534893407,-0.686757019377715,
29.6528009145495));
#10146=CARTESIAN_POINT('Ctrl Pts',(5.94964873178739,-0.778974941505078,
29.6528009145495));
#10147=CARTESIAN_POINT('',(5.19964944704313,-0.457546165717725,29.9528009145495));
#10148=CARTESIAN_POINT('',(5.19964944704313,-0.457546165717725,29.6528009145495));
#10149=CARTESIAN_POINT('',(5.94964873178739,-0.778974941505078,29.9528009145495));
#10150=CARTESIAN_POINT('Ctrl Pts',(5.94964873178739,-0.778974941505078,
29.9528009145495));
#10151=CARTESIAN_POINT('Ctrl Pts',(5.84105534893407,-0.686757019377715,
29.9528009145495));
#10152=CARTESIAN_POINT('Ctrl Pts',(5.73246196608077,-0.594539097250359,
29.9528009145495));
#10153=CARTESIAN_POINT('Ctrl Pts',(5.60763948982578,-0.540549747923841,
29.9528009145495));
#10154=CARTESIAN_POINT('Ctrl Pts',(5.48275095518483,-0.4865318264252,29.9528009145495));
#10155=CARTESIAN_POINT('Ctrl Pts',(5.3455496894279,-0.472484323238195,29.9528009145495));
#10156=CARTESIAN_POINT('Ctrl Pts',(5.19964944704313,-0.457546165717725,
29.9528009145495));
#10157=CARTESIAN_POINT('',(5.94964873178739,-0.778974941505078,29.6528009145495));
#10158=CARTESIAN_POINT('Ctrl Pts',(6.27107750757475,-1.52897482229579,29.6528009145495));
#10159=CARTESIAN_POINT('Ctrl Pts',(6.27107750757475,-1.52897482229579,29.9528009145495));
#10160=CARTESIAN_POINT('Ctrl Pts',(6.25613961463228,-1.38307426567809,29.6528009145495));
#10161=CARTESIAN_POINT('Ctrl Pts',(6.25613961463228,-1.38307426567809,29.9528009145495));
#10162=CARTESIAN_POINT('Ctrl Pts',(6.24209238331079,-1.24587292967725,29.6528009145495));
#10163=CARTESIAN_POINT('Ctrl Pts',(6.24209238331079,-1.24587292967725,29.9528009145495));
#10164=CARTESIAN_POINT('Ctrl Pts',(6.13408508180126,-0.996161728244587,
29.6528009145495));
#10165=CARTESIAN_POINT('Ctrl Pts',(6.13408508180126,-0.996161728244587,
29.9528009145495));
#10166=CARTESIAN_POINT('Ctrl Pts',(6.04186690679432,-0.887568334874828,
29.6528009145495));
#10167=CARTESIAN_POINT('Ctrl Pts',(6.04186690679432,-0.887568334874828,
29.9528009145495));
#10168=CARTESIAN_POINT('Ctrl Pts',(5.94964873178739,-0.778974941505078,
29.6528009145495));
#10169=CARTESIAN_POINT('Ctrl Pts',(5.94964873178739,-0.778974941505078,
29.9528009145495));
#10170=CARTESIAN_POINT('',(6.27107750757475,-1.52897482229579,29.6528009145495));
#10171=CARTESIAN_POINT('Ctrl Pts',(5.94964873178739,-0.778974941505078,
29.6528009145495));
#10172=CARTESIAN_POINT('Ctrl Pts',(6.04186690679432,-0.887568334874828,
29.6528009145495));
#10173=CARTESIAN_POINT('Ctrl Pts',(6.13408508180126,-0.996161728244587,
29.6528009145495));
#10174=CARTESIAN_POINT('Ctrl Pts',(6.18807444565715,-1.1209842978729,29.6528009145495));
#10175=CARTESIAN_POINT('Ctrl Pts',(6.24209238331079,-1.24587292967725,29.6528009145495));
#10176=CARTESIAN_POINT('Ctrl Pts',(6.25613961463228,-1.38307426567809,29.6528009145495));
#10177=CARTESIAN_POINT('Ctrl Pts',(6.27107750757475,-1.52897482229579,29.6528009145495));
#10178=CARTESIAN_POINT('',(6.27107750757475,-1.52897482229579,29.9528009145495));
#10179=CARTESIAN_POINT('Ctrl Pts',(6.27107750757475,-1.52897482229579,29.9528009145495));
#10180=CARTESIAN_POINT('Ctrl Pts',(6.25613961463228,-1.38307426567809,29.9528009145495));
#10181=CARTESIAN_POINT('Ctrl Pts',(6.24209238331079,-1.24587292967725,29.9528009145495));
#10182=CARTESIAN_POINT('Ctrl Pts',(6.18807444565715,-1.1209842978729,29.9528009145495));
#10183=CARTESIAN_POINT('Ctrl Pts',(6.13408508180126,-0.996161728244587,
29.9528009145495));
#10184=CARTESIAN_POINT('Ctrl Pts',(6.04186690679432,-0.887568334874828,
29.9528009145495));
#10185=CARTESIAN_POINT('Ctrl Pts',(5.94964873178739,-0.778974941505078,
29.9528009145495));
#10186=CARTESIAN_POINT('',(6.27107750757475,-1.52897482229579,29.6528009145495));
#10187=CARTESIAN_POINT('Ctrl Pts',(6.1639345823123,-1.77897488190043,29.6528009145495));
#10188=CARTESIAN_POINT('Ctrl Pts',(6.1639345823123,-1.77897488190043,29.9528009145495));
#10189=CARTESIAN_POINT('Ctrl Pts',(6.19467359676235,-1.74277690863707,29.6528009145495));
#10190=CARTESIAN_POINT('Ctrl Pts',(6.19467359676235,-1.74277690863707,29.9528009145495));
#10191=CARTESIAN_POINT('Ctrl Pts',(6.22541261121241,-1.70657893537371,29.6528009145495));
#10192=CARTESIAN_POINT('Ctrl Pts',(6.22541261121241,-1.70657893537371,29.9528009145495));
#10193=CARTESIAN_POINT('Ctrl Pts',(6.26141502643856,-1.62334182906795,29.6528009145495));
#10194=CARTESIAN_POINT('Ctrl Pts',(6.26141502643856,-1.62334182906795,29.9528009145495));
#10195=CARTESIAN_POINT('Ctrl Pts',(6.26609781645253,-1.5776081432027,29.6528009145495));
#10196=CARTESIAN_POINT('Ctrl Pts',(6.26609781645253,-1.5776081432027,29.9528009145495));
#10197=CARTESIAN_POINT('Ctrl Pts',(6.27107750757475,-1.52897482229579,29.6528009145495));
#10198=CARTESIAN_POINT('Ctrl Pts',(6.27107750757475,-1.52897482229579,29.9528009145495));
#10199=CARTESIAN_POINT('',(6.1639345823123,-1.77897488190043,29.6528009145495));
#10200=CARTESIAN_POINT('Ctrl Pts',(6.27107750757475,-1.52897482229579,29.6528009145495));
#10201=CARTESIAN_POINT('Ctrl Pts',(6.26609781645253,-1.5776081432027,29.6528009145495));
#10202=CARTESIAN_POINT('Ctrl Pts',(6.26141502643856,-1.62334182906795,29.6528009145495));
#10203=CARTESIAN_POINT('Ctrl Pts',(6.24340905686353,-1.66497139181369,29.6528009145495));
#10204=CARTESIAN_POINT('Ctrl Pts',(6.22541261121241,-1.70657893537371,29.6528009145495));
#10205=CARTESIAN_POINT('Ctrl Pts',(6.19467359676235,-1.74277690863707,29.6528009145495));
#10206=CARTESIAN_POINT('Ctrl Pts',(6.1639345823123,-1.77897488190043,29.6528009145495));
#10207=CARTESIAN_POINT('',(6.1639345823123,-1.77897488190043,29.9528009145495));
#10208=CARTESIAN_POINT('Ctrl Pts',(6.1639345823123,-1.77897488190043,29.9528009145495));
#10209=CARTESIAN_POINT('Ctrl Pts',(6.19467359676235,-1.74277690863707,29.9528009145495));
#10210=CARTESIAN_POINT('Ctrl Pts',(6.22541261121241,-1.70657893537371,29.9528009145495));
#10211=CARTESIAN_POINT('Ctrl Pts',(6.24340905686353,-1.66497139181369,29.9528009145495));
#10212=CARTESIAN_POINT('Ctrl Pts',(6.26141502643856,-1.62334182906795,29.9528009145495));
#10213=CARTESIAN_POINT('Ctrl Pts',(6.26609781645253,-1.5776081432027,29.9528009145495));
#10214=CARTESIAN_POINT('Ctrl Pts',(6.27107750757475,-1.52897482229579,29.9528009145495));
#10215=CARTESIAN_POINT('',(6.1639345823123,-1.77897488190043,29.6528009145495));
#10216=CARTESIAN_POINT('Ctrl Pts',(5.91393482073087,-1.88611750913966,29.6528009145495));
#10217=CARTESIAN_POINT('Ctrl Pts',(5.91393482073087,-1.88611750913966,29.9528009145495));
#10218=CARTESIAN_POINT('Ctrl Pts',(5.96256780097797,-1.88113827752351,29.6528009145495));
#10219=CARTESIAN_POINT('Ctrl Pts',(5.96256780097797,-1.88113827752351,29.9528009145495));
#10220=CARTESIAN_POINT('Ctrl Pts',(6.00830205835116,-1.87645582830702,29.6528009145495));
#10221=CARTESIAN_POINT('Ctrl Pts',(6.00830205835116,-1.87645582830702,29.9528009145495));
#10222=CARTESIAN_POINT('Ctrl Pts',(6.0915390863443,-1.84045360370768,29.6528009145495));
#10223=CARTESIAN_POINT('Ctrl Pts',(6.0915390863443,-1.84045360370768,29.9528009145495));
#10224=CARTESIAN_POINT('Ctrl Pts',(6.1277368343283,-1.80971424280406,29.6528009145495));
#10225=CARTESIAN_POINT('Ctrl Pts',(6.1277368343283,-1.80971424280406,29.9528009145495));
#10226=CARTESIAN_POINT('Ctrl Pts',(6.1639345823123,-1.77897488190043,29.6528009145495));
#10227=CARTESIAN_POINT('Ctrl Pts',(6.1639345823123,-1.77897488190043,29.9528009145495));
#10228=CARTESIAN_POINT('',(5.91393482073087,-1.88611750913966,29.6528009145495));
#10229=CARTESIAN_POINT('Ctrl Pts',(6.1639345823123,-1.77897488190043,29.6528009145495));
#10230=CARTESIAN_POINT('Ctrl Pts',(6.1277368343283,-1.80971424280406,29.6528009145495));
#10231=CARTESIAN_POINT('Ctrl Pts',(6.0915390863443,-1.84045360370768,29.6528009145495));
#10232=CARTESIAN_POINT('Ctrl Pts',(6.04993157452845,-1.85844995727208,29.6528009145495));
#10233=CARTESIAN_POINT('Ctrl Pts',(6.00830205835116,-1.87645582830702,29.6528009145495));
#10234=CARTESIAN_POINT('Ctrl Pts',(5.96256780097797,-1.88113827752351,29.6528009145495));
#10235=CARTESIAN_POINT('Ctrl Pts',(5.91393482073087,-1.88611750913966,29.6528009145495));
#10236=CARTESIAN_POINT('',(5.91393482073087,-1.88611750913966,29.9528009145495));
#10237=CARTESIAN_POINT('Ctrl Pts',(5.91393482073087,-1.88611750913966,29.9528009145495));
#10238=CARTESIAN_POINT('Ctrl Pts',(5.96256780097797,-1.88113827752351,29.9528009145495));
#10239=CARTESIAN_POINT('Ctrl Pts',(6.00830205835116,-1.87645582830702,29.9528009145495));
#10240=CARTESIAN_POINT('Ctrl Pts',(6.04993157452845,-1.85844995727208,29.9528009145495));
#10241=CARTESIAN_POINT('Ctrl Pts',(6.0915390863443,-1.84045360370768,29.9528009145495));
#10242=CARTESIAN_POINT('Ctrl Pts',(6.1277368343283,-1.80971424280406,29.9528009145495));
#10243=CARTESIAN_POINT('Ctrl Pts',(6.1639345823123,-1.77897488190043,29.9528009145495));
#10244=CARTESIAN_POINT('',(5.91393482073087,-1.88611750913966,29.6528009145495));
#10245=CARTESIAN_POINT('Ctrl Pts',(5.66393505914945,-1.77897488190043,29.6528009145495));
#10246=CARTESIAN_POINT('Ctrl Pts',(5.66393505914945,-1.77897488190043,29.9528009145495));
#10247=CARTESIAN_POINT('Ctrl Pts',(5.70013280713344,-1.80971424280405,29.6528009145495));
#10248=CARTESIAN_POINT('Ctrl Pts',(5.70013280713344,-1.80971424280405,29.9528009145495));
#10249=CARTESIAN_POINT('Ctrl Pts',(5.73633055511744,-1.84045360370768,29.6528009145495));
#10250=CARTESIAN_POINT('Ctrl Pts',(5.73633055511744,-1.84045360370768,29.9528009145495));
#10251=CARTESIAN_POINT('Ctrl Pts',(5.81956758311059,-1.87645582830702,29.6528009145495));
#10252=CARTESIAN_POINT('Ctrl Pts',(5.81956758311059,-1.87645582830702,29.9528009145495));
#10253=CARTESIAN_POINT('Ctrl Pts',(5.86530184048379,-1.88113827752351,29.6528009145495));
#10254=CARTESIAN_POINT('Ctrl Pts',(5.86530184048379,-1.88113827752351,29.9528009145495));
#10255=CARTESIAN_POINT('Ctrl Pts',(5.91393482073087,-1.88611750913966,29.6528009145495));
#10256=CARTESIAN_POINT('Ctrl Pts',(5.91393482073087,-1.88611750913966,29.9528009145495));
#10257=CARTESIAN_POINT('',(5.66393505914945,-1.77897488190043,29.6528009145495));
#10258=CARTESIAN_POINT('Ctrl Pts',(5.91393482073087,-1.88611750913966,29.6528009145495));
#10259=CARTESIAN_POINT('Ctrl Pts',(5.86530184048379,-1.88113827752351,29.6528009145495));
#10260=CARTESIAN_POINT('Ctrl Pts',(5.81956758311059,-1.87645582830702,29.6528009145495));
#10261=CARTESIAN_POINT('Ctrl Pts',(5.7779380669333,-1.85844995727207,29.6528009145495));
#10262=CARTESIAN_POINT('Ctrl Pts',(5.73633055511744,-1.84045360370768,29.6528009145495));
#10263=CARTESIAN_POINT('Ctrl Pts',(5.70013280713344,-1.80971424280405,29.6528009145495));
#10264=CARTESIAN_POINT('Ctrl Pts',(5.66393505914945,-1.77897488190043,29.6528009145495));
#10265=CARTESIAN_POINT('',(5.66393505914945,-1.77897488190043,29.9528009145495));
#10266=CARTESIAN_POINT('Ctrl Pts',(5.66393505914945,-1.77897488190043,29.9528009145495));
#10267=CARTESIAN_POINT('Ctrl Pts',(5.70013280713344,-1.80971424280405,29.9528009145495));
#10268=CARTESIAN_POINT('Ctrl Pts',(5.73633055511744,-1.84045360370768,29.9528009145495));
#10269=CARTESIAN_POINT('Ctrl Pts',(5.7779380669333,-1.85844995727207,29.9528009145495));
#10270=CARTESIAN_POINT('Ctrl Pts',(5.81956758311059,-1.87645582830702,29.9528009145495));
#10271=CARTESIAN_POINT('Ctrl Pts',(5.86530184048379,-1.88113827752351,29.9528009145495));
#10272=CARTESIAN_POINT('Ctrl Pts',(5.91393482073087,-1.88611750913966,29.9528009145495));
#10273=CARTESIAN_POINT('',(5.66393505914945,-1.77897488190043,29.6528009145495));
#10274=CARTESIAN_POINT('Ctrl Pts',(5.556792133887,-1.52897482229579,29.6528009145495));
#10275=CARTESIAN_POINT('Ctrl Pts',(5.556792133887,-1.52897482229579,29.9528009145495));
#10276=CARTESIAN_POINT('Ctrl Pts',(5.56177124826127,-1.57760849139319,29.6528009145495));
#10277=CARTESIAN_POINT('Ctrl Pts',(5.56177124826127,-1.57760849139319,29.9528009145495));
#10278=CARTESIAN_POINT('Ctrl Pts',(5.56645347456736,-1.6233422961812,29.6528009145495));
#10279=CARTESIAN_POINT('Ctrl Pts',(5.56645347456736,-1.6233422961812,29.9528009145495));
#10280=CARTESIAN_POINT('Ctrl Pts',(5.60245592508677,-1.70657939174096,29.6528009145495));
#10281=CARTESIAN_POINT('Ctrl Pts',(5.60245592508677,-1.70657939174096,29.9528009145495));
#10282=CARTESIAN_POINT('Ctrl Pts',(5.63319549211811,-1.74277713682069,29.6528009145495));
#10283=CARTESIAN_POINT('Ctrl Pts',(5.63319549211811,-1.74277713682069,29.9528009145495));
#10284=CARTESIAN_POINT('Ctrl Pts',(5.66393505914945,-1.77897488190043,29.6528009145495));
#10285=CARTESIAN_POINT('Ctrl Pts',(5.66393505914945,-1.77897488190043,29.9528009145495));
#10286=CARTESIAN_POINT('',(5.556792133887,-1.52897482229579,29.6528009145495));
#10287=CARTESIAN_POINT('Ctrl Pts',(5.66393505914945,-1.77897488190043,29.6528009145495));
#10288=CARTESIAN_POINT('Ctrl Pts',(5.63319549211811,-1.74277713682069,29.6528009145495));
#10289=CARTESIAN_POINT('Ctrl Pts',(5.60245592508677,-1.70657939174096,29.6528009145495));
#10290=CARTESIAN_POINT('Ctrl Pts',(5.58445946254234,-1.6649718552834,29.6528009145495));
#10291=CARTESIAN_POINT('Ctrl Pts',(5.56645347456736,-1.6233422961812,29.6528009145495));
#10292=CARTESIAN_POINT('Ctrl Pts',(5.56177124826127,-1.57760849139319,29.6528009145495));
#10293=CARTESIAN_POINT('Ctrl Pts',(5.556792133887,-1.52897482229579,29.6528009145495));
#10294=CARTESIAN_POINT('',(5.556792133887,-1.52897482229579,29.9528009145495));
#10295=CARTESIAN_POINT('Ctrl Pts',(5.556792133887,-1.52897482229579,29.9528009145495));
#10296=CARTESIAN_POINT('Ctrl Pts',(5.56177124826127,-1.57760849139319,29.9528009145495));
#10297=CARTESIAN_POINT('Ctrl Pts',(5.56645347456736,-1.6233422961812,29.9528009145495));
#10298=CARTESIAN_POINT('Ctrl Pts',(5.58445946254234,-1.6649718552834,29.9528009145495));
#10299=CARTESIAN_POINT('Ctrl Pts',(5.60245592508677,-1.70657939174096,29.9528009145495));
#10300=CARTESIAN_POINT('Ctrl Pts',(5.63319549211811,-1.74277713682069,29.9528009145495));
#10301=CARTESIAN_POINT('Ctrl Pts',(5.66393505914945,-1.77897488190043,29.9528009145495));
#10302=CARTESIAN_POINT('',(5.556792133887,-1.52897482229579,29.6528009145495));
#10303=CARTESIAN_POINT('Ctrl Pts',(5.44964920862455,-1.27897476269114,29.6528009145495));
#10304=CARTESIAN_POINT('Ctrl Pts',(5.44964920862455,-1.27897476269114,29.9528009145495));
#10305=CARTESIAN_POINT('Ctrl Pts',(5.48038871650123,-1.31517253876539,29.6528009145495));
#10306=CARTESIAN_POINT('Ctrl Pts',(5.48038871650123,-1.31517253876539,29.9528009145495));
#10307=CARTESIAN_POINT('Ctrl Pts',(5.51112822437789,-1.35137031483963,29.6528009145495));
#10308=CARTESIAN_POINT('Ctrl Pts',(5.51112822437789,-1.35137031483963,29.9528009145495));
#10309=CARTESIAN_POINT('Ctrl Pts',(5.54713070784143,-1.4346074025512,29.6528009145495));
#10310=CARTESIAN_POINT('Ctrl Pts',(5.54713070784143,-1.4346074025512,29.9528009145495));
#10311=CARTESIAN_POINT('Ctrl Pts',(5.55181295938692,-1.48034102353618,29.6528009145495));
#10312=CARTESIAN_POINT('Ctrl Pts',(5.55181295938692,-1.48034102353618,29.9528009145495));
#10313=CARTESIAN_POINT('Ctrl Pts',(5.556792133887,-1.52897482229579,29.6528009145495));
#10314=CARTESIAN_POINT('Ctrl Pts',(5.556792133887,-1.52897482229579,29.9528009145495));
#10315=CARTESIAN_POINT('',(5.44964920862455,-1.27897476269114,29.6528009145495));
#10316=CARTESIAN_POINT('Ctrl Pts',(5.556792133887,-1.52897482229579,29.6528009145495));
#10317=CARTESIAN_POINT('Ctrl Pts',(5.55181295938692,-1.48034102353618,29.6528009145495));
#10318=CARTESIAN_POINT('Ctrl Pts',(5.54713070784143,-1.4346074025512,29.6528009145495));
#10319=CARTESIAN_POINT('Ctrl Pts',(5.52912470229216,-1.39297784483589,29.6528009145495));
#10320=CARTESIAN_POINT('Ctrl Pts',(5.51112822437789,-1.35137031483963,29.6528009145495));
#10321=CARTESIAN_POINT('Ctrl Pts',(5.48038871650123,-1.31517253876539,29.6528009145495));
#10322=CARTESIAN_POINT('Ctrl Pts',(5.44964920862455,-1.27897476269114,29.6528009145495));
#10323=CARTESIAN_POINT('',(5.44964920862455,-1.27897476269114,29.9528009145495));
#10324=CARTESIAN_POINT('Ctrl Pts',(5.44964920862455,-1.27897476269114,29.9528009145495));
#10325=CARTESIAN_POINT('Ctrl Pts',(5.48038871650123,-1.31517253876539,29.9528009145495));
#10326=CARTESIAN_POINT('Ctrl Pts',(5.51112822437789,-1.35137031483963,29.9528009145495));
#10327=CARTESIAN_POINT('Ctrl Pts',(5.52912470229216,-1.39297784483589,29.9528009145495));
#10328=CARTESIAN_POINT('Ctrl Pts',(5.54713070784143,-1.4346074025512,29.9528009145495));
#10329=CARTESIAN_POINT('Ctrl Pts',(5.55181295938692,-1.48034102353618,29.9528009145495));
#10330=CARTESIAN_POINT('Ctrl Pts',(5.556792133887,-1.52897482229579,29.9528009145495));
#10331=CARTESIAN_POINT('',(5.44964920862455,-1.27897476269114,29.6528009145495));
#10332=CARTESIAN_POINT('Ctrl Pts',(5.19964944704313,-1.17183213545192,29.6528009145495));
#10333=CARTESIAN_POINT('Ctrl Pts',(5.19964944704313,-1.17183213545192,29.9528009145495));
#10334=CARTESIAN_POINT('Ctrl Pts',(5.24828294596522,-1.1768116075772,29.6528009145495));
#10335=CARTESIAN_POINT('Ctrl Pts',(5.24828294596522,-1.1768116075772,29.9528009145495));
#10336=CARTESIAN_POINT('Ctrl Pts',(5.29401646810585,-1.18149415774812,29.6528009145495));
#10337=CARTESIAN_POINT('Ctrl Pts',(5.29401646810585,-1.18149415774812,29.9528009145495));
#10338=CARTESIAN_POINT('Ctrl Pts',(5.37725346470121,-1.2174965141222,29.6528009145495));
#10339=CARTESIAN_POINT('Ctrl Pts',(5.37725346470121,-1.2174965141222,29.9528009145495));
#10340=CARTESIAN_POINT('Ctrl Pts',(5.41345133666288,-1.24823563840667,29.6528009145495));
#10341=CARTESIAN_POINT('Ctrl Pts',(5.41345133666288,-1.24823563840667,29.9528009145495));
#10342=CARTESIAN_POINT('Ctrl Pts',(5.44964920862455,-1.27897476269114,29.6528009145495));
#10343=CARTESIAN_POINT('Ctrl Pts',(5.44964920862455,-1.27897476269114,29.9528009145495));
#10344=CARTESIAN_POINT('',(5.19964944704313,-1.17183213545192,29.6528009145495));
#10345=CARTESIAN_POINT('Ctrl Pts',(5.44964920862455,-1.27897476269114,29.6528009145495));
#10346=CARTESIAN_POINT('Ctrl Pts',(5.41345133666288,-1.24823563840667,29.6528009145495));
#10347=CARTESIAN_POINT('Ctrl Pts',(5.37725346470121,-1.2174965141222,29.6528009145495));
#10348=CARTESIAN_POINT('Ctrl Pts',(5.33564597873072,-1.19950009907828,29.6528009145495));
#10349=CARTESIAN_POINT('Ctrl Pts',(5.29401646810585,-1.18149415774812,29.6528009145495));
#10350=CARTESIAN_POINT('Ctrl Pts',(5.24828294596522,-1.1768116075772,29.6528009145495));
#10351=CARTESIAN_POINT('Ctrl Pts',(5.19964944704313,-1.17183213545192,29.6528009145495));
#10352=CARTESIAN_POINT('',(5.19964944704313,-1.17183213545192,29.9528009145495));
#10353=CARTESIAN_POINT('Ctrl Pts',(5.19964944704313,-1.17183213545192,29.9528009145495));
#10354=CARTESIAN_POINT('Ctrl Pts',(5.24828294596522,-1.1768116075772,29.9528009145495));
#10355=CARTESIAN_POINT('Ctrl Pts',(5.29401646810585,-1.18149415774812,29.9528009145495));
#10356=CARTESIAN_POINT('Ctrl Pts',(5.33564597873072,-1.19950009907828,29.9528009145495));
#10357=CARTESIAN_POINT('Ctrl Pts',(5.37725346470121,-1.2174965141222,29.9528009145495));
#10358=CARTESIAN_POINT('Ctrl Pts',(5.41345133666288,-1.24823563840667,29.9528009145495));
#10359=CARTESIAN_POINT('Ctrl Pts',(5.44964920862455,-1.27897476269114,29.9528009145495));
#10360=CARTESIAN_POINT('',(5.19964944704313,-1.17183213545192,29.6528009145495));
#10361=CARTESIAN_POINT('Origin',(6.69250685854692,-1.52897482229579,29.9528009145495));
#10362=CARTESIAN_POINT('',(4.12822019441862,-1.17183213545192,29.9528009145495));
#10363=CARTESIAN_POINT('',(5.94607815279503,-1.17183213545192,29.9528009145495));
#10364=CARTESIAN_POINT('',(5.23179218306083,-0.457546165717725,29.9528009145495));
#10365=CARTESIAN_POINT('',(3.41393482073088,-2.60040347887385,29.9528009145495));
#10366=CARTESIAN_POINT('',(4.12822019441862,-1.35040347887385,29.9528009145495));
#10367=CARTESIAN_POINT('Ctrl Pts',(5.19964944704313,-0.457546165717725,
29.9528009145495));
#10368=CARTESIAN_POINT('Ctrl Pts',(5.19964944704313,-0.457546165717725,
29.4528009145495));
#10369=CARTESIAN_POINT('Ctrl Pts',(5.3388967067353,-0.471803150254391,29.9528009145495));
#10370=CARTESIAN_POINT('Ctrl Pts',(5.3388967067353,-0.471803150254391,29.4528009145495));
#10371=CARTESIAN_POINT('Ctrl Pts',(5.62207314600754,-0.500796482868456,
29.9528009145495));
#10372=CARTESIAN_POINT('Ctrl Pts',(5.62207314600754,-0.500796482868456,
29.4528009145495));
#10373=CARTESIAN_POINT('Ctrl Pts',(5.83925991171416,-0.685232327123174,
29.9528009145495));
#10374=CARTESIAN_POINT('Ctrl Pts',(5.83925991171416,-0.685232327123174,
29.4528009145495));
#10375=CARTESIAN_POINT('Ctrl Pts',(5.94964873178739,-0.778974941505078,
29.9528009145495));
#10376=CARTESIAN_POINT('Ctrl Pts',(5.94964873178739,-0.778974941505078,
29.4528009145495));
#10377=CARTESIAN_POINT('',(5.94964873178739,-0.778974941505078,29.4528009145495));
#10378=CARTESIAN_POINT('',(5.94964873178739,-0.778974941505078,29.9528009145495));
#10379=CARTESIAN_POINT('',(5.19964944704313,-0.457546165717725,29.4528009145495));
#10380=CARTESIAN_POINT('Ctrl Pts',(5.19964944704313,-0.457546165717725,
29.4528009145495));
#10381=CARTESIAN_POINT('Ctrl Pts',(5.3388967067353,-0.471803150254391,29.4528009145495));
#10382=CARTESIAN_POINT('Ctrl Pts',(5.62207314600754,-0.500796482868456,
29.4528009145495));
#10383=CARTESIAN_POINT('Ctrl Pts',(5.83925991171416,-0.685232327123174,
29.4528009145495));
#10384=CARTESIAN_POINT('Ctrl Pts',(5.94964873178739,-0.778974941505078,
29.4528009145495));
#10385=CARTESIAN_POINT('',(5.19964944704313,-0.457546165717725,29.9528009145495));
#10386=CARTESIAN_POINT('Ctrl Pts',(5.94964873178739,-0.778974941505078,
29.9528009145495));
#10387=CARTESIAN_POINT('Ctrl Pts',(5.94964873178739,-0.778974941505078,
29.4528009145495));
#10388=CARTESIAN_POINT('Ctrl Pts',(6.04339164710072,-0.889363823929632,
29.9528009145495));
#10389=CARTESIAN_POINT('Ctrl Pts',(6.04339164710072,-0.889363823929632,
29.4528009145495));
#10390=CARTESIAN_POINT('Ctrl Pts',(6.22782799711458,-1.10655061066914,29.9528009145495));
#10391=CARTESIAN_POINT('Ctrl Pts',(6.22782799711458,-1.10655061066914,29.4528009145495));
#10392=CARTESIAN_POINT('Ctrl Pts',(6.25682079357767,-1.3897274387642,29.9528009145495));
#10393=CARTESIAN_POINT('Ctrl Pts',(6.25682079357767,-1.3897274387642,29.4528009145495));
#10394=CARTESIAN_POINT('Ctrl Pts',(6.27107750757475,-1.52897482229579,29.9528009145495));
#10395=CARTESIAN_POINT('Ctrl Pts',(6.27107750757475,-1.52897482229579,29.4528009145495));
#10396=CARTESIAN_POINT('',(6.27107750757475,-1.52897482229579,29.4528009145495));
#10397=CARTESIAN_POINT('',(6.27107750757475,-1.52897482229579,29.9528009145495));
#10398=CARTESIAN_POINT('Ctrl Pts',(5.94964873178739,-0.778974941505078,
29.4528009145495));
#10399=CARTESIAN_POINT('Ctrl Pts',(6.04339164710072,-0.889363823929632,
29.4528009145495));
#10400=CARTESIAN_POINT('Ctrl Pts',(6.22782799711458,-1.10655061066914,29.4528009145495));
#10401=CARTESIAN_POINT('Ctrl Pts',(6.25682079357767,-1.3897274387642,29.4528009145495));
#10402=CARTESIAN_POINT('Ctrl Pts',(6.27107750757475,-1.52897482229579,29.4528009145495));
#10403=CARTESIAN_POINT('Ctrl Pts',(6.27107750757475,-1.52897482229579,29.9528009145495));
#10404=CARTESIAN_POINT('Ctrl Pts',(6.27107750757475,-1.52897482229579,29.4528009145495));
#10405=CARTESIAN_POINT('Ctrl Pts',(6.26632488657183,-1.57539050084118,29.9528009145495));
#10406=CARTESIAN_POINT('Ctrl Pts',(6.26632488657183,-1.57539050084118,29.4528009145495));
#10407=CARTESIAN_POINT('Ctrl Pts',(6.25665984801142,-1.66978248426946,29.9528009145495));
#10408=CARTESIAN_POINT('Ctrl Pts',(6.25665984801142,-1.66978248426946,29.4528009145495));
#10409=CARTESIAN_POINT('Ctrl Pts',(6.1951818191113,-1.74217843079619,29.9528009145495));
#10410=CARTESIAN_POINT('Ctrl Pts',(6.1951818191113,-1.74217843079619,29.4528009145495));
#10411=CARTESIAN_POINT('Ctrl Pts',(6.1639345823123,-1.77897488190043,29.9528009145495));
#10412=CARTESIAN_POINT('Ctrl Pts',(6.1639345823123,-1.77897488190043,29.4528009145495));
#10413=CARTESIAN_POINT('',(6.1639345823123,-1.77897488190043,29.4528009145495));
#10414=CARTESIAN_POINT('',(6.1639345823123,-1.77897488190043,29.9528009145495));
#10415=CARTESIAN_POINT('Ctrl Pts',(6.27107750757475,-1.52897482229579,29.4528009145495));
#10416=CARTESIAN_POINT('Ctrl Pts',(6.26632488657183,-1.57539050084118,29.4528009145495));
#10417=CARTESIAN_POINT('Ctrl Pts',(6.25665984801142,-1.66978248426946,29.4528009145495));
#10418=CARTESIAN_POINT('Ctrl Pts',(6.1951818191113,-1.74217843079619,29.4528009145495));
#10419=CARTESIAN_POINT('Ctrl Pts',(6.1639345823123,-1.77897488190043,29.4528009145495));
#10420=CARTESIAN_POINT('Ctrl Pts',(6.1639345823123,-1.77897488190043,29.9528009145495));
#10421=CARTESIAN_POINT('Ctrl Pts',(6.1639345823123,-1.77897488190043,29.4528009145495));
#10422=CARTESIAN_POINT('Ctrl Pts',(6.12713856474987,-1.81022229718626,29.9528009145495));
#10423=CARTESIAN_POINT('Ctrl Pts',(6.12713856474987,-1.81022229718626,29.4528009145495));
#10424=CARTESIAN_POINT('Ctrl Pts',(6.05474306878188,-1.87170101899351,29.9528009145495));
#10425=CARTESIAN_POINT('Ctrl Pts',(6.05474306878188,-1.87170101899351,29.4528009145495));
#10426=CARTESIAN_POINT('Ctrl Pts',(5.96035087124521,-1.88136525531841,29.9528009145495));
#10427=CARTESIAN_POINT('Ctrl Pts',(5.96035087124521,-1.88136525531841,29.4528009145495));
#10428=CARTESIAN_POINT('Ctrl Pts',(5.91393482073087,-1.88611750913966,29.9528009145495));
#10429=CARTESIAN_POINT('Ctrl Pts',(5.91393482073087,-1.88611750913966,29.4528009145495));
#10430=CARTESIAN_POINT('',(5.91393482073087,-1.88611750913966,29.4528009145495));
#10431=CARTESIAN_POINT('',(5.91393482073087,-1.88611750913966,29.9528009145495));
#10432=CARTESIAN_POINT('Ctrl Pts',(6.1639345823123,-1.77897488190043,29.4528009145495));
#10433=CARTESIAN_POINT('Ctrl Pts',(6.12713856474987,-1.81022229718626,29.4528009145495));
#10434=CARTESIAN_POINT('Ctrl Pts',(6.05474306878188,-1.87170101899351,29.4528009145495));
#10435=CARTESIAN_POINT('Ctrl Pts',(5.96035087124521,-1.88136525531841,29.4528009145495));
#10436=CARTESIAN_POINT('Ctrl Pts',(5.91393482073087,-1.88611750913966,29.4528009145495));
#10437=CARTESIAN_POINT('Ctrl Pts',(5.91393482073087,-1.88611750913966,29.9528009145495));
#10438=CARTESIAN_POINT('Ctrl Pts',(5.91393482073087,-1.88611750913966,29.4528009145495));
#10439=CARTESIAN_POINT('Ctrl Pts',(5.86751877021654,-1.88136525531841,29.9528009145495));
#10440=CARTESIAN_POINT('Ctrl Pts',(5.86751877021654,-1.88136525531841,29.4528009145495));
#10441=CARTESIAN_POINT('Ctrl Pts',(5.77312657267987,-1.87170101899351,29.9528009145495));
#10442=CARTESIAN_POINT('Ctrl Pts',(5.77312657267987,-1.87170101899351,29.4528009145495));
#10443=CARTESIAN_POINT('Ctrl Pts',(5.70073107671188,-1.81022229718626,29.9528009145495));
#10444=CARTESIAN_POINT('Ctrl Pts',(5.70073107671188,-1.81022229718626,29.4528009145495));
#10445=CARTESIAN_POINT('Ctrl Pts',(5.66393505914945,-1.77897488190043,29.9528009145495));
#10446=CARTESIAN_POINT('Ctrl Pts',(5.66393505914945,-1.77897488190043,29.4528009145495));
#10447=CARTESIAN_POINT('',(5.66393505914945,-1.77897488190043,29.4528009145495));
#10448=CARTESIAN_POINT('',(5.66393505914945,-1.77897488190043,29.9528009145495));
#10449=CARTESIAN_POINT('Ctrl Pts',(5.91393482073087,-1.88611750913966,29.4528009145495));
#10450=CARTESIAN_POINT('Ctrl Pts',(5.86751877021654,-1.88136525531841,29.4528009145495));
#10451=CARTESIAN_POINT('Ctrl Pts',(5.77312657267987,-1.87170101899351,29.4528009145495));
#10452=CARTESIAN_POINT('Ctrl Pts',(5.70073107671188,-1.81022229718626,29.4528009145495));
#10453=CARTESIAN_POINT('Ctrl Pts',(5.66393505914945,-1.77897488190043,29.4528009145495));
#10454=CARTESIAN_POINT('Ctrl Pts',(5.66393505914945,-1.77897488190043,29.9528009145495));
#10455=CARTESIAN_POINT('Ctrl Pts',(5.66393505914945,-1.77897488190043,29.4528009145495));
#10456=CARTESIAN_POINT('Ctrl Pts',(5.63268722002342,-1.74217861493209,29.9528009145495));
#10457=CARTESIAN_POINT('Ctrl Pts',(5.63268722002342,-1.74217861493209,29.4528009145495));
#10458=CARTESIAN_POINT('Ctrl Pts',(5.57120808596074,-1.66978312477262,29.9528009145495));
#10459=CARTESIAN_POINT('Ctrl Pts',(5.57120808596074,-1.66978312477262,29.4528009145495));
#10460=CARTESIAN_POINT('Ctrl Pts',(5.56154418775578,-1.57539067017867,29.9528009145495));
#10461=CARTESIAN_POINT('Ctrl Pts',(5.56154418775578,-1.57539067017867,29.4528009145495));
#10462=CARTESIAN_POINT('Ctrl Pts',(5.556792133887,-1.52897482229579,29.9528009145495));
#10463=CARTESIAN_POINT('Ctrl Pts',(5.556792133887,-1.52897482229579,29.4528009145495));
#10464=CARTESIAN_POINT('',(5.556792133887,-1.52897482229579,29.4528009145495));
#10465=CARTESIAN_POINT('',(5.556792133887,-1.52897482229579,29.9528009145495));
#10466=CARTESIAN_POINT('Ctrl Pts',(5.66393505914945,-1.77897488190043,29.4528009145495));
#10467=CARTESIAN_POINT('Ctrl Pts',(5.63268722002342,-1.74217861493209,29.4528009145495));
#10468=CARTESIAN_POINT('Ctrl Pts',(5.57120808596074,-1.66978312477262,29.4528009145495));
#10469=CARTESIAN_POINT('Ctrl Pts',(5.56154418775578,-1.57539067017867,29.4528009145495));
#10470=CARTESIAN_POINT('Ctrl Pts',(5.556792133887,-1.52897482229579,29.4528009145495));
#10471=CARTESIAN_POINT('Ctrl Pts',(5.556792133887,-1.52897482229579,29.9528009145495));
#10472=CARTESIAN_POINT('Ctrl Pts',(5.556792133887,-1.52897482229579,29.4528009145495));
#10473=CARTESIAN_POINT('Ctrl Pts',(5.55204004710044,-1.48255908963526,29.9528009145495));
#10474=CARTESIAN_POINT('Ctrl Pts',(5.55204004710044,-1.48255908963526,29.4528009145495));
#10475=CARTESIAN_POINT('Ctrl Pts',(5.54237606291781,-1.38816668343505,29.9528009145495));
#10476=CARTESIAN_POINT('Ctrl Pts',(5.54237606291781,-1.38816668343505,29.4528009145495));
#10477=CARTESIAN_POINT('Ctrl Pts',(5.48089704716447,-1.31577113128658,29.9528009145495));
#10478=CARTESIAN_POINT('Ctrl Pts',(5.48089704716447,-1.31577113128658,29.4528009145495));
#10479=CARTESIAN_POINT('Ctrl Pts',(5.44964920862455,-1.27897476269114,29.9528009145495));
#10480=CARTESIAN_POINT('Ctrl Pts',(5.44964920862455,-1.27897476269114,29.4528009145495));
#10481=CARTESIAN_POINT('',(5.44964920862455,-1.27897476269114,29.4528009145495));
#10482=CARTESIAN_POINT('',(5.44964920862455,-1.27897476269114,29.9528009145495));
#10483=CARTESIAN_POINT('Ctrl Pts',(5.556792133887,-1.52897482229579,29.4528009145495));
#10484=CARTESIAN_POINT('Ctrl Pts',(5.55204004710044,-1.48255908963526,29.4528009145495));
#10485=CARTESIAN_POINT('Ctrl Pts',(5.54237606291781,-1.38816668343505,29.4528009145495));
#10486=CARTESIAN_POINT('Ctrl Pts',(5.48089704716447,-1.31577113128658,29.4528009145495));
#10487=CARTESIAN_POINT('Ctrl Pts',(5.44964920862455,-1.27897476269114,29.4528009145495));
#10488=CARTESIAN_POINT('Ctrl Pts',(5.44964920862455,-1.27897476269114,29.9528009145495));
#10489=CARTESIAN_POINT('Ctrl Pts',(5.44964920862455,-1.27897476269114,29.4528009145495));
#10490=CARTESIAN_POINT('Ctrl Pts',(5.41285278455357,-1.24772734975096,29.9528009145495));
#10491=CARTESIAN_POINT('Ctrl Pts',(5.41285278455357,-1.24772734975096,29.4528009145495));
#10492=CARTESIAN_POINT('Ctrl Pts',(5.34045704063022,-1.18624910118201,29.9528009145495));
#10493=CARTESIAN_POINT('Ctrl Pts',(5.34045704063022,-1.18624910118201,29.4528009145495));
#10494=CARTESIAN_POINT('Ctrl Pts',(5.24606503666821,-1.1765845209442,29.9528009145495));
#10495=CARTESIAN_POINT('Ctrl Pts',(5.24606503666821,-1.1765845209442,29.4528009145495));
#10496=CARTESIAN_POINT('Ctrl Pts',(5.19964944704313,-1.17183213545192,29.9528009145495));
#10497=CARTESIAN_POINT('Ctrl Pts',(5.19964944704313,-1.17183213545192,29.4528009145495));
#10498=CARTESIAN_POINT('',(5.19964944704313,-1.17183213545192,29.4528009145495));
#10499=CARTESIAN_POINT('',(5.19964944704313,-1.17183213545192,29.9528009145495));
#10500=CARTESIAN_POINT('Ctrl Pts',(5.44964920862455,-1.27897476269114,29.4528009145495));
#10501=CARTESIAN_POINT('Ctrl Pts',(5.41285278455357,-1.24772734975096,29.4528009145495));
#10502=CARTESIAN_POINT('Ctrl Pts',(5.34045704063022,-1.18624910118201,29.4528009145495));
#10503=CARTESIAN_POINT('Ctrl Pts',(5.24606503666821,-1.1765845209442,29.4528009145495));
#10504=CARTESIAN_POINT('Ctrl Pts',(5.19964944704313,-1.17183213545192,29.4528009145495));
#10505=CARTESIAN_POINT('Origin',(5.19964944704313,-1.17183213545192,29.9528009145495));
#10506=CARTESIAN_POINT('',(4.12822019441862,-1.17183213545192,29.4528009145495));
#10507=CARTESIAN_POINT('',(4.12822019441862,-1.17183213545192,29.9528009145495));
#10508=CARTESIAN_POINT('',(5.19964944704313,-1.17183213545192,29.4528009145495));
#10509=CARTESIAN_POINT('Origin',(3.77107750757475,-0.457546165717725,29.9528009145495));
#10510=CARTESIAN_POINT('',(3.77107750757475,-0.457546165717725,29.4528009145495));
#10511=CARTESIAN_POINT('',(3.77107750757475,-0.457546165717725,29.4528009145495));
#10512=CARTESIAN_POINT('',(3.77107750757475,-0.457546165717725,29.9528009145495));
#10513=CARTESIAN_POINT('Ctrl Pts',(3.52107774599333,-0.564689090980176,
29.9528009145495));
#10514=CARTESIAN_POINT('Ctrl Pts',(3.52107774599333,-0.564689090980176,
29.4528009145495));
#10515=CARTESIAN_POINT('Ctrl Pts',(3.55787415485395,-0.533441553634844,
29.9528009145495));
#10516=CARTESIAN_POINT('Ctrl Pts',(3.55787415485395,-0.533441553634844,
29.4528009145495));
#10517=CARTESIAN_POINT('Ctrl Pts',(3.63026982607443,-0.471963096629151,
29.9528009145495));
#10518=CARTESIAN_POINT('Ctrl Pts',(3.63026982607443,-0.471963096629151,
29.4528009145495));
#10519=CARTESIAN_POINT('Ctrl Pts',(3.72466190797365,-0.462298537786716,
29.9528009145495));
#10520=CARTESIAN_POINT('Ctrl Pts',(3.72466190797365,-0.462298537786716,
29.4528009145495));
#10521=CARTESIAN_POINT('Ctrl Pts',(3.77107750757475,-0.457546165717725,
29.9528009145495));
#10522=CARTESIAN_POINT('Ctrl Pts',(3.77107750757475,-0.457546165717725,
29.4528009145495));
#10523=CARTESIAN_POINT('',(3.52107774599333,-0.564689090980176,29.4528009145495));
#10524=CARTESIAN_POINT('Ctrl Pts',(3.52107774599333,-0.564689090980176,
29.4528009145495));
#10525=CARTESIAN_POINT('Ctrl Pts',(3.55787415485395,-0.533441553634844,
29.4528009145495));
#10526=CARTESIAN_POINT('Ctrl Pts',(3.63026982607443,-0.471963096629151,
29.4528009145495));
#10527=CARTESIAN_POINT('Ctrl Pts',(3.72466190797365,-0.462298537786716,
29.4528009145495));
#10528=CARTESIAN_POINT('Ctrl Pts',(3.77107750757475,-0.457546165717725,
29.4528009145495));
#10529=CARTESIAN_POINT('',(3.52107774599333,-0.564689090980176,29.9528009145495));
#10530=CARTESIAN_POINT('Ctrl Pts',(3.41393482073088,-0.814689150584821,
29.9528009145495));
#10531=CARTESIAN_POINT('Ctrl Pts',(3.41393482073088,-0.814689150584821,
29.4528009145495));
#10532=CARTESIAN_POINT('Ctrl Pts',(3.41868717462542,-0.768273444981718,
29.9528009145495));
#10533=CARTESIAN_POINT('Ctrl Pts',(3.41868717462542,-0.768273444981718,
29.4528009145495));
#10534=CARTESIAN_POINT('Ctrl Pts',(3.42835168599744,-0.673881250167253,
29.9528009145495));
#10535=CARTESIAN_POINT('Ctrl Pts',(3.42835168599744,-0.673881250167253,
29.4528009145495));
#10536=CARTESIAN_POINT('Ctrl Pts',(3.48983020832417,-0.601485500830068,
29.9528009145495));
#10537=CARTESIAN_POINT('Ctrl Pts',(3.48983020832417,-0.601485500830068,
29.4528009145495));
#10538=CARTESIAN_POINT('Ctrl Pts',(3.52107774599333,-0.564689090980176,
29.9528009145495));
#10539=CARTESIAN_POINT('Ctrl Pts',(3.52107774599333,-0.564689090980176,
29.4528009145495));
#10540=CARTESIAN_POINT('',(3.41393482073088,-0.814689150584821,29.4528009145495));
#10541=CARTESIAN_POINT('Ctrl Pts',(3.41393482073088,-0.814689150584821,
29.4528009145495));
#10542=CARTESIAN_POINT('Ctrl Pts',(3.41868717462542,-0.768273444981718,
29.4528009145495));
#10543=CARTESIAN_POINT('Ctrl Pts',(3.42835168599744,-0.673881250167253,
29.4528009145495));
#10544=CARTESIAN_POINT('Ctrl Pts',(3.48983020832417,-0.601485500830068,
29.4528009145495));
#10545=CARTESIAN_POINT('Ctrl Pts',(3.52107774599333,-0.564689090980176,
29.4528009145495));
#10546=CARTESIAN_POINT('',(3.41393482073088,-0.814689150584821,29.9528009145495));
#10547=CARTESIAN_POINT('Origin',(3.41393482073088,-3.67183213545192,29.9528009145495));
#10548=CARTESIAN_POINT('',(3.41393482073088,-3.67183213545192,29.4528009145495));
#10549=CARTESIAN_POINT('',(3.41393482073088,-3.67183213545192,29.4528009145495));
#10550=CARTESIAN_POINT('',(3.41393482073088,-3.67183213545192,29.9528009145495));
#10551=CARTESIAN_POINT('Ctrl Pts',(3.52107774599333,-3.92183189703334,29.9528009145495));
#10552=CARTESIAN_POINT('Ctrl Pts',(3.52107774599333,-3.92183189703334,29.4528009145495));
#10553=CARTESIAN_POINT('Ctrl Pts',(3.48983020864799,-3.88503548817271,29.9528009145495));
#10554=CARTESIAN_POINT('Ctrl Pts',(3.48983020864799,-3.88503548817271,29.4528009145495));
#10555=CARTESIAN_POINT('Ctrl Pts',(3.4283517516423,-3.81263981695223,29.9528009145495));
#10556=CARTESIAN_POINT('Ctrl Pts',(3.4283517516423,-3.81263981695223,29.4528009145495));
#10557=CARTESIAN_POINT('Ctrl Pts',(3.41868719279987,-3.71824773505301,29.9528009145495));
#10558=CARTESIAN_POINT('Ctrl Pts',(3.41868719279987,-3.71824773505301,29.4528009145495));
#10559=CARTESIAN_POINT('Ctrl Pts',(3.41393482073088,-3.67183213545192,29.9528009145495));
#10560=CARTESIAN_POINT('Ctrl Pts',(3.41393482073088,-3.67183213545192,29.4528009145495));
#10561=CARTESIAN_POINT('',(3.52107774599333,-3.92183189703334,29.4528009145495));
#10562=CARTESIAN_POINT('Ctrl Pts',(3.52107774599333,-3.92183189703334,29.4528009145495));
#10563=CARTESIAN_POINT('Ctrl Pts',(3.48983020864799,-3.88503548817271,29.4528009145495));
#10564=CARTESIAN_POINT('Ctrl Pts',(3.4283517516423,-3.81263981695223,29.4528009145495));
#10565=CARTESIAN_POINT('Ctrl Pts',(3.41868719279987,-3.71824773505301,29.4528009145495));
#10566=CARTESIAN_POINT('Ctrl Pts',(3.41393482073088,-3.67183213545192,29.4528009145495));
#10567=CARTESIAN_POINT('',(3.52107774599333,-3.92183189703334,29.9528009145495));
#10568=CARTESIAN_POINT('Ctrl Pts',(3.77107750757475,-4.02897482229579,29.9528009145495));
#10569=CARTESIAN_POINT('Ctrl Pts',(3.77107750757475,-4.02897482229579,29.4528009145495));
#10570=CARTESIAN_POINT('Ctrl Pts',(3.72466190797365,-4.0242224502268,29.9528009145495));
#10571=CARTESIAN_POINT('Ctrl Pts',(3.72466190797365,-4.0242224502268,29.4528009145495));
#10572=CARTESIAN_POINT('Ctrl Pts',(3.63026982607443,-4.01455789138436,29.9528009145495));
#10573=CARTESIAN_POINT('Ctrl Pts',(3.63026982607443,-4.01455789138436,29.4528009145495));
#10574=CARTESIAN_POINT('Ctrl Pts',(3.55787415485396,-3.95307943437867,29.9528009145495));
#10575=CARTESIAN_POINT('Ctrl Pts',(3.55787415485396,-3.95307943437867,29.4528009145495));
#10576=CARTESIAN_POINT('Ctrl Pts',(3.52107774599333,-3.92183189703334,29.9528009145495));
#10577=CARTESIAN_POINT('Ctrl Pts',(3.52107774599333,-3.92183189703334,29.4528009145495));
#10578=CARTESIAN_POINT('',(3.77107750757475,-4.02897482229579,29.4528009145495));
#10579=CARTESIAN_POINT('Ctrl Pts',(3.77107750757475,-4.02897482229579,29.4528009145495));
#10580=CARTESIAN_POINT('Ctrl Pts',(3.72466190797365,-4.0242224502268,29.4528009145495));
#10581=CARTESIAN_POINT('Ctrl Pts',(3.63026982607443,-4.01455789138436,29.4528009145495));
#10582=CARTESIAN_POINT('Ctrl Pts',(3.55787415485396,-3.95307943437867,29.4528009145495));
#10583=CARTESIAN_POINT('Ctrl Pts',(3.52107774599333,-3.92183189703334,29.4528009145495));
#10584=CARTESIAN_POINT('',(3.77107750757475,-4.02897482229579,29.9528009145495));
#10585=CARTESIAN_POINT('Ctrl Pts',(4.02107726915617,-3.92183189703334,29.9528009145495));
#10586=CARTESIAN_POINT('Ctrl Pts',(4.02107726915617,-3.92183189703334,29.4528009145495));
#10587=CARTESIAN_POINT('Ctrl Pts',(3.98428086029554,-3.95307943437867,29.9528009145495));
#10588=CARTESIAN_POINT('Ctrl Pts',(3.98428086029554,-3.95307943437867,29.4528009145495));
#10589=CARTESIAN_POINT('Ctrl Pts',(3.91188518907506,-4.01455789138436,29.9528009145495));
#10590=CARTESIAN_POINT('Ctrl Pts',(3.91188518907506,-4.01455789138436,29.4528009145495));
#10591=CARTESIAN_POINT('Ctrl Pts',(3.81749310717584,-4.0242224502268,29.9528009145495));
#10592=CARTESIAN_POINT('Ctrl Pts',(3.81749310717584,-4.0242224502268,29.4528009145495));
#10593=CARTESIAN_POINT('Ctrl Pts',(3.77107750757475,-4.02897482229579,29.9528009145495));
#10594=CARTESIAN_POINT('Ctrl Pts',(3.77107750757475,-4.02897482229579,29.4528009145495));
#10595=CARTESIAN_POINT('',(4.02107726915617,-3.92183189703334,29.4528009145495));
#10596=CARTESIAN_POINT('Ctrl Pts',(4.02107726915617,-3.92183189703334,29.4528009145495));
#10597=CARTESIAN_POINT('Ctrl Pts',(3.98428086029554,-3.95307943437867,29.4528009145495));
#10598=CARTESIAN_POINT('Ctrl Pts',(3.91188518907506,-4.01455789138436,29.4528009145495));
#10599=CARTESIAN_POINT('Ctrl Pts',(3.81749310717584,-4.0242224502268,29.4528009145495));
#10600=CARTESIAN_POINT('Ctrl Pts',(3.77107750757475,-4.02897482229579,29.4528009145495));
#10601=CARTESIAN_POINT('',(4.02107726915617,-3.92183189703334,29.9528009145495));
#10602=CARTESIAN_POINT('Ctrl Pts',(4.12822019441862,-3.67183213545192,29.9528009145495));
#10603=CARTESIAN_POINT('Ctrl Pts',(4.12822019441862,-3.67183213545192,29.4528009145495));
#10604=CARTESIAN_POINT('Ctrl Pts',(4.1234675552414,-3.71824770799536,29.9528009145495));
#10605=CARTESIAN_POINT('Ctrl Pts',(4.1234675552414,-3.71824770799536,29.4528009145495));
#10606=CARTESIAN_POINT('Ctrl Pts',(4.11380246921039,-3.8126395785083,29.9528009145495));
#10607=CARTESIAN_POINT('Ctrl Pts',(4.11380246921039,-3.8126395785083,29.4528009145495));
#10608=CARTESIAN_POINT('Ctrl Pts',(4.05232450563116,-3.88503544691827,29.9528009145495));
#10609=CARTESIAN_POINT('Ctrl Pts',(4.05232450563116,-3.88503544691827,29.4528009145495));
#10610=CARTESIAN_POINT('Ctrl Pts',(4.02107726915617,-3.92183189703334,29.9528009145495));
#10611=CARTESIAN_POINT('Ctrl Pts',(4.02107726915617,-3.92183189703334,29.4528009145495));
#10612=CARTESIAN_POINT('',(4.12822019441862,-3.67183213545192,29.4528009145495));
#10613=CARTESIAN_POINT('Ctrl Pts',(4.12822019441862,-3.67183213545192,29.4528009145495));
#10614=CARTESIAN_POINT('Ctrl Pts',(4.1234675552414,-3.71824770799536,29.4528009145495));
#10615=CARTESIAN_POINT('Ctrl Pts',(4.11380246921039,-3.8126395785083,29.4528009145495));
#10616=CARTESIAN_POINT('Ctrl Pts',(4.05232450563116,-3.88503544691827,29.4528009145495));
#10617=CARTESIAN_POINT('Ctrl Pts',(4.02107726915617,-3.92183189703334,29.4528009145495));
#10618=CARTESIAN_POINT('',(4.12822019441862,-3.67183213545192,29.9528009145495));
#10619=CARTESIAN_POINT('Origin',(4.12822019441862,-1.17183213545192,29.9528009145495));
#10620=CARTESIAN_POINT('',(4.12822019441862,-1.17183213545192,29.4528009145495));
#10621=CARTESIAN_POINT('Origin',(6.69250685854692,-1.52897482229579,29.4528009145495));
#10622=CARTESIAN_POINT('Ctrl Pts',(-6.02177958802443,-3.92183189703334,
29.6528009145495));
#10623=CARTESIAN_POINT('Ctrl Pts',(-6.02177958802443,-3.92183189703334,
29.9528009145495));
#10624=CARTESIAN_POINT('Ctrl Pts',(-5.98558175411476,-3.95257120918628,
29.6528009145495));
#10625=CARTESIAN_POINT('Ctrl Pts',(-5.98558175411476,-3.95257120918628,
29.9528009145495));
#10626=CARTESIAN_POINT('Ctrl Pts',(-5.9493839202051,-3.98331052133922,29.6528009145495));
#10627=CARTESIAN_POINT('Ctrl Pts',(-5.9493839202051,-3.98331052133922,29.9528009145495));
#10628=CARTESIAN_POINT('Ctrl Pts',(-5.86614684130829,-4.01931294228718,
29.6528009145495));
#10629=CARTESIAN_POINT('Ctrl Pts',(-5.86614684130829,-4.01931294228718,
29.9528009145495));
#10630=CARTESIAN_POINT('Ctrl Pts',(-5.82041303989038,-4.02399544131131,
29.6528009145495));
#10631=CARTESIAN_POINT('Ctrl Pts',(-5.82041303989038,-4.02399544131131,
29.9528009145495));
#10632=CARTESIAN_POINT('Ctrl Pts',(-5.77177960292559,-4.02897482229579,
29.6528009145495));
#10633=CARTESIAN_POINT('Ctrl Pts',(-5.77177960292559,-4.02897482229579,
29.9528009145495));
#10634=CARTESIAN_POINT('',(-5.77177960292559,-4.02897482229579,29.6528009145495));
#10635=CARTESIAN_POINT('',(-6.02177958802443,-3.92183189703334,29.6528009145495));
#10636=CARTESIAN_POINT('Ctrl Pts',(-5.77177960292559,-4.02897482229579,
29.6528009145495));
#10637=CARTESIAN_POINT('Ctrl Pts',(-5.82041303989038,-4.02399544131131,
29.6528009145495));
#10638=CARTESIAN_POINT('Ctrl Pts',(-5.86614684130829,-4.01931294228718,
29.6528009145495));
#10639=CARTESIAN_POINT('Ctrl Pts',(-5.90777639029269,-4.00130696987351,
29.6528009145495));
#10640=CARTESIAN_POINT('Ctrl Pts',(-5.9493839202051,-3.98331052133922,29.6528009145495));
#10641=CARTESIAN_POINT('Ctrl Pts',(-5.98558175411476,-3.95257120918628,
29.6528009145495));
#10642=CARTESIAN_POINT('Ctrl Pts',(-6.02177958802443,-3.92183189703334,
29.6528009145495));
#10643=CARTESIAN_POINT('',(-5.77177960292559,-4.02897482229579,29.9528009145495));
#10644=CARTESIAN_POINT('',(-5.77177960292559,-4.02897482229579,29.6528009145495));
#10645=CARTESIAN_POINT('',(-6.02177958802443,-3.92183189703334,29.9528009145495));
#10646=CARTESIAN_POINT('Ctrl Pts',(-6.02177958802443,-3.92183189703334,
29.9528009145495));
#10647=CARTESIAN_POINT('Ctrl Pts',(-5.98558175411476,-3.95257120918628,
29.9528009145495));
#10648=CARTESIAN_POINT('Ctrl Pts',(-5.9493839202051,-3.98331052133922,29.9528009145495));
#10649=CARTESIAN_POINT('Ctrl Pts',(-5.90777639029269,-4.00130696987351,
29.9528009145495));
#10650=CARTESIAN_POINT('Ctrl Pts',(-5.86614684130829,-4.01931294228718,
29.9528009145495));
#10651=CARTESIAN_POINT('Ctrl Pts',(-5.82041303989038,-4.02399544131131,
29.9528009145495));
#10652=CARTESIAN_POINT('Ctrl Pts',(-5.77177960292559,-4.02897482229579,
29.9528009145495));
#10653=CARTESIAN_POINT('',(-6.02177958802443,-3.92183189703334,29.6528009145495));
#10654=CARTESIAN_POINT('Ctrl Pts',(-6.12892243878107,-3.67183213545192,
29.6528009145495));
#10655=CARTESIAN_POINT('Ctrl Pts',(-6.12892243878107,-3.67183213545192,
29.9528009145495));
#10656=CARTESIAN_POINT('Ctrl Pts',(-6.12394297124245,-3.72046570044216,
29.6528009145495));
#10657=CARTESIAN_POINT('Ctrl Pts',(-6.12394297124245,-3.72046570044216,
29.9528009145495));
#10658=CARTESIAN_POINT('Ctrl Pts',(-6.11926043266432,-3.76619921361259,
29.6528009145495));
#10659=CARTESIAN_POINT('Ctrl Pts',(-6.11926043266432,-3.76619921361259,
29.9528009145495));
#10660=CARTESIAN_POINT('Ctrl Pts',(-6.08325799292096,-3.84943620763713,
29.6528009145495));
#10661=CARTESIAN_POINT('Ctrl Pts',(-6.08325799292096,-3.84943620763713,
29.9528009145495));
#10662=CARTESIAN_POINT('Ctrl Pts',(-6.0525187904727,-3.88563405233523,29.6528009145495));
#10663=CARTESIAN_POINT('Ctrl Pts',(-6.0525187904727,-3.88563405233523,29.9528009145495));
#10664=CARTESIAN_POINT('Ctrl Pts',(-6.02177958802443,-3.92183189703334,
29.6528009145495));
#10665=CARTESIAN_POINT('Ctrl Pts',(-6.02177958802443,-3.92183189703334,
29.9528009145495));
#10666=CARTESIAN_POINT('',(-6.12892243878107,-3.67183213545192,29.6528009145495));
#10667=CARTESIAN_POINT('Ctrl Pts',(-6.02177958802443,-3.92183189703334,
29.6528009145495));
#10668=CARTESIAN_POINT('Ctrl Pts',(-6.0525187904727,-3.88563405233523,29.6528009145495));
#10669=CARTESIAN_POINT('Ctrl Pts',(-6.08325799292096,-3.84943620763713,
29.6528009145495));
#10670=CARTESIAN_POINT('Ctrl Pts',(-6.10125444938317,-3.80782872354199,
29.6528009145495));
#10671=CARTESIAN_POINT('Ctrl Pts',(-6.11926043266432,-3.76619921361259,
29.6528009145495));
#10672=CARTESIAN_POINT('Ctrl Pts',(-6.12394297124245,-3.72046570044216,
29.6528009145495));
#10673=CARTESIAN_POINT('Ctrl Pts',(-6.12892243878107,-3.67183213545192,
29.6528009145495));
#10674=CARTESIAN_POINT('',(-6.12892243878107,-3.67183213545192,29.9528009145495));
#10675=CARTESIAN_POINT('Ctrl Pts',(-6.12892243878107,-3.67183213545192,
29.9528009145495));
#10676=CARTESIAN_POINT('Ctrl Pts',(-6.12394297124245,-3.72046570044216,
29.9528009145495));
#10677=CARTESIAN_POINT('Ctrl Pts',(-6.11926043266432,-3.76619921361259,
29.9528009145495));
#10678=CARTESIAN_POINT('Ctrl Pts',(-6.10125444938317,-3.80782872354199,
29.9528009145495));
#10679=CARTESIAN_POINT('Ctrl Pts',(-6.08325799292096,-3.84943620763713,
29.9528009145495));
#10680=CARTESIAN_POINT('Ctrl Pts',(-6.0525187904727,-3.88563405233523,29.9528009145495));
#10681=CARTESIAN_POINT('Ctrl Pts',(-6.02177958802443,-3.92183189703334,
29.9528009145495));
#10682=CARTESIAN_POINT('',(-6.12892243878107,-3.67183213545192,29.6528009145495));
#10683=CARTESIAN_POINT('Ctrl Pts',(-6.02177958802443,0.86388225244176,29.6528009145495));
#10684=CARTESIAN_POINT('Ctrl Pts',(-6.02177958802443,0.86388225244176,29.9528009145495));
#10685=CARTESIAN_POINT('Ctrl Pts',(-6.05251888228788,0.827684399679606,
29.6528009145495));
#10686=CARTESIAN_POINT('Ctrl Pts',(-6.05251888228788,0.827684399679606,
29.9528009145495));
#10687=CARTESIAN_POINT('Ctrl Pts',(-6.08325817655134,0.791486546917452,
29.6528009145495));
#10688=CARTESIAN_POINT('Ctrl Pts',(-6.08325817655134,0.791486546917452,
29.9528009145495));
#10689=CARTESIAN_POINT('Ctrl Pts',(-6.11926056516235,0.708249441203276,
29.6528009145495));
#10690=CARTESIAN_POINT('Ctrl Pts',(-6.11926056516235,0.708249441203276,
29.9528009145495));
#10691=CARTESIAN_POINT('Ctrl Pts',(-6.12394306456709,0.662515600983582,
29.6528009145495));
#10692=CARTESIAN_POINT('Ctrl Pts',(-6.12394306456709,0.662515600983582,
29.9528009145495));
#10693=CARTESIAN_POINT('Ctrl Pts',(-6.12892243878107,0.613882192837115,
29.6528009145495));
#10694=CARTESIAN_POINT('Ctrl Pts',(-6.12892243878107,0.613882192837115,
29.9528009145495));
#10695=CARTESIAN_POINT('',(-6.12892243878107,0.613882192837115,29.6528009145495));
#10696=CARTESIAN_POINT('',(-6.02177958802443,0.86388225244176,29.6528009145495));
#10697=CARTESIAN_POINT('Ctrl Pts',(-6.12892243878107,0.613882192837115,
29.6528009145495));
#10698=CARTESIAN_POINT('Ctrl Pts',(-6.12394306456709,0.662515600983582,
29.6528009145495));
#10699=CARTESIAN_POINT('Ctrl Pts',(-6.11926056516235,0.708249441203276,
29.6528009145495));
#10700=CARTESIAN_POINT('Ctrl Pts',(-6.10125460915804,0.749879003052877,
29.6528009145495));
#10701=CARTESIAN_POINT('Ctrl Pts',(-6.08325817655134,0.791486546917452,
29.6528009145495));
#10702=CARTESIAN_POINT('Ctrl Pts',(-6.05251888228788,0.827684399679606,
29.6528009145495));
#10703=CARTESIAN_POINT('Ctrl Pts',(-6.02177958802443,0.86388225244176,29.6528009145495));
#10704=CARTESIAN_POINT('',(-6.12892243878107,0.613882192837115,29.9528009145495));
#10705=CARTESIAN_POINT('',(-6.12892243878107,0.613882192837115,29.6528009145495));
#10706=CARTESIAN_POINT('',(-6.02177958802443,0.86388225244176,29.9528009145495));
#10707=CARTESIAN_POINT('Ctrl Pts',(-6.02177958802443,0.86388225244176,29.9528009145495));
#10708=CARTESIAN_POINT('Ctrl Pts',(-6.05251888228788,0.827684399679606,
29.9528009145495));
#10709=CARTESIAN_POINT('Ctrl Pts',(-6.08325817655134,0.791486546917452,
29.9528009145495));
#10710=CARTESIAN_POINT('Ctrl Pts',(-6.10125460915804,0.749879003052877,
29.9528009145495));
#10711=CARTESIAN_POINT('Ctrl Pts',(-6.11926056516235,0.708249441203276,
29.9528009145495));
#10712=CARTESIAN_POINT('Ctrl Pts',(-6.12394306456709,0.662515600983582,
29.9528009145495));
#10713=CARTESIAN_POINT('Ctrl Pts',(-6.12892243878107,0.613882192837115,
29.9528009145495));
#10714=CARTESIAN_POINT('',(-6.02177958802443,0.86388225244176,29.6528009145495));
#10715=CARTESIAN_POINT('Ctrl Pts',(-5.77177960292559,0.971025177704211,
29.6528009145495));
#10716=CARTESIAN_POINT('Ctrl Pts',(-5.77177960292559,0.971025177704211,
29.9528009145495));
#10717=CARTESIAN_POINT('Ctrl Pts',(-5.82041303989037,0.966045796719738,
29.6528009145495));
#10718=CARTESIAN_POINT('Ctrl Pts',(-5.82041303989037,0.966045796719738,
29.9528009145495));
#10719=CARTESIAN_POINT('Ctrl Pts',(-5.86614684130829,0.961363297695601,
29.6528009145495));
#10720=CARTESIAN_POINT('Ctrl Pts',(-5.86614684130829,0.961363297695601,
29.9528009145495));
#10721=CARTESIAN_POINT('Ctrl Pts',(-5.9493839202051,0.925360876747641,29.6528009145495));
#10722=CARTESIAN_POINT('Ctrl Pts',(-5.9493839202051,0.925360876747641,29.9528009145495));
#10723=CARTESIAN_POINT('Ctrl Pts',(-5.98558175411476,0.894621564594703,
29.6528009145495));
#10724=CARTESIAN_POINT('Ctrl Pts',(-5.98558175411476,0.894621564594703,
29.9528009145495));
#10725=CARTESIAN_POINT('Ctrl Pts',(-6.02177958802443,0.86388225244176,29.6528009145495));
#10726=CARTESIAN_POINT('Ctrl Pts',(-6.02177958802443,0.86388225244176,29.9528009145495));
#10727=CARTESIAN_POINT('',(-5.77177960292559,0.971025177704211,29.6528009145495));
#10728=CARTESIAN_POINT('Ctrl Pts',(-6.02177958802443,0.86388225244176,29.6528009145495));
#10729=CARTESIAN_POINT('Ctrl Pts',(-5.98558175411476,0.894621564594703,
29.6528009145495));
#10730=CARTESIAN_POINT('Ctrl Pts',(-5.9493839202051,0.925360876747641,29.6528009145495));
#10731=CARTESIAN_POINT('Ctrl Pts',(-5.9077763902927,0.943357325281933,29.6528009145495));
#10732=CARTESIAN_POINT('Ctrl Pts',(-5.86614684130829,0.961363297695601,
29.6528009145495));
#10733=CARTESIAN_POINT('Ctrl Pts',(-5.82041303989037,0.966045796719738,
29.6528009145495));
#10734=CARTESIAN_POINT('Ctrl Pts',(-5.77177960292559,0.971025177704211,
29.6528009145495));
#10735=CARTESIAN_POINT('',(-5.77177960292559,0.971025177704211,29.9528009145495));
#10736=CARTESIAN_POINT('Ctrl Pts',(-5.77177960292559,0.971025177704211,
29.9528009145495));
#10737=CARTESIAN_POINT('Ctrl Pts',(-5.82041303989037,0.966045796719738,
29.9528009145495));
#10738=CARTESIAN_POINT('Ctrl Pts',(-5.86614684130829,0.961363297695601,
29.9528009145495));
#10739=CARTESIAN_POINT('Ctrl Pts',(-5.9077763902927,0.943357325281933,29.9528009145495));
#10740=CARTESIAN_POINT('Ctrl Pts',(-5.9493839202051,0.925360876747641,29.9528009145495));
#10741=CARTESIAN_POINT('Ctrl Pts',(-5.98558175411476,0.894621564594703,
29.9528009145495));
#10742=CARTESIAN_POINT('Ctrl Pts',(-6.02177958802443,0.86388225244176,29.9528009145495));
#10743=CARTESIAN_POINT('',(-5.77177960292559,0.971025177704211,29.6528009145495));
#10744=CARTESIAN_POINT('Ctrl Pts',(-5.52177954332094,0.86388225244176,29.6528009145495));
#10745=CARTESIAN_POINT('Ctrl Pts',(-5.52177954332094,0.86388225244176,29.9528009145495));
#10746=CARTESIAN_POINT('Ctrl Pts',(-5.55797739474379,0.894621557971145,
29.6528009145495));
#10747=CARTESIAN_POINT('Ctrl Pts',(-5.55797739474379,0.894621557971145,
29.9528009145495));
#10748=CARTESIAN_POINT('Ctrl Pts',(-5.59417524616664,0.925360863500532,
29.6528009145495));
#10749=CARTESIAN_POINT('Ctrl Pts',(-5.59417524616664,0.925360863500532,
29.9528009145495));
#10750=CARTESIAN_POINT('Ctrl Pts',(-5.67741234906161,0.961363288137191,
29.6528009145495));
#10751=CARTESIAN_POINT('Ctrl Pts',(-5.67741234906161,0.961363288137191,
29.9528009145495));
#10752=CARTESIAN_POINT('Ctrl Pts',(-5.72314614033949,0.966045789987302,
29.6528009145495));
#10753=CARTESIAN_POINT('Ctrl Pts',(-5.72314614033949,0.966045789987302,
29.9528009145495));
#10754=CARTESIAN_POINT('Ctrl Pts',(-5.77177960292559,0.971025177704211,
29.6528009145495));
#10755=CARTESIAN_POINT('Ctrl Pts',(-5.77177960292559,0.971025177704211,
29.9528009145495));
#10756=CARTESIAN_POINT('',(-5.52177954332094,0.86388225244176,29.6528009145495));
#10757=CARTESIAN_POINT('Ctrl Pts',(-5.77177960292559,0.971025177704211,
29.6528009145495));
#10758=CARTESIAN_POINT('Ctrl Pts',(-5.72314614033949,0.966045789987302,
29.6528009145495));
#10759=CARTESIAN_POINT('Ctrl Pts',(-5.67741234906161,0.961363288137191,
29.6528009145495));
#10760=CARTESIAN_POINT('Ctrl Pts',(-5.63578278779078,0.943357313755775,
29.6528009145495));
#10761=CARTESIAN_POINT('Ctrl Pts',(-5.59417524616664,0.925360863500532,
29.6528009145495));
#10762=CARTESIAN_POINT('Ctrl Pts',(-5.55797739474379,0.894621557971145,
29.6528009145495));
#10763=CARTESIAN_POINT('Ctrl Pts',(-5.52177954332094,0.86388225244176,29.6528009145495));
#10764=CARTESIAN_POINT('',(-5.52177954332094,0.86388225244176,29.9528009145495));
#10765=CARTESIAN_POINT('Ctrl Pts',(-5.52177954332094,0.86388225244176,29.9528009145495));
#10766=CARTESIAN_POINT('Ctrl Pts',(-5.55797739474379,0.894621557971145,
29.9528009145495));
#10767=CARTESIAN_POINT('Ctrl Pts',(-5.59417524616664,0.925360863500532,
29.9528009145495));
#10768=CARTESIAN_POINT('Ctrl Pts',(-5.63578278779078,0.943357313755775,
29.9528009145495));
#10769=CARTESIAN_POINT('Ctrl Pts',(-5.67741234906161,0.961363288137191,
29.9528009145495));
#10770=CARTESIAN_POINT('Ctrl Pts',(-5.72314614033949,0.966045789987302,
29.9528009145495));
#10771=CARTESIAN_POINT('Ctrl Pts',(-5.77177960292559,0.971025177704211,
29.9528009145495));
#10772=CARTESIAN_POINT('',(-5.52177954332094,0.86388225244176,29.6528009145495));
#10773=CARTESIAN_POINT('Ctrl Pts',(-3.16463697568636,0.86388225244176,29.6528009145495));
#10774=CARTESIAN_POINT('Ctrl Pts',(-3.16463697568636,0.86388225244176,29.9528009145495));
#10775=CARTESIAN_POINT('Ctrl Pts',(-3.19537629600444,0.827684408767513,
29.6528009145495));
#10776=CARTESIAN_POINT('Ctrl Pts',(-3.19537629600444,0.827684408767513,
29.9528009145495));
#10777=CARTESIAN_POINT('Ctrl Pts',(-3.22611561632251,0.791486565093269,
29.6528009145495));
#10778=CARTESIAN_POINT('Ctrl Pts',(-3.22611561632251,0.791486565093269,
29.9528009145495));
#10779=CARTESIAN_POINT('Ctrl Pts',(-3.26211803272325,0.708249460236082,
29.6528009145495));
#10780=CARTESIAN_POINT('Ctrl Pts',(-3.26211803272325,0.708249460236082,
29.9528009145495));
#10781=CARTESIAN_POINT('Ctrl Pts',(-3.26680052826369,0.662515623006727,
29.6528009145495));
#10782=CARTESIAN_POINT('Ctrl Pts',(-3.26680052826369,0.662515623006727,
29.9528009145495));
#10783=CARTESIAN_POINT('Ctrl Pts',(-3.27177990094881,0.613882192837115,
29.6528009145495));
#10784=CARTESIAN_POINT('Ctrl Pts',(-3.27177990094881,0.613882192837115,
29.9528009145495));
#10785=CARTESIAN_POINT('',(-3.27177990094881,0.613882192837115,29.6528009145495));
#10786=CARTESIAN_POINT('',(-3.16463697568636,0.86388225244176,29.6528009145495));
#10787=CARTESIAN_POINT('Ctrl Pts',(-3.27177990094881,0.613882192837115,
29.6528009145495));
#10788=CARTESIAN_POINT('Ctrl Pts',(-3.26680052826369,0.662515623006727,
29.6528009145495));
#10789=CARTESIAN_POINT('Ctrl Pts',(-3.26211803272325,0.708249460236082,
29.6528009145495));
#10790=CARTESIAN_POINT('Ctrl Pts',(-3.24411206273531,0.749879021853802,
29.6528009145495));
#10791=CARTESIAN_POINT('Ctrl Pts',(-3.22611561632251,0.791486565093269,
29.6528009145495));
#10792=CARTESIAN_POINT('Ctrl Pts',(-3.19537629600444,0.827684408767513,
29.6528009145495));
#10793=CARTESIAN_POINT('Ctrl Pts',(-3.16463697568636,0.86388225244176,29.6528009145495));
#10794=CARTESIAN_POINT('',(-3.27177990094881,0.613882192837115,29.9528009145495));
#10795=CARTESIAN_POINT('',(-3.27177990094881,0.613882192837115,29.6528009145495));
#10796=CARTESIAN_POINT('',(-3.16463697568636,0.86388225244176,29.9528009145495));
#10797=CARTESIAN_POINT('Ctrl Pts',(-3.16463697568636,0.86388225244176,29.9528009145495));
#10798=CARTESIAN_POINT('Ctrl Pts',(-3.19537629600444,0.827684408767513,
29.9528009145495));
#10799=CARTESIAN_POINT('Ctrl Pts',(-3.22611561632251,0.791486565093269,
29.9528009145495));
#10800=CARTESIAN_POINT('Ctrl Pts',(-3.24411206273531,0.749879021853802,
29.9528009145495));
#10801=CARTESIAN_POINT('Ctrl Pts',(-3.26211803272325,0.708249460236082,
29.9528009145495));
#10802=CARTESIAN_POINT('Ctrl Pts',(-3.26680052826369,0.662515623006727,
29.9528009145495));
#10803=CARTESIAN_POINT('Ctrl Pts',(-3.27177990094881,0.613882192837115,
29.9528009145495));
#10804=CARTESIAN_POINT('',(-3.16463697568636,0.86388225244176,29.6528009145495));
#10805=CARTESIAN_POINT('Ctrl Pts',(-2.91463661805849,0.971025177704211,
29.6528009145495));
#10806=CARTESIAN_POINT('Ctrl Pts',(-2.91463661805849,0.971025177704211,
29.9528009145495));
#10807=CARTESIAN_POINT('Ctrl Pts',(-2.96327015071334,0.966045778089363,
29.6528009145495));
#10808=CARTESIAN_POINT('Ctrl Pts',(-2.96327015071334,0.966045778089363,
29.9528009145495));
#10809=CARTESIAN_POINT('Ctrl Pts',(-3.00900394738258,0.961363271245031,
29.6528009145495));
#10810=CARTESIAN_POINT('Ctrl Pts',(-3.00900394738258,0.961363271245031,
29.9528009145495));
#10811=CARTESIAN_POINT('Ctrl Pts',(-3.09224114823245,0.9253608400895,29.6528009145495));
#10812=CARTESIAN_POINT('Ctrl Pts',(-3.09224114823245,0.9253608400895,29.9528009145495));
#10813=CARTESIAN_POINT('Ctrl Pts',(-3.1284390619594,0.894621546265631,29.6528009145495));
#10814=CARTESIAN_POINT('Ctrl Pts',(-3.1284390619594,0.894621546265631,29.9528009145495));
#10815=CARTESIAN_POINT('Ctrl Pts',(-3.16463697568636,0.86388225244176,29.6528009145495));
#10816=CARTESIAN_POINT('Ctrl Pts',(-3.16463697568636,0.86388225244176,29.9528009145495));
#10817=CARTESIAN_POINT('',(-2.91463661805849,0.971025177704211,29.6528009145495));
#10818=CARTESIAN_POINT('Ctrl Pts',(-3.16463697568636,0.86388225244176,29.6528009145495));
#10819=CARTESIAN_POINT('Ctrl Pts',(-3.1284390619594,0.894621546265631,29.6528009145495));
#10820=CARTESIAN_POINT('Ctrl Pts',(-3.09224114823245,0.9253608400895,29.6528009145495));
#10821=CARTESIAN_POINT('Ctrl Pts',(-3.05063355814603,0.943357293386095,
29.6528009145495));
#10822=CARTESIAN_POINT('Ctrl Pts',(-3.00900394738258,0.961363271245031,
29.6528009145495));
#10823=CARTESIAN_POINT('Ctrl Pts',(-2.96327015071334,0.966045778089363,
29.6528009145495));
#10824=CARTESIAN_POINT('Ctrl Pts',(-2.91463661805849,0.971025177704211,
29.6528009145495));
#10825=CARTESIAN_POINT('',(-2.91463661805849,0.971025177704211,29.9528009145495));
#10826=CARTESIAN_POINT('Ctrl Pts',(-2.91463661805849,0.971025177704211,
29.9528009145495));
#10827=CARTESIAN_POINT('Ctrl Pts',(-2.96327015071334,0.966045778089363,
29.9528009145495));
#10828=CARTESIAN_POINT('Ctrl Pts',(-3.00900394738258,0.961363271245031,
29.9528009145495));
#10829=CARTESIAN_POINT('Ctrl Pts',(-3.05063355814603,0.943357293386095,
29.9528009145495));
#10830=CARTESIAN_POINT('Ctrl Pts',(-3.09224114823245,0.9253608400895,29.9528009145495));
#10831=CARTESIAN_POINT('Ctrl Pts',(-3.1284390619594,0.894621546265631,29.9528009145495));
#10832=CARTESIAN_POINT('Ctrl Pts',(-3.16463697568636,0.86388225244176,29.9528009145495));
#10833=CARTESIAN_POINT('',(-2.91463661805849,0.971025177704211,29.6528009145495));
#10834=CARTESIAN_POINT('Ctrl Pts',(-2.66463685647707,0.86388225244176,29.6528009145495));
#10835=CARTESIAN_POINT('Ctrl Pts',(-2.66463685647707,0.86388225244176,29.9528009145495));
#10836=CARTESIAN_POINT('Ctrl Pts',(-2.70083469208731,0.894621480944606,
29.6528009145495));
#10837=CARTESIAN_POINT('Ctrl Pts',(-2.70083469208731,0.894621480944606,
29.9528009145495));
#10838=CARTESIAN_POINT('Ctrl Pts',(-2.73703252769755,0.925360709447452,
29.6528009145495));
#10839=CARTESIAN_POINT('Ctrl Pts',(-2.73703252769755,0.925360709447452,
29.9528009145495));
#10840=CARTESIAN_POINT('Ctrl Pts',(-2.82026952086515,0.961363176980584,
29.6528009145495));
#10841=CARTESIAN_POINT('Ctrl Pts',(-2.82026952086515,0.961363176980584,
29.9528009145495));
#10842=CARTESIAN_POINT('Ctrl Pts',(-2.86600303104551,0.966045711694472,
29.6528009145495));
#10843=CARTESIAN_POINT('Ctrl Pts',(-2.86600303104551,0.966045711694472,
29.9528009145495));
#10844=CARTESIAN_POINT('Ctrl Pts',(-2.91463661805849,0.971025177704211,
29.6528009145495));
#10845=CARTESIAN_POINT('Ctrl Pts',(-2.91463661805849,0.971025177704211,
29.9528009145495));
#10846=CARTESIAN_POINT('',(-2.66463685647707,0.86388225244176,29.6528009145495));
#10847=CARTESIAN_POINT('Ctrl Pts',(-2.91463661805849,0.971025177704211,
29.6528009145495));
#10848=CARTESIAN_POINT('Ctrl Pts',(-2.86600303104551,0.966045711694472,
29.6528009145495));
#10849=CARTESIAN_POINT('Ctrl Pts',(-2.82026952086515,0.961363176980584,
29.6528009145495));
#10850=CARTESIAN_POINT('Ctrl Pts',(-2.77864001116758,0.943357179715772,
29.6528009145495));
#10851=CARTESIAN_POINT('Ctrl Pts',(-2.73703252769755,0.925360709447452,
29.6528009145495));
#10852=CARTESIAN_POINT('Ctrl Pts',(-2.70083469208731,0.894621480944606,
29.6528009145495));
#10853=CARTESIAN_POINT('Ctrl Pts',(-2.66463685647707,0.86388225244176,29.6528009145495));
#10854=CARTESIAN_POINT('',(-2.66463685647707,0.86388225244176,29.9528009145495));
#10855=CARTESIAN_POINT('Ctrl Pts',(-2.66463685647707,0.86388225244176,29.9528009145495));
#10856=CARTESIAN_POINT('Ctrl Pts',(-2.70083469208731,0.894621480944606,
29.9528009145495));
#10857=CARTESIAN_POINT('Ctrl Pts',(-2.73703252769755,0.925360709447452,
29.9528009145495));
#10858=CARTESIAN_POINT('Ctrl Pts',(-2.77864001116758,0.943357179715772,
29.9528009145495));
#10859=CARTESIAN_POINT('Ctrl Pts',(-2.82026952086515,0.961363176980584,
29.9528009145495));
#10860=CARTESIAN_POINT('Ctrl Pts',(-2.86600303104551,0.966045711694472,
29.9528009145495));
#10861=CARTESIAN_POINT('Ctrl Pts',(-2.91463661805849,0.971025177704211,
29.9528009145495));
#10862=CARTESIAN_POINT('',(-2.66463685647707,0.86388225244176,29.6528009145495));
#10863=CARTESIAN_POINT('Ctrl Pts',(-2.55749393121462,0.613882192837115,
29.6528009145495));
#10864=CARTESIAN_POINT('Ctrl Pts',(-2.55749393121462,0.613882192837115,
29.9528009145495));
#10865=CARTESIAN_POINT('Ctrl Pts',(-2.56247330389974,0.662515623006734,
29.6528009145495));
#10866=CARTESIAN_POINT('Ctrl Pts',(-2.56247330389974,0.662515623006734,
29.9528009145495));
#10867=CARTESIAN_POINT('Ctrl Pts',(-2.56715579944018,0.708249460236086,
29.6528009145495));
#10868=CARTESIAN_POINT('Ctrl Pts',(-2.56715579944018,0.708249460236086,
29.9528009145495));
#10869=CARTESIAN_POINT('Ctrl Pts',(-2.60315821584092,0.791486565093269,
29.6528009145495));
#10870=CARTESIAN_POINT('Ctrl Pts',(-2.60315821584092,0.791486565093269,
29.9528009145495));
#10871=CARTESIAN_POINT('Ctrl Pts',(-2.633897536159,0.827684408767516,29.6528009145495));
#10872=CARTESIAN_POINT('Ctrl Pts',(-2.633897536159,0.827684408767516,29.9528009145495));
#10873=CARTESIAN_POINT('Ctrl Pts',(-2.66463685647707,0.86388225244176,29.6528009145495));
#10874=CARTESIAN_POINT('Ctrl Pts',(-2.66463685647707,0.86388225244176,29.9528009145495));
#10875=CARTESIAN_POINT('',(-2.55749393121462,0.613882192837115,29.6528009145495));
#10876=CARTESIAN_POINT('Ctrl Pts',(-2.66463685647707,0.86388225244176,29.6528009145495));
#10877=CARTESIAN_POINT('Ctrl Pts',(-2.633897536159,0.827684408767516,29.6528009145495));
#10878=CARTESIAN_POINT('Ctrl Pts',(-2.60315821584092,0.791486565093269,
29.6528009145495));
#10879=CARTESIAN_POINT('Ctrl Pts',(-2.58516176942812,0.749879021853802,
29.6528009145495));
#10880=CARTESIAN_POINT('Ctrl Pts',(-2.56715579944018,0.708249460236086,
29.6528009145495));
#10881=CARTESIAN_POINT('Ctrl Pts',(-2.56247330389974,0.662515623006734,
29.6528009145495));
#10882=CARTESIAN_POINT('Ctrl Pts',(-2.55749393121462,0.613882192837115,
29.6528009145495));
#10883=CARTESIAN_POINT('',(-2.55749393121462,0.613882192837115,29.9528009145495));
#10884=CARTESIAN_POINT('Ctrl Pts',(-2.55749393121462,0.613882192837115,
29.9528009145495));
#10885=CARTESIAN_POINT('Ctrl Pts',(-2.56247330389974,0.662515623006734,
29.9528009145495));
#10886=CARTESIAN_POINT('Ctrl Pts',(-2.56715579944018,0.708249460236086,
29.9528009145495));
#10887=CARTESIAN_POINT('Ctrl Pts',(-2.58516176942812,0.749879021853802,
29.9528009145495));
#10888=CARTESIAN_POINT('Ctrl Pts',(-2.60315821584092,0.791486565093269,
29.9528009145495));
#10889=CARTESIAN_POINT('Ctrl Pts',(-2.633897536159,0.827684408767516,29.9528009145495));
#10890=CARTESIAN_POINT('Ctrl Pts',(-2.66463685647707,0.86388225244176,29.9528009145495));
#10891=CARTESIAN_POINT('',(-2.55749393121462,0.613882192837115,29.6528009145495));
#10892=CARTESIAN_POINT('Ctrl Pts',(-2.66463685647707,-3.92183189703334,
29.6528009145495));
#10893=CARTESIAN_POINT('Ctrl Pts',(-2.66463685647707,-3.92183189703334,
29.9528009145495));
#10894=CARTESIAN_POINT('Ctrl Pts',(-2.63389762797422,-3.8856340614231,29.6528009145495));
#10895=CARTESIAN_POINT('Ctrl Pts',(-2.63389762797422,-3.8856340614231,29.9528009145495));
#10896=CARTESIAN_POINT('Ctrl Pts',(-2.60315839947138,-3.84943622581286,
29.6528009145495));
#10897=CARTESIAN_POINT('Ctrl Pts',(-2.60315839947138,-3.84943622581286,
29.9528009145495));
#10898=CARTESIAN_POINT('Ctrl Pts',(-2.56715593193825,-3.76619923264525,
29.6528009145495));
#10899=CARTESIAN_POINT('Ctrl Pts',(-2.56715593193825,-3.76619923264525,
29.9528009145495));
#10900=CARTESIAN_POINT('Ctrl Pts',(-2.56247339722436,-3.72046572246488,
29.6528009145495));
#10901=CARTESIAN_POINT('Ctrl Pts',(-2.56247339722436,-3.72046572246488,
29.9528009145495));
#10902=CARTESIAN_POINT('Ctrl Pts',(-2.55749393121462,-3.67183213545192,
29.6528009145495));
#10903=CARTESIAN_POINT('Ctrl Pts',(-2.55749393121462,-3.67183213545192,
29.9528009145495));
#10904=CARTESIAN_POINT('',(-2.55749393121462,-3.67183213545192,29.6528009145495));
#10905=CARTESIAN_POINT('',(-2.66463685647707,-3.92183189703334,29.6528009145495));
#10906=CARTESIAN_POINT('Ctrl Pts',(-2.55749393121462,-3.67183213545192,
29.6528009145495));
#10907=CARTESIAN_POINT('Ctrl Pts',(-2.56247339722436,-3.72046572246488,
29.6528009145495));
#10908=CARTESIAN_POINT('Ctrl Pts',(-2.56715593193825,-3.76619923264525,
29.6528009145495));
#10909=CARTESIAN_POINT('Ctrl Pts',(-2.58516192920306,-3.80782874234283,
29.6528009145495));
#10910=CARTESIAN_POINT('Ctrl Pts',(-2.60315839947138,-3.84943622581286,
29.6528009145495));
#10911=CARTESIAN_POINT('Ctrl Pts',(-2.63389762797422,-3.8856340614231,29.6528009145495));
#10912=CARTESIAN_POINT('Ctrl Pts',(-2.66463685647707,-3.92183189703334,
29.6528009145495));
#10913=CARTESIAN_POINT('',(-2.55749393121462,-3.67183213545192,29.9528009145495));
#10914=CARTESIAN_POINT('',(-2.55749393121462,-3.67183213545192,29.6528009145495));
#10915=CARTESIAN_POINT('',(-2.66463685647707,-3.92183189703334,29.9528009145495));
#10916=CARTESIAN_POINT('Ctrl Pts',(-2.66463685647707,-3.92183189703334,
29.9528009145495));
#10917=CARTESIAN_POINT('Ctrl Pts',(-2.63389762797422,-3.8856340614231,29.9528009145495));
#10918=CARTESIAN_POINT('Ctrl Pts',(-2.60315839947138,-3.84943622581286,
29.9528009145495));
#10919=CARTESIAN_POINT('Ctrl Pts',(-2.58516192920306,-3.80782874234283,
29.9528009145495));
#10920=CARTESIAN_POINT('Ctrl Pts',(-2.56715593193825,-3.76619923264525,
29.9528009145495));
#10921=CARTESIAN_POINT('Ctrl Pts',(-2.56247339722436,-3.72046572246488,
29.9528009145495));
#10922=CARTESIAN_POINT('Ctrl Pts',(-2.55749393121462,-3.67183213545192,
29.9528009145495));
#10923=CARTESIAN_POINT('',(-2.66463685647707,-3.92183189703334,29.6528009145495));
#10924=CARTESIAN_POINT('Ctrl Pts',(-2.91463661805849,-4.02897482229579,
29.6528009145495));
#10925=CARTESIAN_POINT('Ctrl Pts',(-2.91463661805849,-4.02897482229579,
29.9528009145495));
#10926=CARTESIAN_POINT('Ctrl Pts',(-2.86600329037465,-4.02399547654044,
29.6528009145495));
#10927=CARTESIAN_POINT('Ctrl Pts',(-2.86600329037465,-4.02399547654044,
29.9528009145495));
#10928=CARTESIAN_POINT('Ctrl Pts',(-2.82026941258463,-4.01931299230391,
29.6528009145495));
#10929=CARTESIAN_POINT('Ctrl Pts',(-2.82026941258463,-4.01931299230391,
29.9528009145495));
#10930=CARTESIAN_POINT('Ctrl Pts',(-2.73703240371994,-3.98331059065801,
29.6528009145495));
#10931=CARTESIAN_POINT('Ctrl Pts',(-2.73703240371994,-3.98331059065801,
29.9528009145495));
#10932=CARTESIAN_POINT('Ctrl Pts',(-2.7008346300985,-3.95257124384567,29.6528009145495));
#10933=CARTESIAN_POINT('Ctrl Pts',(-2.7008346300985,-3.95257124384567,29.9528009145495));
#10934=CARTESIAN_POINT('Ctrl Pts',(-2.66463685647707,-3.92183189703334,
29.6528009145495));
#10935=CARTESIAN_POINT('Ctrl Pts',(-2.66463685647707,-3.92183189703334,
29.9528009145495));
#10936=CARTESIAN_POINT('',(-2.91463661805849,-4.02897482229579,29.6528009145495));
#10937=CARTESIAN_POINT('Ctrl Pts',(-2.66463685647707,-3.92183189703334,
29.6528009145495));
#10938=CARTESIAN_POINT('Ctrl Pts',(-2.7008346300985,-3.95257124384567,29.6528009145495));
#10939=CARTESIAN_POINT('Ctrl Pts',(-2.73703240371994,-3.98331059065801,
29.6528009145495));
#10940=CARTESIAN_POINT('Ctrl Pts',(-2.77863990011249,-4.00130703018697,
29.6528009145495));
#10941=CARTESIAN_POINT('Ctrl Pts',(-2.82026941258463,-4.01931299230391,
29.6528009145495));
#10942=CARTESIAN_POINT('Ctrl Pts',(-2.86600329037465,-4.02399547654044,
29.6528009145495));
#10943=CARTESIAN_POINT('Ctrl Pts',(-2.91463661805849,-4.02897482229579,
29.6528009145495));
#10944=CARTESIAN_POINT('',(-2.91463661805849,-4.02897482229579,29.9528009145495));
#10945=CARTESIAN_POINT('Ctrl Pts',(-2.91463661805849,-4.02897482229579,
29.9528009145495));
#10946=CARTESIAN_POINT('Ctrl Pts',(-2.86600329037465,-4.02399547654044,
29.9528009145495));
#10947=CARTESIAN_POINT('Ctrl Pts',(-2.82026941258463,-4.01931299230391,
29.9528009145495));
#10948=CARTESIAN_POINT('Ctrl Pts',(-2.77863990011249,-4.00130703018697,
29.9528009145495));
#10949=CARTESIAN_POINT('Ctrl Pts',(-2.73703240371994,-3.98331059065801,
29.9528009145495));
#10950=CARTESIAN_POINT('Ctrl Pts',(-2.7008346300985,-3.95257124384567,29.9528009145495));
#10951=CARTESIAN_POINT('Ctrl Pts',(-2.66463685647707,-3.92183189703334,
29.9528009145495));
#10952=CARTESIAN_POINT('',(-2.91463661805849,-4.02897482229579,29.6528009145495));
#10953=CARTESIAN_POINT('Ctrl Pts',(-3.16463697568636,-3.92183189703334,
29.6528009145495));
#10954=CARTESIAN_POINT('Ctrl Pts',(-3.16463697568636,-3.92183189703334,
29.9528009145495));
#10955=CARTESIAN_POINT('Ctrl Pts',(-3.12843906195941,-3.9525711908572,29.6528009145495));
#10956=CARTESIAN_POINT('Ctrl Pts',(-3.12843906195941,-3.9525711908572,29.9528009145495));
#10957=CARTESIAN_POINT('Ctrl Pts',(-3.09224114823245,-3.98331048468108,
29.6528009145495));
#10958=CARTESIAN_POINT('Ctrl Pts',(-3.09224114823245,-3.98331048468108,
29.9528009145495));
#10959=CARTESIAN_POINT('Ctrl Pts',(-3.00900394738258,-4.01931291583661,
29.6528009145495));
#10960=CARTESIAN_POINT('Ctrl Pts',(-3.00900394738258,-4.01931291583661,
29.9528009145495));
#10961=CARTESIAN_POINT('Ctrl Pts',(-2.96327015071333,-4.02399542268094,
29.6528009145495));
#10962=CARTESIAN_POINT('Ctrl Pts',(-2.96327015071333,-4.02399542268094,
29.9528009145495));
#10963=CARTESIAN_POINT('Ctrl Pts',(-2.91463661805849,-4.02897482229579,
29.6528009145495));
#10964=CARTESIAN_POINT('Ctrl Pts',(-2.91463661805849,-4.02897482229579,
29.9528009145495));
#10965=CARTESIAN_POINT('',(-3.16463697568636,-3.92183189703334,29.6528009145495));
#10966=CARTESIAN_POINT('Ctrl Pts',(-2.91463661805849,-4.02897482229579,
29.6528009145495));
#10967=CARTESIAN_POINT('Ctrl Pts',(-2.96327015071333,-4.02399542268094,
29.6528009145495));
#10968=CARTESIAN_POINT('Ctrl Pts',(-3.00900394738258,-4.01931291583661,
29.6528009145495));
#10969=CARTESIAN_POINT('Ctrl Pts',(-3.05063355814603,-4.00130693797767,
29.6528009145495));
#10970=CARTESIAN_POINT('Ctrl Pts',(-3.09224114823245,-3.98331048468108,
29.6528009145495));
#10971=CARTESIAN_POINT('Ctrl Pts',(-3.12843906195941,-3.9525711908572,29.6528009145495));
#10972=CARTESIAN_POINT('Ctrl Pts',(-3.16463697568636,-3.92183189703334,
29.6528009145495));
#10973=CARTESIAN_POINT('',(-3.16463697568636,-3.92183189703334,29.9528009145495));
#10974=CARTESIAN_POINT('Ctrl Pts',(-3.16463697568636,-3.92183189703334,
29.9528009145495));
#10975=CARTESIAN_POINT('Ctrl Pts',(-3.12843906195941,-3.9525711908572,29.9528009145495));
#10976=CARTESIAN_POINT('Ctrl Pts',(-3.09224114823245,-3.98331048468108,
29.9528009145495));
#10977=CARTESIAN_POINT('Ctrl Pts',(-3.05063355814603,-4.00130693797767,
29.9528009145495));
#10978=CARTESIAN_POINT('Ctrl Pts',(-3.00900394738258,-4.01931291583661,
29.9528009145495));
#10979=CARTESIAN_POINT('Ctrl Pts',(-2.96327015071333,-4.02399542268094,
29.9528009145495));
#10980=CARTESIAN_POINT('Ctrl Pts',(-2.91463661805849,-4.02897482229579,
29.9528009145495));
#10981=CARTESIAN_POINT('',(-3.16463697568636,-3.92183189703334,29.6528009145495));
#10982=CARTESIAN_POINT('Ctrl Pts',(-3.27177990094881,-3.67183213545192,
29.6528009145495));
#10983=CARTESIAN_POINT('Ctrl Pts',(-3.27177990094881,-3.67183213545192,
29.9528009145495));
#10984=CARTESIAN_POINT('Ctrl Pts',(-3.26680043493907,-3.72046572246489,
29.6528009145495));
#10985=CARTESIAN_POINT('Ctrl Pts',(-3.26680043493907,-3.72046572246489,
29.9528009145495));
#10986=CARTESIAN_POINT('Ctrl Pts',(-3.26211790022519,-3.76619923264525,
29.6528009145495));
#10987=CARTESIAN_POINT('Ctrl Pts',(-3.26211790022519,-3.76619923264525,
29.9528009145495));
#10988=CARTESIAN_POINT('Ctrl Pts',(-3.22611543269206,-3.84943622581286,
29.6528009145495));
#10989=CARTESIAN_POINT('Ctrl Pts',(-3.22611543269206,-3.84943622581286,
29.9528009145495));
#10990=CARTESIAN_POINT('Ctrl Pts',(-3.19537620418921,-3.88563406142309,
29.6528009145495));
#10991=CARTESIAN_POINT('Ctrl Pts',(-3.19537620418921,-3.88563406142309,
29.9528009145495));
#10992=CARTESIAN_POINT('Ctrl Pts',(-3.16463697568636,-3.92183189703334,
29.6528009145495));
#10993=CARTESIAN_POINT('Ctrl Pts',(-3.16463697568636,-3.92183189703334,
29.9528009145495));
#10994=CARTESIAN_POINT('',(-3.27177990094881,-3.67183213545192,29.6528009145495));
#10995=CARTESIAN_POINT('Ctrl Pts',(-3.16463697568636,-3.92183189703334,
29.6528009145495));
#10996=CARTESIAN_POINT('Ctrl Pts',(-3.19537620418921,-3.88563406142309,
29.6528009145495));
#10997=CARTESIAN_POINT('Ctrl Pts',(-3.22611543269206,-3.84943622581286,
29.6528009145495));
#10998=CARTESIAN_POINT('Ctrl Pts',(-3.24411190296038,-3.80782874234283,
29.6528009145495));
#10999=CARTESIAN_POINT('Ctrl Pts',(-3.26211790022519,-3.76619923264525,
29.6528009145495));
#11000=CARTESIAN_POINT('Ctrl Pts',(-3.26680043493907,-3.72046572246489,
29.6528009145495));
#11001=CARTESIAN_POINT('Ctrl Pts',(-3.27177990094881,-3.67183213545192,
29.6528009145495));
#11002=CARTESIAN_POINT('',(-3.27177990094881,-3.67183213545192,29.9528009145495));
#11003=CARTESIAN_POINT('Ctrl Pts',(-3.27177990094881,-3.67183213545192,
29.9528009145495));
#11004=CARTESIAN_POINT('Ctrl Pts',(-3.26680043493907,-3.72046572246489,
29.9528009145495));
#11005=CARTESIAN_POINT('Ctrl Pts',(-3.26211790022519,-3.76619923264525,
29.9528009145495));
#11006=CARTESIAN_POINT('Ctrl Pts',(-3.24411190296038,-3.80782874234283,
29.9528009145495));
#11007=CARTESIAN_POINT('Ctrl Pts',(-3.22611543269206,-3.84943622581286,
29.9528009145495));
#11008=CARTESIAN_POINT('Ctrl Pts',(-3.19537620418921,-3.88563406142309,
29.9528009145495));
#11009=CARTESIAN_POINT('Ctrl Pts',(-3.16463697568636,-3.92183189703334,
29.9528009145495));
#11010=CARTESIAN_POINT('',(-3.27177990094881,-3.67183213545192,29.6528009145495));
#11011=CARTESIAN_POINT('Ctrl Pts',(-5.52177954332094,-3.92183189703334,
29.6528009145495));
#11012=CARTESIAN_POINT('Ctrl Pts',(-5.52177954332094,-3.92183189703334,
29.9528009145495));
#11013=CARTESIAN_POINT('Ctrl Pts',(-5.49104036692727,-3.88563404324738,
29.6528009145495));
#11014=CARTESIAN_POINT('Ctrl Pts',(-5.49104036692727,-3.88563404324738,
29.9528009145495));
#11015=CARTESIAN_POINT('Ctrl Pts',(-5.46030119053359,-3.84943618946142,
29.6528009145495));
#11016=CARTESIAN_POINT('Ctrl Pts',(-5.46030119053359,-3.84943618946142,
29.9528009145495));
#11017=CARTESIAN_POINT('Ctrl Pts',(-5.42429877858,-3.76619919457994,29.6528009145495));
#11018=CARTESIAN_POINT('Ctrl Pts',(-5.42429877858,-3.76619919457994,29.9528009145495));
#11019=CARTESIAN_POINT('Ctrl Pts',(-5.41961623613761,-3.72046567841947,
29.6528009145495));
#11020=CARTESIAN_POINT('Ctrl Pts',(-5.41961623613761,-3.72046567841947,
29.9528009145495));
#11021=CARTESIAN_POINT('Ctrl Pts',(-5.4146367670701,-3.67183213545192,29.6528009145495));
#11022=CARTESIAN_POINT('Ctrl Pts',(-5.4146367670701,-3.67183213545192,29.9528009145495));
#11023=CARTESIAN_POINT('',(-5.4146367670701,-3.67183213545192,29.6528009145495));
#11024=CARTESIAN_POINT('',(-5.52177954332094,-3.92183189703334,29.6528009145495));
#11025=CARTESIAN_POINT('Ctrl Pts',(-5.4146367670701,-3.67183213545192,29.6528009145495));
#11026=CARTESIAN_POINT('Ctrl Pts',(-5.41961623613761,-3.72046567841947,
29.6528009145495));
#11027=CARTESIAN_POINT('Ctrl Pts',(-5.42429877858,-3.76619919457994,29.6528009145495));
#11028=CARTESIAN_POINT('Ctrl Pts',(-5.44230474787748,-3.80782870474115,
29.6528009145495));
#11029=CARTESIAN_POINT('Ctrl Pts',(-5.46030119053359,-3.84943618946142,
29.6528009145495));
#11030=CARTESIAN_POINT('Ctrl Pts',(-5.49104036692727,-3.88563404324738,
29.6528009145495));
#11031=CARTESIAN_POINT('Ctrl Pts',(-5.52177954332094,-3.92183189703334,
29.6528009145495));
#11032=CARTESIAN_POINT('',(-5.4146367670701,-3.67183213545192,29.9528009145495));
#11033=CARTESIAN_POINT('',(-5.4146367670701,-3.67183213545192,29.6528009145495));
#11034=CARTESIAN_POINT('',(-5.52177954332094,-3.92183189703334,29.9528009145495));
#11035=CARTESIAN_POINT('Ctrl Pts',(-5.52177954332094,-3.92183189703334,
29.9528009145495));
#11036=CARTESIAN_POINT('Ctrl Pts',(-5.49104036692727,-3.88563404324738,
29.9528009145495));
#11037=CARTESIAN_POINT('Ctrl Pts',(-5.46030119053359,-3.84943618946142,
29.9528009145495));
#11038=CARTESIAN_POINT('Ctrl Pts',(-5.44230474787748,-3.80782870474115,
29.9528009145495));
#11039=CARTESIAN_POINT('Ctrl Pts',(-5.42429877858,-3.76619919457994,29.9528009145495));
#11040=CARTESIAN_POINT('Ctrl Pts',(-5.41961623613761,-3.72046567841947,
29.9528009145495));
#11041=CARTESIAN_POINT('Ctrl Pts',(-5.4146367670701,-3.67183213545192,29.9528009145495));
#11042=CARTESIAN_POINT('',(-5.52177954332094,-3.92183189703334,29.6528009145495));
#11043=CARTESIAN_POINT('Ctrl Pts',(-5.77177960292559,-4.02897482229579,
29.6528009145495));
#11044=CARTESIAN_POINT('Ctrl Pts',(-5.77177960292559,-4.02897482229579,
29.9528009145495));
#11045=CARTESIAN_POINT('Ctrl Pts',(-5.72314614033947,-4.02399543457888,
29.6528009145495));
#11046=CARTESIAN_POINT('Ctrl Pts',(-5.72314614033947,-4.02399543457888,
29.9528009145495));
#11047=CARTESIAN_POINT('Ctrl Pts',(-5.67741234906161,-4.01931293272877,
29.6528009145495));
#11048=CARTESIAN_POINT('Ctrl Pts',(-5.67741234906161,-4.01931293272877,
29.9528009145495));
#11049=CARTESIAN_POINT('Ctrl Pts',(-5.59417524616664,-3.98331050809211,
29.6528009145495));
#11050=CARTESIAN_POINT('Ctrl Pts',(-5.59417524616664,-3.98331050809211,
29.9528009145495));
#11051=CARTESIAN_POINT('Ctrl Pts',(-5.55797739474379,-3.95257120256273,
29.6528009145495));
#11052=CARTESIAN_POINT('Ctrl Pts',(-5.55797739474379,-3.95257120256273,
29.9528009145495));
#11053=CARTESIAN_POINT('Ctrl Pts',(-5.52177954332094,-3.92183189703334,
29.6528009145495));
#11054=CARTESIAN_POINT('Ctrl Pts',(-5.52177954332094,-3.92183189703334,
29.9528009145495));
#11055=CARTESIAN_POINT('Ctrl Pts',(-5.52177954332094,-3.92183189703334,
29.6528009145495));
#11056=CARTESIAN_POINT('Ctrl Pts',(-5.55797739474379,-3.95257120256273,
29.6528009145495));
#11057=CARTESIAN_POINT('Ctrl Pts',(-5.59417524616664,-3.98331050809211,
29.6528009145495));
#11058=CARTESIAN_POINT('Ctrl Pts',(-5.63578278779078,-4.00130695834735,
29.6528009145495));
#11059=CARTESIAN_POINT('Ctrl Pts',(-5.67741234906161,-4.01931293272877,
29.6528009145495));
#11060=CARTESIAN_POINT('Ctrl Pts',(-5.72314614033947,-4.02399543457888,
29.6528009145495));
#11061=CARTESIAN_POINT('Ctrl Pts',(-5.77177960292559,-4.02897482229579,
29.6528009145495));
#11062=CARTESIAN_POINT('Ctrl Pts',(-5.77177960292559,-4.02897482229579,
29.9528009145495));
#11063=CARTESIAN_POINT('Ctrl Pts',(-5.72314614033947,-4.02399543457888,
29.9528009145495));
#11064=CARTESIAN_POINT('Ctrl Pts',(-5.67741234906161,-4.01931293272877,
29.9528009145495));
#11065=CARTESIAN_POINT('Ctrl Pts',(-5.63578278779078,-4.00130695834735,
29.9528009145495));
#11066=CARTESIAN_POINT('Ctrl Pts',(-5.59417524616664,-3.98331050809211,
29.9528009145495));
#11067=CARTESIAN_POINT('Ctrl Pts',(-5.55797739474379,-3.95257120256273,
29.9528009145495));
#11068=CARTESIAN_POINT('Ctrl Pts',(-5.52177954332094,-3.92183189703334,
29.9528009145495));
#11069=CARTESIAN_POINT('Origin',(6.69250685854692,-1.52897482229579,29.9528009145495));
#11070=CARTESIAN_POINT('',(-5.4146367670701,-0.243260613216046,29.9528009145495));
#11071=CARTESIAN_POINT('',(-5.4146367670701,-0.886117717755918,29.9528009145495));
#11072=CARTESIAN_POINT('',(-3.27177990094881,-2.38611762834895,29.9528009145495));
#11073=CARTESIAN_POINT('',(-0.994994085814202,-4.66290360180843,29.9528009145495));
#11074=CARTESIAN_POINT('',(-3.27177990094881,-2.60040347887385,29.9528009145495));
#11075=CARTESIAN_POINT('',(-2.55749393121462,-0.457546314729337,29.9528009145495));
#11076=CARTESIAN_POINT('',(-3.27177990094881,-1.3861176879536,29.9528009145495));
#11077=CARTESIAN_POINT('',(-3.27177990094881,-1.45754625512469,29.9528009145495));
#11078=CARTESIAN_POINT('',(-1.86999407862975,-2.78790369594591,29.9528009145495));
#11079=CARTESIAN_POINT('',(-6.12892243878107,-2.60040347887385,29.9528009145495));
#11080=CARTESIAN_POINT('Ctrl Pts',(-2.66463685647707,0.86388225244176,29.9528009145495));
#11081=CARTESIAN_POINT('Ctrl Pts',(-2.66463685647707,0.86388225244176,29.4528009145495));
#11082=CARTESIAN_POINT('Ctrl Pts',(-2.63338931822147,0.827085944219022,
29.9528009145495));
#11083=CARTESIAN_POINT('Ctrl Pts',(-2.63338931822147,0.827085944219022,
29.4528009145495));
#11084=CARTESIAN_POINT('Ctrl Pts',(-2.57191067758532,0.754690256870531,
29.9528009145495));
#11085=CARTESIAN_POINT('Ctrl Pts',(-2.57191067758532,0.754690256870531,
29.4528009145495));
#11086=CARTESIAN_POINT('Ctrl Pts',(-2.56224625219155,0.660298013662452,
29.9528009145495));
#11087=CARTESIAN_POINT('Ctrl Pts',(-2.56224625219155,0.660298013662452,
29.4528009145495));
#11088=CARTESIAN_POINT('Ctrl Pts',(-2.55749393121462,0.613882192837115,
29.9528009145495));
#11089=CARTESIAN_POINT('Ctrl Pts',(-2.55749393121462,0.613882192837115,
29.4528009145495));
#11090=CARTESIAN_POINT('',(-2.55749393121462,0.613882192837115,29.4528009145495));
#11091=CARTESIAN_POINT('',(-2.55749393121462,0.613882192837115,29.9528009145495));
#11092=CARTESIAN_POINT('',(-2.66463685647707,0.86388225244176,29.4528009145495));
#11093=CARTESIAN_POINT('Ctrl Pts',(-2.66463685647707,0.86388225244176,29.4528009145495));
#11094=CARTESIAN_POINT('Ctrl Pts',(-2.63338931822147,0.827085944219022,
29.4528009145495));
#11095=CARTESIAN_POINT('Ctrl Pts',(-2.57191067758532,0.754690256870531,
29.4528009145495));
#11096=CARTESIAN_POINT('Ctrl Pts',(-2.56224625219155,0.660298013662452,
29.4528009145495));
#11097=CARTESIAN_POINT('Ctrl Pts',(-2.55749393121462,0.613882192837115,
29.4528009145495));
#11098=CARTESIAN_POINT('',(-2.66463685647707,0.86388225244176,29.9528009145495));
#11099=CARTESIAN_POINT('Origin',(-2.55749393121462,0.613882192837115,29.9528009145495));
#11100=CARTESIAN_POINT('',(-2.55749393121462,-3.67183213545192,29.4528009145495));
#11101=CARTESIAN_POINT('',(-2.55749393121462,-3.67183213545192,29.9528009145495));
#11102=CARTESIAN_POINT('',(-2.55749393121462,0.613882192837115,29.4528009145495));
#11103=CARTESIAN_POINT('Ctrl Pts',(-2.55749393121462,-3.67183213545192,
29.9528009145495));
#11104=CARTESIAN_POINT('Ctrl Pts',(-2.55749393121462,-3.67183213545192,
29.4528009145495));
#11105=CARTESIAN_POINT('Ctrl Pts',(-2.56224630328361,-3.71824773505301,
29.9528009145495));
#11106=CARTESIAN_POINT('Ctrl Pts',(-2.56224630328361,-3.71824773505301,
29.4528009145495));
#11107=CARTESIAN_POINT('Ctrl Pts',(-2.57191086212605,-3.81263981695223,
29.9528009145495));
#11108=CARTESIAN_POINT('Ctrl Pts',(-2.57191086212605,-3.81263981695223,
29.4528009145495));
#11109=CARTESIAN_POINT('Ctrl Pts',(-2.63338931913174,-3.88503548817271,
29.9528009145495));
#11110=CARTESIAN_POINT('Ctrl Pts',(-2.63338931913174,-3.88503548817271,
29.4528009145495));
#11111=CARTESIAN_POINT('Ctrl Pts',(-2.66463685647707,-3.92183189703334,
29.9528009145495));
#11112=CARTESIAN_POINT('Ctrl Pts',(-2.66463685647707,-3.92183189703334,
29.4528009145495));
#11113=CARTESIAN_POINT('',(-2.66463685647707,-3.92183189703334,29.4528009145495));
#11114=CARTESIAN_POINT('',(-2.66463685647707,-3.92183189703334,29.9528009145495));
#11115=CARTESIAN_POINT('Ctrl Pts',(-2.55749393121462,-3.67183213545192,
29.4528009145495));
#11116=CARTESIAN_POINT('Ctrl Pts',(-2.56224630328361,-3.71824773505301,
29.4528009145495));
#11117=CARTESIAN_POINT('Ctrl Pts',(-2.57191086212605,-3.81263981695223,
29.4528009145495));
#11118=CARTESIAN_POINT('Ctrl Pts',(-2.63338931913174,-3.88503548817271,
29.4528009145495));
#11119=CARTESIAN_POINT('Ctrl Pts',(-2.66463685647707,-3.92183189703334,
29.4528009145495));
#11120=CARTESIAN_POINT('Ctrl Pts',(-2.66463685647707,-3.92183189703334,
29.9528009145495));
#11121=CARTESIAN_POINT('Ctrl Pts',(-2.66463685647707,-3.92183189703334,
29.4528009145495));
#11122=CARTESIAN_POINT('Ctrl Pts',(-2.70143306208338,-3.95307943555158,
29.9528009145495));
#11123=CARTESIAN_POINT('Ctrl Pts',(-2.70143306208338,-3.95307943555158,
29.4528009145495));
#11124=CARTESIAN_POINT('Ctrl Pts',(-2.77382860932625,-4.01455812917625,
29.9528009145495));
#11125=CARTESIAN_POINT('Ctrl Pts',(-2.77382860932625,-4.01455812917625,
29.4528009145495));
#11126=CARTESIAN_POINT('Ctrl Pts',(-2.86822078801288,-4.02422251606207,
29.9528009145495));
#11127=CARTESIAN_POINT('Ctrl Pts',(-2.86822078801288,-4.02422251606207,
29.4528009145495));
#11128=CARTESIAN_POINT('Ctrl Pts',(-2.91463661805849,-4.02897482229579,
29.9528009145495));
#11129=CARTESIAN_POINT('Ctrl Pts',(-2.91463661805849,-4.02897482229579,
29.4528009145495));
#11130=CARTESIAN_POINT('',(-2.91463661805849,-4.02897482229579,29.4528009145495));
#11131=CARTESIAN_POINT('',(-2.91463661805849,-4.02897482229579,29.9528009145495));
#11132=CARTESIAN_POINT('Ctrl Pts',(-2.66463685647707,-3.92183189703334,
29.4528009145495));
#11133=CARTESIAN_POINT('Ctrl Pts',(-2.70143306208338,-3.95307943555158,
29.4528009145495));
#11134=CARTESIAN_POINT('Ctrl Pts',(-2.77382860932625,-4.01455812917625,
29.4528009145495));
#11135=CARTESIAN_POINT('Ctrl Pts',(-2.86822078801288,-4.02422251606207,
29.4528009145495));
#11136=CARTESIAN_POINT('Ctrl Pts',(-2.91463661805849,-4.02897482229579,
29.4528009145495));
#11137=CARTESIAN_POINT('Ctrl Pts',(-2.91463661805849,-4.02897482229579,
29.9528009145495));
#11138=CARTESIAN_POINT('Ctrl Pts',(-2.91463661805849,-4.02897482229579,
29.4528009145495));
#11139=CARTESIAN_POINT('Ctrl Pts',(-2.96105242966361,-4.02422248657571,
29.9528009145495));
#11140=CARTESIAN_POINT('Ctrl Pts',(-2.96105242966361,-4.02422248657571,
29.4528009145495));
#11141=CARTESIAN_POINT('Ctrl Pts',(-3.05544473739329,-4.01455802267403,
29.9528009145495));
#11142=CARTESIAN_POINT('Ctrl Pts',(-3.05544473739329,-4.01455802267403,
29.4528009145495));
#11143=CARTESIAN_POINT('Ctrl Pts',(-3.1278405648472,-3.95307943502629,29.9528009145495));
#11144=CARTESIAN_POINT('Ctrl Pts',(-3.1278405648472,-3.95307943502629,29.4528009145495));
#11145=CARTESIAN_POINT('Ctrl Pts',(-3.16463697568636,-3.92183189703334,
29.9528009145495));
#11146=CARTESIAN_POINT('Ctrl Pts',(-3.16463697568636,-3.92183189703334,
29.4528009145495));
#11147=CARTESIAN_POINT('',(-3.16463697568636,-3.92183189703334,29.4528009145495));
#11148=CARTESIAN_POINT('',(-3.16463697568636,-3.92183189703334,29.9528009145495));
#11149=CARTESIAN_POINT('Ctrl Pts',(-2.91463661805849,-4.02897482229579,
29.4528009145495));
#11150=CARTESIAN_POINT('Ctrl Pts',(-2.96105242966361,-4.02422248657571,
29.4528009145495));
#11151=CARTESIAN_POINT('Ctrl Pts',(-3.05544473739329,-4.01455802267403,
29.4528009145495));
#11152=CARTESIAN_POINT('Ctrl Pts',(-3.1278405648472,-3.95307943502629,29.4528009145495));
#11153=CARTESIAN_POINT('Ctrl Pts',(-3.16463697568636,-3.92183189703334,
29.4528009145495));
#11154=CARTESIAN_POINT('Ctrl Pts',(-3.16463697568636,-3.92183189703334,
29.9528009145495));
#11155=CARTESIAN_POINT('Ctrl Pts',(-3.16463697568636,-3.92183189703334,
29.4528009145495));
#11156=CARTESIAN_POINT('Ctrl Pts',(-3.19588451303169,-3.88503548817271,
29.9528009145495));
#11157=CARTESIAN_POINT('Ctrl Pts',(-3.19588451303169,-3.88503548817271,
29.4528009145495));
#11158=CARTESIAN_POINT('Ctrl Pts',(-3.25736297003739,-3.81263981695223,
29.9528009145495));
#11159=CARTESIAN_POINT('Ctrl Pts',(-3.25736297003739,-3.81263981695223,
29.4528009145495));
#11160=CARTESIAN_POINT('Ctrl Pts',(-3.26702752887982,-3.71824773505301,
29.9528009145495));
#11161=CARTESIAN_POINT('Ctrl Pts',(-3.26702752887982,-3.71824773505301,
29.4528009145495));
#11162=CARTESIAN_POINT('Ctrl Pts',(-3.27177990094881,-3.67183213545192,
29.9528009145495));
#11163=CARTESIAN_POINT('Ctrl Pts',(-3.27177990094881,-3.67183213545192,
29.4528009145495));
#11164=CARTESIAN_POINT('',(-3.27177990094881,-3.67183213545192,29.4528009145495));
#11165=CARTESIAN_POINT('',(-3.27177990094881,-3.67183213545192,29.9528009145495));
#11166=CARTESIAN_POINT('Ctrl Pts',(-3.16463697568636,-3.92183189703334,
29.4528009145495));
#11167=CARTESIAN_POINT('Ctrl Pts',(-3.19588451303169,-3.88503548817271,
29.4528009145495));
#11168=CARTESIAN_POINT('Ctrl Pts',(-3.25736297003739,-3.81263981695223,
29.4528009145495));
#11169=CARTESIAN_POINT('Ctrl Pts',(-3.26702752887982,-3.71824773505301,
29.4528009145495));
#11170=CARTESIAN_POINT('Ctrl Pts',(-3.27177990094881,-3.67183213545192,
29.4528009145495));
#11171=CARTESIAN_POINT('Origin',(-3.27177990094881,-3.67183213545192,29.9528009145495));
#11172=CARTESIAN_POINT('',(-3.27177990094881,-2.38611762834895,29.4528009145495));
#11173=CARTESIAN_POINT('',(-3.27177990094881,-2.38611762834895,29.9528009145495));
#11174=CARTESIAN_POINT('',(-3.27177990094881,-3.67183213545192,29.4528009145495));
#11175=CARTESIAN_POINT('Origin',(-3.27177990094881,-2.38611762834895,29.9528009145495));
#11176=CARTESIAN_POINT('',(-5.4146367670701,-0.243260613216046,29.4528009145495));
#11177=CARTESIAN_POINT('',(-5.4146367670701,-0.243260613216046,29.9528009145495));
#11178=CARTESIAN_POINT('',(-3.27177990094881,-2.38611762834895,29.4528009145495));
#11179=CARTESIAN_POINT('Origin',(-5.4146367670701,-0.243260613216046,29.9528009145495));
#11180=CARTESIAN_POINT('',(-5.4146367670701,-3.67183213545192,29.4528009145495));
#11181=CARTESIAN_POINT('',(-5.4146367670701,-3.67183213545192,29.9528009145495));
#11182=CARTESIAN_POINT('',(-5.4146367670701,-0.243260613216046,29.4528009145495));
#11183=CARTESIAN_POINT('Ctrl Pts',(-5.4146367670701,-3.67183213545192,29.9528009145495));
#11184=CARTESIAN_POINT('Ctrl Pts',(-5.4146367670701,-3.67183213545192,29.4528009145495));
#11185=CARTESIAN_POINT('Ctrl Pts',(-5.41938914585073,-3.71824773006501,
29.9528009145495));
#11186=CARTESIAN_POINT('Ctrl Pts',(-5.41938914585073,-3.71824773006501,
29.4528009145495));
#11187=CARTESIAN_POINT('Ctrl Pts',(-5.42905371539084,-3.8126397729956,29.9528009145495));
#11188=CARTESIAN_POINT('Ctrl Pts',(-5.42905371539084,-3.8126397729956,29.4528009145495));
#11189=CARTESIAN_POINT('Ctrl Pts',(-5.49053206817819,-3.88503548056752,
29.9528009145495));
#11190=CARTESIAN_POINT('Ctrl Pts',(-5.49053206817819,-3.88503548056752,
29.4528009145495));
#11191=CARTESIAN_POINT('Ctrl Pts',(-5.52177954332094,-3.92183189703334,
29.9528009145495));
#11192=CARTESIAN_POINT('Ctrl Pts',(-5.52177954332094,-3.92183189703334,
29.4528009145495));
#11193=CARTESIAN_POINT('',(-5.52177954332094,-3.92183189703334,29.4528009145495));
#11194=CARTESIAN_POINT('',(-5.52177954332094,-3.92183189703334,29.9528009145495));
#11195=CARTESIAN_POINT('Ctrl Pts',(-5.4146367670701,-3.67183213545192,29.4528009145495));
#11196=CARTESIAN_POINT('Ctrl Pts',(-5.41938914585073,-3.71824773006501,
29.4528009145495));
#11197=CARTESIAN_POINT('Ctrl Pts',(-5.42905371539084,-3.8126397729956,29.4528009145495));
#11198=CARTESIAN_POINT('Ctrl Pts',(-5.49053206817819,-3.88503548056752,
29.4528009145495));
#11199=CARTESIAN_POINT('Ctrl Pts',(-5.52177954332094,-3.92183189703334,
29.4528009145495));
#11200=CARTESIAN_POINT('Ctrl Pts',(-5.52177954332094,-3.92183189703334,
29.9528009145495));
#11201=CARTESIAN_POINT('Ctrl Pts',(-5.52177954332094,-3.92183189703334,
29.4528009145495));
#11202=CARTESIAN_POINT('Ctrl Pts',(-5.55857587695047,-3.95307943514233,
29.9528009145495));
#11203=CARTESIAN_POINT('Ctrl Pts',(-5.55857587695047,-3.95307943514233,
29.4528009145495));
#11204=CARTESIAN_POINT('Ctrl Pts',(-5.63097157979616,-4.01455804620111,
29.9528009145495));
#11205=CARTESIAN_POINT('Ctrl Pts',(-5.63097157979616,-4.01455804620111,
29.4528009145495));
#11206=CARTESIAN_POINT('Ctrl Pts',(-5.72536381090582,-4.02422249308944,
29.9528009145495));
#11207=CARTESIAN_POINT('Ctrl Pts',(-5.72536381090582,-4.02422249308944,
29.4528009145495));
#11208=CARTESIAN_POINT('Ctrl Pts',(-5.77177960292559,-4.02897482229579,
29.9528009145495));
#11209=CARTESIAN_POINT('Ctrl Pts',(-5.77177960292559,-4.02897482229579,
29.4528009145495));
#11210=CARTESIAN_POINT('',(-5.77177960292559,-4.02897482229579,29.4528009145495));
#11211=CARTESIAN_POINT('',(-5.77177960292559,-4.02897482229579,29.9528009145495));
#11212=CARTESIAN_POINT('Ctrl Pts',(-5.52177954332094,-3.92183189703334,
29.4528009145495));
#11213=CARTESIAN_POINT('Ctrl Pts',(-5.55857587695047,-3.95307943514233,
29.4528009145495));
#11214=CARTESIAN_POINT('Ctrl Pts',(-5.63097157979616,-4.01455804620111,
29.4528009145495));
#11215=CARTESIAN_POINT('Ctrl Pts',(-5.72536381090582,-4.02422249308944,
29.4528009145495));
#11216=CARTESIAN_POINT('Ctrl Pts',(-5.77177960292559,-4.02897482229579,
29.4528009145495));
#11217=CARTESIAN_POINT('Ctrl Pts',(-2.91463661805849,0.971025177704211,
29.9528009145495));
#11218=CARTESIAN_POINT('Ctrl Pts',(-2.91463661805849,0.971025177704211,
29.4528009145495));
#11219=CARTESIAN_POINT('Ctrl Pts',(-2.8682210184574,0.96627280563522,29.9528009145495));
#11220=CARTESIAN_POINT('Ctrl Pts',(-2.8682210184574,0.96627280563522,29.4528009145495));
#11221=CARTESIAN_POINT('Ctrl Pts',(-2.77382893655818,0.956608246792784,
29.9528009145495));
#11222=CARTESIAN_POINT('Ctrl Pts',(-2.77382893655818,0.956608246792784,
29.4528009145495));
#11223=CARTESIAN_POINT('Ctrl Pts',(-2.7014332653377,0.895129789787092,29.9528009145495));
#11224=CARTESIAN_POINT('Ctrl Pts',(-2.7014332653377,0.895129789787092,29.4528009145495));
#11225=CARTESIAN_POINT('Ctrl Pts',(-2.66463685647707,0.86388225244176,29.9528009145495));
#11226=CARTESIAN_POINT('Ctrl Pts',(-2.66463685647707,0.86388225244176,29.4528009145495));
#11227=CARTESIAN_POINT('',(-2.91463661805849,0.971025177704211,29.4528009145495));
#11228=CARTESIAN_POINT('Ctrl Pts',(-2.91463661805849,0.971025177704211,
29.4528009145495));
#11229=CARTESIAN_POINT('Ctrl Pts',(-2.8682210184574,0.96627280563522,29.4528009145495));
#11230=CARTESIAN_POINT('Ctrl Pts',(-2.77382893655818,0.956608246792784,
29.4528009145495));
#11231=CARTESIAN_POINT('Ctrl Pts',(-2.7014332653377,0.895129789787092,29.4528009145495));
#11232=CARTESIAN_POINT('Ctrl Pts',(-2.66463685647707,0.86388225244176,29.4528009145495));
#11233=CARTESIAN_POINT('',(-2.91463661805849,0.971025177704211,29.9528009145495));
#11234=CARTESIAN_POINT('Ctrl Pts',(-3.16463697568636,0.86388225244176,29.9528009145495));
#11235=CARTESIAN_POINT('Ctrl Pts',(-3.16463697568636,0.86388225244176,29.4528009145495));
#11236=CARTESIAN_POINT('Ctrl Pts',(-3.1278405648472,0.895129790434713,29.9528009145495));
#11237=CARTESIAN_POINT('Ctrl Pts',(-3.1278405648472,0.895129790434713,29.4528009145495));
#11238=CARTESIAN_POINT('Ctrl Pts',(-3.05544473739329,0.956608378082452,
29.9528009145495));
#11239=CARTESIAN_POINT('Ctrl Pts',(-3.05544473739329,0.956608378082452,
29.4528009145495));
#11240=CARTESIAN_POINT('Ctrl Pts',(-2.96105242966361,0.96627284198413,29.9528009145495));
#11241=CARTESIAN_POINT('Ctrl Pts',(-2.96105242966361,0.96627284198413,29.4528009145495));
#11242=CARTESIAN_POINT('Ctrl Pts',(-2.91463661805849,0.971025177704211,
29.9528009145495));
#11243=CARTESIAN_POINT('Ctrl Pts',(-2.91463661805849,0.971025177704211,
29.4528009145495));
#11244=CARTESIAN_POINT('',(-3.16463697568636,0.86388225244176,29.4528009145495));
#11245=CARTESIAN_POINT('Ctrl Pts',(-3.16463697568636,0.86388225244176,29.4528009145495));
#11246=CARTESIAN_POINT('Ctrl Pts',(-3.1278405648472,0.895129790434713,29.4528009145495));
#11247=CARTESIAN_POINT('Ctrl Pts',(-3.05544473739329,0.956608378082452,
29.4528009145495));
#11248=CARTESIAN_POINT('Ctrl Pts',(-2.96105242966361,0.96627284198413,29.4528009145495));
#11249=CARTESIAN_POINT('Ctrl Pts',(-2.91463661805849,0.971025177704211,
29.4528009145495));
#11250=CARTESIAN_POINT('',(-3.16463697568636,0.86388225244176,29.9528009145495));
#11251=CARTESIAN_POINT('Ctrl Pts',(-3.27177990094881,0.613882192837115,
29.9528009145495));
#11252=CARTESIAN_POINT('Ctrl Pts',(-3.27177990094881,0.613882192837115,
29.4528009145495));
#11253=CARTESIAN_POINT('Ctrl Pts',(-3.26702757997188,0.660298013662453,
29.9528009145495));
#11254=CARTESIAN_POINT('Ctrl Pts',(-3.26702757997188,0.660298013662453,
29.4528009145495));
#11255=CARTESIAN_POINT('Ctrl Pts',(-3.25736315457811,0.754690256870531,
29.9528009145495));
#11256=CARTESIAN_POINT('Ctrl Pts',(-3.25736315457811,0.754690256870531,
29.4528009145495));
#11257=CARTESIAN_POINT('Ctrl Pts',(-3.19588451394196,0.827085944219022,
29.9528009145495));
#11258=CARTESIAN_POINT('Ctrl Pts',(-3.19588451394196,0.827085944219022,
29.4528009145495));
#11259=CARTESIAN_POINT('Ctrl Pts',(-3.16463697568636,0.86388225244176,29.9528009145495));
#11260=CARTESIAN_POINT('Ctrl Pts',(-3.16463697568636,0.86388225244176,29.4528009145495));
#11261=CARTESIAN_POINT('',(-3.27177990094881,0.613882192837115,29.4528009145495));
#11262=CARTESIAN_POINT('Ctrl Pts',(-3.27177990094881,0.613882192837115,
29.4528009145495));
#11263=CARTESIAN_POINT('Ctrl Pts',(-3.26702757997188,0.660298013662453,
29.4528009145495));
#11264=CARTESIAN_POINT('Ctrl Pts',(-3.25736315457811,0.754690256870531,
29.4528009145495));
#11265=CARTESIAN_POINT('Ctrl Pts',(-3.19588451394196,0.827085944219022,
29.4528009145495));
#11266=CARTESIAN_POINT('Ctrl Pts',(-3.16463697568636,0.86388225244176,29.4528009145495));
#11267=CARTESIAN_POINT('',(-3.27177990094881,0.613882192837115,29.9528009145495));
#11268=CARTESIAN_POINT('Origin',(-3.27177990094881,-1.3861176879536,29.9528009145495));
#11269=CARTESIAN_POINT('',(-3.27177990094881,-1.3861176879536,29.4528009145495));
#11270=CARTESIAN_POINT('',(-3.27177990094881,-1.3861176879536,29.4528009145495));
#11271=CARTESIAN_POINT('',(-3.27177990094881,-1.3861176879536,29.9528009145495));
#11272=CARTESIAN_POINT('Origin',(-5.52177954332094,0.86388225244176,29.9528009145495));
#11273=CARTESIAN_POINT('',(-5.52177954332094,0.86388225244176,29.4528009145495));
#11274=CARTESIAN_POINT('',(-5.52177954332094,0.86388225244176,29.4528009145495));
#11275=CARTESIAN_POINT('',(-5.52177954332094,0.86388225244176,29.9528009145495));
#11276=CARTESIAN_POINT('Ctrl Pts',(-5.77177960292559,0.971025177704211,
29.9528009145495));
#11277=CARTESIAN_POINT('Ctrl Pts',(-5.77177960292559,0.971025177704211,
29.4528009145495));
#11278=CARTESIAN_POINT('Ctrl Pts',(-5.72536381090582,0.966272848497862,
29.9528009145495));
#11279=CARTESIAN_POINT('Ctrl Pts',(-5.72536381090582,0.966272848497862,
29.4528009145495));
#11280=CARTESIAN_POINT('Ctrl Pts',(-5.63097157979616,0.956608401609529,
29.9528009145495));
#11281=CARTESIAN_POINT('Ctrl Pts',(-5.63097157979616,0.956608401609529,
29.4528009145495));
#11282=CARTESIAN_POINT('Ctrl Pts',(-5.55857587695047,0.895129790550757,
29.9528009145495));
#11283=CARTESIAN_POINT('Ctrl Pts',(-5.55857587695047,0.895129790550757,
29.4528009145495));
#11284=CARTESIAN_POINT('Ctrl Pts',(-5.52177954332094,0.86388225244176,29.9528009145495));
#11285=CARTESIAN_POINT('Ctrl Pts',(-5.52177954332094,0.86388225244176,29.4528009145495));
#11286=CARTESIAN_POINT('',(-5.77177960292559,0.971025177704211,29.4528009145495));
#11287=CARTESIAN_POINT('Ctrl Pts',(-5.77177960292559,0.971025177704211,
29.4528009145495));
#11288=CARTESIAN_POINT('Ctrl Pts',(-5.72536381090582,0.966272848497862,
29.4528009145495));
#11289=CARTESIAN_POINT('Ctrl Pts',(-5.63097157979616,0.956608401609529,
29.4528009145495));
#11290=CARTESIAN_POINT('Ctrl Pts',(-5.55857587695047,0.895129790550757,
29.4528009145495));
#11291=CARTESIAN_POINT('Ctrl Pts',(-5.52177954332094,0.86388225244176,29.4528009145495));
#11292=CARTESIAN_POINT('',(-5.77177960292559,0.971025177704211,29.9528009145495));
#11293=CARTESIAN_POINT('Ctrl Pts',(-6.02177958802443,0.86388225244176,29.9528009145495));
#11294=CARTESIAN_POINT('Ctrl Pts',(-6.02177958802443,0.86388225244176,29.4528009145495));
#11295=CARTESIAN_POINT('Ctrl Pts',(-5.98498328004901,0.895129790616419,
29.9528009145495));
#11296=CARTESIAN_POINT('Ctrl Pts',(-5.98498328004901,0.895129790616419,
29.4528009145495));
#11297=CARTESIAN_POINT('Ctrl Pts',(-5.91258761222968,0.9566084149223,29.9528009145495));
#11298=CARTESIAN_POINT('Ctrl Pts',(-5.91258761222968,0.9566084149223,29.4528009145495));
#11299=CARTESIAN_POINT('Ctrl Pts',(-5.81819539725042,0.966272852183652,
29.9528009145495));
#11300=CARTESIAN_POINT('Ctrl Pts',(-5.81819539725042,0.966272852183652,
29.4528009145495));
#11301=CARTESIAN_POINT('Ctrl Pts',(-5.77177960292559,0.971025177704211,
29.9528009145495));
#11302=CARTESIAN_POINT('Ctrl Pts',(-5.77177960292559,0.971025177704211,
29.4528009145495));
#11303=CARTESIAN_POINT('',(-6.02177958802443,0.86388225244176,29.4528009145495));
#11304=CARTESIAN_POINT('Ctrl Pts',(-6.02177958802443,0.86388225244176,29.4528009145495));
#11305=CARTESIAN_POINT('Ctrl Pts',(-5.98498328004901,0.895129790616419,
29.4528009145495));
#11306=CARTESIAN_POINT('Ctrl Pts',(-5.91258761222968,0.9566084149223,29.4528009145495));
#11307=CARTESIAN_POINT('Ctrl Pts',(-5.81819539725042,0.966272852183652,
29.4528009145495));
#11308=CARTESIAN_POINT('Ctrl Pts',(-5.77177960292559,0.971025177704211,
29.4528009145495));
#11309=CARTESIAN_POINT('',(-6.02177958802443,0.86388225244176,29.9528009145495));
#11310=CARTESIAN_POINT('Ctrl Pts',(-6.12892243878107,0.613882192837115,
29.9528009145495));
#11311=CARTESIAN_POINT('Ctrl Pts',(-6.12892243878107,0.613882192837115,
29.4528009145495));
#11312=CARTESIAN_POINT('Ctrl Pts',(-6.12417011444831,0.660298011168426,
29.9528009145495));
#11313=CARTESIAN_POINT('Ctrl Pts',(-6.12417011444831,0.660298011168426,
29.4528009145495));
#11314=CARTESIAN_POINT('Ctrl Pts',(-6.11450568370566,0.754690234892122,
29.9528009145495));
#11315=CARTESIAN_POINT('Ctrl Pts',(-6.11450568370566,0.754690234892122,
29.4528009145495));
#11316=CARTESIAN_POINT('Ctrl Pts',(-6.05302709517875,0.827085940416429,
29.9528009145495));
#11317=CARTESIAN_POINT('Ctrl Pts',(-6.05302709517875,0.827085940416429,
29.4528009145495));
#11318=CARTESIAN_POINT('Ctrl Pts',(-6.02177958802443,0.86388225244176,29.9528009145495));
#11319=CARTESIAN_POINT('Ctrl Pts',(-6.02177958802443,0.86388225244176,29.4528009145495));
#11320=CARTESIAN_POINT('',(-6.12892243878107,0.613882192837115,29.4528009145495));
#11321=CARTESIAN_POINT('Ctrl Pts',(-6.12892243878107,0.613882192837115,
29.4528009145495));
#11322=CARTESIAN_POINT('Ctrl Pts',(-6.12417011444831,0.660298011168426,
29.4528009145495));
#11323=CARTESIAN_POINT('Ctrl Pts',(-6.11450568370566,0.754690234892122,
29.4528009145495));
#11324=CARTESIAN_POINT('Ctrl Pts',(-6.05302709517875,0.827085940416429,
29.4528009145495));
#11325=CARTESIAN_POINT('Ctrl Pts',(-6.02177958802443,0.86388225244176,29.4528009145495));
#11326=CARTESIAN_POINT('',(-6.12892243878107,0.613882192837115,29.9528009145495));
#11327=CARTESIAN_POINT('Origin',(-6.12892243878107,-3.67183213545192,29.9528009145495));
#11328=CARTESIAN_POINT('',(-6.12892243878107,-3.67183213545192,29.4528009145495));
#11329=CARTESIAN_POINT('',(-6.12892243878107,-3.67183213545192,29.4528009145495));
#11330=CARTESIAN_POINT('',(-6.12892243878107,-3.67183213545192,29.9528009145495));
#11331=CARTESIAN_POINT('Ctrl Pts',(-6.02177958802443,-3.92183189703334,
29.9528009145495));
#11332=CARTESIAN_POINT('Ctrl Pts',(-6.02177958802443,-3.92183189703334,
29.4528009145495));
#11333=CARTESIAN_POINT('Ctrl Pts',(-6.05302709426847,-3.88503548437011,
29.9528009145495));
#11334=CARTESIAN_POINT('Ctrl Pts',(-6.05302709426847,-3.88503548437011,
29.4528009145495));
#11335=CARTESIAN_POINT('Ctrl Pts',(-6.114505499165,-3.81263979497391,29.9528009145495));
#11336=CARTESIAN_POINT('Ctrl Pts',(-6.114505499165,-3.81263979497391,29.4528009145495));
#11337=CARTESIAN_POINT('Ctrl Pts',(-6.12417006335627,-3.71824773255901,
29.9528009145495));
#11338=CARTESIAN_POINT('Ctrl Pts',(-6.12417006335627,-3.71824773255901,
29.4528009145495));
#11339=CARTESIAN_POINT('Ctrl Pts',(-6.12892243878107,-3.67183213545192,
29.9528009145495));
#11340=CARTESIAN_POINT('Ctrl Pts',(-6.12892243878107,-3.67183213545192,
29.4528009145495));
#11341=CARTESIAN_POINT('',(-6.02177958802443,-3.92183189703334,29.4528009145495));
#11342=CARTESIAN_POINT('Ctrl Pts',(-6.02177958802443,-3.92183189703334,
29.4528009145495));
#11343=CARTESIAN_POINT('Ctrl Pts',(-6.05302709426847,-3.88503548437011,
29.4528009145495));
#11344=CARTESIAN_POINT('Ctrl Pts',(-6.114505499165,-3.81263979497391,29.4528009145495));
#11345=CARTESIAN_POINT('Ctrl Pts',(-6.12417006335627,-3.71824773255901,
29.4528009145495));
#11346=CARTESIAN_POINT('Ctrl Pts',(-6.12892243878107,-3.67183213545192,
29.4528009145495));
#11347=CARTESIAN_POINT('',(-6.02177958802443,-3.92183189703334,29.9528009145495));
#11348=CARTESIAN_POINT('Ctrl Pts',(-5.77177960292559,-4.02897482229579,
29.9528009145495));
#11349=CARTESIAN_POINT('Ctrl Pts',(-5.77177960292559,-4.02897482229579,
29.4528009145495));
#11350=CARTESIAN_POINT('Ctrl Pts',(-5.81819539725042,-4.02422249677523,
29.9528009145495));
#11351=CARTESIAN_POINT('Ctrl Pts',(-5.81819539725042,-4.02422249677523,
29.4528009145495));
#11352=CARTESIAN_POINT('Ctrl Pts',(-5.91258761222968,-4.01455805951388,
29.9528009145495));
#11353=CARTESIAN_POINT('Ctrl Pts',(-5.91258761222968,-4.01455805951388,
29.4528009145495));
#11354=CARTESIAN_POINT('Ctrl Pts',(-5.98498328004901,-3.953079435208,29.9528009145495));
#11355=CARTESIAN_POINT('Ctrl Pts',(-5.98498328004901,-3.953079435208,29.4528009145495));
#11356=CARTESIAN_POINT('Ctrl Pts',(-6.02177958802443,-3.92183189703334,
29.9528009145495));
#11357=CARTESIAN_POINT('Ctrl Pts',(-6.02177958802443,-3.92183189703334,
29.4528009145495));
#11358=CARTESIAN_POINT('Ctrl Pts',(-5.77177960292559,-4.02897482229579,
29.4528009145495));
#11359=CARTESIAN_POINT('Ctrl Pts',(-5.81819539725042,-4.02422249677523,
29.4528009145495));
#11360=CARTESIAN_POINT('Ctrl Pts',(-5.91258761222968,-4.01455805951388,
29.4528009145495));
#11361=CARTESIAN_POINT('Ctrl Pts',(-5.98498328004901,-3.953079435208,29.4528009145495));
#11362=CARTESIAN_POINT('Ctrl Pts',(-6.02177958802443,-3.92183189703334,
29.4528009145495));
#11363=CARTESIAN_POINT('Origin',(6.69250685854692,-1.52897482229579,29.4528009145495));
#11364=UNCERTAINTY_MEASURE_WITH_UNIT(LENGTH_MEASURE(0.01),#11368,
'DISTANCE_ACCURACY_VALUE',
'Maximum model space distance between geometric entities at asserted c
onnectivities');
#11365=UNCERTAINTY_MEASURE_WITH_UNIT(LENGTH_MEASURE(0.01),#11368,
'DISTANCE_ACCURACY_VALUE',
'Maximum model space distance between geometric entities at asserted c
onnectivities');
#11366=(
GEOMETRIC_REPRESENTATION_CONTEXT(3)
GLOBAL_UNCERTAINTY_ASSIGNED_CONTEXT((#11364))
GLOBAL_UNIT_ASSIGNED_CONTEXT((#11368,#11370,#11371))
REPRESENTATION_CONTEXT('','3D')
);
#11367=(
GEOMETRIC_REPRESENTATION_CONTEXT(3)
GLOBAL_UNCERTAINTY_ASSIGNED_CONTEXT((#11365))
GLOBAL_UNIT_ASSIGNED_CONTEXT((#11368,#11370,#11371))
REPRESENTATION_CONTEXT('','3D')
);
#11368=(
LENGTH_UNIT()
NAMED_UNIT(*)
SI_UNIT(.MILLI.,.METRE.)
);
#11369=(
LENGTH_UNIT()
NAMED_UNIT(*)
SI_UNIT($,.METRE.)
);
#11370=(
NAMED_UNIT(*)
PLANE_ANGLE_UNIT()
SI_UNIT($,.RADIAN.)
);
#11371=(
NAMED_UNIT(*)
SI_UNIT($,.STERADIAN.)
SOLID_ANGLE_UNIT()
);
#11372=SHAPE_DEFINITION_REPRESENTATION(#11373,#11374);
#11373=PRODUCT_DEFINITION_SHAPE('',$,#11376);
#11374=SHAPE_REPRESENTATION('',(#5287),#11366);
#11375=PRODUCT_DEFINITION_CONTEXT('part definition',#11380,'design');
#11376=PRODUCT_DEFINITION('TRMNL','TRMNL v40',#11377,#11375);
#11377=PRODUCT_DEFINITION_FORMATION('',$,#11382);
#11378=PRODUCT_RELATED_PRODUCT_CATEGORY('TRMNL v40','TRMNL v40',(#11382));
#11379=APPLICATION_PROTOCOL_DEFINITION('international standard',
'automotive_design',2009,#11380);
#11380=APPLICATION_CONTEXT(
'Core Data for Automotive Mechanical Design Process');
#11381=PRODUCT_CONTEXT('part definition',#11380,'mechanical');
#11382=PRODUCT('TRMNL','TRMNL v40',$,(#11381));
#11383=PRESENTATION_STYLE_ASSIGNMENT((#11394));
#11384=PRESENTATION_STYLE_ASSIGNMENT((#11395));
#11385=PRESENTATION_STYLE_ASSIGNMENT((#11396));
#11386=PRESENTATION_STYLE_ASSIGNMENT((#11397));
#11387=PRESENTATION_STYLE_ASSIGNMENT((#11398));
#11388=PRESENTATION_STYLE_ASSIGNMENT((#11399));
#11389=PRESENTATION_STYLE_ASSIGNMENT((#11400));
#11390=PRESENTATION_STYLE_ASSIGNMENT((#11401));
#11391=PRESENTATION_STYLE_ASSIGNMENT((#11402));
#11392=PRESENTATION_STYLE_ASSIGNMENT((#11403));
#11393=PRESENTATION_STYLE_ASSIGNMENT((#11404));
#11394=SURFACE_STYLE_USAGE(.BOTH.,#11405);
#11395=SURFACE_STYLE_USAGE(.BOTH.,#11406);
#11396=SURFACE_STYLE_USAGE(.BOTH.,#11407);
#11397=SURFACE_STYLE_USAGE(.BOTH.,#11408);
#11398=SURFACE_STYLE_USAGE(.BOTH.,#11409);
#11399=SURFACE_STYLE_USAGE(.BOTH.,#11410);
#11400=SURFACE_STYLE_USAGE(.BOTH.,#11411);
#11401=SURFACE_STYLE_USAGE(.BOTH.,#11412);
#11402=SURFACE_STYLE_USAGE(.BOTH.,#11413);
#11403=SURFACE_STYLE_USAGE(.BOTH.,#11414);
#11404=SURFACE_STYLE_USAGE(.BOTH.,#11415);
#11405=SURFACE_SIDE_STYLE('',(#11416));
#11406=SURFACE_SIDE_STYLE('',(#11417));
#11407=SURFACE_SIDE_STYLE('',(#11418));
#11408=SURFACE_SIDE_STYLE('',(#11419));
#11409=SURFACE_SIDE_STYLE('',(#11420));
#11410=SURFACE_SIDE_STYLE('',(#11421));
#11411=SURFACE_SIDE_STYLE('',(#11422));
#11412=SURFACE_SIDE_STYLE('',(#11423));
#11413=SURFACE_SIDE_STYLE('',(#11424));
#11414=SURFACE_SIDE_STYLE('',(#11425));
#11415=SURFACE_SIDE_STYLE('',(#11426));
#11416=SURFACE_STYLE_FILL_AREA(#11427);
#11417=SURFACE_STYLE_FILL_AREA(#11428);
#11418=SURFACE_STYLE_FILL_AREA(#11429);
#11419=SURFACE_STYLE_FILL_AREA(#11430);
#11420=SURFACE_STYLE_FILL_AREA(#11431);
#11421=SURFACE_STYLE_FILL_AREA(#11432);
#11422=SURFACE_STYLE_FILL_AREA(#11433);
#11423=SURFACE_STYLE_FILL_AREA(#11434);
#11424=SURFACE_STYLE_FILL_AREA(#11435);
#11425=SURFACE_STYLE_FILL_AREA(#11436);
#11426=SURFACE_STYLE_FILL_AREA(#11437);
#11427=FILL_AREA_STYLE('Steel - Satin',(#11438));
#11428=FILL_AREA_STYLE('ABS (White)',(#11439));
#11429=FILL_AREA_STYLE('Opaque(38,38,38)',(#11440));
#11430=FILL_AREA_STYLE('Opaque(255,255,255)',(#11441));
#11431=FILL_AREA_STYLE('Opaque(255,215,0)',(#11442));
#11432=FILL_AREA_STYLE('Opaque(76,76,76)',(#11443));
#11433=FILL_AREA_STYLE('Opaque(229,235,237)',(#11444));
#11434=FILL_AREA_STYLE('Opaque(160,160,160)',(#11445));
#11435=FILL_AREA_STYLE('Opaque(53,54,54)',(#11446));
#11436=FILL_AREA_STYLE('Opaque(244,229,167)',(#11447));
#11437=FILL_AREA_STYLE('Opaque(236,236,236)',(#11448));
#11438=FILL_AREA_STYLE_COLOUR('Steel - Satin',#11449);
#11439=FILL_AREA_STYLE_COLOUR('ABS (White)',#11450);
#11440=FILL_AREA_STYLE_COLOUR('Opaque(38,38,38)',#11451);
#11441=FILL_AREA_STYLE_COLOUR('Opaque(255,255,255)',#11452);
#11442=FILL_AREA_STYLE_COLOUR('Opaque(255,215,0)',#11453);
#11443=FILL_AREA_STYLE_COLOUR('Opaque(76,76,76)',#11454);
#11444=FILL_AREA_STYLE_COLOUR('Opaque(229,235,237)',#11455);
#11445=FILL_AREA_STYLE_COLOUR('Opaque(160,160,160)',#11456);
#11446=FILL_AREA_STYLE_COLOUR('Opaque(53,54,54)',#11457);
#11447=FILL_AREA_STYLE_COLOUR('Opaque(244,229,167)',#11458);
#11448=FILL_AREA_STYLE_COLOUR('Opaque(236,236,236)',#11459);
#11449=COLOUR_RGB('Steel - Satin',0.627450980392157,0.627450980392157,0.627450980392157);
#11450=COLOUR_RGB('ABS (White)',0.964705882352941,0.964705882352941,0.952941176470588);
#11451=COLOUR_RGB('Opaque(38,38,38)',0.149019607843137,0.149019607843137,
0.149019607843137);
#11452=COLOUR_RGB('Opaque(255,255,255)',0.972549019607843,0.396078431372549,
0.294117647058824);
#11453=COLOUR_RGB('Opaque(255,215,0)',1.,0.843137254901961,0.);
#11454=COLOUR_RGB('Opaque(76,76,76)',0.298039215686275,0.298039215686275,
0.298039215686275);
#11455=COLOUR_RGB('Opaque(229,235,237)',0.898039215686275,0.92156862745098,
0.929411764705882);
#11456=COLOUR_RGB('Opaque(160,160,160)',0.627450980392157,0.627450980392157,
0.627450980392157);
#11457=COLOUR_RGB('Opaque(53,54,54)',0.207843137254902,0.211764705882353,
0.211764705882353);
#11458=COLOUR_RGB('Opaque(244,229,167)',0.956862745098039,0.898039215686275,
0.654901960784314);
#11459=COLOUR_RGB('Opaque(236,236,236)',0.925490196078431,0.925490196078431,
0.925490196078431);
ENDSEC;
END-ISO-10303-21;
