ISO-10303-21;
HEADER;
/* Generated by software containing ST-Developer
 * from STEP Tools, Inc. (www.steptools.com) 
 */

FILE_DESCRIPTION(
/* description */ (''),
/* implementation_level */ '2;1');

FILE_NAME(
/* name */ 'NordicTRMNL.step',
/* time_stamp */ '2026-04-20T22:16:58+03:00',
/* author */ (''),
/* organization */ (''),
/* preprocessor_version */ 'ST-DEVELOPER v20.1',
/* originating_system */ 'Autodesk Translation Framework v15.8.0.0',
/* authorisation */ '');

FILE_SCHEMA (('AUTOMOTIVE_DESIGN { 1 0 10303 214 3 1 1 }'));
ENDSEC;

DATA;
#10=MECHANICAL_DESIGN_GEOMETRIC_PRESENTATION_REPRESENTATION('',(#13,#14,
#15,#16,#17,#18),#2118);
#11=SHAPE_REPRESENTATION_RELATIONSHIP('SRR','None',#2125,#12);
#12=ADVANCED_BREP_SHAPE_REPRESENTATION('',(#19,#20,#21,#22,#23,#24),#2117);
#13=STYLED_ITEM('',(#2134),#19);
#14=STYLED_ITEM('',(#2134),#20);
#15=STYLED_ITEM('',(#2134),#21);
#16=STYLED_ITEM('',(#2134),#22);
#17=STYLED_ITEM('',(#2134),#23);
#18=STYLED_ITEM('',(#2134),#24);
#19=MANIFOLD_SOLID_BREP('MainFrame',#1261);
#20=MANIFOLD_SOLID_BREP('TopLeft',#1262);
#21=MANIFOLD_SOLID_BREP('BottomLeft',#1263);
#22=MANIFOLD_SOLID_BREP('PCBHolder',#1264);
#23=MANIFOLD_SOLID_BREP('BottomRight',#1265);
#24=MANIFOLD_SOLID_BREP('TopRight',#1266);
#25=CYLINDRICAL_SURFACE('',#1295,2.5);
#26=CYLINDRICAL_SURFACE('',#1300,2.5);
#27=CYLINDRICAL_SURFACE('',#1305,2.);
#28=CYLINDRICAL_SURFACE('',#1306,2.);
#29=CYLINDRICAL_SURFACE('',#1307,6.);
#30=CYLINDRICAL_SURFACE('',#1311,6.);
#31=CYLINDRICAL_SURFACE('',#1314,6.);
#32=CYLINDRICAL_SURFACE('',#1317,6.);
#33=CYLINDRICAL_SURFACE('',#1325,4.);
#34=CYLINDRICAL_SURFACE('',#1331,20.);
#35=CYLINDRICAL_SURFACE('',#1338,20.);
#36=CYLINDRICAL_SURFACE('',#1352,2.);
#37=CYLINDRICAL_SURFACE('',#1355,2.);
#38=CYLINDRICAL_SURFACE('',#1358,2.);
#39=CYLINDRICAL_SURFACE('',#1361,2.);
#40=CYLINDRICAL_SURFACE('',#1364,2.);
#41=CYLINDRICAL_SURFACE('',#1368,2.);
#42=CYLINDRICAL_SURFACE('',#1370,2.5);
#43=CYLINDRICAL_SURFACE('',#1374,2.5);
#44=CYLINDRICAL_SURFACE('',#1386,20.);
#45=CYLINDRICAL_SURFACE('',#1392,20.);
#46=FACE_BOUND('',#180,.T.);
#47=FACE_BOUND('',#182,.T.);
#48=FACE_BOUND('',#188,.T.);
#49=FACE_BOUND('',#191,.T.);
#50=FACE_BOUND('',#196,.T.);
#51=FACE_BOUND('',#197,.T.);
#52=FACE_BOUND('',#213,.T.);
#53=FACE_BOUND('',#225,.T.);
#54=FACE_BOUND('',#226,.T.);
#55=FACE_BOUND('',#227,.T.);
#56=FACE_BOUND('',#228,.T.);
#57=FACE_BOUND('',#245,.T.);
#58=FACE_BOUND('',#246,.T.);
#59=CIRCLE('',#1282,6.);
#60=CIRCLE('',#1283,6.);
#61=CIRCLE('',#1284,6.);
#62=CIRCLE('',#1285,6.);
#63=CIRCLE('',#1288,4.);
#64=CIRCLE('',#1289,2.);
#65=CIRCLE('',#1291,2.);
#66=CIRCLE('',#1296,2.5);
#67=CIRCLE('',#1297,2.5);
#68=CIRCLE('',#1299,2.);
#69=CIRCLE('',#1301,2.5);
#70=CIRCLE('',#1302,2.5);
#71=CIRCLE('',#1304,2.);
#72=CIRCLE('',#1308,6.);
#73=CIRCLE('',#1310,4.);
#74=CIRCLE('',#1312,6.);
#75=CIRCLE('',#1315,6.);
#76=CIRCLE('',#1318,6.);
#77=CIRCLE('',#1330,20.);
#78=CIRCLE('',#1332,20.);
#79=CIRCLE('',#1337,20.);
#80=CIRCLE('',#1339,20.);
#81=CIRCLE('',#1344,2.);
#82=CIRCLE('',#1345,2.);
#83=CIRCLE('',#1346,2.);
#84=CIRCLE('',#1347,2.);
#85=CIRCLE('',#1351,2.);
#86=CIRCLE('',#1354,2.);
#87=CIRCLE('',#1357,2.);
#88=CIRCLE('',#1360,2.);
#89=CIRCLE('',#1363,2.);
#90=CIRCLE('',#1365,2.);
#91=CIRCLE('',#1367,2.);
#92=CIRCLE('',#1369,2.);
#93=CIRCLE('',#1371,2.5);
#94=CIRCLE('',#1372,2.5);
#95=CIRCLE('',#1375,2.5);
#96=CIRCLE('',#1376,2.5);
#97=CIRCLE('',#1385,20.);
#98=CIRCLE('',#1387,20.);
#99=CIRCLE('',#1391,20.);
#100=CIRCLE('',#1393,20.);
#101=FACE_OUTER_BOUND('',#176,.T.);
#102=FACE_OUTER_BOUND('',#177,.T.);
#103=FACE_OUTER_BOUND('',#178,.T.);
#104=FACE_OUTER_BOUND('',#179,.T.);
#105=FACE_OUTER_BOUND('',#181,.T.);
#106=FACE_OUTER_BOUND('',#183,.T.);
#107=FACE_OUTER_BOUND('',#184,.T.);
#108=FACE_OUTER_BOUND('',#185,.T.);
#109=FACE_OUTER_BOUND('',#186,.T.);
#110=FACE_OUTER_BOUND('',#187,.T.);
#111=FACE_OUTER_BOUND('',#189,.T.);
#112=FACE_OUTER_BOUND('',#190,.T.);
#113=FACE_OUTER_BOUND('',#192,.T.);
#114=FACE_OUTER_BOUND('',#193,.T.);
#115=FACE_OUTER_BOUND('',#194,.T.);
#116=FACE_OUTER_BOUND('',#195,.T.);
#117=FACE_OUTER_BOUND('',#198,.T.);
#118=FACE_OUTER_BOUND('',#199,.T.);
#119=FACE_OUTER_BOUND('',#200,.T.);
#120=FACE_OUTER_BOUND('',#201,.T.);
#121=FACE_OUTER_BOUND('',#202,.T.);
#122=FACE_OUTER_BOUND('',#203,.T.);
#123=FACE_OUTER_BOUND('',#204,.T.);
#124=FACE_OUTER_BOUND('',#205,.T.);
#125=FACE_OUTER_BOUND('',#206,.T.);
#126=FACE_OUTER_BOUND('',#207,.T.);
#127=FACE_OUTER_BOUND('',#208,.T.);
#128=FACE_OUTER_BOUND('',#209,.T.);
#129=FACE_OUTER_BOUND('',#210,.T.);
#130=FACE_OUTER_BOUND('',#211,.T.);
#131=FACE_OUTER_BOUND('',#212,.T.);
#132=FACE_OUTER_BOUND('',#214,.T.);
#133=FACE_OUTER_BOUND('',#215,.T.);
#134=FACE_OUTER_BOUND('',#216,.T.);
#135=FACE_OUTER_BOUND('',#217,.T.);
#136=FACE_OUTER_BOUND('',#218,.T.);
#137=FACE_OUTER_BOUND('',#219,.T.);
#138=FACE_OUTER_BOUND('',#220,.T.);
#139=FACE_OUTER_BOUND('',#221,.T.);
#140=FACE_OUTER_BOUND('',#222,.T.);
#141=FACE_OUTER_BOUND('',#223,.T.);
#142=FACE_OUTER_BOUND('',#224,.T.);
#143=FACE_OUTER_BOUND('',#229,.T.);
#144=FACE_OUTER_BOUND('',#230,.T.);
#145=FACE_OUTER_BOUND('',#231,.T.);
#146=FACE_OUTER_BOUND('',#232,.T.);
#147=FACE_OUTER_BOUND('',#233,.T.);
#148=FACE_OUTER_BOUND('',#234,.T.);
#149=FACE_OUTER_BOUND('',#235,.T.);
#150=FACE_OUTER_BOUND('',#236,.T.);
#151=FACE_OUTER_BOUND('',#237,.T.);
#152=FACE_OUTER_BOUND('',#238,.T.);
#153=FACE_OUTER_BOUND('',#239,.T.);
#154=FACE_OUTER_BOUND('',#240,.T.);
#155=FACE_OUTER_BOUND('',#241,.T.);
#156=FACE_OUTER_BOUND('',#242,.T.);
#157=FACE_OUTER_BOUND('',#243,.T.);
#158=FACE_OUTER_BOUND('',#244,.T.);
#159=FACE_OUTER_BOUND('',#247,.T.);
#160=FACE_OUTER_BOUND('',#248,.T.);
#161=FACE_OUTER_BOUND('',#249,.T.);
#162=FACE_OUTER_BOUND('',#250,.T.);
#163=FACE_OUTER_BOUND('',#251,.T.);
#164=FACE_OUTER_BOUND('',#252,.T.);
#165=FACE_OUTER_BOUND('',#253,.T.);
#166=FACE_OUTER_BOUND('',#254,.T.);
#167=FACE_OUTER_BOUND('',#255,.T.);
#168=FACE_OUTER_BOUND('',#256,.T.);
#169=FACE_OUTER_BOUND('',#257,.T.);
#170=FACE_OUTER_BOUND('',#258,.T.);
#171=FACE_OUTER_BOUND('',#259,.T.);
#172=FACE_OUTER_BOUND('',#260,.T.);
#173=FACE_OUTER_BOUND('',#261,.T.);
#174=FACE_OUTER_BOUND('',#262,.T.);
#175=FACE_OUTER_BOUND('',#263,.T.);
#176=EDGE_LOOP('',(#796,#797,#798,#799));
#177=EDGE_LOOP('',(#800,#801,#802,#803,#804,#805,#806,#807,#808,#809,#810,
#811,#812,#813,#814,#815,#816,#817,#818,#819));
#178=EDGE_LOOP('',(#820,#821,#822,#823,#824,#825,#826,#827));
#179=EDGE_LOOP('',(#828,#829,#830,#831,#832,#833));
#180=EDGE_LOOP('',(#834));
#181=EDGE_LOOP('',(#835,#836,#837,#838));
#182=EDGE_LOOP('',(#839));
#183=EDGE_LOOP('',(#840,#841,#842,#843,#844,#845));
#184=EDGE_LOOP('',(#846,#847,#848,#849,#850,#851,#852,#853));
#185=EDGE_LOOP('',(#854,#855,#856,#857,#858,#859));
#186=EDGE_LOOP('',(#860,#861,#862,#863));
#187=EDGE_LOOP('',(#864));
#188=EDGE_LOOP('',(#865));
#189=EDGE_LOOP('',(#866,#867,#868,#869));
#190=EDGE_LOOP('',(#870));
#191=EDGE_LOOP('',(#871));
#192=EDGE_LOOP('',(#872,#873,#874,#875));
#193=EDGE_LOOP('',(#876,#877,#878,#879));
#194=EDGE_LOOP('',(#880,#881,#882,#883));
#195=EDGE_LOOP('',(#884,#885,#886,#887,#888,#889));
#196=EDGE_LOOP('',(#890));
#197=EDGE_LOOP('',(#891));
#198=EDGE_LOOP('',(#892,#893,#894,#895));
#199=EDGE_LOOP('',(#896,#897,#898,#899));
#200=EDGE_LOOP('',(#900,#901,#902,#903));
#201=EDGE_LOOP('',(#904,#905,#906,#907));
#202=EDGE_LOOP('',(#908,#909,#910,#911));
#203=EDGE_LOOP('',(#912,#913,#914,#915));
#204=EDGE_LOOP('',(#916,#917,#918,#919));
#205=EDGE_LOOP('',(#920,#921,#922,#923));
#206=EDGE_LOOP('',(#924,#925,#926,#927));
#207=EDGE_LOOP('',(#928,#929,#930,#931));
#208=EDGE_LOOP('',(#932,#933,#934,#935,#936,#937,#938,#939));
#209=EDGE_LOOP('',(#940,#941,#942,#943));
#210=EDGE_LOOP('',(#944,#945,#946,#947));
#211=EDGE_LOOP('',(#948,#949,#950,#951));
#212=EDGE_LOOP('',(#952,#953,#954,#955,#956,#957,#958,#959));
#213=EDGE_LOOP('',(#960,#961,#962,#963));
#214=EDGE_LOOP('',(#964,#965,#966));
#215=EDGE_LOOP('',(#967,#968,#969,#970));
#216=EDGE_LOOP('',(#971,#972,#973,#974));
#217=EDGE_LOOP('',(#975,#976,#977));
#218=EDGE_LOOP('',(#978,#979,#980,#981));
#219=EDGE_LOOP('',(#982,#983,#984));
#220=EDGE_LOOP('',(#985,#986,#987,#988));
#221=EDGE_LOOP('',(#989,#990,#991));
#222=EDGE_LOOP('',(#992,#993,#994,#995));
#223=EDGE_LOOP('',(#996,#997,#998,#999));
#224=EDGE_LOOP('',(#1000,#1001,#1002,#1003,#1004,#1005,#1006,#1007));
#225=EDGE_LOOP('',(#1008));
#226=EDGE_LOOP('',(#1009));
#227=EDGE_LOOP('',(#1010));
#228=EDGE_LOOP('',(#1011));
#229=EDGE_LOOP('',(#1012,#1013,#1014,#1015));
#230=EDGE_LOOP('',(#1016,#1017,#1018,#1019));
#231=EDGE_LOOP('',(#1020));
#232=EDGE_LOOP('',(#1021,#1022,#1023,#1024));
#233=EDGE_LOOP('',(#1025));
#234=EDGE_LOOP('',(#1026,#1027,#1028,#1029));
#235=EDGE_LOOP('',(#1030));
#236=EDGE_LOOP('',(#1031,#1032,#1033,#1034));
#237=EDGE_LOOP('',(#1035));
#238=EDGE_LOOP('',(#1036,#1037,#1038,#1039));
#239=EDGE_LOOP('',(#1040));
#240=EDGE_LOOP('',(#1041,#1042,#1043,#1044));
#241=EDGE_LOOP('',(#1045));
#242=EDGE_LOOP('',(#1046,#1047,#1048,#1049));
#243=EDGE_LOOP('',(#1050,#1051,#1052,#1053));
#244=EDGE_LOOP('',(#1054,#1055,#1056,#1057,#1058,#1059,#1060,#1061,#1062,
#1063,#1064,#1065));
#245=EDGE_LOOP('',(#1066));
#246=EDGE_LOOP('',(#1067));
#247=EDGE_LOOP('',(#1068,#1069,#1070,#1071));
#248=EDGE_LOOP('',(#1072,#1073,#1074));
#249=EDGE_LOOP('',(#1075,#1076,#1077));
#250=EDGE_LOOP('',(#1078,#1079,#1080,#1081,#1082,#1083,#1084,#1085));
#251=EDGE_LOOP('',(#1086,#1087,#1088,#1089));
#252=EDGE_LOOP('',(#1090,#1091,#1092));
#253=EDGE_LOOP('',(#1093,#1094,#1095));
#254=EDGE_LOOP('',(#1096,#1097,#1098,#1099));
#255=EDGE_LOOP('',(#1100,#1101,#1102));
#256=EDGE_LOOP('',(#1103,#1104,#1105,#1106));
#257=EDGE_LOOP('',(#1107,#1108,#1109));
#258=EDGE_LOOP('',(#1110,#1111,#1112,#1113));
#259=EDGE_LOOP('',(#1114,#1115,#1116));
#260=EDGE_LOOP('',(#1117,#1118,#1119,#1120));
#261=EDGE_LOOP('',(#1121,#1122,#1123));
#262=EDGE_LOOP('',(#1124,#1125,#1126,#1127));
#263=EDGE_LOOP('',(#1128,#1129,#1130,#1131));
#264=LINE('',#1763,#390);
#265=LINE('',#1765,#391);
#266=LINE('',#1767,#392);
#267=LINE('',#1768,#393);
#268=LINE('',#1771,#394);
#269=LINE('',#1773,#395);
#270=LINE('',#1775,#396);
#271=LINE('',#1777,#397);
#272=LINE('',#1779,#398);
#273=LINE('',#1783,#399);
#274=LINE('',#1787,#400);
#275=LINE('',#1791,#401);
#276=LINE('',#1795,#402);
#277=LINE('',#1797,#403);
#278=LINE('',#1799,#404);
#279=LINE('',#1801,#405);
#280=LINE('',#1803,#406);
#281=LINE('',#1805,#407);
#282=LINE('',#1806,#408);
#283=LINE('',#1809,#409);
#284=LINE('',#1811,#410);
#285=LINE('',#1813,#411);
#286=LINE('',#1815,#412);
#287=LINE('',#1817,#413);
#288=LINE('',#1818,#414);
#289=LINE('',#1821,#415);
#290=LINE('',#1824,#416);
#291=LINE('',#1825,#417);
#292=LINE('',#1830,#418);
#293=LINE('',#1831,#419);
#294=LINE('',#1836,#420);
#295=LINE('',#1838,#421);
#296=LINE('',#1840,#422);
#297=LINE('',#1841,#423);
#298=LINE('',#1845,#424);
#299=LINE('',#1847,#425);
#300=LINE('',#1849,#426);
#301=LINE('',#1850,#427);
#302=LINE('',#1851,#428);
#303=LINE('',#1854,#429);
#304=LINE('',#1856,#430);
#305=LINE('',#1858,#431);
#306=LINE('',#1859,#432);
#307=LINE('',#1864,#433);
#308=LINE('',#1873,#434);
#309=LINE('',#1879,#435);
#310=LINE('',#1881,#436);
#311=LINE('',#1884,#437);
#312=LINE('',#1887,#438);
#313=LINE('',#1891,#439);
#314=LINE('',#1892,#440);
#315=LINE('',#1895,#441);
#316=LINE('',#1899,#442);
#317=LINE('',#1900,#443);
#318=LINE('',#1903,#444);
#319=LINE('',#1907,#445);
#320=LINE('',#1908,#446);
#321=LINE('',#1911,#447);
#322=LINE('',#1914,#448);
#323=LINE('',#1916,#449);
#324=LINE('',#1918,#450);
#325=LINE('',#1920,#451);
#326=LINE('',#1922,#452);
#327=LINE('',#1924,#453);
#328=LINE('',#1925,#454);
#329=LINE('',#1928,#455);
#330=LINE('',#1934,#456);
#331=LINE('',#1937,#457);
#332=LINE('',#1942,#458);
#333=LINE('',#1943,#459);
#334=LINE('',#1946,#460);
#335=LINE('',#1947,#461);
#336=LINE('',#1949,#462);
#337=LINE('',#1954,#463);
#338=LINE('',#1956,#464);
#339=LINE('',#1962,#465);
#340=LINE('',#1963,#466);
#341=LINE('',#1966,#467);
#342=LINE('',#1967,#468);
#343=LINE('',#1969,#469);
#344=LINE('',#1974,#470);
#345=LINE('',#1976,#471);
#346=LINE('',#1978,#472);
#347=LINE('',#1980,#473);
#348=LINE('',#1982,#474);
#349=LINE('',#1984,#475);
#350=LINE('',#1986,#476);
#351=LINE('',#1987,#477);
#352=LINE('',#1998,#478);
#353=LINE('',#2000,#479);
#354=LINE('',#2001,#480);
#355=LINE('',#2004,#481);
#356=LINE('',#2005,#482);
#357=LINE('',#2010,#483);
#358=LINE('',#2015,#484);
#359=LINE('',#2020,#485);
#360=LINE('',#2025,#486);
#361=LINE('',#2032,#487);
#362=LINE('',#2039,#488);
#363=LINE('',#2044,#489);
#364=LINE('',#2049,#490);
#365=LINE('',#2051,#491);
#366=LINE('',#2052,#492);
#367=LINE('',#2053,#493);
#368=LINE('',#2054,#494);
#369=LINE('',#2056,#495);
#370=LINE('',#2058,#496);
#371=LINE('',#2059,#497);
#372=LINE('',#2065,#498);
#373=LINE('',#2067,#499);
#374=LINE('',#2070,#500);
#375=LINE('',#2071,#501);
#376=LINE('',#2078,#502);
#377=LINE('',#2080,#503);
#378=LINE('',#2082,#504);
#379=LINE('',#2083,#505);
#380=LINE('',#2086,#506);
#381=LINE('',#2091,#507);
#382=LINE('',#2093,#508);
#383=LINE('',#2098,#509);
#384=LINE('',#2100,#510);
#385=LINE('',#2106,#511);
#386=LINE('',#2107,#512);
#387=LINE('',#2110,#513);
#388=LINE('',#2111,#514);
#389=LINE('',#2113,#515);
#390=VECTOR('',#1401,10.);
#391=VECTOR('',#1402,10.);
#392=VECTOR('',#1403,10.);
#393=VECTOR('',#1404,10.);
#394=VECTOR('',#1407,10.);
#395=VECTOR('',#1408,10.);
#396=VECTOR('',#1409,10.);
#397=VECTOR('',#1410,10.);
#398=VECTOR('',#1411,10.);
#399=VECTOR('',#1414,10.);
#400=VECTOR('',#1417,10.);
#401=VECTOR('',#1420,10.);
#402=VECTOR('',#1423,10.);
#403=VECTOR('',#1424,10.);
#404=VECTOR('',#1425,10.);
#405=VECTOR('',#1426,10.);
#406=VECTOR('',#1427,10.);
#407=VECTOR('',#1428,10.);
#408=VECTOR('',#1429,10.);
#409=VECTOR('',#1432,10.);
#410=VECTOR('',#1433,10.);
#411=VECTOR('',#1434,10.);
#412=VECTOR('',#1435,10.);
#413=VECTOR('',#1436,10.);
#414=VECTOR('',#1437,10.);
#415=VECTOR('',#1440,10.);
#416=VECTOR('',#1443,10.);
#417=VECTOR('',#1444,10.);
#418=VECTOR('',#1449,10.);
#419=VECTOR('',#1450,10.);
#420=VECTOR('',#1455,10.);
#421=VECTOR('',#1456,10.);
#422=VECTOR('',#1457,10.);
#423=VECTOR('',#1458,10.);
#424=VECTOR('',#1461,10.);
#425=VECTOR('',#1462,10.);
#426=VECTOR('',#1463,10.);
#427=VECTOR('',#1464,10.);
#428=VECTOR('',#1465,10.);
#429=VECTOR('',#1468,10.);
#430=VECTOR('',#1469,10.);
#431=VECTOR('',#1470,10.);
#432=VECTOR('',#1471,10.);
#433=VECTOR('',#1476,2.5);
#434=VECTOR('',#1487,2.5);
#435=VECTOR('',#1496,2.);
#436=VECTOR('',#1499,2.);
#437=VECTOR('',#1502,10.);
#438=VECTOR('',#1505,10.);
#439=VECTOR('',#1510,10.);
#440=VECTOR('',#1511,10.);
#441=VECTOR('',#1514,10.);
#442=VECTOR('',#1519,10.);
#443=VECTOR('',#1520,10.);
#444=VECTOR('',#1523,10.);
#445=VECTOR('',#1528,10.);
#446=VECTOR('',#1529,10.);
#447=VECTOR('',#1532,10.);
#448=VECTOR('',#1537,10.);
#449=VECTOR('',#1540,10.);
#450=VECTOR('',#1543,10.);
#451=VECTOR('',#1546,10.);
#452=VECTOR('',#1549,10.);
#453=VECTOR('',#1552,10.);
#454=VECTOR('',#1553,10.);
#455=VECTOR('',#1558,10.);
#456=VECTOR('',#1565,10.);
#457=VECTOR('',#1568,10.);
#458=VECTOR('',#1573,10.);
#459=VECTOR('',#1574,10.);
#460=VECTOR('',#1577,10.);
#461=VECTOR('',#1578,10.);
#462=VECTOR('',#1581,10.);
#463=VECTOR('',#1586,10.);
#464=VECTOR('',#1587,10.);
#465=VECTOR('',#1594,10.);
#466=VECTOR('',#1595,10.);
#467=VECTOR('',#1598,10.);
#468=VECTOR('',#1599,10.);
#469=VECTOR('',#1602,10.);
#470=VECTOR('',#1607,10.);
#471=VECTOR('',#1608,10.);
#472=VECTOR('',#1609,10.);
#473=VECTOR('',#1610,10.);
#474=VECTOR('',#1611,10.);
#475=VECTOR('',#1612,10.);
#476=VECTOR('',#1613,10.);
#477=VECTOR('',#1614,10.);
#478=VECTOR('',#1625,10.);
#479=VECTOR('',#1626,10.);
#480=VECTOR('',#1627,10.);
#481=VECTOR('',#1630,10.);
#482=VECTOR('',#1631,10.);
#483=VECTOR('',#1638,2.);
#484=VECTOR('',#1645,2.);
#485=VECTOR('',#1652,2.);
#486=VECTOR('',#1659,2.);
#487=VECTOR('',#1668,2.);
#488=VECTOR('',#1677,2.);
#489=VECTOR('',#1682,10.);
#490=VECTOR('',#1687,10.);
#491=VECTOR('',#1688,10.);
#492=VECTOR('',#1689,10.);
#493=VECTOR('',#1690,10.);
#494=VECTOR('',#1691,10.);
#495=VECTOR('',#1692,10.);
#496=VECTOR('',#1693,10.);
#497=VECTOR('',#1694,10.);
#498=VECTOR('',#1701,10.);
#499=VECTOR('',#1704,10.);
#500=VECTOR('',#1709,10.);
#501=VECTOR('',#1710,10.);
#502=VECTOR('',#1719,10.);
#503=VECTOR('',#1720,10.);
#504=VECTOR('',#1721,10.);
#505=VECTOR('',#1722,10.);
#506=VECTOR('',#1725,10.);
#507=VECTOR('',#1732,10.);
#508=VECTOR('',#1735,10.);
#509=VECTOR('',#1740,10.);
#510=VECTOR('',#1741,10.);
#511=VECTOR('',#1748,10.);
#512=VECTOR('',#1749,10.);
#513=VECTOR('',#1752,10.);
#514=VECTOR('',#1753,10.);
#515=VECTOR('',#1756,10.);
#516=VERTEX_POINT('',#1761);
#517=VERTEX_POINT('',#1762);
#518=VERTEX_POINT('',#1764);
#519=VERTEX_POINT('',#1766);
#520=VERTEX_POINT('',#1770);
#521=VERTEX_POINT('',#1772);
#522=VERTEX_POINT('',#1774);
#523=VERTEX_POINT('',#1776);
#524=VERTEX_POINT('',#1778);
#525=VERTEX_POINT('',#1780);
#526=VERTEX_POINT('',#1782);
#527=VERTEX_POINT('',#1784);
#528=VERTEX_POINT('',#1786);
#529=VERTEX_POINT('',#1788);
#530=VERTEX_POINT('',#1790);
#531=VERTEX_POINT('',#1792);
#532=VERTEX_POINT('',#1794);
#533=VERTEX_POINT('',#1796);
#534=VERTEX_POINT('',#1798);
#535=VERTEX_POINT('',#1800);
#536=VERTEX_POINT('',#1802);
#537=VERTEX_POINT('',#1804);
#538=VERTEX_POINT('',#1808);
#539=VERTEX_POINT('',#1810);
#540=VERTEX_POINT('',#1812);
#541=VERTEX_POINT('',#1814);
#542=VERTEX_POINT('',#1816);
#543=VERTEX_POINT('',#1820);
#544=VERTEX_POINT('',#1823);
#545=VERTEX_POINT('',#1826);
#546=VERTEX_POINT('',#1829);
#547=VERTEX_POINT('',#1832);
#548=VERTEX_POINT('',#1835);
#549=VERTEX_POINT('',#1837);
#550=VERTEX_POINT('',#1839);
#551=VERTEX_POINT('',#1843);
#552=VERTEX_POINT('',#1844);
#553=VERTEX_POINT('',#1846);
#554=VERTEX_POINT('',#1848);
#555=VERTEX_POINT('',#1853);
#556=VERTEX_POINT('',#1855);
#557=VERTEX_POINT('',#1857);
#558=VERTEX_POINT('',#1861);
#559=VERTEX_POINT('',#1863);
#560=VERTEX_POINT('',#1867);
#561=VERTEX_POINT('',#1870);
#562=VERTEX_POINT('',#1872);
#563=VERTEX_POINT('',#1876);
#564=VERTEX_POINT('',#1883);
#565=VERTEX_POINT('',#1885);
#566=VERTEX_POINT('',#1890);
#567=VERTEX_POINT('',#1894);
#568=VERTEX_POINT('',#1898);
#569=VERTEX_POINT('',#1902);
#570=VERTEX_POINT('',#1906);
#571=VERTEX_POINT('',#1910);
#572=VERTEX_POINT('',#1932);
#573=VERTEX_POINT('',#1933);
#574=VERTEX_POINT('',#1935);
#575=VERTEX_POINT('',#1939);
#576=VERTEX_POINT('',#1940);
#577=VERTEX_POINT('',#1945);
#578=VERTEX_POINT('',#1952);
#579=VERTEX_POINT('',#1953);
#580=VERTEX_POINT('',#1955);
#581=VERTEX_POINT('',#1959);
#582=VERTEX_POINT('',#1960);
#583=VERTEX_POINT('',#1965);
#584=VERTEX_POINT('',#1972);
#585=VERTEX_POINT('',#1973);
#586=VERTEX_POINT('',#1975);
#587=VERTEX_POINT('',#1977);
#588=VERTEX_POINT('',#1979);
#589=VERTEX_POINT('',#1981);
#590=VERTEX_POINT('',#1983);
#591=VERTEX_POINT('',#1985);
#592=VERTEX_POINT('',#1988);
#593=VERTEX_POINT('',#1990);
#594=VERTEX_POINT('',#1992);
#595=VERTEX_POINT('',#1994);
#596=VERTEX_POINT('',#1997);
#597=VERTEX_POINT('',#1999);
#598=VERTEX_POINT('',#2003);
#599=VERTEX_POINT('',#2007);
#600=VERTEX_POINT('',#2012);
#601=VERTEX_POINT('',#2017);
#602=VERTEX_POINT('',#2022);
#603=VERTEX_POINT('',#2027);
#604=VERTEX_POINT('',#2030);
#605=VERTEX_POINT('',#2034);
#606=VERTEX_POINT('',#2037);
#607=VERTEX_POINT('',#2041);
#608=VERTEX_POINT('',#2043);
#609=VERTEX_POINT('',#2047);
#610=VERTEX_POINT('',#2048);
#611=VERTEX_POINT('',#2050);
#612=VERTEX_POINT('',#2055);
#613=VERTEX_POINT('',#2057);
#614=VERTEX_POINT('',#2061);
#615=VERTEX_POINT('',#2063);
#616=VERTEX_POINT('',#2076);
#617=VERTEX_POINT('',#2077);
#618=VERTEX_POINT('',#2079);
#619=VERTEX_POINT('',#2081);
#620=VERTEX_POINT('',#2085);
#621=VERTEX_POINT('',#2089);
#622=VERTEX_POINT('',#2096);
#623=VERTEX_POINT('',#2097);
#624=VERTEX_POINT('',#2099);
#625=VERTEX_POINT('',#2103);
#626=VERTEX_POINT('',#2104);
#627=VERTEX_POINT('',#2109);
#628=EDGE_CURVE('',#516,#517,#264,.T.);
#629=EDGE_CURVE('',#518,#516,#265,.T.);
#630=EDGE_CURVE('',#519,#518,#266,.T.);
#631=EDGE_CURVE('',#517,#519,#267,.T.);
#632=EDGE_CURVE('',#520,#519,#268,.T.);
#633=EDGE_CURVE('',#518,#521,#269,.T.);
#634=EDGE_CURVE('',#521,#522,#270,.T.);
#635=EDGE_CURVE('',#522,#523,#271,.T.);
#636=EDGE_CURVE('',#523,#524,#272,.F.);
#637=EDGE_CURVE('',#525,#524,#59,.T.);
#638=EDGE_CURVE('',#525,#526,#273,.F.);
#639=EDGE_CURVE('',#527,#526,#60,.T.);
#640=EDGE_CURVE('',#527,#528,#274,.F.);
#641=EDGE_CURVE('',#529,#528,#61,.T.);
#642=EDGE_CURVE('',#529,#530,#275,.F.);
#643=EDGE_CURVE('',#531,#530,#62,.T.);
#644=EDGE_CURVE('',#531,#532,#276,.F.);
#645=EDGE_CURVE('',#532,#533,#277,.T.);
#646=EDGE_CURVE('',#533,#534,#278,.T.);
#647=EDGE_CURVE('',#534,#535,#279,.T.);
#648=EDGE_CURVE('',#535,#536,#280,.T.);
#649=EDGE_CURVE('',#536,#537,#281,.T.);
#650=EDGE_CURVE('',#537,#520,#282,.T.);
#651=EDGE_CURVE('',#517,#538,#283,.T.);
#652=EDGE_CURVE('',#539,#520,#284,.T.);
#653=EDGE_CURVE('',#540,#539,#285,.T.);
#654=EDGE_CURVE('',#541,#540,#286,.T.);
#655=EDGE_CURVE('',#542,#541,#287,.T.);
#656=EDGE_CURVE('',#538,#542,#288,.T.);
#657=EDGE_CURVE('',#534,#543,#289,.T.);
#658=EDGE_CURVE('',#522,#533,#63,.T.);
#659=EDGE_CURVE('',#544,#521,#290,.T.);
#660=EDGE_CURVE('',#543,#544,#291,.T.);
#661=EDGE_CURVE('',#545,#545,#64,.T.);
#662=EDGE_CURVE('',#546,#537,#292,.T.);
#663=EDGE_CURVE('',#539,#546,#293,.T.);
#664=EDGE_CURVE('',#547,#547,#65,.T.);
#665=EDGE_CURVE('',#548,#546,#294,.T.);
#666=EDGE_CURVE('',#549,#536,#295,.T.);
#667=EDGE_CURVE('',#549,#550,#296,.T.);
#668=EDGE_CURVE('',#548,#550,#297,.T.);
#669=EDGE_CURVE('',#551,#552,#298,.T.);
#670=EDGE_CURVE('',#553,#551,#299,.T.);
#671=EDGE_CURVE('',#554,#553,#300,.T.);
#672=EDGE_CURVE('',#544,#554,#301,.T.);
#673=EDGE_CURVE('',#552,#516,#302,.T.);
#674=EDGE_CURVE('',#543,#555,#303,.T.);
#675=EDGE_CURVE('',#556,#555,#304,.T.);
#676=EDGE_CURVE('',#556,#557,#305,.T.);
#677=EDGE_CURVE('',#535,#557,#306,.T.);
#678=EDGE_CURVE('',#558,#558,#66,.T.);
#679=EDGE_CURVE('',#558,#559,#307,.T.);
#680=EDGE_CURVE('',#559,#559,#67,.T.);
#681=EDGE_CURVE('',#560,#560,#68,.T.);
#682=EDGE_CURVE('',#561,#561,#69,.T.);
#683=EDGE_CURVE('',#561,#562,#308,.T.);
#684=EDGE_CURVE('',#562,#562,#70,.T.);
#685=EDGE_CURVE('',#563,#563,#71,.T.);
#686=EDGE_CURVE('',#563,#547,#309,.T.);
#687=EDGE_CURVE('',#560,#545,#310,.T.);
#688=EDGE_CURVE('',#524,#564,#311,.T.);
#689=EDGE_CURVE('',#564,#565,#72,.T.);
#690=EDGE_CURVE('',#565,#525,#312,.T.);
#691=EDGE_CURVE('',#523,#532,#73,.T.);
#692=EDGE_CURVE('',#566,#531,#313,.T.);
#693=EDGE_CURVE('',#566,#564,#314,.F.);
#694=EDGE_CURVE('',#530,#567,#315,.T.);
#695=EDGE_CURVE('',#567,#566,#74,.T.);
#696=EDGE_CURVE('',#568,#529,#316,.T.);
#697=EDGE_CURVE('',#568,#567,#317,.F.);
#698=EDGE_CURVE('',#528,#569,#318,.T.);
#699=EDGE_CURVE('',#569,#568,#75,.T.);
#700=EDGE_CURVE('',#570,#527,#319,.T.);
#701=EDGE_CURVE('',#570,#569,#320,.F.);
#702=EDGE_CURVE('',#526,#571,#321,.T.);
#703=EDGE_CURVE('',#571,#570,#76,.T.);
#704=EDGE_CURVE('',#565,#571,#322,.F.);
#705=EDGE_CURVE('',#538,#552,#323,.T.);
#706=EDGE_CURVE('',#551,#542,#324,.T.);
#707=EDGE_CURVE('',#555,#554,#325,.T.);
#708=EDGE_CURVE('',#548,#540,#326,.T.);
#709=EDGE_CURVE('',#541,#553,#327,.T.);
#710=EDGE_CURVE('',#550,#556,#328,.T.);
#711=EDGE_CURVE('',#557,#549,#329,.T.);
#712=EDGE_CURVE('',#572,#573,#330,.T.);
#713=EDGE_CURVE('',#574,#573,#77,.F.);
#714=EDGE_CURVE('',#574,#572,#331,.T.);
#715=EDGE_CURVE('',#575,#576,#78,.T.);
#716=EDGE_CURVE('',#576,#574,#332,.T.);
#717=EDGE_CURVE('',#575,#573,#333,.T.);
#718=EDGE_CURVE('',#577,#572,#334,.T.);
#719=EDGE_CURVE('',#576,#577,#335,.T.);
#720=EDGE_CURVE('',#575,#577,#336,.T.);
#721=EDGE_CURVE('',#578,#579,#337,.T.);
#722=EDGE_CURVE('',#580,#579,#338,.T.);
#723=EDGE_CURVE('',#578,#580,#79,.F.);
#724=EDGE_CURVE('',#581,#582,#80,.T.);
#725=EDGE_CURVE('',#582,#578,#339,.T.);
#726=EDGE_CURVE('',#581,#580,#340,.T.);
#727=EDGE_CURVE('',#583,#582,#341,.T.);
#728=EDGE_CURVE('',#583,#581,#342,.T.);
#729=EDGE_CURVE('',#579,#583,#343,.T.);
#730=EDGE_CURVE('',#584,#585,#344,.T.);
#731=EDGE_CURVE('',#585,#586,#345,.T.);
#732=EDGE_CURVE('',#586,#587,#346,.T.);
#733=EDGE_CURVE('',#587,#588,#347,.T.);
#734=EDGE_CURVE('',#588,#589,#348,.T.);
#735=EDGE_CURVE('',#589,#590,#349,.T.);
#736=EDGE_CURVE('',#591,#590,#350,.T.);
#737=EDGE_CURVE('',#591,#584,#351,.T.);
#738=EDGE_CURVE('',#592,#592,#81,.T.);
#739=EDGE_CURVE('',#593,#593,#82,.T.);
#740=EDGE_CURVE('',#594,#594,#83,.T.);
#741=EDGE_CURVE('',#595,#595,#84,.T.);
#742=EDGE_CURVE('',#586,#596,#352,.T.);
#743=EDGE_CURVE('',#597,#596,#353,.T.);
#744=EDGE_CURVE('',#587,#597,#354,.T.);
#745=EDGE_CURVE('',#585,#598,#355,.T.);
#746=EDGE_CURVE('',#596,#598,#356,.T.);
#747=EDGE_CURVE('',#599,#599,#85,.T.);
#748=EDGE_CURVE('',#595,#599,#357,.T.);
#749=EDGE_CURVE('',#600,#600,#86,.T.);
#750=EDGE_CURVE('',#594,#600,#358,.T.);
#751=EDGE_CURVE('',#601,#601,#87,.T.);
#752=EDGE_CURVE('',#593,#601,#359,.T.);
#753=EDGE_CURVE('',#602,#602,#88,.T.);
#754=EDGE_CURVE('',#592,#602,#360,.T.);
#755=EDGE_CURVE('',#603,#603,#89,.T.);
#756=EDGE_CURVE('',#604,#604,#90,.T.);
#757=EDGE_CURVE('',#604,#603,#361,.T.);
#758=EDGE_CURVE('',#605,#605,#91,.T.);
#759=EDGE_CURVE('',#606,#606,#92,.T.);
#760=EDGE_CURVE('',#606,#605,#362,.T.);
#761=EDGE_CURVE('',#590,#607,#93,.F.);
#762=EDGE_CURVE('',#607,#608,#363,.T.);
#763=EDGE_CURVE('',#608,#591,#94,.F.);
#764=EDGE_CURVE('',#609,#610,#364,.T.);
#765=EDGE_CURVE('',#611,#609,#365,.T.);
#766=EDGE_CURVE('',#598,#611,#366,.T.);
#767=EDGE_CURVE('',#608,#584,#367,.T.);
#768=EDGE_CURVE('',#589,#607,#368,.T.);
#769=EDGE_CURVE('',#612,#588,#369,.T.);
#770=EDGE_CURVE('',#613,#612,#370,.T.);
#771=EDGE_CURVE('',#610,#613,#371,.T.);
#772=EDGE_CURVE('',#614,#609,#95,.F.);
#773=EDGE_CURVE('',#610,#615,#96,.F.);
#774=EDGE_CURVE('',#615,#614,#372,.T.);
#775=EDGE_CURVE('',#615,#613,#373,.T.);
#776=EDGE_CURVE('',#611,#614,#374,.T.);
#777=EDGE_CURVE('',#612,#597,#375,.T.);
#778=EDGE_CURVE('',#616,#617,#376,.T.);
#779=EDGE_CURVE('',#618,#617,#377,.T.);
#780=EDGE_CURVE('',#619,#618,#378,.T.);
#781=EDGE_CURVE('',#619,#616,#379,.T.);
#782=EDGE_CURVE('',#617,#620,#380,.T.);
#783=EDGE_CURVE('',#618,#620,#97,.F.);
#784=EDGE_CURVE('',#621,#619,#98,.T.);
#785=EDGE_CURVE('',#621,#620,#381,.T.);
#786=EDGE_CURVE('',#621,#616,#382,.T.);
#787=EDGE_CURVE('',#622,#623,#383,.T.);
#788=EDGE_CURVE('',#624,#623,#384,.T.);
#789=EDGE_CURVE('',#622,#624,#99,.F.);
#790=EDGE_CURVE('',#625,#626,#100,.T.);
#791=EDGE_CURVE('',#626,#622,#385,.T.);
#792=EDGE_CURVE('',#625,#624,#386,.T.);
#793=EDGE_CURVE('',#627,#626,#387,.T.);
#794=EDGE_CURVE('',#627,#625,#388,.T.);
#795=EDGE_CURVE('',#623,#627,#389,.T.);
#796=ORIENTED_EDGE('',*,*,#628,.F.);
#797=ORIENTED_EDGE('',*,*,#629,.F.);
#798=ORIENTED_EDGE('',*,*,#630,.F.);
#799=ORIENTED_EDGE('',*,*,#631,.F.);
#800=ORIENTED_EDGE('',*,*,#632,.T.);
#801=ORIENTED_EDGE('',*,*,#630,.T.);
#802=ORIENTED_EDGE('',*,*,#633,.T.);
#803=ORIENTED_EDGE('',*,*,#634,.T.);
#804=ORIENTED_EDGE('',*,*,#635,.T.);
#805=ORIENTED_EDGE('',*,*,#636,.T.);
#806=ORIENTED_EDGE('',*,*,#637,.F.);
#807=ORIENTED_EDGE('',*,*,#638,.T.);
#808=ORIENTED_EDGE('',*,*,#639,.F.);
#809=ORIENTED_EDGE('',*,*,#640,.T.);
#810=ORIENTED_EDGE('',*,*,#641,.F.);
#811=ORIENTED_EDGE('',*,*,#642,.T.);
#812=ORIENTED_EDGE('',*,*,#643,.F.);
#813=ORIENTED_EDGE('',*,*,#644,.T.);
#814=ORIENTED_EDGE('',*,*,#645,.T.);
#815=ORIENTED_EDGE('',*,*,#646,.T.);
#816=ORIENTED_EDGE('',*,*,#647,.T.);
#817=ORIENTED_EDGE('',*,*,#648,.T.);
#818=ORIENTED_EDGE('',*,*,#649,.T.);
#819=ORIENTED_EDGE('',*,*,#650,.T.);
#820=ORIENTED_EDGE('',*,*,#651,.F.);
#821=ORIENTED_EDGE('',*,*,#631,.T.);
#822=ORIENTED_EDGE('',*,*,#632,.F.);
#823=ORIENTED_EDGE('',*,*,#652,.F.);
#824=ORIENTED_EDGE('',*,*,#653,.F.);
#825=ORIENTED_EDGE('',*,*,#654,.F.);
#826=ORIENTED_EDGE('',*,*,#655,.F.);
#827=ORIENTED_EDGE('',*,*,#656,.F.);
#828=ORIENTED_EDGE('',*,*,#657,.F.);
#829=ORIENTED_EDGE('',*,*,#646,.F.);
#830=ORIENTED_EDGE('',*,*,#658,.F.);
#831=ORIENTED_EDGE('',*,*,#634,.F.);
#832=ORIENTED_EDGE('',*,*,#659,.F.);
#833=ORIENTED_EDGE('',*,*,#660,.F.);
#834=ORIENTED_EDGE('',*,*,#661,.F.);
#835=ORIENTED_EDGE('',*,*,#662,.F.);
#836=ORIENTED_EDGE('',*,*,#663,.F.);
#837=ORIENTED_EDGE('',*,*,#652,.T.);
#838=ORIENTED_EDGE('',*,*,#650,.F.);
#839=ORIENTED_EDGE('',*,*,#664,.F.);
#840=ORIENTED_EDGE('',*,*,#665,.T.);
#841=ORIENTED_EDGE('',*,*,#662,.T.);
#842=ORIENTED_EDGE('',*,*,#649,.F.);
#843=ORIENTED_EDGE('',*,*,#666,.F.);
#844=ORIENTED_EDGE('',*,*,#667,.T.);
#845=ORIENTED_EDGE('',*,*,#668,.F.);
#846=ORIENTED_EDGE('',*,*,#669,.F.);
#847=ORIENTED_EDGE('',*,*,#670,.F.);
#848=ORIENTED_EDGE('',*,*,#671,.F.);
#849=ORIENTED_EDGE('',*,*,#672,.F.);
#850=ORIENTED_EDGE('',*,*,#659,.T.);
#851=ORIENTED_EDGE('',*,*,#633,.F.);
#852=ORIENTED_EDGE('',*,*,#629,.T.);
#853=ORIENTED_EDGE('',*,*,#673,.F.);
#854=ORIENTED_EDGE('',*,*,#674,.T.);
#855=ORIENTED_EDGE('',*,*,#675,.F.);
#856=ORIENTED_EDGE('',*,*,#676,.T.);
#857=ORIENTED_EDGE('',*,*,#677,.F.);
#858=ORIENTED_EDGE('',*,*,#647,.F.);
#859=ORIENTED_EDGE('',*,*,#657,.T.);
#860=ORIENTED_EDGE('',*,*,#678,.F.);
#861=ORIENTED_EDGE('',*,*,#679,.T.);
#862=ORIENTED_EDGE('',*,*,#680,.T.);
#863=ORIENTED_EDGE('',*,*,#679,.F.);
#864=ORIENTED_EDGE('',*,*,#680,.F.);
#865=ORIENTED_EDGE('',*,*,#681,.F.);
#866=ORIENTED_EDGE('',*,*,#682,.F.);
#867=ORIENTED_EDGE('',*,*,#683,.T.);
#868=ORIENTED_EDGE('',*,*,#684,.T.);
#869=ORIENTED_EDGE('',*,*,#683,.F.);
#870=ORIENTED_EDGE('',*,*,#684,.F.);
#871=ORIENTED_EDGE('',*,*,#685,.F.);
#872=ORIENTED_EDGE('',*,*,#685,.T.);
#873=ORIENTED_EDGE('',*,*,#686,.T.);
#874=ORIENTED_EDGE('',*,*,#664,.T.);
#875=ORIENTED_EDGE('',*,*,#686,.F.);
#876=ORIENTED_EDGE('',*,*,#681,.T.);
#877=ORIENTED_EDGE('',*,*,#687,.T.);
#878=ORIENTED_EDGE('',*,*,#661,.T.);
#879=ORIENTED_EDGE('',*,*,#687,.F.);
#880=ORIENTED_EDGE('',*,*,#637,.T.);
#881=ORIENTED_EDGE('',*,*,#688,.T.);
#882=ORIENTED_EDGE('',*,*,#689,.T.);
#883=ORIENTED_EDGE('',*,*,#690,.T.);
#884=ORIENTED_EDGE('',*,*,#688,.F.);
#885=ORIENTED_EDGE('',*,*,#636,.F.);
#886=ORIENTED_EDGE('',*,*,#691,.T.);
#887=ORIENTED_EDGE('',*,*,#644,.F.);
#888=ORIENTED_EDGE('',*,*,#692,.F.);
#889=ORIENTED_EDGE('',*,*,#693,.T.);
#890=ORIENTED_EDGE('',*,*,#678,.T.);
#891=ORIENTED_EDGE('',*,*,#682,.T.);
#892=ORIENTED_EDGE('',*,*,#643,.T.);
#893=ORIENTED_EDGE('',*,*,#694,.T.);
#894=ORIENTED_EDGE('',*,*,#695,.T.);
#895=ORIENTED_EDGE('',*,*,#692,.T.);
#896=ORIENTED_EDGE('',*,*,#694,.F.);
#897=ORIENTED_EDGE('',*,*,#642,.F.);
#898=ORIENTED_EDGE('',*,*,#696,.F.);
#899=ORIENTED_EDGE('',*,*,#697,.T.);
#900=ORIENTED_EDGE('',*,*,#641,.T.);
#901=ORIENTED_EDGE('',*,*,#698,.T.);
#902=ORIENTED_EDGE('',*,*,#699,.T.);
#903=ORIENTED_EDGE('',*,*,#696,.T.);
#904=ORIENTED_EDGE('',*,*,#698,.F.);
#905=ORIENTED_EDGE('',*,*,#640,.F.);
#906=ORIENTED_EDGE('',*,*,#700,.F.);
#907=ORIENTED_EDGE('',*,*,#701,.T.);
#908=ORIENTED_EDGE('',*,*,#639,.T.);
#909=ORIENTED_EDGE('',*,*,#702,.T.);
#910=ORIENTED_EDGE('',*,*,#703,.T.);
#911=ORIENTED_EDGE('',*,*,#700,.T.);
#912=ORIENTED_EDGE('',*,*,#690,.F.);
#913=ORIENTED_EDGE('',*,*,#704,.T.);
#914=ORIENTED_EDGE('',*,*,#702,.F.);
#915=ORIENTED_EDGE('',*,*,#638,.F.);
#916=ORIENTED_EDGE('',*,*,#651,.T.);
#917=ORIENTED_EDGE('',*,*,#705,.T.);
#918=ORIENTED_EDGE('',*,*,#673,.T.);
#919=ORIENTED_EDGE('',*,*,#628,.T.);
#920=ORIENTED_EDGE('',*,*,#705,.F.);
#921=ORIENTED_EDGE('',*,*,#656,.T.);
#922=ORIENTED_EDGE('',*,*,#706,.F.);
#923=ORIENTED_EDGE('',*,*,#669,.T.);
#924=ORIENTED_EDGE('',*,*,#672,.T.);
#925=ORIENTED_EDGE('',*,*,#707,.F.);
#926=ORIENTED_EDGE('',*,*,#674,.F.);
#927=ORIENTED_EDGE('',*,*,#660,.T.);
#928=ORIENTED_EDGE('',*,*,#665,.F.);
#929=ORIENTED_EDGE('',*,*,#708,.T.);
#930=ORIENTED_EDGE('',*,*,#653,.T.);
#931=ORIENTED_EDGE('',*,*,#663,.T.);
#932=ORIENTED_EDGE('',*,*,#709,.F.);
#933=ORIENTED_EDGE('',*,*,#654,.T.);
#934=ORIENTED_EDGE('',*,*,#708,.F.);
#935=ORIENTED_EDGE('',*,*,#668,.T.);
#936=ORIENTED_EDGE('',*,*,#710,.T.);
#937=ORIENTED_EDGE('',*,*,#675,.T.);
#938=ORIENTED_EDGE('',*,*,#707,.T.);
#939=ORIENTED_EDGE('',*,*,#671,.T.);
#940=ORIENTED_EDGE('',*,*,#658,.T.);
#941=ORIENTED_EDGE('',*,*,#645,.F.);
#942=ORIENTED_EDGE('',*,*,#691,.F.);
#943=ORIENTED_EDGE('',*,*,#635,.F.);
#944=ORIENTED_EDGE('',*,*,#711,.F.);
#945=ORIENTED_EDGE('',*,*,#676,.F.);
#946=ORIENTED_EDGE('',*,*,#710,.F.);
#947=ORIENTED_EDGE('',*,*,#667,.F.);
#948=ORIENTED_EDGE('',*,*,#648,.F.);
#949=ORIENTED_EDGE('',*,*,#677,.T.);
#950=ORIENTED_EDGE('',*,*,#711,.T.);
#951=ORIENTED_EDGE('',*,*,#666,.T.);
#952=ORIENTED_EDGE('',*,*,#689,.F.);
#953=ORIENTED_EDGE('',*,*,#693,.F.);
#954=ORIENTED_EDGE('',*,*,#695,.F.);
#955=ORIENTED_EDGE('',*,*,#697,.F.);
#956=ORIENTED_EDGE('',*,*,#699,.F.);
#957=ORIENTED_EDGE('',*,*,#701,.F.);
#958=ORIENTED_EDGE('',*,*,#703,.F.);
#959=ORIENTED_EDGE('',*,*,#704,.F.);
#960=ORIENTED_EDGE('',*,*,#709,.T.);
#961=ORIENTED_EDGE('',*,*,#670,.T.);
#962=ORIENTED_EDGE('',*,*,#706,.T.);
#963=ORIENTED_EDGE('',*,*,#655,.T.);
#964=ORIENTED_EDGE('',*,*,#712,.T.);
#965=ORIENTED_EDGE('',*,*,#713,.F.);
#966=ORIENTED_EDGE('',*,*,#714,.T.);
#967=ORIENTED_EDGE('',*,*,#715,.T.);
#968=ORIENTED_EDGE('',*,*,#716,.T.);
#969=ORIENTED_EDGE('',*,*,#713,.T.);
#970=ORIENTED_EDGE('',*,*,#717,.F.);
#971=ORIENTED_EDGE('',*,*,#718,.T.);
#972=ORIENTED_EDGE('',*,*,#714,.F.);
#973=ORIENTED_EDGE('',*,*,#716,.F.);
#974=ORIENTED_EDGE('',*,*,#719,.T.);
#975=ORIENTED_EDGE('',*,*,#720,.T.);
#976=ORIENTED_EDGE('',*,*,#719,.F.);
#977=ORIENTED_EDGE('',*,*,#715,.F.);
#978=ORIENTED_EDGE('',*,*,#717,.T.);
#979=ORIENTED_EDGE('',*,*,#712,.F.);
#980=ORIENTED_EDGE('',*,*,#718,.F.);
#981=ORIENTED_EDGE('',*,*,#720,.F.);
#982=ORIENTED_EDGE('',*,*,#721,.T.);
#983=ORIENTED_EDGE('',*,*,#722,.F.);
#984=ORIENTED_EDGE('',*,*,#723,.F.);
#985=ORIENTED_EDGE('',*,*,#724,.T.);
#986=ORIENTED_EDGE('',*,*,#725,.T.);
#987=ORIENTED_EDGE('',*,*,#723,.T.);
#988=ORIENTED_EDGE('',*,*,#726,.F.);
#989=ORIENTED_EDGE('',*,*,#727,.T.);
#990=ORIENTED_EDGE('',*,*,#724,.F.);
#991=ORIENTED_EDGE('',*,*,#728,.F.);
#992=ORIENTED_EDGE('',*,*,#729,.T.);
#993=ORIENTED_EDGE('',*,*,#728,.T.);
#994=ORIENTED_EDGE('',*,*,#726,.T.);
#995=ORIENTED_EDGE('',*,*,#722,.T.);
#996=ORIENTED_EDGE('',*,*,#721,.F.);
#997=ORIENTED_EDGE('',*,*,#725,.F.);
#998=ORIENTED_EDGE('',*,*,#727,.F.);
#999=ORIENTED_EDGE('',*,*,#729,.F.);
#1000=ORIENTED_EDGE('',*,*,#730,.T.);
#1001=ORIENTED_EDGE('',*,*,#731,.T.);
#1002=ORIENTED_EDGE('',*,*,#732,.T.);
#1003=ORIENTED_EDGE('',*,*,#733,.T.);
#1004=ORIENTED_EDGE('',*,*,#734,.T.);
#1005=ORIENTED_EDGE('',*,*,#735,.T.);
#1006=ORIENTED_EDGE('',*,*,#736,.F.);
#1007=ORIENTED_EDGE('',*,*,#737,.T.);
#1008=ORIENTED_EDGE('',*,*,#738,.T.);
#1009=ORIENTED_EDGE('',*,*,#739,.T.);
#1010=ORIENTED_EDGE('',*,*,#740,.T.);
#1011=ORIENTED_EDGE('',*,*,#741,.T.);
#1012=ORIENTED_EDGE('',*,*,#732,.F.);
#1013=ORIENTED_EDGE('',*,*,#742,.T.);
#1014=ORIENTED_EDGE('',*,*,#743,.F.);
#1015=ORIENTED_EDGE('',*,*,#744,.F.);
#1016=ORIENTED_EDGE('',*,*,#745,.T.);
#1017=ORIENTED_EDGE('',*,*,#746,.F.);
#1018=ORIENTED_EDGE('',*,*,#742,.F.);
#1019=ORIENTED_EDGE('',*,*,#731,.F.);
#1020=ORIENTED_EDGE('',*,*,#747,.F.);
#1021=ORIENTED_EDGE('',*,*,#741,.F.);
#1022=ORIENTED_EDGE('',*,*,#748,.T.);
#1023=ORIENTED_EDGE('',*,*,#747,.T.);
#1024=ORIENTED_EDGE('',*,*,#748,.F.);
#1025=ORIENTED_EDGE('',*,*,#749,.F.);
#1026=ORIENTED_EDGE('',*,*,#740,.F.);
#1027=ORIENTED_EDGE('',*,*,#750,.T.);
#1028=ORIENTED_EDGE('',*,*,#749,.T.);
#1029=ORIENTED_EDGE('',*,*,#750,.F.);
#1030=ORIENTED_EDGE('',*,*,#751,.F.);
#1031=ORIENTED_EDGE('',*,*,#739,.F.);
#1032=ORIENTED_EDGE('',*,*,#752,.T.);
#1033=ORIENTED_EDGE('',*,*,#751,.T.);
#1034=ORIENTED_EDGE('',*,*,#752,.F.);
#1035=ORIENTED_EDGE('',*,*,#753,.F.);
#1036=ORIENTED_EDGE('',*,*,#738,.F.);
#1037=ORIENTED_EDGE('',*,*,#754,.T.);
#1038=ORIENTED_EDGE('',*,*,#753,.T.);
#1039=ORIENTED_EDGE('',*,*,#754,.F.);
#1040=ORIENTED_EDGE('',*,*,#755,.F.);
#1041=ORIENTED_EDGE('',*,*,#756,.T.);
#1042=ORIENTED_EDGE('',*,*,#757,.T.);
#1043=ORIENTED_EDGE('',*,*,#755,.T.);
#1044=ORIENTED_EDGE('',*,*,#757,.F.);
#1045=ORIENTED_EDGE('',*,*,#758,.F.);
#1046=ORIENTED_EDGE('',*,*,#759,.T.);
#1047=ORIENTED_EDGE('',*,*,#760,.T.);
#1048=ORIENTED_EDGE('',*,*,#758,.T.);
#1049=ORIENTED_EDGE('',*,*,#760,.F.);
#1050=ORIENTED_EDGE('',*,*,#761,.T.);
#1051=ORIENTED_EDGE('',*,*,#762,.T.);
#1052=ORIENTED_EDGE('',*,*,#763,.T.);
#1053=ORIENTED_EDGE('',*,*,#736,.T.);
#1054=ORIENTED_EDGE('',*,*,#764,.F.);
#1055=ORIENTED_EDGE('',*,*,#765,.F.);
#1056=ORIENTED_EDGE('',*,*,#766,.F.);
#1057=ORIENTED_EDGE('',*,*,#745,.F.);
#1058=ORIENTED_EDGE('',*,*,#730,.F.);
#1059=ORIENTED_EDGE('',*,*,#767,.F.);
#1060=ORIENTED_EDGE('',*,*,#762,.F.);
#1061=ORIENTED_EDGE('',*,*,#768,.F.);
#1062=ORIENTED_EDGE('',*,*,#734,.F.);
#1063=ORIENTED_EDGE('',*,*,#769,.F.);
#1064=ORIENTED_EDGE('',*,*,#770,.F.);
#1065=ORIENTED_EDGE('',*,*,#771,.F.);
#1066=ORIENTED_EDGE('',*,*,#759,.F.);
#1067=ORIENTED_EDGE('',*,*,#756,.F.);
#1068=ORIENTED_EDGE('',*,*,#772,.T.);
#1069=ORIENTED_EDGE('',*,*,#764,.T.);
#1070=ORIENTED_EDGE('',*,*,#773,.T.);
#1071=ORIENTED_EDGE('',*,*,#774,.T.);
#1072=ORIENTED_EDGE('',*,*,#771,.T.);
#1073=ORIENTED_EDGE('',*,*,#775,.F.);
#1074=ORIENTED_EDGE('',*,*,#773,.F.);
#1075=ORIENTED_EDGE('',*,*,#768,.T.);
#1076=ORIENTED_EDGE('',*,*,#761,.F.);
#1077=ORIENTED_EDGE('',*,*,#735,.F.);
#1078=ORIENTED_EDGE('',*,*,#766,.T.);
#1079=ORIENTED_EDGE('',*,*,#776,.T.);
#1080=ORIENTED_EDGE('',*,*,#774,.F.);
#1081=ORIENTED_EDGE('',*,*,#775,.T.);
#1082=ORIENTED_EDGE('',*,*,#770,.T.);
#1083=ORIENTED_EDGE('',*,*,#777,.T.);
#1084=ORIENTED_EDGE('',*,*,#743,.T.);
#1085=ORIENTED_EDGE('',*,*,#746,.T.);
#1086=ORIENTED_EDGE('',*,*,#769,.T.);
#1087=ORIENTED_EDGE('',*,*,#733,.F.);
#1088=ORIENTED_EDGE('',*,*,#744,.T.);
#1089=ORIENTED_EDGE('',*,*,#777,.F.);
#1090=ORIENTED_EDGE('',*,*,#765,.T.);
#1091=ORIENTED_EDGE('',*,*,#772,.F.);
#1092=ORIENTED_EDGE('',*,*,#776,.F.);
#1093=ORIENTED_EDGE('',*,*,#767,.T.);
#1094=ORIENTED_EDGE('',*,*,#737,.F.);
#1095=ORIENTED_EDGE('',*,*,#763,.F.);
#1096=ORIENTED_EDGE('',*,*,#778,.T.);
#1097=ORIENTED_EDGE('',*,*,#779,.F.);
#1098=ORIENTED_EDGE('',*,*,#780,.F.);
#1099=ORIENTED_EDGE('',*,*,#781,.T.);
#1100=ORIENTED_EDGE('',*,*,#782,.T.);
#1101=ORIENTED_EDGE('',*,*,#783,.F.);
#1102=ORIENTED_EDGE('',*,*,#779,.T.);
#1103=ORIENTED_EDGE('',*,*,#784,.T.);
#1104=ORIENTED_EDGE('',*,*,#780,.T.);
#1105=ORIENTED_EDGE('',*,*,#783,.T.);
#1106=ORIENTED_EDGE('',*,*,#785,.F.);
#1107=ORIENTED_EDGE('',*,*,#786,.T.);
#1108=ORIENTED_EDGE('',*,*,#781,.F.);
#1109=ORIENTED_EDGE('',*,*,#784,.F.);
#1110=ORIENTED_EDGE('',*,*,#785,.T.);
#1111=ORIENTED_EDGE('',*,*,#782,.F.);
#1112=ORIENTED_EDGE('',*,*,#778,.F.);
#1113=ORIENTED_EDGE('',*,*,#786,.F.);
#1114=ORIENTED_EDGE('',*,*,#787,.T.);
#1115=ORIENTED_EDGE('',*,*,#788,.F.);
#1116=ORIENTED_EDGE('',*,*,#789,.F.);
#1117=ORIENTED_EDGE('',*,*,#790,.T.);
#1118=ORIENTED_EDGE('',*,*,#791,.T.);
#1119=ORIENTED_EDGE('',*,*,#789,.T.);
#1120=ORIENTED_EDGE('',*,*,#792,.F.);
#1121=ORIENTED_EDGE('',*,*,#793,.T.);
#1122=ORIENTED_EDGE('',*,*,#790,.F.);
#1123=ORIENTED_EDGE('',*,*,#794,.F.);
#1124=ORIENTED_EDGE('',*,*,#795,.T.);
#1125=ORIENTED_EDGE('',*,*,#794,.T.);
#1126=ORIENTED_EDGE('',*,*,#792,.T.);
#1127=ORIENTED_EDGE('',*,*,#788,.T.);
#1128=ORIENTED_EDGE('',*,*,#787,.F.);
#1129=ORIENTED_EDGE('',*,*,#791,.F.);
#1130=ORIENTED_EDGE('',*,*,#793,.F.);
#1131=ORIENTED_EDGE('',*,*,#795,.F.);
#1132=PLANE('',#1280);
#1133=PLANE('',#1281);
#1134=PLANE('',#1286);
#1135=PLANE('',#1287);
#1136=PLANE('',#1290);
#1137=PLANE('',#1292);
#1138=PLANE('',#1293);
#1139=PLANE('',#1294);
#1140=PLANE('',#1298);
#1141=PLANE('',#1303);
#1142=PLANE('',#1309);
#1143=PLANE('',#1313);
#1144=PLANE('',#1316);
#1145=PLANE('',#1319);
#1146=PLANE('',#1320);
#1147=PLANE('',#1321);
#1148=PLANE('',#1322);
#1149=PLANE('',#1323);
#1150=PLANE('',#1324);
#1151=PLANE('',#1326);
#1152=PLANE('',#1327);
#1153=PLANE('',#1328);
#1154=PLANE('',#1329);
#1155=PLANE('',#1333);
#1156=PLANE('',#1334);
#1157=PLANE('',#1335);
#1158=PLANE('',#1336);
#1159=PLANE('',#1340);
#1160=PLANE('',#1341);
#1161=PLANE('',#1342);
#1162=PLANE('',#1343);
#1163=PLANE('',#1348);
#1164=PLANE('',#1349);
#1165=PLANE('',#1350);
#1166=PLANE('',#1353);
#1167=PLANE('',#1356);
#1168=PLANE('',#1359);
#1169=PLANE('',#1362);
#1170=PLANE('',#1366);
#1171=PLANE('',#1373);
#1172=PLANE('',#1377);
#1173=PLANE('',#1378);
#1174=PLANE('',#1379);
#1175=PLANE('',#1380);
#1176=PLANE('',#1381);
#1177=PLANE('',#1382);
#1178=PLANE('',#1383);
#1179=PLANE('',#1384);
#1180=PLANE('',#1388);
#1181=PLANE('',#1389);
#1182=PLANE('',#1390);
#1183=PLANE('',#1394);
#1184=PLANE('',#1395);
#1185=PLANE('',#1396);
#1186=ADVANCED_FACE('',(#101),#1132,.F.);
#1187=ADVANCED_FACE('',(#102),#1133,.T.);
#1188=ADVANCED_FACE('',(#103),#1134,.F.);
#1189=ADVANCED_FACE('',(#104,#46),#1135,.F.);
#1190=ADVANCED_FACE('',(#105,#47),#1136,.F.);
#1191=ADVANCED_FACE('',(#106),#1137,.F.);
#1192=ADVANCED_FACE('',(#107),#1138,.F.);
#1193=ADVANCED_FACE('',(#108),#1139,.F.);
#1194=ADVANCED_FACE('',(#109),#25,.F.);
#1195=ADVANCED_FACE('',(#110,#48),#1140,.F.);
#1196=ADVANCED_FACE('',(#111),#26,.F.);
#1197=ADVANCED_FACE('',(#112,#49),#1141,.F.);
#1198=ADVANCED_FACE('',(#113),#27,.F.);
#1199=ADVANCED_FACE('',(#114),#28,.F.);
#1200=ADVANCED_FACE('',(#115),#29,.T.);
#1201=ADVANCED_FACE('',(#116,#50,#51),#1142,.T.);
#1202=ADVANCED_FACE('',(#117),#30,.T.);
#1203=ADVANCED_FACE('',(#118),#1143,.T.);
#1204=ADVANCED_FACE('',(#119),#31,.T.);
#1205=ADVANCED_FACE('',(#120),#1144,.T.);
#1206=ADVANCED_FACE('',(#121),#32,.T.);
#1207=ADVANCED_FACE('',(#122),#1145,.T.);
#1208=ADVANCED_FACE('',(#123),#1146,.T.);
#1209=ADVANCED_FACE('',(#124),#1147,.T.);
#1210=ADVANCED_FACE('',(#125),#1148,.T.);
#1211=ADVANCED_FACE('',(#126),#1149,.T.);
#1212=ADVANCED_FACE('',(#127),#1150,.T.);
#1213=ADVANCED_FACE('',(#128),#33,.F.);
#1214=ADVANCED_FACE('',(#129),#1151,.F.);
#1215=ADVANCED_FACE('',(#130),#1152,.F.);
#1216=ADVANCED_FACE('',(#131,#52),#1153,.F.);
#1217=ADVANCED_FACE('',(#132),#1154,.T.);
#1218=ADVANCED_FACE('',(#133),#34,.T.);
#1219=ADVANCED_FACE('',(#134),#1155,.T.);
#1220=ADVANCED_FACE('',(#135),#1156,.T.);
#1221=ADVANCED_FACE('',(#136),#1157,.T.);
#1222=ADVANCED_FACE('',(#137),#1158,.T.);
#1223=ADVANCED_FACE('',(#138),#35,.T.);
#1224=ADVANCED_FACE('',(#139),#1159,.T.);
#1225=ADVANCED_FACE('',(#140),#1160,.T.);
#1226=ADVANCED_FACE('',(#141),#1161,.T.);
#1227=ADVANCED_FACE('',(#142,#53,#54,#55,#56),#1162,.T.);
#1228=ADVANCED_FACE('',(#143),#1163,.T.);
#1229=ADVANCED_FACE('',(#144),#1164,.T.);
#1230=ADVANCED_FACE('',(#145),#1165,.T.);
#1231=ADVANCED_FACE('',(#146),#36,.F.);
#1232=ADVANCED_FACE('',(#147),#1166,.T.);
#1233=ADVANCED_FACE('',(#148),#37,.F.);
#1234=ADVANCED_FACE('',(#149),#1167,.T.);
#1235=ADVANCED_FACE('',(#150),#38,.F.);
#1236=ADVANCED_FACE('',(#151),#1168,.T.);
#1237=ADVANCED_FACE('',(#152),#39,.F.);
#1238=ADVANCED_FACE('',(#153),#1169,.F.);
#1239=ADVANCED_FACE('',(#154),#40,.F.);
#1240=ADVANCED_FACE('',(#155),#1170,.F.);
#1241=ADVANCED_FACE('',(#156),#41,.F.);
#1242=ADVANCED_FACE('',(#157),#42,.T.);
#1243=ADVANCED_FACE('',(#158,#57,#58),#1171,.F.);
#1244=ADVANCED_FACE('',(#159),#43,.T.);
#1245=ADVANCED_FACE('',(#160),#1172,.F.);
#1246=ADVANCED_FACE('',(#161),#1173,.F.);
#1247=ADVANCED_FACE('',(#162),#1174,.T.);
#1248=ADVANCED_FACE('',(#163),#1175,.T.);
#1249=ADVANCED_FACE('',(#164),#1176,.F.);
#1250=ADVANCED_FACE('',(#165),#1177,.F.);
#1251=ADVANCED_FACE('',(#166),#1178,.T.);
#1252=ADVANCED_FACE('',(#167),#1179,.T.);
#1253=ADVANCED_FACE('',(#168),#44,.T.);
#1254=ADVANCED_FACE('',(#169),#1180,.T.);
#1255=ADVANCED_FACE('',(#170),#1181,.T.);
#1256=ADVANCED_FACE('',(#171),#1182,.T.);
#1257=ADVANCED_FACE('',(#172),#45,.T.);
#1258=ADVANCED_FACE('',(#173),#1183,.T.);
#1259=ADVANCED_FACE('',(#174),#1184,.T.);
#1260=ADVANCED_FACE('',(#175),#1185,.T.);
#1261=CLOSED_SHELL('',(#1186,#1187,#1188,#1189,#1190,#1191,#1192,#1193,
#1194,#1195,#1196,#1197,#1198,#1199,#1200,#1201,#1202,#1203,#1204,#1205,
#1206,#1207,#1208,#1209,#1210,#1211,#1212,#1213,#1214,#1215,#1216));
#1262=CLOSED_SHELL('',(#1217,#1218,#1219,#1220,#1221));
#1263=CLOSED_SHELL('',(#1222,#1223,#1224,#1225,#1226));
#1264=CLOSED_SHELL('',(#1227,#1228,#1229,#1230,#1231,#1232,#1233,#1234,
#1235,#1236,#1237,#1238,#1239,#1240,#1241,#1242,#1243,#1244,#1245,#1246,
#1247,#1248,#1249,#1250));
#1265=CLOSED_SHELL('',(#1251,#1252,#1253,#1254,#1255));
#1266=CLOSED_SHELL('',(#1256,#1257,#1258,#1259,#1260));
#1267=DERIVED_UNIT_ELEMENT(#1269,1.);
#1268=DERIVED_UNIT_ELEMENT(#2120,-3.);
#1269=(
MASS_UNIT()
NAMED_UNIT(*)
SI_UNIT(.KILO.,.GRAM.)
);
#1270=DERIVED_UNIT((#1267,#1268));
#1271=MEASURE_REPRESENTATION_ITEM('density measure',
POSITIVE_RATIO_MEASURE(7850.),#1270);
#1272=PROPERTY_DEFINITION_REPRESENTATION(#1277,#1274);
#1273=PROPERTY_DEFINITION_REPRESENTATION(#1278,#1275);
#1274=REPRESENTATION('material name',(#1276),#2117);
#1275=REPRESENTATION('density',(#1271),#2117);
#1276=DESCRIPTIVE_REPRESENTATION_ITEM('Steel','Steel');
#1277=PROPERTY_DEFINITION('material property','material name',#2127);
#1278=PROPERTY_DEFINITION('material property','density of part',#2127);
#1279=AXIS2_PLACEMENT_3D('',#1759,#1397,#1398);
#1280=AXIS2_PLACEMENT_3D('',#1760,#1399,#1400);
#1281=AXIS2_PLACEMENT_3D('',#1769,#1405,#1406);
#1282=AXIS2_PLACEMENT_3D('',#1781,#1412,#1413);
#1283=AXIS2_PLACEMENT_3D('',#1785,#1415,#1416);
#1284=AXIS2_PLACEMENT_3D('',#1789,#1418,#1419);
#1285=AXIS2_PLACEMENT_3D('',#1793,#1421,#1422);
#1286=AXIS2_PLACEMENT_3D('',#1807,#1430,#1431);
#1287=AXIS2_PLACEMENT_3D('',#1819,#1438,#1439);
#1288=AXIS2_PLACEMENT_3D('',#1822,#1441,#1442);
#1289=AXIS2_PLACEMENT_3D('',#1827,#1445,#1446);
#1290=AXIS2_PLACEMENT_3D('',#1828,#1447,#1448);
#1291=AXIS2_PLACEMENT_3D('',#1833,#1451,#1452);
#1292=AXIS2_PLACEMENT_3D('',#1834,#1453,#1454);
#1293=AXIS2_PLACEMENT_3D('',#1842,#1459,#1460);
#1294=AXIS2_PLACEMENT_3D('',#1852,#1466,#1467);
#1295=AXIS2_PLACEMENT_3D('',#1860,#1472,#1473);
#1296=AXIS2_PLACEMENT_3D('',#1862,#1474,#1475);
#1297=AXIS2_PLACEMENT_3D('',#1865,#1477,#1478);
#1298=AXIS2_PLACEMENT_3D('',#1866,#1479,#1480);
#1299=AXIS2_PLACEMENT_3D('',#1868,#1481,#1482);
#1300=AXIS2_PLACEMENT_3D('',#1869,#1483,#1484);
#1301=AXIS2_PLACEMENT_3D('',#1871,#1485,#1486);
#1302=AXIS2_PLACEMENT_3D('',#1874,#1488,#1489);
#1303=AXIS2_PLACEMENT_3D('',#1875,#1490,#1491);
#1304=AXIS2_PLACEMENT_3D('',#1877,#1492,#1493);
#1305=AXIS2_PLACEMENT_3D('',#1878,#1494,#1495);
#1306=AXIS2_PLACEMENT_3D('',#1880,#1497,#1498);
#1307=AXIS2_PLACEMENT_3D('',#1882,#1500,#1501);
#1308=AXIS2_PLACEMENT_3D('',#1886,#1503,#1504);
#1309=AXIS2_PLACEMENT_3D('',#1888,#1506,#1507);
#1310=AXIS2_PLACEMENT_3D('',#1889,#1508,#1509);
#1311=AXIS2_PLACEMENT_3D('',#1893,#1512,#1513);
#1312=AXIS2_PLACEMENT_3D('',#1896,#1515,#1516);
#1313=AXIS2_PLACEMENT_3D('',#1897,#1517,#1518);
#1314=AXIS2_PLACEMENT_3D('',#1901,#1521,#1522);
#1315=AXIS2_PLACEMENT_3D('',#1904,#1524,#1525);
#1316=AXIS2_PLACEMENT_3D('',#1905,#1526,#1527);
#1317=AXIS2_PLACEMENT_3D('',#1909,#1530,#1531);
#1318=AXIS2_PLACEMENT_3D('',#1912,#1533,#1534);
#1319=AXIS2_PLACEMENT_3D('',#1913,#1535,#1536);
#1320=AXIS2_PLACEMENT_3D('',#1915,#1538,#1539);
#1321=AXIS2_PLACEMENT_3D('',#1917,#1541,#1542);
#1322=AXIS2_PLACEMENT_3D('',#1919,#1544,#1545);
#1323=AXIS2_PLACEMENT_3D('',#1921,#1547,#1548);
#1324=AXIS2_PLACEMENT_3D('',#1923,#1550,#1551);
#1325=AXIS2_PLACEMENT_3D('',#1926,#1554,#1555);
#1326=AXIS2_PLACEMENT_3D('',#1927,#1556,#1557);
#1327=AXIS2_PLACEMENT_3D('',#1929,#1559,#1560);
#1328=AXIS2_PLACEMENT_3D('',#1930,#1561,#1562);
#1329=AXIS2_PLACEMENT_3D('',#1931,#1563,#1564);
#1330=AXIS2_PLACEMENT_3D('',#1936,#1566,#1567);
#1331=AXIS2_PLACEMENT_3D('',#1938,#1569,#1570);
#1332=AXIS2_PLACEMENT_3D('',#1941,#1571,#1572);
#1333=AXIS2_PLACEMENT_3D('',#1944,#1575,#1576);
#1334=AXIS2_PLACEMENT_3D('',#1948,#1579,#1580);
#1335=AXIS2_PLACEMENT_3D('',#1950,#1582,#1583);
#1336=AXIS2_PLACEMENT_3D('',#1951,#1584,#1585);
#1337=AXIS2_PLACEMENT_3D('',#1957,#1588,#1589);
#1338=AXIS2_PLACEMENT_3D('',#1958,#1590,#1591);
#1339=AXIS2_PLACEMENT_3D('',#1961,#1592,#1593);
#1340=AXIS2_PLACEMENT_3D('',#1964,#1596,#1597);
#1341=AXIS2_PLACEMENT_3D('',#1968,#1600,#1601);
#1342=AXIS2_PLACEMENT_3D('',#1970,#1603,#1604);
#1343=AXIS2_PLACEMENT_3D('',#1971,#1605,#1606);
#1344=AXIS2_PLACEMENT_3D('',#1989,#1615,#1616);
#1345=AXIS2_PLACEMENT_3D('',#1991,#1617,#1618);
#1346=AXIS2_PLACEMENT_3D('',#1993,#1619,#1620);
#1347=AXIS2_PLACEMENT_3D('',#1995,#1621,#1622);
#1348=AXIS2_PLACEMENT_3D('',#1996,#1623,#1624);
#1349=AXIS2_PLACEMENT_3D('',#2002,#1628,#1629);
#1350=AXIS2_PLACEMENT_3D('',#2006,#1632,#1633);
#1351=AXIS2_PLACEMENT_3D('',#2008,#1634,#1635);
#1352=AXIS2_PLACEMENT_3D('',#2009,#1636,#1637);
#1353=AXIS2_PLACEMENT_3D('',#2011,#1639,#1640);
#1354=AXIS2_PLACEMENT_3D('',#2013,#1641,#1642);
#1355=AXIS2_PLACEMENT_3D('',#2014,#1643,#1644);
#1356=AXIS2_PLACEMENT_3D('',#2016,#1646,#1647);
#1357=AXIS2_PLACEMENT_3D('',#2018,#1648,#1649);
#1358=AXIS2_PLACEMENT_3D('',#2019,#1650,#1651);
#1359=AXIS2_PLACEMENT_3D('',#2021,#1653,#1654);
#1360=AXIS2_PLACEMENT_3D('',#2023,#1655,#1656);
#1361=AXIS2_PLACEMENT_3D('',#2024,#1657,#1658);
#1362=AXIS2_PLACEMENT_3D('',#2026,#1660,#1661);
#1363=AXIS2_PLACEMENT_3D('',#2028,#1662,#1663);
#1364=AXIS2_PLACEMENT_3D('',#2029,#1664,#1665);
#1365=AXIS2_PLACEMENT_3D('',#2031,#1666,#1667);
#1366=AXIS2_PLACEMENT_3D('',#2033,#1669,#1670);
#1367=AXIS2_PLACEMENT_3D('',#2035,#1671,#1672);
#1368=AXIS2_PLACEMENT_3D('',#2036,#1673,#1674);
#1369=AXIS2_PLACEMENT_3D('',#2038,#1675,#1676);
#1370=AXIS2_PLACEMENT_3D('',#2040,#1678,#1679);
#1371=AXIS2_PLACEMENT_3D('',#2042,#1680,#1681);
#1372=AXIS2_PLACEMENT_3D('',#2045,#1683,#1684);
#1373=AXIS2_PLACEMENT_3D('',#2046,#1685,#1686);
#1374=AXIS2_PLACEMENT_3D('',#2060,#1695,#1696);
#1375=AXIS2_PLACEMENT_3D('',#2062,#1697,#1698);
#1376=AXIS2_PLACEMENT_3D('',#2064,#1699,#1700);
#1377=AXIS2_PLACEMENT_3D('',#2066,#1702,#1703);
#1378=AXIS2_PLACEMENT_3D('',#2068,#1705,#1706);
#1379=AXIS2_PLACEMENT_3D('',#2069,#1707,#1708);
#1380=AXIS2_PLACEMENT_3D('',#2072,#1711,#1712);
#1381=AXIS2_PLACEMENT_3D('',#2073,#1713,#1714);
#1382=AXIS2_PLACEMENT_3D('',#2074,#1715,#1716);
#1383=AXIS2_PLACEMENT_3D('',#2075,#1717,#1718);
#1384=AXIS2_PLACEMENT_3D('',#2084,#1723,#1724);
#1385=AXIS2_PLACEMENT_3D('',#2087,#1726,#1727);
#1386=AXIS2_PLACEMENT_3D('',#2088,#1728,#1729);
#1387=AXIS2_PLACEMENT_3D('',#2090,#1730,#1731);
#1388=AXIS2_PLACEMENT_3D('',#2092,#1733,#1734);
#1389=AXIS2_PLACEMENT_3D('',#2094,#1736,#1737);
#1390=AXIS2_PLACEMENT_3D('',#2095,#1738,#1739);
#1391=AXIS2_PLACEMENT_3D('',#2101,#1742,#1743);
#1392=AXIS2_PLACEMENT_3D('',#2102,#1744,#1745);
#1393=AXIS2_PLACEMENT_3D('',#2105,#1746,#1747);
#1394=AXIS2_PLACEMENT_3D('',#2108,#1750,#1751);
#1395=AXIS2_PLACEMENT_3D('',#2112,#1754,#1755);
#1396=AXIS2_PLACEMENT_3D('',#2114,#1757,#1758);
#1397=DIRECTION('axis',(0.,0.,1.));
#1398=DIRECTION('refdir',(1.,0.,0.));
#1399=DIRECTION('center_axis',(0.,1.,0.));
#1400=DIRECTION('ref_axis',(0.,0.,1.));
#1401=DIRECTION('',(1.,0.,0.));
#1402=DIRECTION('',(1.22464679914735E-16,-2.22044604925031E-16,1.));
#1403=DIRECTION('',(-1.,0.,1.22464679914735E-16));
#1404=DIRECTION('',(-1.22464679914735E-16,2.22044604925031E-16,-1.));
#1405=DIRECTION('center_axis',(-1.22464679914735E-16,2.22044604925031E-16,
-1.));
#1406=DIRECTION('ref_axis',(-1.,-2.71926214689378E-32,1.22464679914735E-16));
#1407=DIRECTION('',(2.71926214689378E-32,1.,2.22044604925031E-16));
#1408=DIRECTION('',(-2.71926214689378E-32,-1.,-2.22044604925031E-16));
#1409=DIRECTION('',(1.,2.71926214689378E-32,-1.22464679914735E-16));
#1410=DIRECTION('',(-2.71926214689378E-32,-1.,-4.44089209850063E-16));
#1411=DIRECTION('',(1.,2.71926214689378E-32,-1.22464679914735E-16));
#1412=DIRECTION('center_axis',(1.22464679914735E-16,-2.22044604925031E-16,
1.));
#1413=DIRECTION('ref_axis',(-0.707106781186548,-0.707106781186547,-2.27422886113205E-16));
#1414=DIRECTION('',(0.,-1.,-2.22044604925031E-16));
#1415=DIRECTION('center_axis',(1.22464679914735E-16,-2.22044604925031E-16,
1.));
#1416=DIRECTION('ref_axis',(-0.707106781186548,0.707106781186548,1.38932020913008E-16));
#1417=DIRECTION('',(-1.,-2.71926214689378E-32,1.22464679914735E-16));
#1418=DIRECTION('center_axis',(1.22464679914735E-16,-2.22044604925031E-16,
1.));
#1419=DIRECTION('ref_axis',(0.70710678118655,0.707106781186545,2.27422886113204E-16));
#1420=DIRECTION('',(0.,1.,2.22044604925031E-16));
#1421=DIRECTION('center_axis',(1.22464679914735E-16,-2.22044604925031E-16,
1.));
#1422=DIRECTION('ref_axis',(0.707106781186547,-0.707106781186548,-4.00614097360305E-16));
#1423=DIRECTION('',(1.,2.71926214689378E-32,-1.22464679914735E-16));
#1424=DIRECTION('',(2.71926214689378E-32,1.,4.44089209850063E-16));
#1425=DIRECTION('',(1.,2.71926214689378E-32,-1.22464679914735E-16));
#1426=DIRECTION('',(0.,-1.,-2.22044604925031E-16));
#1427=DIRECTION('',(1.,2.71926214689378E-32,-1.22464679914735E-16));
#1428=DIRECTION('',(0.,1.,2.22044604925031E-16));
#1429=DIRECTION('',(1.,2.71926214689378E-32,-1.22464679914735E-16));
#1430=DIRECTION('center_axis',(1.,0.,0.));
#1431=DIRECTION('ref_axis',(0.,0.,-1.));
#1432=DIRECTION('',(-2.71926214689378E-32,-1.,-4.44089209850063E-16));
#1433=DIRECTION('',(-1.22464679914735E-16,2.22044604925031E-16,-1.));
#1434=DIRECTION('',(-2.71926214689378E-32,-1.,-4.44089209850063E-16));
#1435=DIRECTION('',(-1.22464679914735E-16,4.44089209850063E-16,-1.));
#1436=DIRECTION('',(0.,-1.,-2.22044604925031E-16));
#1437=DIRECTION('',(1.22464679914735E-16,-4.44089209850063E-16,1.));
#1438=DIRECTION('center_axis',(0.,-1.,-2.22044604925031E-16));
#1439=DIRECTION('ref_axis',(-1.,-2.71926214689378E-32,1.22464679914735E-16));
#1440=DIRECTION('',(1.22464679914735E-16,-2.22044604925031E-16,1.));
#1441=DIRECTION('center_axis',(0.,1.,2.22044604925031E-16));
#1442=DIRECTION('ref_axis',(1.,2.71926214689378E-32,-1.22464679914735E-16));
#1443=DIRECTION('',(-1.22464679914735E-16,2.22044604925031E-16,-1.));
#1444=DIRECTION('',(-1.,-2.71926214689378E-32,1.22464679914735E-16));
#1445=DIRECTION('center_axis',(0.,1.,2.22044604925031E-16));
#1446=DIRECTION('ref_axis',(-1.,0.,-1.61012663758566E-47));
#1447=DIRECTION('center_axis',(0.,-1.,-2.22044604925031E-16));
#1448=DIRECTION('ref_axis',(-1.,-2.71926214689378E-32,1.22464679914735E-16));
#1449=DIRECTION('',(-1.22464679914735E-16,2.22044604925031E-16,-1.));
#1450=DIRECTION('',(-1.,-2.71926214689378E-32,1.22464679914735E-16));
#1451=DIRECTION('center_axis',(0.,1.,2.22044604925031E-16));
#1452=DIRECTION('ref_axis',(-1.,0.,-1.61012663758566E-47));
#1453=DIRECTION('center_axis',(1.,2.71926214689378E-32,-1.22464679914735E-16));
#1454=DIRECTION('ref_axis',(-2.71926214689378E-32,-1.,-4.44089209850063E-16));
#1455=DIRECTION('',(2.71926214689378E-32,-1.,-3.33013568423603E-48));
#1456=DIRECTION('',(-1.22464679914735E-16,4.44089209850063E-16,-1.));
#1457=DIRECTION('',(2.71926214689378E-32,1.,4.44089209850063E-16));
#1458=DIRECTION('',(-2.26296479653377E-16,-4.44089209850063E-16,1.));
#1459=DIRECTION('center_axis',(-1.,0.,0.));
#1460=DIRECTION('ref_axis',(0.,0.,1.));
#1461=DIRECTION('',(-1.22464679914735E-16,4.44089209850063E-16,-1.));
#1462=DIRECTION('',(0.,1.,2.22044604925031E-16));
#1463=DIRECTION('',(1.22464679914735E-16,-4.44089209850063E-16,1.));
#1464=DIRECTION('',(2.71926214689378E-32,1.,4.44089209850063E-16));
#1465=DIRECTION('',(0.,1.,0.));
#1466=DIRECTION('center_axis',(-1.,-2.71926214689378E-32,1.22464679914735E-16));
#1467=DIRECTION('ref_axis',(2.71926214689378E-32,1.,4.44089209850063E-16));
#1468=DIRECTION('',(-2.71926214689378E-32,1.,3.33013568423603E-48));
#1469=DIRECTION('',(-1.22464679914735E-16,4.44089209850063E-16,-1.));
#1470=DIRECTION('',(-2.71926214689378E-32,-1.,-4.44089209850063E-16));
#1471=DIRECTION('',(1.22464679914735E-16,-4.44089209850063E-16,1.));
#1472=DIRECTION('center_axis',(0.,1.,0.));
#1473=DIRECTION('ref_axis',(-1.,0.,0.));
#1474=DIRECTION('center_axis',(0.,1.,2.22044604925031E-16));
#1475=DIRECTION('ref_axis',(-1.,0.,0.));
#1476=DIRECTION('',(0.,1.,0.));
#1477=DIRECTION('center_axis',(2.71926214689378E-32,1.,4.44089209850063E-16));
#1478=DIRECTION('ref_axis',(-1.,2.71926214689378E-32,0.));
#1479=DIRECTION('center_axis',(2.71926214689378E-32,1.,4.44089209850063E-16));
#1480=DIRECTION('ref_axis',(-1.,2.71926214689378E-32,0.));
#1481=DIRECTION('center_axis',(-2.71926214689378E-32,-1.,-4.44089209850063E-16));
#1482=DIRECTION('ref_axis',(-1.,0.,-1.61012663758566E-47));
#1483=DIRECTION('center_axis',(0.,1.,0.));
#1484=DIRECTION('ref_axis',(-1.,0.,0.));
#1485=DIRECTION('center_axis',(0.,1.,2.22044604925031E-16));
#1486=DIRECTION('ref_axis',(-1.,0.,0.));
#1487=DIRECTION('',(0.,1.,0.));
#1488=DIRECTION('center_axis',(2.71926214689378E-32,1.,4.44089209850063E-16));
#1489=DIRECTION('ref_axis',(-1.,2.71926214689378E-32,0.));
#1490=DIRECTION('center_axis',(2.71926214689378E-32,1.,4.44089209850063E-16));
#1491=DIRECTION('ref_axis',(-1.,2.71926214689378E-32,0.));
#1492=DIRECTION('center_axis',(-2.71926214689378E-32,-1.,-4.44089209850063E-16));
#1493=DIRECTION('ref_axis',(-1.,0.,-1.61012663758566E-47));
#1494=DIRECTION('center_axis',(0.,1.,5.9211894646675E-16));
#1495=DIRECTION('ref_axis',(-1.,0.,-1.61012663758566E-47));
#1496=DIRECTION('',(0.,1.,5.9211894646675E-16));
#1497=DIRECTION('center_axis',(0.,1.,5.9211894646675E-16));
#1498=DIRECTION('ref_axis',(-1.,0.,-1.61012663758566E-47));
#1499=DIRECTION('',(0.,1.,5.9211894646675E-16));
#1500=DIRECTION('center_axis',(-1.22464679914735E-16,2.22044604925031E-16,
-1.));
#1501=DIRECTION('ref_axis',(-0.707106781186548,-0.707106781186547,-2.27422886113205E-16));
#1502=DIRECTION('',(1.22464679914735E-16,-2.22044604925031E-16,1.));
#1503=DIRECTION('center_axis',(-1.22464679914735E-16,2.22044604925031E-16,
-1.));
#1504=DIRECTION('ref_axis',(-0.707106781186548,-0.707106781186547,-2.27422886113205E-16));
#1505=DIRECTION('',(-1.22464679914735E-16,2.22044604925031E-16,-1.));
#1506=DIRECTION('center_axis',(0.,-1.,-2.22044604925031E-16));
#1507=DIRECTION('ref_axis',(-1.,-2.71926214689378E-32,1.22464679914735E-16));
#1508=DIRECTION('center_axis',(0.,1.,2.22044604925031E-16));
#1509=DIRECTION('ref_axis',(1.,2.71926214689378E-32,-1.22464679914735E-16));
#1510=DIRECTION('',(-1.22464679914735E-16,2.22044604925031E-16,-1.));
#1511=DIRECTION('',(1.,2.71926214689378E-32,-1.22464679914735E-16));
#1512=DIRECTION('center_axis',(-1.22464679914735E-16,2.22044604925031E-16,
-1.));
#1513=DIRECTION('ref_axis',(0.707106781186547,-0.707106781186548,-4.00614097360305E-16));
#1514=DIRECTION('',(1.22464679914735E-16,-2.22044604925031E-16,1.));
#1515=DIRECTION('center_axis',(-1.22464679914735E-16,2.22044604925031E-16,
-1.));
#1516=DIRECTION('ref_axis',(0.707106781186547,-0.707106781186548,-4.00614097360305E-16));
#1517=DIRECTION('center_axis',(1.,2.71926214689378E-32,-1.22464679914735E-16));
#1518=DIRECTION('ref_axis',(-5.47382212626882E-48,-1.,-2.22044604925031E-16));
#1519=DIRECTION('',(-1.22464679914735E-16,2.22044604925031E-16,-1.));
#1520=DIRECTION('',(5.47382212626882E-48,1.,2.22044604925031E-16));
#1521=DIRECTION('center_axis',(-1.22464679914735E-16,2.22044604925031E-16,
-1.));
#1522=DIRECTION('ref_axis',(0.70710678118655,0.707106781186545,2.27422886113204E-16));
#1523=DIRECTION('',(1.22464679914735E-16,-2.22044604925031E-16,1.));
#1524=DIRECTION('center_axis',(-1.22464679914735E-16,2.22044604925031E-16,
-1.));
#1525=DIRECTION('ref_axis',(0.70710678118655,0.707106781186545,2.27422886113204E-16));
#1526=DIRECTION('center_axis',(0.,1.,2.22044604925031E-16));
#1527=DIRECTION('ref_axis',(1.,2.71926214689378E-32,-1.22464679914735E-16));
#1528=DIRECTION('',(-1.22464679914735E-16,2.22044604925031E-16,-1.));
#1529=DIRECTION('',(-1.,-2.71926214689378E-32,1.22464679914735E-16));
#1530=DIRECTION('center_axis',(-1.22464679914735E-16,2.22044604925031E-16,
-1.));
#1531=DIRECTION('ref_axis',(-0.707106781186548,0.707106781186548,1.38932020913008E-16));
#1532=DIRECTION('',(1.22464679914735E-16,-2.22044604925031E-16,1.));
#1533=DIRECTION('center_axis',(-1.22464679914735E-16,2.22044604925031E-16,
-1.));
#1534=DIRECTION('ref_axis',(-0.707106781186548,0.707106781186548,1.38932020913008E-16));
#1535=DIRECTION('center_axis',(-1.,-2.71926214689378E-32,1.22464679914735E-16));
#1536=DIRECTION('ref_axis',(5.47382212626882E-48,1.,2.22044604925031E-16));
#1537=DIRECTION('',(-5.47382212626882E-48,-1.,-2.22044604925031E-16));
#1538=DIRECTION('center_axis',(-1.22464679914735E-16,4.44089209850063E-16,
-1.));
#1539=DIRECTION('ref_axis',(1.,2.71926214689378E-32,-1.22464679914735E-16));
#1540=DIRECTION('',(-1.,0.,0.));
#1541=DIRECTION('center_axis',(-2.71926214689378E-32,-1.,-4.44089209850063E-16));
#1542=DIRECTION('ref_axis',(1.22464679914735E-16,-4.44089209850063E-16,
1.));
#1543=DIRECTION('',(1.,5.43852429378756E-32,-1.22464679914735E-16));
#1544=DIRECTION('center_axis',(-1.22464679914735E-16,4.44089209850063E-16,
-1.));
#1545=DIRECTION('ref_axis',(-1.,-2.71926214689378E-32,1.22464679914735E-16));
#1546=DIRECTION('',(-1.,-2.71926214689378E-32,1.22464679914735E-16));
#1547=DIRECTION('center_axis',(-1.22464679914735E-16,4.44089209850063E-16,
-1.));
#1548=DIRECTION('ref_axis',(-1.,-2.71926214689378E-32,1.22464679914735E-16));
#1549=DIRECTION('',(1.,0.,0.));
#1550=DIRECTION('center_axis',(2.71926214689378E-32,1.,4.44089209850063E-16));
#1551=DIRECTION('ref_axis',(-1.22464679914735E-16,4.44089209850063E-16,
-1.));
#1552=DIRECTION('',(-1.,-5.43852429378756E-32,1.22464679914735E-16));
#1553=DIRECTION('',(-1.,-2.71926214689378E-32,1.22464679914735E-16));
#1554=DIRECTION('center_axis',(-2.71926214689378E-32,-1.,-4.44089209850063E-16));
#1555=DIRECTION('ref_axis',(1.,2.71926214689378E-32,-1.22464679914735E-16));
#1556=DIRECTION('center_axis',(1.22464679914735E-16,-4.44089209850063E-16,
1.));
#1557=DIRECTION('ref_axis',(1.,2.71926214689378E-32,-1.22464679914735E-16));
#1558=DIRECTION('',(1.,2.71926214689378E-32,-1.22464679914735E-16));
#1559=DIRECTION('center_axis',(-2.71926214689378E-32,-1.,-4.44089209850063E-16));
#1560=DIRECTION('ref_axis',(-1.,-2.71926214689378E-32,1.22464679914735E-16));
#1561=DIRECTION('center_axis',(-1.22464679914735E-16,2.22044604925031E-16,
-1.));
#1562=DIRECTION('ref_axis',(-5.47382212626882E-48,-1.,-2.22044604925031E-16));
#1563=DIRECTION('center_axis',(1.22464679914735E-16,-4.44089209850063E-16,
1.));
#1564=DIRECTION('ref_axis',(1.,2.71926214689378E-32,-1.22464679914735E-16));
#1565=DIRECTION('',(-2.71926214689378E-32,-1.,-4.44089209850063E-16));
#1566=DIRECTION('center_axis',(1.22464679914735E-16,-4.44089209850063E-16,
1.));
#1567=DIRECTION('ref_axis',(0.140132727772866,-0.990132727772866,-4.56868570375622E-16));
#1568=DIRECTION('',(-1.,-1.04368791974163E-16,1.22464679914735E-16));
#1569=DIRECTION('center_axis',(1.22464679914735E-16,-4.44089209850063E-16,
1.));
#1570=DIRECTION('ref_axis',(0.140132727772866,-0.990132727772866,-4.56868570375622E-16));
#1571=DIRECTION('center_axis',(1.22464679914735E-16,-4.44089209850063E-16,
1.));
#1572=DIRECTION('ref_axis',(0.140132727772866,-0.990132727772866,-4.56868570375622E-16));
#1573=DIRECTION('',(1.22464679914735E-16,-4.44089209850063E-16,1.));
#1574=DIRECTION('',(1.22464679914735E-16,-4.44089209850063E-16,1.));
#1575=DIRECTION('center_axis',(-1.04368791974163E-16,1.,4.44089209850063E-16));
#1576=DIRECTION('ref_axis',(-1.,-1.04368791974163E-16,1.22464679914735E-16));
#1577=DIRECTION('',(1.22464679914735E-16,-4.44089209850063E-16,1.));
#1578=DIRECTION('',(-1.,-1.04368791974163E-16,1.22464679914735E-16));
#1579=DIRECTION('center_axis',(-1.22464679914735E-16,4.44089209850063E-16,
-1.));
#1580=DIRECTION('ref_axis',(-1.,-2.71926214689378E-32,1.22464679914735E-16));
#1581=DIRECTION('',(2.71926214689378E-32,1.,4.44089209850063E-16));
#1582=DIRECTION('center_axis',(-1.,-2.71926214689378E-32,1.22464679914735E-16));
#1583=DIRECTION('ref_axis',(5.47382212626882E-48,1.,2.22044604925031E-16));
#1584=DIRECTION('center_axis',(1.22464679914735E-16,-4.44089209850063E-16,
1.));
#1585=DIRECTION('ref_axis',(1.,2.71926214689378E-32,-1.22464679914735E-16));
#1586=DIRECTION('',(-2.71926214689378E-32,-1.,-4.44089209850063E-16));
#1587=DIRECTION('',(-1.,0.,0.));
#1588=DIRECTION('center_axis',(1.22464679914735E-16,-4.44089209850063E-16,
1.));
#1589=DIRECTION('ref_axis',(0.97008548931473,0.242763554556693,-1.09925338153833E-17));
#1590=DIRECTION('center_axis',(1.22464679914735E-16,-4.44089209850063E-16,
1.));
#1591=DIRECTION('ref_axis',(0.97008548931473,0.242763554556693,-1.09925338153833E-17));
#1592=DIRECTION('center_axis',(1.22464679914735E-16,-4.44089209850063E-16,
1.));
#1593=DIRECTION('ref_axis',(0.97008548931473,0.242763554556693,-1.09925338153833E-17));
#1594=DIRECTION('',(1.22464679914735E-16,-4.44089209850063E-16,1.));
#1595=DIRECTION('',(1.22464679914735E-16,-4.44089209850063E-16,1.));
#1596=DIRECTION('center_axis',(-1.22464679914735E-16,4.44089209850063E-16,
-1.));
#1597=DIRECTION('ref_axis',(-1.,-2.71926214689378E-32,1.22464679914735E-16));
#1598=DIRECTION('',(2.71926214689378E-32,1.,4.44089209850063E-16));
#1599=DIRECTION('',(1.,2.51174316480619E-16,-1.22464679914735E-16));
#1600=DIRECTION('center_axis',(2.51174316480619E-16,-1.,-4.44089209850063E-16));
#1601=DIRECTION('ref_axis',(1.,2.51174316480619E-16,-1.22464679914735E-16));
#1602=DIRECTION('',(-1.22464679914735E-16,4.44089209850063E-16,-1.));
#1603=DIRECTION('center_axis',(-1.,-2.71926214689378E-32,1.22464679914735E-16));
#1604=DIRECTION('ref_axis',(5.47382212626882E-48,1.,2.22044604925031E-16));
#1605=DIRECTION('center_axis',(0.,0.,-1.));
#1606=DIRECTION('ref_axis',(-1.,0.,0.));
#1607=DIRECTION('',(-1.,0.,0.));
#1608=DIRECTION('',(0.,1.,0.));
#1609=DIRECTION('',(1.,0.,0.));
#1610=DIRECTION('',(0.,-1.,0.));
#1611=DIRECTION('',(-1.,0.,0.));
#1612=DIRECTION('',(0.,1.,0.));
#1613=DIRECTION('',(1.,0.,0.));
#1614=DIRECTION('',(0.,-1.,0.));
#1615=DIRECTION('center_axis',(0.,0.,1.));
#1616=DIRECTION('ref_axis',(-1.,0.,0.));
#1617=DIRECTION('center_axis',(0.,0.,1.));
#1618=DIRECTION('ref_axis',(-1.,0.,0.));
#1619=DIRECTION('center_axis',(0.,0.,1.));
#1620=DIRECTION('ref_axis',(-1.,0.,0.));
#1621=DIRECTION('center_axis',(0.,0.,1.));
#1622=DIRECTION('ref_axis',(-1.,0.,0.));
#1623=DIRECTION('center_axis',(0.,1.,0.));
#1624=DIRECTION('ref_axis',(-1.,0.,0.));
#1625=DIRECTION('',(0.,0.,1.));
#1626=DIRECTION('',(-1.,0.,0.));
#1627=DIRECTION('',(0.,0.,1.));
#1628=DIRECTION('center_axis',(-1.,0.,0.));
#1629=DIRECTION('ref_axis',(0.,-1.,0.));
#1630=DIRECTION('',(0.,-2.22044604925031E-16,1.));
#1631=DIRECTION('',(0.,-1.,0.));
#1632=DIRECTION('center_axis',(0.,0.,-1.));
#1633=DIRECTION('ref_axis',(-1.,0.,0.));
#1634=DIRECTION('center_axis',(0.,0.,1.));
#1635=DIRECTION('ref_axis',(-1.,0.,0.));
#1636=DIRECTION('center_axis',(0.,0.,1.));
#1637=DIRECTION('ref_axis',(-1.,0.,0.));
#1638=DIRECTION('',(0.,0.,1.));
#1639=DIRECTION('center_axis',(0.,0.,-1.));
#1640=DIRECTION('ref_axis',(-1.,0.,0.));
#1641=DIRECTION('center_axis',(0.,0.,1.));
#1642=DIRECTION('ref_axis',(-1.,0.,0.));
#1643=DIRECTION('center_axis',(0.,0.,1.));
#1644=DIRECTION('ref_axis',(-1.,0.,0.));
#1645=DIRECTION('',(0.,0.,1.));
#1646=DIRECTION('center_axis',(0.,0.,-1.));
#1647=DIRECTION('ref_axis',(-1.,0.,0.));
#1648=DIRECTION('center_axis',(0.,0.,1.));
#1649=DIRECTION('ref_axis',(-1.,0.,0.));
#1650=DIRECTION('center_axis',(0.,0.,1.));
#1651=DIRECTION('ref_axis',(-1.,0.,0.));
#1652=DIRECTION('',(0.,0.,1.));
#1653=DIRECTION('center_axis',(0.,0.,-1.));
#1654=DIRECTION('ref_axis',(-1.,0.,0.));
#1655=DIRECTION('center_axis',(0.,0.,1.));
#1656=DIRECTION('ref_axis',(-1.,0.,0.));
#1657=DIRECTION('center_axis',(0.,0.,1.));
#1658=DIRECTION('ref_axis',(-1.,0.,0.));
#1659=DIRECTION('',(0.,0.,1.));
#1660=DIRECTION('center_axis',(2.71926214689378E-32,1.,4.44089209850063E-16));
#1661=DIRECTION('ref_axis',(-1.,2.71926214689378E-32,0.));
#1662=DIRECTION('center_axis',(2.71926214689378E-32,1.,4.44089209850063E-16));
#1663=DIRECTION('ref_axis',(-1.,2.71926214689378E-32,0.));
#1664=DIRECTION('center_axis',(0.,1.,5.9211894646675E-16));
#1665=DIRECTION('ref_axis',(-1.,0.,-1.61012663758566E-47));
#1666=DIRECTION('center_axis',(0.,-1.,-2.22044604925031E-16));
#1667=DIRECTION('ref_axis',(-1.,0.,-1.61012663758566E-47));
#1668=DIRECTION('',(0.,1.,5.9211894646675E-16));
#1669=DIRECTION('center_axis',(2.71926214689378E-32,1.,4.44089209850063E-16));
#1670=DIRECTION('ref_axis',(-1.,2.71926214689378E-32,0.));
#1671=DIRECTION('center_axis',(2.71926214689378E-32,1.,4.44089209850063E-16));
#1672=DIRECTION('ref_axis',(-1.,2.71926214689378E-32,0.));
#1673=DIRECTION('center_axis',(0.,1.,5.9211894646675E-16));
#1674=DIRECTION('ref_axis',(-1.,0.,-1.61012663758566E-47));
#1675=DIRECTION('center_axis',(0.,-1.,-2.22044604925031E-16));
#1676=DIRECTION('ref_axis',(-1.,0.,-1.61012663758566E-47));
#1677=DIRECTION('',(0.,1.,5.9211894646675E-16));
#1678=DIRECTION('center_axis',(-1.,0.,0.));
#1679=DIRECTION('ref_axis',(0.,-0.707106781186547,-0.707106781186547));
#1680=DIRECTION('center_axis',(1.,0.,0.));
#1681=DIRECTION('ref_axis',(0.,-0.707106781186547,-0.707106781186547));
#1682=DIRECTION('',(-1.,0.,0.));
#1683=DIRECTION('center_axis',(-1.,0.,0.));
#1684=DIRECTION('ref_axis',(0.,-0.707106781186547,-0.707106781186547));
#1685=DIRECTION('center_axis',(0.,1.,0.));
#1686=DIRECTION('ref_axis',(-1.,0.,0.));
#1687=DIRECTION('',(1.,0.,0.));
#1688=DIRECTION('',(0.,2.22044604925031E-16,-1.));
#1689=DIRECTION('',(1.,0.,0.));
#1690=DIRECTION('',(0.,2.22044604925031E-16,-1.));
#1691=DIRECTION('',(0.,-2.22044604925031E-16,1.));
#1692=DIRECTION('',(0.,2.22044604925031E-16,-1.));
#1693=DIRECTION('',(1.,0.,0.));
#1694=DIRECTION('',(0.,-2.22044604925031E-16,1.));
#1695=DIRECTION('center_axis',(1.,0.,0.));
#1696=DIRECTION('ref_axis',(0.,-0.707106781186547,0.707106781186547));
#1697=DIRECTION('center_axis',(-1.,0.,0.));
#1698=DIRECTION('ref_axis',(0.,-0.707106781186547,0.707106781186547));
#1699=DIRECTION('center_axis',(1.,0.,0.));
#1700=DIRECTION('ref_axis',(0.,-0.707106781186547,0.707106781186547));
#1701=DIRECTION('',(-1.,0.,0.));
#1702=DIRECTION('center_axis',(1.,0.,0.));
#1703=DIRECTION('ref_axis',(0.,1.,0.));
#1704=DIRECTION('',(0.,-1.,0.));
#1705=DIRECTION('center_axis',(1.,0.,0.));
#1706=DIRECTION('ref_axis',(0.,1.,0.));
#1707=DIRECTION('center_axis',(0.,0.,1.));
#1708=DIRECTION('ref_axis',(1.,0.,0.));
#1709=DIRECTION('',(0.,1.,0.));
#1710=DIRECTION('',(0.,1.,0.));
#1711=DIRECTION('center_axis',(1.,0.,0.));
#1712=DIRECTION('ref_axis',(0.,1.,0.));
#1713=DIRECTION('center_axis',(-1.,0.,0.));
#1714=DIRECTION('ref_axis',(0.,-1.,0.));
#1715=DIRECTION('center_axis',(-1.,0.,0.));
#1716=DIRECTION('ref_axis',(0.,-1.,0.));
#1717=DIRECTION('center_axis',(-2.71926214689378E-32,-1.,-4.44089209850063E-16));
#1718=DIRECTION('ref_axis',(1.,2.71926214689378E-32,-1.22464679914735E-16));
#1719=DIRECTION('',(1.22464679914735E-16,-4.44089209850063E-16,1.));
#1720=DIRECTION('',(1.,2.71926214689378E-32,-1.22464679914735E-16));
#1721=DIRECTION('',(1.22464679914735E-16,-4.44089209850063E-16,1.));
#1722=DIRECTION('',(1.,2.71926214689378E-32,-1.22464679914735E-16));
#1723=DIRECTION('center_axis',(1.22464679914735E-16,-4.44089209850063E-16,
1.));
#1724=DIRECTION('ref_axis',(1.,2.71926214689378E-32,-1.22464679914735E-16));
#1725=DIRECTION('',(2.71926214689378E-32,1.,4.44089209850063E-16));
#1726=DIRECTION('center_axis',(1.22464679914735E-16,-4.44089209850063E-16,
1.));
#1727=DIRECTION('ref_axis',(-0.120085489314731,0.992763554556694,4.55581813522355E-16));
#1728=DIRECTION('center_axis',(1.22464679914735E-16,-4.44089209850063E-16,
1.));
#1729=DIRECTION('ref_axis',(-0.120085489314731,0.992763554556694,4.55581813522355E-16));
#1730=DIRECTION('center_axis',(1.22464679914735E-16,-4.44089209850063E-16,
1.));
#1731=DIRECTION('ref_axis',(-0.120085489314731,0.992763554556694,4.55581813522355E-16));
#1732=DIRECTION('',(1.22464679914735E-16,-4.44089209850063E-16,1.));
#1733=DIRECTION('center_axis',(-1.22464679914735E-16,4.44089209850063E-16,
-1.));
#1734=DIRECTION('ref_axis',(-1.,-2.71926214689378E-32,1.22464679914735E-16));
#1735=DIRECTION('',(-2.71926214689378E-32,-1.,-4.44089209850063E-16));
#1736=DIRECTION('center_axis',(1.,2.71926214689378E-32,-1.22464679914735E-16));
#1737=DIRECTION('ref_axis',(-5.47382212626882E-48,-1.,-2.22044604925031E-16));
#1738=DIRECTION('center_axis',(1.22464679914735E-16,-4.44089209850063E-16,
1.));
#1739=DIRECTION('ref_axis',(1.,2.71926214689378E-32,-1.22464679914735E-16));
#1740=DIRECTION('',(2.71926214689378E-32,1.,4.44089209850063E-16));
#1741=DIRECTION('',(1.,0.,0.));
#1742=DIRECTION('center_axis',(1.22464679914735E-16,-4.44089209850063E-16,
1.));
#1743=DIRECTION('ref_axis',(-0.990132727772866,-0.140132727772865,5.9024855229022E-17));
#1744=DIRECTION('center_axis',(1.22464679914735E-16,-4.44089209850063E-16,
1.));
#1745=DIRECTION('ref_axis',(-0.990132727772866,-0.140132727772865,5.9024855229022E-17));
#1746=DIRECTION('center_axis',(1.22464679914735E-16,-4.44089209850063E-16,
1.));
#1747=DIRECTION('ref_axis',(-0.990132727772866,-0.140132727772865,5.9024855229022E-17));
#1748=DIRECTION('',(1.22464679914735E-16,-4.44089209850063E-16,1.));
#1749=DIRECTION('',(1.22464679914735E-16,-4.44089209850063E-16,1.));
#1750=DIRECTION('center_axis',(-1.22464679914735E-16,4.44089209850063E-16,
-1.));
#1751=DIRECTION('ref_axis',(-1.,-2.71926214689378E-32,1.22464679914735E-16));
#1752=DIRECTION('',(-2.71926214689378E-32,-1.,-4.44089209850063E-16));
#1753=DIRECTION('',(-1.,-1.04368791974163E-16,1.22464679914735E-16));
#1754=DIRECTION('center_axis',(-1.04368791974163E-16,1.,4.44089209850063E-16));
#1755=DIRECTION('ref_axis',(-1.,-1.04368791974163E-16,1.22464679914735E-16));
#1756=DIRECTION('',(-1.22464679914735E-16,4.44089209850063E-16,-1.));
#1757=DIRECTION('center_axis',(1.,2.71926214689378E-32,-1.22464679914735E-16));
#1758=DIRECTION('ref_axis',(-5.47382212626882E-48,-1.,-2.22044604925031E-16));
#1759=CARTESIAN_POINT('',(0.,0.,0.));
#1760=CARTESIAN_POINT('Origin',(-83.9856532931454,111.9,29.9528009145495));
#1761=CARTESIAN_POINT('',(-84.1856532931454,111.9,28.6528009145495));
#1762=CARTESIAN_POINT('',(86.4143467068546,111.9,28.6528009145495));
#1763=CARTESIAN_POINT('',(-83.9856532931454,111.9,28.6528009145495));
#1764=CARTESIAN_POINT('',(-84.1856532931454,111.9,9.95280091454949));
#1765=CARTESIAN_POINT('',(-84.1856532931454,111.9,29.9528009145495));
#1766=CARTESIAN_POINT('',(86.4143467068546,111.9,9.95280091454947));
#1767=CARTESIAN_POINT('',(-41.4356532931454,111.9,9.95280091454948));
#1768=CARTESIAN_POINT('',(86.4143467068546,111.9,29.9528009145495));
#1769=CARTESIAN_POINT('Origin',(1.1143467068546,56.1,9.95280091454947));
#1770=CARTESIAN_POINT('',(86.4143467068546,0.300000000000011,9.95280091454944));
#1771=CARTESIAN_POINT('',(86.4143467068546,83.9,9.95280091454946));
#1772=CARTESIAN_POINT('',(-84.1856532931454,0.300000000000007,9.95280091454946));
#1773=CARTESIAN_POINT('',(-84.1856532931454,83.9,9.95280091454948));
#1774=CARTESIAN_POINT('',(-32.0491307930348,0.300000000000018,9.95280091454946));
#1775=CARTESIAN_POINT('',(43.6643467068546,0.300000000000014,9.95280091454945));
#1776=CARTESIAN_POINT('',(-32.0491307930348,-4.49999999999999,9.95280091454945));
#1777=CARTESIAN_POINT('',(-32.0491307930348,0.50000000000002,9.95280091454946));
#1778=CARTESIAN_POINT('',(-80.9856532931454,-4.49999999999999,9.95280091454946));
#1779=CARTESIAN_POINT('',(43.6643467068546,-4.49999999999999,9.95280091454944));
#1780=CARTESIAN_POINT('',(-86.9856532931454,1.50000000000002,9.95280091454946));
#1781=CARTESIAN_POINT('Origin',(-80.9856532931454,1.50000000000002,9.95280091454946));
#1782=CARTESIAN_POINT('',(-86.9856532931454,108.7,9.95280091454948));
#1783=CARTESIAN_POINT('',(-86.9856532931454,28.3,9.95280091454947));
#1784=CARTESIAN_POINT('',(-80.9856532931454,114.7,9.95280091454949));
#1785=CARTESIAN_POINT('Origin',(-80.9856532931454,108.7,9.95280091454949));
#1786=CARTESIAN_POINT('',(83.2143467068546,114.7,9.95280091454947));
#1787=CARTESIAN_POINT('',(-41.4356532931454,114.7,9.95280091454948));
#1788=CARTESIAN_POINT('',(89.2143467068546,108.7,9.95280091454947));
#1789=CARTESIAN_POINT('Origin',(83.2143467068546,108.7,9.95280091454947));
#1790=CARTESIAN_POINT('',(89.2143467068546,1.50000000000003,9.95280091454944));
#1791=CARTESIAN_POINT('',(89.2143467068546,83.9,9.95280091454946));
#1792=CARTESIAN_POINT('',(83.2143467068546,-4.49999999999999,9.95280091454944));
#1793=CARTESIAN_POINT('Origin',(83.2143467068546,1.50000000000001,9.95280091454944));
#1794=CARTESIAN_POINT('',(-24.0491307930348,-4.49999999999999,9.95280091454945));
#1795=CARTESIAN_POINT('',(43.6643467068546,-4.49999999999999,9.95280091454944));
#1796=CARTESIAN_POINT('',(-24.0491307930348,0.300000000000018,9.95280091454946));
#1797=CARTESIAN_POINT('',(-24.0491307930348,0.50000000000002,9.95280091454946));
#1798=CARTESIAN_POINT('',(-4.08565329314539,0.300000000000022,9.95280091454945));
#1799=CARTESIAN_POINT('',(43.6643467068546,0.300000000000014,9.95280091454945));
#1800=CARTESIAN_POINT('',(-4.08565329314539,-1.49999999999998,9.95280091454945));
#1801=CARTESIAN_POINT('',(-4.08565329314539,27.3,9.95280091454946));
#1802=CARTESIAN_POINT('',(6.35168678426378,-1.49999999999998,9.95280091454945));
#1803=CARTESIAN_POINT('',(3.7330167455592,-1.49999999999998,9.95280091454945));
#1804=CARTESIAN_POINT('',(6.3516867842638,0.300000000000016,9.95280091454945));
#1805=CARTESIAN_POINT('',(6.35168678426378,28.3,9.95280091454946));
#1806=CARTESIAN_POINT('',(43.6643467068546,0.300000000000013,9.95280091454945));
#1807=CARTESIAN_POINT('Origin',(86.4143467068546,111.7,29.9528009145495));
#1808=CARTESIAN_POINT('',(86.4143467068546,109.7,28.6528009145495));
#1809=CARTESIAN_POINT('',(86.4143467068546,111.7,28.6528009145495));
#1810=CARTESIAN_POINT('',(86.4143467068546,0.300000000000011,28.6528009145494));
#1811=CARTESIAN_POINT('',(86.4143467068546,0.300000000000011,29.9528009145494));
#1812=CARTESIAN_POINT('',(86.4143467068546,3.50000000000001,28.6528009145494));
#1813=CARTESIAN_POINT('',(86.4143467068546,56.1,28.6528009145495));
#1814=CARTESIAN_POINT('',(86.4143467068546,3.50000000000001,29.9528009145494));
#1815=CARTESIAN_POINT('',(86.4143467068546,3.50000000000001,29.6278009145494));
#1816=CARTESIAN_POINT('',(86.4143467068546,109.7,29.9528009145495));
#1817=CARTESIAN_POINT('',(86.4143467068546,83.9,29.9528009145495));
#1818=CARTESIAN_POINT('',(86.4143467068546,109.7,29.6278009145495));
#1819=CARTESIAN_POINT('Origin',(86.2143467068546,0.300000000000011,29.9528009145494));
#1820=CARTESIAN_POINT('',(-4.08565329314538,0.30000000000001,28.6528009145495));
#1821=CARTESIAN_POINT('',(-4.08565329314539,0.300000000000011,29.2528009145494));
#1822=CARTESIAN_POINT('Origin',(-28.0491307930348,0.30000000000002,9.95280091454946));
#1823=CARTESIAN_POINT('',(-84.1856532931454,0.300000000000007,28.6528009145495));
#1824=CARTESIAN_POINT('',(-84.1856532931454,0.300000000000011,29.9528009145495));
#1825=CARTESIAN_POINT('',(41.0643467068546,0.300000000000011,28.6528009145495));
#1826=CARTESIAN_POINT('',(-7.76250904452106,0.300000000000023,22.6056018290989));
#1827=CARTESIAN_POINT('Origin',(-9.76250904452106,0.300000000000016,22.6056018290989));
#1828=CARTESIAN_POINT('Origin',(86.2143467068546,0.300000000000011,29.9528009145494));
#1829=CARTESIAN_POINT('',(6.35168678426378,0.30000000000001,28.6528009145495));
#1830=CARTESIAN_POINT('',(6.3516867842638,0.300000000000011,29.2528009145494));
#1831=CARTESIAN_POINT('',(86.2143467068546,0.300000000000011,28.6528009145494));
#1832=CARTESIAN_POINT('',(13.2374909554789,0.300000000000023,22.6056018290989));
#1833=CARTESIAN_POINT('Origin',(11.2374909554789,0.300000000000016,22.6056018290989));
#1834=CARTESIAN_POINT('Origin',(6.3516867842638,0.500000000000014,28.5528009145494));
#1835=CARTESIAN_POINT('',(6.35168678426378,3.50000000000001,28.6528009145495));
#1836=CARTESIAN_POINT('',(6.3516867842638,0.500000000000013,28.6528009145495));
#1837=CARTESIAN_POINT('',(6.3516867842638,-1.49999999999999,29.0528009145494));
#1838=CARTESIAN_POINT('',(6.3516867842638,-1.49999999999999,28.5528009145494));
#1839=CARTESIAN_POINT('',(6.3516867842638,3.50000000000001,29.0528009145494));
#1840=CARTESIAN_POINT('',(6.3516867842638,0.500000000000009,29.0528009145494));
#1841=CARTESIAN_POINT('',(6.3516867842638,3.50000000000002,9.95280091454945));
#1842=CARTESIAN_POINT('Origin',(-84.1856532931454,0.500000000000007,29.9528009145495));
#1843=CARTESIAN_POINT('',(-84.1856532931454,109.7,29.9528009145495));
#1844=CARTESIAN_POINT('',(-84.1856532931454,109.7,28.6528009145495));
#1845=CARTESIAN_POINT('',(-84.1856532931454,109.7,29.6278009145495));
#1846=CARTESIAN_POINT('',(-84.1856532931454,3.50000000000001,29.9528009145495));
#1847=CARTESIAN_POINT('',(-84.1856532931454,28.3,29.9528009145495));
#1848=CARTESIAN_POINT('',(-84.1856532931454,3.50000000000001,28.6528009145495));
#1849=CARTESIAN_POINT('',(-84.1856532931454,3.50000000000001,29.6278009145495));
#1850=CARTESIAN_POINT('',(-84.1856532931454,0.500000000000006,28.6528009145495));
#1851=CARTESIAN_POINT('',(-84.1856532931454,111.7,28.6528009145495));
#1852=CARTESIAN_POINT('Origin',(-4.08565329314539,-1.49999999999999,28.5528009145494));
#1853=CARTESIAN_POINT('',(-4.08565329314538,3.50000000000001,28.6528009145495));
#1854=CARTESIAN_POINT('',(-4.08565329314539,-0.499999999999987,28.6528009145495));
#1855=CARTESIAN_POINT('',(-4.08565329314539,3.50000000000001,29.0528009145494));
#1856=CARTESIAN_POINT('',(-4.08565329314539,3.50000000000001,29.0528009145494));
#1857=CARTESIAN_POINT('',(-4.08565329314539,-1.49999999999999,29.0528009145494));
#1858=CARTESIAN_POINT('',(-4.08565329314539,-1.49999999999999,29.0528009145494));
#1859=CARTESIAN_POINT('',(-4.08565329314539,-1.49999999999999,28.5528009145494));
#1860=CARTESIAN_POINT('Origin',(-9.76250904452106,-4.49999999999999,22.6056018290989));
#1861=CARTESIAN_POINT('',(-7.26250904452106,-4.49999999999999,22.6056018290989));
#1862=CARTESIAN_POINT('Origin',(-9.76250904452106,-4.49999999999999,22.6056018290989));
#1863=CARTESIAN_POINT('',(-7.26250904452106,-1.99999999999999,22.6056018290989));
#1864=CARTESIAN_POINT('',(-7.26250904452106,-4.49999999999999,22.6056018290989));
#1865=CARTESIAN_POINT('Origin',(-9.76250904452106,-1.99999999999999,22.6056018290989));
#1866=CARTESIAN_POINT('Origin',(-9.76250904452106,-1.99999999999999,22.6056018290989));
#1867=CARTESIAN_POINT('',(-7.76250904452106,-1.99999999999999,22.6056018290989));
#1868=CARTESIAN_POINT('Origin',(-9.76250904452106,-1.99999999999999,22.6056018290989));
#1869=CARTESIAN_POINT('Origin',(11.2374909554789,-4.49999999999999,22.6056018290989));
#1870=CARTESIAN_POINT('',(13.7374909554789,-4.49999999999999,22.6056018290989));
#1871=CARTESIAN_POINT('Origin',(11.2374909554789,-4.49999999999999,22.6056018290989));
#1872=CARTESIAN_POINT('',(13.7374909554789,-1.99999999999999,22.6056018290989));
#1873=CARTESIAN_POINT('',(13.7374909554789,-4.49999999999999,22.6056018290989));
#1874=CARTESIAN_POINT('Origin',(11.2374909554789,-1.99999999999999,22.6056018290989));
#1875=CARTESIAN_POINT('Origin',(11.2374909554789,-1.99999999999999,22.6056018290989));
#1876=CARTESIAN_POINT('',(13.2374909554789,-1.99999999999999,22.6056018290989));
#1877=CARTESIAN_POINT('Origin',(11.2374909554789,-1.99999999999999,22.6056018290989));
#1878=CARTESIAN_POINT('Origin',(11.2374909554789,-4.49999999999999,22.6056018290989));
#1879=CARTESIAN_POINT('',(13.2374909554789,-4.49999999999999,22.6056018290989));
#1880=CARTESIAN_POINT('Origin',(-9.76250904452106,-4.49999999999999,22.6056018290989));
#1881=CARTESIAN_POINT('',(-7.76250904452106,-4.49999999999999,22.6056018290989));
#1882=CARTESIAN_POINT('Origin',(-80.9856532931454,1.50000000000001,29.9528009145495));
#1883=CARTESIAN_POINT('',(-80.9856532931454,-4.49999999999999,29.9528009145495));
#1884=CARTESIAN_POINT('',(-80.9856532931454,-4.49999999999999,29.9528009145495));
#1885=CARTESIAN_POINT('',(-86.9856532931454,1.50000000000001,29.9528009145495));
#1886=CARTESIAN_POINT('Origin',(-80.9856532931454,1.50000000000001,29.9528009145495));
#1887=CARTESIAN_POINT('',(-86.9856532931454,1.50000000000001,29.9528009145495));
#1888=CARTESIAN_POINT('Origin',(86.2143467068546,-4.49999999999999,29.9528009145494));
#1889=CARTESIAN_POINT('Origin',(-28.0491307930348,-4.49999999999998,9.95280091454945));
#1890=CARTESIAN_POINT('',(83.2143467068546,-4.49999999999999,29.9528009145494));
#1891=CARTESIAN_POINT('',(83.2143467068546,-4.49999999999999,29.9528009145494));
#1892=CARTESIAN_POINT('',(43.6643467068546,-4.49999999999999,29.9528009145494));
#1893=CARTESIAN_POINT('Origin',(83.2143467068546,1.50000000000001,29.9528009145494));
#1894=CARTESIAN_POINT('',(89.2143467068546,1.5,29.9528009145494));
#1895=CARTESIAN_POINT('',(89.2143467068546,1.50000000000001,29.9528009145494));
#1896=CARTESIAN_POINT('Origin',(83.2143467068546,1.50000000000001,29.9528009145494));
#1897=CARTESIAN_POINT('Origin',(89.2143467068546,111.7,29.9528009145495));
#1898=CARTESIAN_POINT('',(89.2143467068546,108.7,29.9528009145495));
#1899=CARTESIAN_POINT('',(89.2143467068546,108.7,29.9528009145495));
#1900=CARTESIAN_POINT('',(89.2143467068546,83.9,29.9528009145495));
#1901=CARTESIAN_POINT('Origin',(83.2143467068546,108.7,29.9528009145495));
#1902=CARTESIAN_POINT('',(83.2143467068546,114.7,29.9528009145495));
#1903=CARTESIAN_POINT('',(83.2143467068546,114.7,29.9528009145495));
#1904=CARTESIAN_POINT('Origin',(83.2143467068546,108.7,29.9528009145495));
#1905=CARTESIAN_POINT('Origin',(-83.9856532931454,114.7,29.9528009145495));
#1906=CARTESIAN_POINT('',(-80.9856532931454,114.7,29.9528009145495));
#1907=CARTESIAN_POINT('',(-80.9856532931454,114.7,29.9528009145495));
#1908=CARTESIAN_POINT('',(-41.4356532931454,114.7,29.9528009145495));
#1909=CARTESIAN_POINT('Origin',(-80.9856532931454,108.7,29.9528009145495));
#1910=CARTESIAN_POINT('',(-86.9856532931454,108.7,29.9528009145495));
#1911=CARTESIAN_POINT('',(-86.9856532931454,108.7,29.9528009145495));
#1912=CARTESIAN_POINT('Origin',(-80.9856532931454,108.7,29.9528009145495));
#1913=CARTESIAN_POINT('Origin',(-86.9856532931454,0.500000000000002,29.9528009145495));
#1914=CARTESIAN_POINT('',(-86.9856532931454,28.3,29.9528009145495));
#1915=CARTESIAN_POINT('Origin',(-83.9856532931454,111.7,28.6528009145495));
#1916=CARTESIAN_POINT('',(-83.9856532931454,109.7,28.6528009145495));
#1917=CARTESIAN_POINT('Origin',(1.1143467068546,109.7,29.3028009145495));
#1918=CARTESIAN_POINT('',(43.6643467068546,109.7,29.9528009145495));
#1919=CARTESIAN_POINT('Origin',(-4.08565329314538,0.50000000000001,28.6528009145495));
#1920=CARTESIAN_POINT('',(86.2143467068546,3.50000000000001,28.6528009145494));
#1921=CARTESIAN_POINT('Origin',(86.2143467068546,0.50000000000001,28.6528009145494));
#1922=CARTESIAN_POINT('',(86.2143467068546,3.50000000000001,28.6528009145494));
#1923=CARTESIAN_POINT('Origin',(1.1143467068546,3.50000000000001,29.3028009145495));
#1924=CARTESIAN_POINT('',(-41.4356532931454,3.50000000000001,29.9528009145495));
#1925=CARTESIAN_POINT('',(6.3516867842638,3.50000000000001,29.0528009145494));
#1926=CARTESIAN_POINT('Origin',(-28.0491307930348,0.500000000000018,9.95280091454946));
#1927=CARTESIAN_POINT('Origin',(1.1330167455592,-0.499999999999986,29.0528009145494));
#1928=CARTESIAN_POINT('',(6.3516867842638,-1.49999999999999,29.0528009145494));
#1929=CARTESIAN_POINT('Origin',(6.3516867842638,-1.49999999999999,28.5528009145494));
#1930=CARTESIAN_POINT('Origin',(1.1143467068546,56.1,29.9528009145495));
#1931=CARTESIAN_POINT('Origin',(-75.4856532931454,103.2,13.4428009145495));
#1932=CARTESIAN_POINT('',(-83.9856532931454,111.7,13.4428009145495));
#1933=CARTESIAN_POINT('',(-83.9856532931454,94.7000000000001,13.4428009145495));
#1934=CARTESIAN_POINT('',(-83.9856532931454,51.85,13.4428009145495));
#1935=CARTESIAN_POINT('',(-66.9856532931454,111.7,13.4428009145495));
#1936=CARTESIAN_POINT('Origin',(-86.7883078486027,114.502654555457,13.4428009145495));
#1937=CARTESIAN_POINT('',(-71.2356532931454,111.7,13.4428009145495));
#1938=CARTESIAN_POINT('Origin',(-86.7883078486027,114.502654555457,9.95280091454951));
#1939=CARTESIAN_POINT('',(-83.9856532931454,94.7000000000001,9.9528009145495));
#1940=CARTESIAN_POINT('',(-66.9856532931454,111.7,9.95280091454951));
#1941=CARTESIAN_POINT('Origin',(-86.7883078486027,114.502654555457,9.95280091454951));
#1942=CARTESIAN_POINT('',(-66.9856532931454,111.7,9.95280091454951));
#1943=CARTESIAN_POINT('',(-83.9856532931454,94.7000000000001,9.9528009145495));
#1944=CARTESIAN_POINT('Origin',(-66.9856532931454,111.7,9.95280091454951));
#1945=CARTESIAN_POINT('',(-83.9856532931454,111.7,9.95280091454949));
#1946=CARTESIAN_POINT('',(-83.9856532931454,111.7,19.9528009145495));
#1947=CARTESIAN_POINT('',(86.2143467068546,111.7,9.95280091454949));
#1948=CARTESIAN_POINT('Origin',(-75.4856532931454,103.2,9.9528009145495));
#1949=CARTESIAN_POINT('',(-83.9856532931454,51.85,9.95280091454948));
#1950=CARTESIAN_POINT('Origin',(-83.9856532931454,0.500000000000002,29.9528009145495));
#1951=CARTESIAN_POINT('Origin',(-75.4856532931454,8.00000000000002,13.4428009145495));
#1952=CARTESIAN_POINT('',(-83.9856532931454,15.5,13.4428009145495));
#1953=CARTESIAN_POINT('',(-83.9856532931454,0.500000000000015,13.4428009145495));
#1954=CARTESIAN_POINT('',(-83.9856532931454,4.25000000000001,13.4428009145495));
#1955=CARTESIAN_POINT('',(-66.9856532931454,0.500000000000014,13.4428009145495));
#1956=CARTESIAN_POINT('',(-83.9856532931454,0.500000000000009,13.4428009145495));
#1957=CARTESIAN_POINT('Origin',(-86.38736307944,-4.35527109113386,13.4428009145495));
#1958=CARTESIAN_POINT('Origin',(-86.38736307944,-4.35527109113385,9.95280091454946));
#1959=CARTESIAN_POINT('',(-66.9856532931454,0.500000000000016,9.95280091454946));
#1960=CARTESIAN_POINT('',(-83.9856532931454,15.5,9.95280091454947));
#1961=CARTESIAN_POINT('Origin',(-86.38736307944,-4.35527109113385,9.95280091454946));
#1962=CARTESIAN_POINT('',(-83.9856532931454,15.5,9.95280091454947));
#1963=CARTESIAN_POINT('',(-66.9856532931454,0.500000000000016,9.95280091454946));
#1964=CARTESIAN_POINT('Origin',(-75.4856532931454,8.00000000000002,9.95280091454946));
#1965=CARTESIAN_POINT('',(-83.9856532931454,0.500000000000016,9.95280091454946));
#1966=CARTESIAN_POINT('',(-83.9856532931454,4.25000000000002,9.95280091454946));
#1967=CARTESIAN_POINT('',(-83.9856532931454,0.500000000000011,9.95280091454946));
#1968=CARTESIAN_POINT('Origin',(-83.9856532931454,0.500000000000011,9.95280091454946));
#1969=CARTESIAN_POINT('',(-83.9856532931454,0.500000000000007,19.9528009145495));
#1970=CARTESIAN_POINT('Origin',(-83.9856532931454,0.500000000000002,29.9528009145495));
#1971=CARTESIAN_POINT('Origin',(0.7370629464228,13.7246918168822,19.6056018290989));
#1972=CARTESIAN_POINT('',(-4.08565329314538,0.500000000000014,19.6056018290989));
#1973=CARTESIAN_POINT('',(-14.7629370535772,0.500000000000014,19.6056018290989));
#1974=CARTESIAN_POINT('',(43.4757048266387,0.500000000000014,19.6056018290989));
#1975=CARTESIAN_POINT('',(-14.7629370535772,26.8993836337644,19.6056018290989));
#1976=CARTESIAN_POINT('',(-14.7629370535772,0.500000000000025,19.6056018290989));
#1977=CARTESIAN_POINT('',(16.2370629464228,26.8993836337644,19.6056018290989));
#1978=CARTESIAN_POINT('',(-14.7629370535772,26.8993836337644,19.6056018290989));
#1979=CARTESIAN_POINT('',(16.2370629464228,0.500000000000016,19.6056018290989));
#1980=CARTESIAN_POINT('',(16.2370629464228,26.8993836337644,19.6056018290989));
#1981=CARTESIAN_POINT('',(6.3516867842638,0.500000000000014,19.6056018290989));
#1982=CARTESIAN_POINT('',(43.4757048266387,0.500000000000014,19.6056018290989));
#1983=CARTESIAN_POINT('',(6.3516867842638,3.00000000000002,19.6056018290989));
#1984=CARTESIAN_POINT('',(6.3516867842638,6.11234590844112,19.6056018290989));
#1985=CARTESIAN_POINT('',(-4.0856532931454,3.00000000000002,19.6056018290989));
#1986=CARTESIAN_POINT('',(3.5443748653433,3.00000000000002,19.6056018290989));
#1987=CARTESIAN_POINT('',(-4.0856532931454,7.11234590844111,19.6056018290989));
#1988=CARTESIAN_POINT('',(13.4352621015535,24.3303859901524,19.6056018290989));
#1989=CARTESIAN_POINT('Origin',(11.4352621015535,24.3303859901524,19.6056018290989));
#1990=CARTESIAN_POINT('',(-7.85570052775738,24.3303859901525,19.6056018290989));
#1991=CARTESIAN_POINT('Origin',(-9.85570052775738,24.3303859901525,19.6056018290989));
#1992=CARTESIAN_POINT('',(13.38235062263,6.67291333154066,19.6056018290989));
#1993=CARTESIAN_POINT('Origin',(11.38235062263,6.67291333154066,19.6056018290989));
#1994=CARTESIAN_POINT('',(-7.90861200668098,6.67291333154076,19.6056018290989));
#1995=CARTESIAN_POINT('Origin',(-9.90861200668098,6.67291333154076,19.6056018290989));
#1996=CARTESIAN_POINT('Origin',(16.2370629464228,26.8993836337644,19.6056018290989));
#1997=CARTESIAN_POINT('',(-14.7629370535772,26.8993836337644,25.6056018290989));
#1998=CARTESIAN_POINT('',(-14.7629370535772,26.8993836337644,19.6056018290989));
#1999=CARTESIAN_POINT('',(16.2370629464228,26.8993836337644,25.6056018290989));
#2000=CARTESIAN_POINT('',(-14.7629370535772,26.8993836337644,25.6056018290989));
#2001=CARTESIAN_POINT('',(16.2370629464228,26.8993836337644,19.6056018290989));
#2002=CARTESIAN_POINT('Origin',(-14.7629370535772,26.8993836337644,19.6056018290989));
#2003=CARTESIAN_POINT('',(-14.7629370535772,0.500000000000012,25.6056018290989));
#2004=CARTESIAN_POINT('',(-14.7629370535772,0.500000000000014,24.7792013718242));
#2005=CARTESIAN_POINT('',(-14.7629370535772,0.500000000000025,25.6056018290989));
#2006=CARTESIAN_POINT('Origin',(-9.90861200668098,6.67291333154076,23.6056018290989));
#2007=CARTESIAN_POINT('',(-7.90861200668098,6.67291333154076,23.6056018290989));
#2008=CARTESIAN_POINT('Origin',(-9.90861200668098,6.67291333154076,23.6056018290989));
#2009=CARTESIAN_POINT('Origin',(-9.90861200668098,6.67291333154076,19.6056018290989));
#2010=CARTESIAN_POINT('',(-7.90861200668098,6.67291333154076,19.6056018290989));
#2011=CARTESIAN_POINT('Origin',(11.38235062263,6.67291333154066,23.6056018290989));
#2012=CARTESIAN_POINT('',(13.38235062263,6.67291333154066,23.6056018290989));
#2013=CARTESIAN_POINT('Origin',(11.38235062263,6.67291333154066,23.6056018290989));
#2014=CARTESIAN_POINT('Origin',(11.38235062263,6.67291333154066,19.6056018290989));
#2015=CARTESIAN_POINT('',(13.38235062263,6.67291333154066,19.6056018290989));
#2016=CARTESIAN_POINT('Origin',(-9.85570052775738,24.3303859901525,23.6056018290989));
#2017=CARTESIAN_POINT('',(-7.85570052775738,24.3303859901525,23.6056018290989));
#2018=CARTESIAN_POINT('Origin',(-9.85570052775738,24.3303859901525,23.6056018290989));
#2019=CARTESIAN_POINT('Origin',(-9.85570052775738,24.3303859901525,19.6056018290989));
#2020=CARTESIAN_POINT('',(-7.85570052775738,24.3303859901525,19.6056018290989));
#2021=CARTESIAN_POINT('Origin',(11.4352621015535,24.3303859901524,23.6056018290989));
#2022=CARTESIAN_POINT('',(13.4352621015535,24.3303859901524,23.6056018290989));
#2023=CARTESIAN_POINT('Origin',(11.4352621015535,24.3303859901524,23.6056018290989));
#2024=CARTESIAN_POINT('Origin',(11.4352621015535,24.3303859901524,19.6056018290989));
#2025=CARTESIAN_POINT('',(13.4352621015535,24.3303859901524,19.6056018290989));
#2026=CARTESIAN_POINT('Origin',(11.2374909554789,3.00000000000001,22.6056018290989));
#2027=CARTESIAN_POINT('',(13.2374909554789,3.00000000000001,22.6056018290989));
#2028=CARTESIAN_POINT('Origin',(11.2374909554789,3.00000000000001,22.6056018290989));
#2029=CARTESIAN_POINT('Origin',(11.2374909554789,-4.49999999999999,22.6056018290989));
#2030=CARTESIAN_POINT('',(13.2374909554789,0.500000000000023,22.6056018290989));
#2031=CARTESIAN_POINT('Origin',(11.2374909554789,0.500000000000016,22.6056018290989));
#2032=CARTESIAN_POINT('',(13.2374909554789,-4.49999999999999,22.6056018290989));
#2033=CARTESIAN_POINT('Origin',(-9.76250904452106,3.00000000000001,22.6056018290989));
#2034=CARTESIAN_POINT('',(-7.76250904452106,3.00000000000001,22.6056018290989));
#2035=CARTESIAN_POINT('Origin',(-9.76250904452106,3.00000000000001,22.6056018290989));
#2036=CARTESIAN_POINT('Origin',(-9.76250904452106,-4.49999999999999,22.6056018290989));
#2037=CARTESIAN_POINT('',(-7.76250904452106,0.500000000000023,22.6056018290989));
#2038=CARTESIAN_POINT('Origin',(-9.76250904452106,0.500000000000016,22.6056018290989));
#2039=CARTESIAN_POINT('',(-7.76250904452106,-4.49999999999999,22.6056018290989));
#2040=CARTESIAN_POINT('Origin',(3.5443748653433,3.00000000000002,22.1056018290989));
#2041=CARTESIAN_POINT('',(6.3516867842638,0.500000000000018,22.1056018290989));
#2042=CARTESIAN_POINT('Origin',(6.3516867842638,3.00000000000002,22.1056018290989));
#2043=CARTESIAN_POINT('',(-4.0856532931454,0.500000000000018,22.1056018290989));
#2044=CARTESIAN_POINT('',(3.5443748653433,0.500000000000018,22.1056018290989));
#2045=CARTESIAN_POINT('Origin',(-4.0856532931454,3.00000000000002,22.1056018290989));
#2046=CARTESIAN_POINT('Origin',(6.3516867842638,0.500000000000018,9.95280091454945));
#2047=CARTESIAN_POINT('',(-4.0856532931454,0.500000000000018,23.1056018290989));
#2048=CARTESIAN_POINT('',(6.3516867842638,0.500000000000018,23.1056018290989));
#2049=CARTESIAN_POINT('',(3.5443748653433,0.500000000000018,23.1056018290989));
#2050=CARTESIAN_POINT('',(-4.08565329314538,0.500000000000012,25.6056018290989));
#2051=CARTESIAN_POINT('',(-4.08565329314539,0.500000000000013,19.9528009145494));
#2052=CARTESIAN_POINT('',(43.4757048266387,0.500000000000012,25.6056018290989));
#2053=CARTESIAN_POINT('',(-4.08565329314539,0.500000000000013,19.9528009145494));
#2054=CARTESIAN_POINT('',(6.3516867842638,0.500000000000014,19.9528009145494));
#2055=CARTESIAN_POINT('',(16.2370629464228,0.500000000000012,25.6056018290989));
#2056=CARTESIAN_POINT('',(16.2370629464228,0.500000000000012,24.7792013718242));
#2057=CARTESIAN_POINT('',(6.3516867842638,0.500000000000012,25.6056018290989));
#2058=CARTESIAN_POINT('',(43.4757048266387,0.500000000000012,25.6056018290989));
#2059=CARTESIAN_POINT('',(6.3516867842638,0.500000000000014,19.9528009145494));
#2060=CARTESIAN_POINT('Origin',(3.5443748653433,3.00000000000002,23.1056018290989));
#2061=CARTESIAN_POINT('',(-4.0856532931454,3.00000000000002,25.6056018290989));
#2062=CARTESIAN_POINT('Origin',(-4.0856532931454,3.00000000000002,23.1056018290989));
#2063=CARTESIAN_POINT('',(6.3516867842638,3.00000000000002,25.6056018290989));
#2064=CARTESIAN_POINT('Origin',(6.3516867842638,3.00000000000002,23.1056018290989));
#2065=CARTESIAN_POINT('',(3.5443748653433,3.00000000000002,25.6056018290989));
#2066=CARTESIAN_POINT('Origin',(6.3516867842638,-1.49999999999998,9.95280091454945));
#2067=CARTESIAN_POINT('',(6.3516867842638,6.11234590844112,25.6056018290989));
#2068=CARTESIAN_POINT('Origin',(6.3516867842638,-1.49999999999998,9.95280091454945));
#2069=CARTESIAN_POINT('Origin',(0.7370629464228,13.7246918168822,25.6056018290989));
#2070=CARTESIAN_POINT('',(-4.0856532931454,7.11234590844111,25.6056018290989));
#2071=CARTESIAN_POINT('',(16.2370629464228,26.8993836337644,25.6056018290989));
#2072=CARTESIAN_POINT('Origin',(16.2370629464228,0.550000000000024,19.6056018290989));
#2073=CARTESIAN_POINT('Origin',(-4.0856532931454,0.500000000000018,9.95280091454945));
#2074=CARTESIAN_POINT('Origin',(-4.0856532931454,0.500000000000018,9.95280091454945));
#2075=CARTESIAN_POINT('Origin',(69.2143467068546,0.500000000000022,9.95280091454944));
#2076=CARTESIAN_POINT('',(86.2143467068546,0.500000000000022,9.95280091454944));
#2077=CARTESIAN_POINT('',(86.2143467068546,0.50000000000002,13.4428009145494));
#2078=CARTESIAN_POINT('',(86.2143467068546,0.500000000000016,19.9528009145494));
#2079=CARTESIAN_POINT('',(69.2143467068546,0.500000000000021,13.4428009145494));
#2080=CARTESIAN_POINT('',(73.4643467068546,0.50000000000002,13.4428009145494));
#2081=CARTESIAN_POINT('',(69.2143467068546,0.500000000000022,9.95280091454944));
#2082=CARTESIAN_POINT('',(69.2143467068546,0.500000000000022,9.95280091454944));
#2083=CARTESIAN_POINT('',(6.3516867842638,0.500000000000022,9.95280091454945));
#2084=CARTESIAN_POINT('Origin',(77.7143467068546,8.00000000000001,13.4428009145494));
#2085=CARTESIAN_POINT('',(86.2143467068546,15.5,13.4428009145494));
#2086=CARTESIAN_POINT('',(86.2143467068546,59.85,13.4428009145495));
#2087=CARTESIAN_POINT('Origin',(88.6160564931492,-4.35527109113387,13.4428009145494));
#2088=CARTESIAN_POINT('Origin',(88.6160564931492,-4.35527109113387,9.95280091454944));
#2089=CARTESIAN_POINT('',(86.2143467068546,15.5,9.95280091454944));
#2090=CARTESIAN_POINT('Origin',(88.6160564931492,-4.35527109113387,9.95280091454944));
#2091=CARTESIAN_POINT('',(86.2143467068546,15.5,9.95280091454944));
#2092=CARTESIAN_POINT('Origin',(77.7143467068546,8.00000000000002,9.95280091454944));
#2093=CARTESIAN_POINT('',(86.2143467068546,59.85,9.95280091454947));
#2094=CARTESIAN_POINT('Origin',(86.2143467068546,111.7,29.9528009145495));
#2095=CARTESIAN_POINT('Origin',(77.7143467068546,103.2,13.4428009145495));
#2096=CARTESIAN_POINT('',(86.2143467068546,94.7,13.4428009145495));
#2097=CARTESIAN_POINT('',(86.2143467068546,111.7,13.4428009145495));
#2098=CARTESIAN_POINT('',(86.2143467068546,107.45,13.4428009145495));
#2099=CARTESIAN_POINT('',(69.2143467068546,111.7,13.4428009145495));
#2100=CARTESIAN_POINT('',(86.2143467068546,111.7,13.4428009145495));
#2101=CARTESIAN_POINT('Origin',(89.0170012623119,114.502654555457,13.4428009145495));
#2102=CARTESIAN_POINT('Origin',(89.0170012623119,114.502654555457,9.95280091454949));
#2103=CARTESIAN_POINT('',(69.2143467068546,111.7,9.95280091454949));
#2104=CARTESIAN_POINT('',(86.2143467068546,94.7,9.95280091454948));
#2105=CARTESIAN_POINT('Origin',(89.0170012623119,114.502654555457,9.95280091454949));
#2106=CARTESIAN_POINT('',(86.2143467068546,94.7,9.95280091454948));
#2107=CARTESIAN_POINT('',(69.2143467068546,111.7,9.95280091454949));
#2108=CARTESIAN_POINT('Origin',(77.7143467068546,103.2,9.95280091454948));
#2109=CARTESIAN_POINT('',(86.2143467068546,111.7,9.95280091454947));
#2110=CARTESIAN_POINT('',(86.2143467068546,107.45,9.95280091454948));
#2111=CARTESIAN_POINT('',(86.2143467068546,111.7,9.95280091454949));
#2112=CARTESIAN_POINT('Origin',(86.2143467068546,111.7,9.95280091454949));
#2113=CARTESIAN_POINT('',(86.2143467068546,111.7,19.9528009145495));
#2114=CARTESIAN_POINT('Origin',(86.2143467068546,111.7,29.9528009145495));
#2115=UNCERTAINTY_MEASURE_WITH_UNIT(LENGTH_MEASURE(0.01),#2119,
'DISTANCE_ACCURACY_VALUE',
'Maximum model space distance between geometric entities at asserted c
onnectivities');
#2116=UNCERTAINTY_MEASURE_WITH_UNIT(LENGTH_MEASURE(0.01),#2119,
'DISTANCE_ACCURACY_VALUE',
'Maximum model space distance between geometric entities at asserted c
onnectivities');
#2117=(
GEOMETRIC_REPRESENTATION_CONTEXT(3)
GLOBAL_UNCERTAINTY_ASSIGNED_CONTEXT((#2115))
GLOBAL_UNIT_ASSIGNED_CONTEXT((#2119,#2121,#2122))
REPRESENTATION_CONTEXT('','3D')
);
#2118=(
GEOMETRIC_REPRESENTATION_CONTEXT(3)
GLOBAL_UNCERTAINTY_ASSIGNED_CONTEXT((#2116))
GLOBAL_UNIT_ASSIGNED_CONTEXT((#2119,#2121,#2122))
REPRESENTATION_CONTEXT('','3D')
);
#2119=(
LENGTH_UNIT()
NAMED_UNIT(*)
SI_UNIT(.MILLI.,.METRE.)
);
#2120=(
LENGTH_UNIT()
NAMED_UNIT(*)
SI_UNIT($,.METRE.)
);
#2121=(
NAMED_UNIT(*)
PLANE_ANGLE_UNIT()
SI_UNIT($,.RADIAN.)
);
#2122=(
NAMED_UNIT(*)
SI_UNIT($,.STERADIAN.)
SOLID_ANGLE_UNIT()
);
#2123=SHAPE_DEFINITION_REPRESENTATION(#2124,#2125);
#2124=PRODUCT_DEFINITION_SHAPE('',$,#2127);
#2125=SHAPE_REPRESENTATION('',(#1279),#2117);
#2126=PRODUCT_DEFINITION_CONTEXT('part definition',#2131,'design');
#2127=PRODUCT_DEFINITION('TRMNL','TRMNL v26',#2128,#2126);
#2128=PRODUCT_DEFINITION_FORMATION('',$,#2133);
#2129=PRODUCT_RELATED_PRODUCT_CATEGORY('TRMNL v26','TRMNL v26',(#2133));
#2130=APPLICATION_PROTOCOL_DEFINITION('international standard',
'automotive_design',2009,#2131);
#2131=APPLICATION_CONTEXT(
'Core Data for Automotive Mechanical Design Process');
#2132=PRODUCT_CONTEXT('part definition',#2131,'mechanical');
#2133=PRODUCT('TRMNL','TRMNL v26',$,(#2132));
#2134=PRESENTATION_STYLE_ASSIGNMENT((#2145));
#2135=PRESENTATION_STYLE_ASSIGNMENT((#2146));
#2136=PRESENTATION_STYLE_ASSIGNMENT((#2147));
#2137=PRESENTATION_STYLE_ASSIGNMENT((#2148));
#2138=PRESENTATION_STYLE_ASSIGNMENT((#2149));
#2139=PRESENTATION_STYLE_ASSIGNMENT((#2150));
#2140=PRESENTATION_STYLE_ASSIGNMENT((#2151));
#2141=PRESENTATION_STYLE_ASSIGNMENT((#2152));
#2142=PRESENTATION_STYLE_ASSIGNMENT((#2153));
#2143=PRESENTATION_STYLE_ASSIGNMENT((#2154));
#2144=PRESENTATION_STYLE_ASSIGNMENT((#2155));
#2145=SURFACE_STYLE_USAGE(.BOTH.,#2156);
#2146=SURFACE_STYLE_USAGE(.BOTH.,#2157);
#2147=SURFACE_STYLE_USAGE(.BOTH.,#2158);
#2148=SURFACE_STYLE_USAGE(.BOTH.,#2159);
#2149=SURFACE_STYLE_USAGE(.BOTH.,#2160);
#2150=SURFACE_STYLE_USAGE(.BOTH.,#2161);
#2151=SURFACE_STYLE_USAGE(.BOTH.,#2162);
#2152=SURFACE_STYLE_USAGE(.BOTH.,#2163);
#2153=SURFACE_STYLE_USAGE(.BOTH.,#2164);
#2154=SURFACE_STYLE_USAGE(.BOTH.,#2165);
#2155=SURFACE_STYLE_USAGE(.BOTH.,#2166);
#2156=SURFACE_SIDE_STYLE('',(#2167));
#2157=SURFACE_SIDE_STYLE('',(#2168));
#2158=SURFACE_SIDE_STYLE('',(#2169));
#2159=SURFACE_SIDE_STYLE('',(#2170));
#2160=SURFACE_SIDE_STYLE('',(#2171));
#2161=SURFACE_SIDE_STYLE('',(#2172));
#2162=SURFACE_SIDE_STYLE('',(#2173));
#2163=SURFACE_SIDE_STYLE('',(#2174));
#2164=SURFACE_SIDE_STYLE('',(#2175));
#2165=SURFACE_SIDE_STYLE('',(#2176));
#2166=SURFACE_SIDE_STYLE('',(#2177));
#2167=SURFACE_STYLE_FILL_AREA(#2178);
#2168=SURFACE_STYLE_FILL_AREA(#2179);
#2169=SURFACE_STYLE_FILL_AREA(#2180);
#2170=SURFACE_STYLE_FILL_AREA(#2181);
#2171=SURFACE_STYLE_FILL_AREA(#2182);
#2172=SURFACE_STYLE_FILL_AREA(#2183);
#2173=SURFACE_STYLE_FILL_AREA(#2184);
#2174=SURFACE_STYLE_FILL_AREA(#2185);
#2175=SURFACE_STYLE_FILL_AREA(#2186);
#2176=SURFACE_STYLE_FILL_AREA(#2187);
#2177=SURFACE_STYLE_FILL_AREA(#2188);
#2178=FILL_AREA_STYLE('Steel - Satin',(#2189));
#2179=FILL_AREA_STYLE('ABS (White)',(#2190));
#2180=FILL_AREA_STYLE('Opaque(255,255,255)',(#2191));
#2181=FILL_AREA_STYLE('Opaque(255,215,0)',(#2192));
#2182=FILL_AREA_STYLE('Opaque(76,76,76)',(#2193));
#2183=FILL_AREA_STYLE('Opaque(229,235,237)',(#2194));
#2184=FILL_AREA_STYLE('Opaque(160,160,160)',(#2195));
#2185=FILL_AREA_STYLE('Opaque(53,54,54)',(#2196));
#2186=FILL_AREA_STYLE('Opaque(244,229,167)',(#2197));
#2187=FILL_AREA_STYLE('Opaque(236,236,236)',(#2198));
#2188=FILL_AREA_STYLE('Opaque(38,38,38)',(#2199));
#2189=FILL_AREA_STYLE_COLOUR('Steel - Satin',#2200);
#2190=FILL_AREA_STYLE_COLOUR('ABS (White)',#2201);
#2191=FILL_AREA_STYLE_COLOUR('Opaque(255,255,255)',#2202);
#2192=FILL_AREA_STYLE_COLOUR('Opaque(255,215,0)',#2203);
#2193=FILL_AREA_STYLE_COLOUR('Opaque(76,76,76)',#2204);
#2194=FILL_AREA_STYLE_COLOUR('Opaque(229,235,237)',#2205);
#2195=FILL_AREA_STYLE_COLOUR('Opaque(160,160,160)',#2206);
#2196=FILL_AREA_STYLE_COLOUR('Opaque(53,54,54)',#2207);
#2197=FILL_AREA_STYLE_COLOUR('Opaque(244,229,167)',#2208);
#2198=FILL_AREA_STYLE_COLOUR('Opaque(236,236,236)',#2209);
#2199=FILL_AREA_STYLE_COLOUR('Opaque(38,38,38)',#2210);
#2200=COLOUR_RGB('Steel - Satin',0.627450980392157,0.627450980392157,0.627450980392157);
#2201=COLOUR_RGB('ABS (White)',0.964705882352941,0.964705882352941,0.952941176470588);
#2202=COLOUR_RGB('Opaque(255,255,255)',1.,1.,1.);
#2203=COLOUR_RGB('Opaque(255,215,0)',1.,0.843137254901961,0.);
#2204=COLOUR_RGB('Opaque(76,76,76)',0.298039215686275,0.298039215686275,
0.298039215686275);
#2205=COLOUR_RGB('Opaque(229,235,237)',0.898039215686275,0.92156862745098,
0.929411764705882);
#2206=COLOUR_RGB('Opaque(160,160,160)',0.627450980392157,0.627450980392157,
0.627450980392157);
#2207=COLOUR_RGB('Opaque(53,54,54)',0.207843137254902,0.211764705882353,
0.211764705882353);
#2208=COLOUR_RGB('Opaque(244,229,167)',0.956862745098039,0.898039215686275,
0.654901960784314);
#2209=COLOUR_RGB('Opaque(236,236,236)',0.925490196078431,0.925490196078431,
0.925490196078431);
#2210=COLOUR_RGB('Opaque(38,38,38)',0.149019607843137,0.149019607843137,
0.149019607843137);
ENDSEC;
END-ISO-10303-21;
