ISO-10303-21;
HEADER;
/* Generated by software containing ST-Developer
 * from STEP Tools, Inc. (www.steptools.com) 
 */

FILE_DESCRIPTION(
/* description */ (''),
/* implementation_level */ '2;1');

FILE_NAME(
/* name */ 'MainFrame.step',
/* time_stamp */ '2026-06-06T15:00:07+03:00',
/* author */ (''),
/* organization */ (''),
/* preprocessor_version */ 'ST-DEVELOPER v20.1',
/* originating_system */ 'Autodesk Translation Framework v15.8.0.0',
/* authorisation */ '');

FILE_SCHEMA (('AUTOMOTIVE_DESIGN { 1 0 10303 214 3 1 1 }'));
ENDSEC;

DATA;
#10=MECHANICAL_DESIGN_GEOMETRIC_PRESENTATION_REPRESENTATION('',(#13),#7001);
#11=SHAPE_REPRESENTATION_RELATIONSHIP('SRR','None',#7008,#12);
#12=ADVANCED_BREP_SHAPE_REPRESENTATION('',(#14),#7000);
#13=STYLED_ITEM('',(#7019),#14);
#14=MANIFOLD_SOLID_BREP('MainFrame',#1841);
#15=TOROIDAL_SURFACE('',#1949,20.,5.);
#16=TOROIDAL_SURFACE('',#1953,20.,5.);
#17=TOROIDAL_SURFACE('',#1957,20.,5.);
#18=TOROIDAL_SURFACE('',#1962,20.,5.);
#19=(
BOUNDED_CURVE()
B_SPLINE_CURVE(5,(#2923,#2924,#2925,#2926,#2927,#2928,#2929,#2930,#2931,
#2932,#2933,#2934,#2935,#2936,#2937,#2938,#2939,#2940,#2941,#2942,#2943,
#2944,#2945,#2946,#2947),.UNSPECIFIED.,.F.,.F.)
B_SPLINE_CURVE_WITH_KNOTS((6,1,1,1,1,1,1,1,1,1,1,1,1,1,1,1,1,1,1,1,6),(0.,
0.05,0.1,0.15,0.2,0.25,0.3,0.35,0.4,0.45,0.5,0.55,0.6,0.65,0.7,0.75,0.8,
0.85,0.9,0.95,1.),.UNSPECIFIED.)
CURVE()
GEOMETRIC_REPRESENTATION_ITEM()
RATIONAL_B_SPLINE_CURVE((1.,1.,1.,1.,1.,1.,1.,1.,1.,1.,1.,1.,1.,1.,1.,1.,
1.,1.,1.,1.,1.,1.,1.,1.,1.))
REPRESENTATION_ITEM('')
);
#20=(
BOUNDED_CURVE()
B_SPLINE_CURVE(5,(#2951,#2952,#2953,#2954,#2955,#2956,#2957,#2958,#2959,
#2960,#2961,#2962,#2963,#2964,#2965,#2966,#2967,#2968,#2969,#2970,#2971,
#2972,#2973,#2974,#2975),.UNSPECIFIED.,.F.,.F.)
B_SPLINE_CURVE_WITH_KNOTS((6,1,1,1,1,1,1,1,1,1,1,1,1,1,1,1,1,1,1,1,6),(0.,
0.05,0.1,0.15,0.2,0.25,0.3,0.35,0.4,0.45,0.5,0.55,0.6,0.65,0.7,0.75,0.8,
0.85,0.9,0.95,1.),.UNSPECIFIED.)
CURVE()
GEOMETRIC_REPRESENTATION_ITEM()
RATIONAL_B_SPLINE_CURVE((1.,1.,1.,1.,1.,1.,1.,1.,1.,1.,1.,1.,1.,1.,1.,1.,
1.,1.,1.,1.,1.,1.,1.,1.,1.))
REPRESENTATION_ITEM('')
);
#21=(
BOUNDED_CURVE()
B_SPLINE_CURVE(5,(#3007,#3008,#3009,#3010,#3011,#3012,#3013,#3014,#3015,
#3016,#3017,#3018,#3019,#3020,#3021),.UNSPECIFIED.,.F.,.F.)
B_SPLINE_CURVE_WITH_KNOTS((6,1,1,1,1,1,1,1,1,1,6),(0.,0.1,0.2,0.3,0.4,0.5,
0.6,0.7,0.8,0.9,1.),.UNSPECIFIED.)
CURVE()
GEOMETRIC_REPRESENTATION_ITEM()
RATIONAL_B_SPLINE_CURVE((1.,1.,1.,1.,1.,1.,1.,1.,1.,1.,1.,1.,1.,1.,1.))
REPRESENTATION_ITEM('')
);
#22=(
BOUNDED_CURVE()
B_SPLINE_CURVE(5,(#3022,#3023,#3024,#3025,#3026,#3027,#3028,#3029,#3030,
#3031,#3032,#3033,#3034,#3035,#3036),.UNSPECIFIED.,.F.,.F.)
B_SPLINE_CURVE_WITH_KNOTS((6,1,1,1,1,1,1,1,1,1,6),(0.,0.1,0.2,0.3,0.4,0.5,
0.6,0.7,0.8,0.9,1.),.UNSPECIFIED.)
CURVE()
GEOMETRIC_REPRESENTATION_ITEM()
RATIONAL_B_SPLINE_CURVE((1.,1.,1.,1.,1.,1.,1.,1.,1.,1.,1.,1.,1.,1.,1.))
REPRESENTATION_ITEM('')
);
#23=(
BOUNDED_CURVE()
B_SPLINE_CURVE(5,(#3129,#3130,#3131,#3132,#3133,#3134,#3135,#3136,#3137,
#3138,#3139,#3140,#3141,#3142,#3143,#3144,#3145,#3146,#3147,#3148,#3149,
#3150,#3151,#3152,#3153,#3154,#3155,#3156,#3157,#3158,#3159,#3160,#3161,
#3162,#3163,#3164,#3165,#3166,#3167,#3168,#3169,#3170,#3171,#3172,#3173),
 .UNSPECIFIED.,.F.,.F.)
B_SPLINE_CURVE_WITH_KNOTS((6,1,1,1,1,1,1,1,1,1,1,1,1,1,1,1,1,1,1,1,1,1,
1,1,1,1,1,1,1,1,1,1,1,1,1,1,1,1,1,1,6),(-1.,-0.975,-0.95,-0.925,-0.9,-0.875,
-0.85,-0.825,-0.8,-0.775,-0.75,-0.725,-0.7,-0.675,-0.65,-0.625,-0.6,-0.575,
-0.55,-0.525,-0.5,-0.475,-0.45,-0.425,-0.4,-0.375,-0.35,-0.325,-0.3,-0.275,
-0.25,-0.225,-0.2,-0.175,-0.15,-0.125,-0.1,-0.075,-0.05,-0.025,0.),
 .UNSPECIFIED.)
CURVE()
GEOMETRIC_REPRESENTATION_ITEM()
RATIONAL_B_SPLINE_CURVE((1.,1.,1.,1.,1.,1.,1.,1.,1.,1.,1.,1.,1.,1.,1.,1.,
1.,1.,1.,1.,1.,1.,1.,1.,1.,1.,1.,1.,1.,1.,1.,1.,1.,1.,1.,1.,1.,1.,1.,1.,
1.,1.,1.,1.,1.))
REPRESENTATION_ITEM('')
);
#24=(
BOUNDED_CURVE()
B_SPLINE_CURVE(5,(#3177,#3178,#3179,#3180,#3181,#3182,#3183,#3184,#3185,
#3186,#3187,#3188,#3189,#3190,#3191,#3192,#3193,#3194,#3195,#3196,#3197,
#3198,#3199,#3200,#3201,#3202,#3203,#3204,#3205,#3206,#3207,#3208,#3209,
#3210,#3211,#3212,#3213,#3214,#3215,#3216,#3217,#3218,#3219,#3220,#3221),
 .UNSPECIFIED.,.F.,.F.)
B_SPLINE_CURVE_WITH_KNOTS((6,1,1,1,1,1,1,1,1,1,1,1,1,1,1,1,1,1,1,1,1,1,
1,1,1,1,1,1,1,1,1,1,1,1,1,1,1,1,1,1,6),(-1.,-0.975,-0.95,-0.925,-0.9,-0.875,
-0.85,-0.825,-0.8,-0.775,-0.75,-0.725,-0.7,-0.675,-0.65,-0.625,-0.6,-0.575,
-0.55,-0.525,-0.5,-0.475,-0.45,-0.425,-0.4,-0.375,-0.35,-0.325,-0.3,-0.275,
-0.25,-0.225,-0.2,-0.175,-0.15,-0.125,-0.1,-0.075,-0.05,-0.025,0.),
 .UNSPECIFIED.)
CURVE()
GEOMETRIC_REPRESENTATION_ITEM()
RATIONAL_B_SPLINE_CURVE((1.,1.,1.,1.,1.,1.,1.,1.,1.,1.,1.,1.,1.,1.,1.,1.,
1.,1.,1.,1.,1.,1.,1.,1.,1.,1.,1.,1.,1.,1.,1.,1.,1.,1.,1.,1.,1.,1.,1.,1.,
1.,1.,1.,1.,1.))
REPRESENTATION_ITEM('')
);
#25=(
BOUNDED_CURVE()
B_SPLINE_CURVE(5,(#3254,#3255,#3256,#3257,#3258,#3259,#3260,#3261,#3262,
#3263,#3264,#3265,#3266,#3267,#3268),.UNSPECIFIED.,.F.,.F.)
B_SPLINE_CURVE_WITH_KNOTS((6,1,1,1,1,1,1,1,1,1,6),(-1.,-0.9,-0.8,-0.7,-0.6,
-0.5,-0.4,-0.3,-0.2,-0.1,0.),.UNSPECIFIED.)
CURVE()
GEOMETRIC_REPRESENTATION_ITEM()
RATIONAL_B_SPLINE_CURVE((1.,1.,1.,1.,1.,1.,1.,1.,1.,1.,1.,1.,1.,1.,1.))
REPRESENTATION_ITEM('')
);
#26=(
BOUNDED_CURVE()
B_SPLINE_CURVE(5,(#3271,#3272,#3273,#3274,#3275,#3276,#3277,#3278,#3279,
#3280,#3281,#3282,#3283,#3284,#3285),.UNSPECIFIED.,.F.,.F.)
B_SPLINE_CURVE_WITH_KNOTS((6,1,1,1,1,1,1,1,1,1,6),(-1.,-0.9,-0.8,-0.7,-0.6,
-0.5,-0.4,-0.3,-0.2,-0.1,0.),.UNSPECIFIED.)
CURVE()
GEOMETRIC_REPRESENTATION_ITEM()
RATIONAL_B_SPLINE_CURVE((1.,1.,1.,1.,1.,1.,1.,1.,1.,1.,1.,1.,1.,1.,1.))
REPRESENTATION_ITEM('')
);
#27=(
BOUNDED_CURVE()
B_SPLINE_CURVE(5,(#3317,#3318,#3319,#3320,#3321,#3322,#3323,#3324,#3325,
#3326,#3327,#3328,#3329,#3330,#3331),.UNSPECIFIED.,.F.,.F.)
B_SPLINE_CURVE_WITH_KNOTS((6,1,1,1,1,1,1,1,1,1,6),(-1.,-0.9,-0.8,-0.7,-0.6,
-0.5,-0.4,-0.3,-0.2,-0.1,0.),.UNSPECIFIED.)
CURVE()
GEOMETRIC_REPRESENTATION_ITEM()
RATIONAL_B_SPLINE_CURVE((1.,1.,1.,1.,1.,1.,1.,1.,1.,1.,1.,1.,1.,1.,1.))
REPRESENTATION_ITEM('')
);
#28=(
BOUNDED_CURVE()
B_SPLINE_CURVE(5,(#3334,#3335,#3336,#3337,#3338,#3339,#3340,#3341,#3342,
#3343,#3344,#3345,#3346,#3347,#3348),.UNSPECIFIED.,.F.,.F.)
B_SPLINE_CURVE_WITH_KNOTS((6,1,1,1,1,1,1,1,1,1,6),(-1.,-0.9,-0.8,-0.7,-0.6,
-0.5,-0.4,-0.3,-0.2,-0.1,0.),.UNSPECIFIED.)
CURVE()
GEOMETRIC_REPRESENTATION_ITEM()
RATIONAL_B_SPLINE_CURVE((1.,1.,1.,1.,1.,1.,1.,1.,1.,1.,1.,1.,1.,1.,1.))
REPRESENTATION_ITEM('')
);
#29=(
BOUNDED_CURVE()
B_SPLINE_CURVE(5,(#3420,#3421,#3422,#3423,#3424,#3425,#3426,#3427,#3428,
#3429,#3430,#3431,#3432,#3433,#3434,#3435,#3436,#3437,#3438,#3439,#3440,
#3441,#3442,#3443,#3444,#3445,#3446,#3447,#3448,#3449,#3450,#3451,#3452,
#3453,#3454),.UNSPECIFIED.,.F.,.F.)
B_SPLINE_CURVE_WITH_KNOTS((6,1,1,1,1,1,1,1,1,1,1,1,1,1,1,1,1,1,1,1,1,1,
1,1,1,1,1,1,1,1,6),(-1.,-0.966666666666666,-0.933333333333333,-0.9,-0.866666666666667,
-0.833333333333333,-0.8,-0.766666666666667,-0.733333333333333,-0.7,-0.666666666666667,
-0.633333333333333,-0.6,-0.566666666666667,-0.533333333333333,-0.5,-0.466666666666667,
-0.433333333333333,-0.4,-0.366666666666666,-0.333333333333333,-0.3,-0.266666666666667,
-0.233333333333333,-0.2,-0.166666666666667,-0.133333333333333,-0.1,-0.0666666666666667,
-0.0333333333333333,0.),.UNSPECIFIED.)
CURVE()
GEOMETRIC_REPRESENTATION_ITEM()
RATIONAL_B_SPLINE_CURVE((1.,1.,1.,1.,1.,1.,1.,1.,1.,1.,1.,1.,1.,1.,1.,1.,
1.,1.,1.,1.,1.,1.,1.,1.,1.,1.,1.,1.,1.,1.,1.,1.,1.,1.,1.))
REPRESENTATION_ITEM('')
);
#30=(
BOUNDED_CURVE()
B_SPLINE_CURVE(5,(#3457,#3458,#3459,#3460,#3461,#3462,#3463,#3464,#3465,
#3466,#3467,#3468,#3469,#3470,#3471,#3472,#3473,#3474,#3475,#3476,#3477,
#3478,#3479,#3480,#3481,#3482,#3483,#3484,#3485,#3486,#3487,#3488,#3489,
#3490,#3491),.UNSPECIFIED.,.F.,.F.)
B_SPLINE_CURVE_WITH_KNOTS((6,1,1,1,1,1,1,1,1,1,1,1,1,1,1,1,1,1,1,1,1,1,
1,1,1,1,1,1,1,1,6),(-1.,-0.966666666666666,-0.933333333333333,-0.9,-0.866666666666667,
-0.833333333333333,-0.8,-0.766666666666667,-0.733333333333333,-0.7,-0.666666666666667,
-0.633333333333333,-0.6,-0.566666666666667,-0.533333333333333,-0.5,-0.466666666666667,
-0.433333333333333,-0.4,-0.366666666666666,-0.333333333333333,-0.3,-0.266666666666667,
-0.233333333333333,-0.2,-0.166666666666667,-0.133333333333333,-0.1,-0.0666666666666667,
-0.0333333333333333,0.),.UNSPECIFIED.)
CURVE()
GEOMETRIC_REPRESENTATION_ITEM()
RATIONAL_B_SPLINE_CURVE((1.,1.,1.,1.,1.,1.,1.,1.,1.,1.,1.,1.,1.,1.,1.,1.,
1.,1.,1.,1.,1.,1.,1.,1.,1.,1.,1.,1.,1.,1.,1.,1.,1.,1.,1.))
REPRESENTATION_ITEM('')
);
#31=(
BOUNDED_CURVE()
B_SPLINE_CURVE(5,(#3523,#3524,#3525,#3526,#3527,#3528,#3529,#3530,#3531,
#3532,#3533,#3534,#3535,#3536,#3537),.UNSPECIFIED.,.F.,.F.)
B_SPLINE_CURVE_WITH_KNOTS((6,1,1,1,1,1,1,1,1,1,6),(-1.,-0.9,-0.8,-0.7,-0.6,
-0.5,-0.4,-0.3,-0.2,-0.1,0.),.UNSPECIFIED.)
CURVE()
GEOMETRIC_REPRESENTATION_ITEM()
RATIONAL_B_SPLINE_CURVE((1.,1.,1.,1.,1.,1.,1.,1.,1.,1.,1.,1.,1.,1.,1.))
REPRESENTATION_ITEM('')
);
#32=(
BOUNDED_CURVE()
B_SPLINE_CURVE(5,(#3540,#3541,#3542,#3543,#3544,#3545,#3546,#3547,#3548,
#3549,#3550,#3551,#3552,#3553,#3554),.UNSPECIFIED.,.F.,.F.)
B_SPLINE_CURVE_WITH_KNOTS((6,1,1,1,1,1,1,1,1,1,6),(-1.,-0.9,-0.8,-0.7,-0.6,
-0.5,-0.4,-0.3,-0.2,-0.1,0.),.UNSPECIFIED.)
CURVE()
GEOMETRIC_REPRESENTATION_ITEM()
RATIONAL_B_SPLINE_CURVE((1.,1.,1.,1.,1.,1.,1.,1.,1.,1.,1.,1.,1.,1.,1.))
REPRESENTATION_ITEM('')
);
#33=(
BOUNDED_CURVE()
B_SPLINE_CURVE(5,(#3792,#3793,#3794,#3795,#3796,#3797,#3798,#3799,#3800,
#3801,#3802,#3803,#3804,#3805,#3806,#3807,#3808,#3809,#3810,#3811,#3812,
#3813,#3814,#3815,#3816,#3817,#3818,#3819,#3820,#3821,#3822,#3823,#3824,
#3825,#3826,#3827,#3828,#3829,#3830,#3831,#3832,#3833,#3834,#3835,#3836,
#3837,#3838,#3839,#3840,#3841,#3842,#3843,#3844,#3845,#3846,#3847,#3848,
#3849,#3850,#3851,#3852,#3853,#3854,#3855,#3856,#3857,#3858,#3859,#3860,
#3861,#3862,#3863,#3864,#3865,#3866,#3867,#3868,#3869,#3870,#3871,#3872,
#3873,#3874,#3875,#3876,#3877,#3878,#3879,#3880,#3881,#3882,#3883,#3884,
#3885,#3886,#3887,#3888,#3889,#3890,#3891,#3892,#3893,#3894,#3895,#3896,
#3897,#3898,#3899,#3900,#3901,#3902,#3903,#3904,#3905,#3906),
 .UNSPECIFIED.,.F.,.F.)
B_SPLINE_CURVE_WITH_KNOTS((6,1,1,1,1,1,1,1,1,1,1,1,1,1,1,1,1,1,1,1,1,1,
1,1,1,1,1,1,1,1,1,1,1,1,1,1,1,1,1,1,1,1,1,1,1,1,1,1,1,1,1,1,1,1,1,1,1,1,
1,1,1,1,1,1,1,1,1,1,1,1,1,1,1,1,1,1,1,1,1,1,1,1,1,1,1,1,1,1,1,1,1,1,1,1,
1,1,1,1,1,1,1,1,1,1,1,1,1,1,1,1,6),(-1.,-0.990909090909088,-0.981818181818179,
-0.97272727272727,-0.963636363636361,-0.954545454545452,-0.945454545454543,
-0.936363636363634,-0.927272727272725,-0.918181818181816,-0.909090909090907,
-0.899999999999998,-0.890909090909089,-0.88181818181818,-0.872727272727271,
-0.863636363636362,-0.854545454545453,-0.845454545454543,-0.836363636363635,
-0.827272727272726,-0.818181818181816,-0.809090909090907,-0.799999999999998,
-0.790909090909089,-0.78181818181818,-0.772727272727271,-0.763636363636362,
-0.754545454545453,-0.745454545454544,-0.736363636363635,-0.727272727272726,
-0.718181818181817,-0.709090909090908,-0.699999999999999,-0.69090909090909,
-0.681818181818181,-0.672727272727272,-0.663636363636363,-0.654545454545454,
-0.645454545454545,-0.636363636363636,-0.627272727272727,-0.618181818181818,
-0.609090909090909,-0.6,-0.59090909090909,-0.581818181818181,-0.572727272727272,
-0.563636363636363,-0.554545454545454,-0.545454545454545,-0.536363636363636,
-0.527272727272727,-0.518181818181818,-0.509090909090909,-0.5,-0.490909090909091,
-0.481818181818182,-0.472727272727273,-0.463636363636364,-0.454545454545455,
-0.445454545454546,-0.436363636363637,-0.427272727272727,-0.418181818181818,
-0.409090909090909,-0.4,-0.390909090909091,-0.381818181818182,-0.372727272727273,
-0.363636363636364,-0.354545454545455,-0.345454545454546,-0.336363636363636,
-0.327272727272727,-0.318181818181818,-0.309090909090909,-0.3,-0.290909090909091,
-0.281818181818182,-0.272727272727273,-0.263636363636364,-0.254545454545455,
-0.245454545454546,-0.236363636363636,-0.227272727272727,-0.218181818181818,
-0.209090909090909,-0.2,-0.190909090909091,-0.181818181818182,-0.172727272727273,
-0.163636363636364,-0.154545454545455,-0.145454545454545,-0.136363636363636,
-0.127272727272727,-0.118181818181818,-0.109090909090909,-0.1,-0.0909090909090909,
-0.0818181818181818,-0.0727272727272727,-0.0636363636363636,-0.0545454545454545,
-0.0454545454545455,-0.0363636363636364,-0.0272727272727273,-0.0181818181818182,
-0.00909090909090909,0.),.UNSPECIFIED.)
CURVE()
GEOMETRIC_REPRESENTATION_ITEM()
RATIONAL_B_SPLINE_CURVE((1.,1.,1.,1.,1.,1.,1.,1.,1.,1.,1.,1.,1.,1.,1.,1.,
1.,1.,1.,1.,1.,1.,1.,1.,1.,1.,1.,1.,1.,1.,1.,1.,1.,1.,1.,1.,1.,1.,1.,1.,
1.,1.,1.,1.,1.,1.,1.,1.,1.,1.,1.,1.,1.,1.,1.,1.,1.,1.,1.,1.,1.,1.,1.,1.,
1.,1.,1.,1.,1.,1.,1.,1.,1.,1.,1.,1.,1.,1.,1.,1.,1.,1.,1.,1.,1.,1.,1.,1.,
1.,1.,1.,1.,1.,1.,1.,1.,1.,1.,1.,1.,1.,1.,1.,1.,1.,1.,1.,1.,1.,1.,1.,1.,
1.,1.,1.))
REPRESENTATION_ITEM('')
);
#34=(
BOUNDED_CURVE()
B_SPLINE_CURVE(5,(#3909,#3910,#3911,#3912,#3913,#3914,#3915,#3916,#3917,
#3918,#3919,#3920,#3921,#3922,#3923,#3924,#3925,#3926,#3927,#3928,#3929,
#3930,#3931,#3932,#3933,#3934,#3935,#3936,#3937,#3938,#3939,#3940,#3941,
#3942,#3943,#3944,#3945,#3946,#3947,#3948,#3949,#3950,#3951,#3952,#3953,
#3954,#3955,#3956,#3957,#3958,#3959,#3960,#3961,#3962,#3963,#3964,#3965,
#3966,#3967,#3968,#3969,#3970,#3971,#3972,#3973,#3974,#3975,#3976,#3977,
#3978,#3979,#3980,#3981,#3982,#3983,#3984,#3985,#3986,#3987,#3988,#3989,
#3990,#3991,#3992,#3993,#3994,#3995,#3996,#3997,#3998,#3999,#4000,#4001,
#4002,#4003,#4004,#4005,#4006,#4007,#4008,#4009,#4010,#4011,#4012,#4013,
#4014,#4015,#4016,#4017,#4018,#4019,#4020,#4021,#4022,#4023),
 .UNSPECIFIED.,.F.,.F.)
B_SPLINE_CURVE_WITH_KNOTS((6,1,1,1,1,1,1,1,1,1,1,1,1,1,1,1,1,1,1,1,1,1,
1,1,1,1,1,1,1,1,1,1,1,1,1,1,1,1,1,1,1,1,1,1,1,1,1,1,1,1,1,1,1,1,1,1,1,1,
1,1,1,1,1,1,1,1,1,1,1,1,1,1,1,1,1,1,1,1,1,1,1,1,1,1,1,1,1,1,1,1,1,1,1,1,
1,1,1,1,1,1,1,1,1,1,1,1,1,1,1,1,6),(-1.,-0.990909090909088,-0.981818181818179,
-0.97272727272727,-0.963636363636361,-0.954545454545452,-0.945454545454543,
-0.936363636363634,-0.927272727272725,-0.918181818181816,-0.909090909090907,
-0.899999999999998,-0.890909090909089,-0.88181818181818,-0.872727272727271,
-0.863636363636362,-0.854545454545453,-0.845454545454543,-0.836363636363635,
-0.827272727272726,-0.818181818181816,-0.809090909090907,-0.799999999999998,
-0.790909090909089,-0.78181818181818,-0.772727272727271,-0.763636363636362,
-0.754545454545453,-0.745454545454544,-0.736363636363635,-0.727272727272726,
-0.718181818181817,-0.709090909090908,-0.699999999999999,-0.69090909090909,
-0.681818181818181,-0.672727272727272,-0.663636363636363,-0.654545454545454,
-0.645454545454545,-0.636363636363636,-0.627272727272727,-0.618181818181818,
-0.609090909090909,-0.6,-0.59090909090909,-0.581818181818181,-0.572727272727272,
-0.563636363636363,-0.554545454545454,-0.545454545454545,-0.536363636363636,
-0.527272727272727,-0.518181818181818,-0.509090909090909,-0.5,-0.490909090909091,
-0.481818181818182,-0.472727272727273,-0.463636363636364,-0.454545454545455,
-0.445454545454546,-0.436363636363637,-0.427272727272727,-0.418181818181818,
-0.409090909090909,-0.4,-0.390909090909091,-0.381818181818182,-0.372727272727273,
-0.363636363636364,-0.354545454545455,-0.345454545454546,-0.336363636363636,
-0.327272727272727,-0.318181818181818,-0.309090909090909,-0.3,-0.290909090909091,
-0.281818181818182,-0.272727272727273,-0.263636363636364,-0.254545454545455,
-0.245454545454546,-0.236363636363636,-0.227272727272727,-0.218181818181818,
-0.209090909090909,-0.2,-0.190909090909091,-0.181818181818182,-0.172727272727273,
-0.163636363636364,-0.154545454545455,-0.145454545454545,-0.136363636363636,
-0.127272727272727,-0.118181818181818,-0.109090909090909,-0.1,-0.0909090909090909,
-0.0818181818181818,-0.0727272727272727,-0.0636363636363636,-0.0545454545454545,
-0.0454545454545455,-0.0363636363636364,-0.0272727272727273,-0.0181818181818182,
-0.00909090909090909,0.),.UNSPECIFIED.)
CURVE()
GEOMETRIC_REPRESENTATION_ITEM()
RATIONAL_B_SPLINE_CURVE((1.,1.,1.,1.,1.,1.,1.,1.,1.,1.,1.,1.,1.,1.,1.,1.,
1.,1.,1.,1.,1.,1.,1.,1.,1.,1.,1.,1.,1.,1.,1.,1.,1.,1.,1.,1.,1.,1.,1.,1.,
1.,1.,1.,1.,1.,1.,1.,1.,1.,1.,1.,1.,1.,1.,1.,1.,1.,1.,1.,1.,1.,1.,1.,1.,
1.,1.,1.,1.,1.,1.,1.,1.,1.,1.,1.,1.,1.,1.,1.,1.,1.,1.,1.,1.,1.,1.,1.,1.,
1.,1.,1.,1.,1.,1.,1.,1.,1.,1.,1.,1.,1.,1.,1.,1.,1.,1.,1.,1.,1.,1.,1.,1.,
1.,1.,1.))
REPRESENTATION_ITEM('')
);
#35=(
BOUNDED_CURVE()
B_SPLINE_CURVE(5,(#4094,#4095,#4096,#4097,#4098,#4099,#4100,#4101,#4102,
#4103,#4104,#4105,#4106,#4107,#4108,#4109,#4110,#4111,#4112,#4113,#4114,
#4115,#4116,#4117,#4118,#4119,#4120,#4121,#4122,#4123,#4124,#4125,#4126,
#4127,#4128),.UNSPECIFIED.,.F.,.F.)
B_SPLINE_CURVE_WITH_KNOTS((6,1,1,1,1,1,1,1,1,1,1,1,1,1,1,1,1,1,1,1,1,1,
1,1,1,1,1,1,1,1,6),(-1.,-0.966666666666666,-0.933333333333333,-0.9,-0.866666666666667,
-0.833333333333333,-0.8,-0.766666666666667,-0.733333333333333,-0.7,-0.666666666666667,
-0.633333333333333,-0.6,-0.566666666666667,-0.533333333333333,-0.5,-0.466666666666667,
-0.433333333333333,-0.4,-0.366666666666666,-0.333333333333333,-0.3,-0.266666666666667,
-0.233333333333333,-0.2,-0.166666666666667,-0.133333333333333,-0.1,-0.0666666666666667,
-0.0333333333333333,0.),.UNSPECIFIED.)
CURVE()
GEOMETRIC_REPRESENTATION_ITEM()
RATIONAL_B_SPLINE_CURVE((1.,1.,1.,1.,1.,1.,1.,1.,1.,1.,1.,1.,1.,1.,1.,1.,
1.,1.,1.,1.,1.,1.,1.,1.,1.,1.,1.,1.,1.,1.,1.,1.,1.,1.,1.))
REPRESENTATION_ITEM('')
);
#36=(
BOUNDED_CURVE()
B_SPLINE_CURVE(5,(#4129,#4130,#4131,#4132,#4133,#4134,#4135,#4136,#4137,
#4138,#4139,#4140,#4141,#4142,#4143,#4144,#4145,#4146,#4147,#4148,#4149,
#4150,#4151,#4152,#4153,#4154,#4155,#4156,#4157,#4158,#4159,#4160,#4161,
#4162,#4163),.UNSPECIFIED.,.F.,.F.)
B_SPLINE_CURVE_WITH_KNOTS((6,1,1,1,1,1,1,1,1,1,1,1,1,1,1,1,1,1,1,1,1,1,
1,1,1,1,1,1,1,1,6),(-1.,-0.966666666666666,-0.933333333333333,-0.9,-0.866666666666667,
-0.833333333333333,-0.8,-0.766666666666667,-0.733333333333333,-0.7,-0.666666666666667,
-0.633333333333333,-0.6,-0.566666666666667,-0.533333333333333,-0.5,-0.466666666666667,
-0.433333333333333,-0.4,-0.366666666666666,-0.333333333333333,-0.3,-0.266666666666667,
-0.233333333333333,-0.2,-0.166666666666667,-0.133333333333333,-0.1,-0.0666666666666667,
-0.0333333333333333,0.),.UNSPECIFIED.)
CURVE()
GEOMETRIC_REPRESENTATION_ITEM()
RATIONAL_B_SPLINE_CURVE((1.,1.,1.,1.,1.,1.,1.,1.,1.,1.,1.,1.,1.,1.,1.,1.,
1.,1.,1.,1.,1.,1.,1.,1.,1.,1.,1.,1.,1.,1.,1.,1.,1.,1.,1.))
REPRESENTATION_ITEM('')
);
#37=(
BOUNDED_CURVE()
B_SPLINE_CURVE(5,(#4257,#4258,#4259,#4260,#4261,#4262,#4263,#4264,#4265,
#4266,#4267,#4268,#4269,#4270,#4271,#4272,#4273,#4274,#4275,#4276,#4277,
#4278,#4279,#4280,#4281,#4282,#4283,#4284,#4285,#4286,#4287,#4288,#4289,
#4290,#4291,#4292,#4293,#4294,#4295,#4296,#4297,#4298,#4299,#4300,#4301),
 .UNSPECIFIED.,.F.,.F.)
B_SPLINE_CURVE_WITH_KNOTS((6,1,1,1,1,1,1,1,1,1,1,1,1,1,1,1,1,1,1,1,1,1,
1,1,1,1,1,1,1,1,1,1,1,1,1,1,1,1,1,1,6),(0.,0.025,0.05,0.075,0.1,0.125,0.15,
0.175,0.2,0.225,0.25,0.275,0.3,0.325,0.35,0.375,0.4,0.425,0.45,0.475,0.5,
0.525,0.55,0.575,0.6,0.625,0.65,0.675,0.7,0.725,0.75,0.775,0.8,0.825,0.85,
0.875,0.9,0.925,0.95,0.975,1.),.UNSPECIFIED.)
CURVE()
GEOMETRIC_REPRESENTATION_ITEM()
RATIONAL_B_SPLINE_CURVE((1.,1.,1.,1.,1.,1.,1.,1.,1.,1.,1.,1.,1.,1.,1.,1.,
1.,1.,1.,1.,1.,1.,1.,1.,1.,1.,1.,1.,1.,1.,1.,1.,1.,1.,1.,1.,1.,1.,1.,1.,
1.,1.,1.,1.,1.))
REPRESENTATION_ITEM('')
);
#38=(
BOUNDED_CURVE()
B_SPLINE_CURVE(5,(#4305,#4306,#4307,#4308,#4309,#4310,#4311,#4312,#4313,
#4314,#4315,#4316,#4317,#4318,#4319,#4320,#4321,#4322,#4323,#4324,#4325,
#4326,#4327,#4328,#4329,#4330,#4331,#4332,#4333,#4334,#4335,#4336,#4337,
#4338,#4339,#4340,#4341,#4342,#4343,#4344,#4345,#4346,#4347,#4348,#4349),
 .UNSPECIFIED.,.F.,.F.)
B_SPLINE_CURVE_WITH_KNOTS((6,1,1,1,1,1,1,1,1,1,1,1,1,1,1,1,1,1,1,1,1,1,
1,1,1,1,1,1,1,1,1,1,1,1,1,1,1,1,1,1,6),(0.,0.025,0.05,0.075,0.1,0.125,0.15,
0.175,0.2,0.225,0.25,0.275,0.3,0.325,0.35,0.375,0.4,0.425,0.45,0.475,0.5,
0.525,0.55,0.575,0.6,0.625,0.65,0.675,0.7,0.725,0.75,0.775,0.8,0.825,0.85,
0.875,0.9,0.925,0.95,0.975,1.),.UNSPECIFIED.)
CURVE()
GEOMETRIC_REPRESENTATION_ITEM()
RATIONAL_B_SPLINE_CURVE((1.,1.,1.,1.,1.,1.,1.,1.,1.,1.,1.,1.,1.,1.,1.,1.,
1.,1.,1.,1.,1.,1.,1.,1.,1.,1.,1.,1.,1.,1.,1.,1.,1.,1.,1.,1.,1.,1.,1.,1.,
1.,1.,1.,1.,1.))
REPRESENTATION_ITEM('')
);
#39=(
BOUNDED_CURVE()
B_SPLINE_CURVE(5,(#4452,#4453,#4454,#4455,#4456,#4457,#4458,#4459,#4460,
#4461,#4462,#4463,#4464,#4465,#4466,#4467,#4468,#4469,#4470,#4471,#4472,
#4473,#4474,#4475,#4476,#4477,#4478,#4479,#4480,#4481,#4482,#4483,#4484,
#4485,#4486,#4487,#4488,#4489,#4490,#4491,#4492,#4493,#4494,#4495,#4496,
#4497,#4498,#4499,#4500,#4501),.UNSPECIFIED.,.F.,.F.)
B_SPLINE_CURVE_WITH_KNOTS((6,1,1,1,1,1,1,1,1,1,1,1,1,1,1,1,1,1,1,1,1,1,
1,1,1,1,1,1,1,1,1,1,1,1,1,1,1,1,1,1,1,1,1,1,1,6),(0.,0.0222222222222222,
0.0444444444444445,0.0666666666666667,0.0888888888888889,0.111111111111111,
0.133333333333333,0.155555555555556,0.177777777777778,0.2,0.222222222222222,
0.244444444444444,0.266666666666667,0.288888888888889,0.311111111111111,
0.333333333333333,0.355555555555555,0.377777777777778,0.4,0.422222222222222,
0.444444444444444,0.466666666666667,0.488888888888889,0.511111111111111,
0.533333333333333,0.555555555555555,0.577777777777778,0.6,0.622222222222222,
0.644444444444444,0.666666666666667,0.688888888888889,0.711111111111111,
0.733333333333333,0.755555555555556,0.777777777777778,0.8,0.822222222222222,
0.844444444444445,0.866666666666667,0.888888888888889,0.911111111111111,
0.933333333333334,0.955555555555556,0.977777777777778,1.),.UNSPECIFIED.)
CURVE()
GEOMETRIC_REPRESENTATION_ITEM()
RATIONAL_B_SPLINE_CURVE((1.,1.,1.,1.,1.,1.,1.,1.,1.,1.,1.,1.,1.,1.,1.,1.,
1.,1.,1.,1.,1.,1.,1.,1.,1.,1.,1.,1.,1.,1.,1.,1.,1.,1.,1.,1.,1.,1.,1.,1.,
1.,1.,1.,1.,1.,1.,1.,1.,1.,1.))
REPRESENTATION_ITEM('')
);
#40=(
BOUNDED_CURVE()
B_SPLINE_CURVE(5,(#4504,#4505,#4506,#4507,#4508,#4509,#4510,#4511,#4512,
#4513,#4514,#4515,#4516,#4517,#4518,#4519,#4520,#4521,#4522,#4523,#4524,
#4525,#4526,#4527,#4528,#4529,#4530,#4531,#4532,#4533,#4534,#4535,#4536,
#4537,#4538,#4539,#4540,#4541,#4542,#4543,#4544,#4545,#4546,#4547,#4548,
#4549,#4550,#4551,#4552,#4553),.UNSPECIFIED.,.F.,.F.)
B_SPLINE_CURVE_WITH_KNOTS((6,1,1,1,1,1,1,1,1,1,1,1,1,1,1,1,1,1,1,1,1,1,
1,1,1,1,1,1,1,1,1,1,1,1,1,1,1,1,1,1,1,1,1,1,1,6),(0.,0.0222222222222222,
0.0444444444444445,0.0666666666666667,0.0888888888888889,0.111111111111111,
0.133333333333333,0.155555555555556,0.177777777777778,0.2,0.222222222222222,
0.244444444444444,0.266666666666667,0.288888888888889,0.311111111111111,
0.333333333333333,0.355555555555555,0.377777777777778,0.4,0.422222222222222,
0.444444444444444,0.466666666666667,0.488888888888889,0.511111111111111,
0.533333333333333,0.555555555555555,0.577777777777778,0.6,0.622222222222222,
0.644444444444444,0.666666666666667,0.688888888888889,0.711111111111111,
0.733333333333333,0.755555555555556,0.777777777777778,0.8,0.822222222222222,
0.844444444444445,0.866666666666667,0.888888888888889,0.911111111111111,
0.933333333333334,0.955555555555556,0.977777777777778,1.),.UNSPECIFIED.)
CURVE()
GEOMETRIC_REPRESENTATION_ITEM()
RATIONAL_B_SPLINE_CURVE((1.,1.,1.,1.,1.,1.,1.,1.,1.,1.,1.,1.,1.,1.,1.,1.,
1.,1.,1.,1.,1.,1.,1.,1.,1.,1.,1.,1.,1.,1.,1.,1.,1.,1.,1.,1.,1.,1.,1.,1.,
1.,1.,1.,1.,1.,1.,1.,1.,1.,1.))
REPRESENTATION_ITEM('')
);
#41=(
BOUNDED_CURVE()
B_SPLINE_CURVE(5,(#4634,#4635,#4636,#4637,#4638,#4639,#4640,#4641,#4642,
#4643,#4644,#4645,#4646,#4647,#4648,#4649,#4650,#4651,#4652,#4653,#4654,
#4655,#4656,#4657,#4658,#4659,#4660,#4661,#4662,#4663,#4664,#4665,#4666,
#4667,#4668,#4669,#4670,#4671,#4672,#4673),.UNSPECIFIED.,.F.,.F.)
B_SPLINE_CURVE_WITH_KNOTS((6,1,1,1,1,1,1,1,1,1,1,1,1,1,1,1,1,1,1,1,1,1,
1,1,1,1,1,1,1,1,1,1,1,1,1,6),(0.,0.0285714285714286,0.0571428571428571,
0.0857142857142857,0.114285714285714,0.142857142857143,0.171428571428571,
0.2,0.228571428571429,0.257142857142857,0.285714285714286,0.314285714285714,
0.342857142857143,0.371428571428571,0.4,0.428571428571429,0.457142857142857,
0.485714285714286,0.514285714285714,0.542857142857143,0.571428571428572,
0.6,0.628571428571429,0.657142857142857,0.685714285714286,0.714285714285714,
0.742857142857143,0.771428571428571,0.8,0.828571428571429,0.857142857142857,
0.885714285714286,0.914285714285715,0.942857142857143,0.971428571428572,
1.),.UNSPECIFIED.)
CURVE()
GEOMETRIC_REPRESENTATION_ITEM()
RATIONAL_B_SPLINE_CURVE((1.,1.,1.,1.,1.,1.,1.,1.,1.,1.,1.,1.,1.,1.,1.,1.,
1.,1.,1.,1.,1.,1.,1.,1.,1.,1.,1.,1.,1.,1.,1.,1.,1.,1.,1.,1.,1.,1.,1.,1.))
REPRESENTATION_ITEM('')
);
#42=(
BOUNDED_CURVE()
B_SPLINE_CURVE(5,(#4674,#4675,#4676,#4677,#4678,#4679,#4680,#4681,#4682,
#4683,#4684,#4685,#4686,#4687,#4688,#4689,#4690,#4691,#4692,#4693,#4694,
#4695,#4696,#4697,#4698,#4699,#4700,#4701,#4702,#4703,#4704,#4705,#4706,
#4707,#4708,#4709,#4710,#4711,#4712,#4713),.UNSPECIFIED.,.F.,.F.)
B_SPLINE_CURVE_WITH_KNOTS((6,1,1,1,1,1,1,1,1,1,1,1,1,1,1,1,1,1,1,1,1,1,
1,1,1,1,1,1,1,1,1,1,1,1,1,6),(0.,0.0285714285714286,0.0571428571428571,
0.0857142857142857,0.114285714285714,0.142857142857143,0.171428571428571,
0.2,0.228571428571429,0.257142857142857,0.285714285714286,0.314285714285714,
0.342857142857143,0.371428571428571,0.4,0.428571428571429,0.457142857142857,
0.485714285714286,0.514285714285714,0.542857142857143,0.571428571428572,
0.6,0.628571428571429,0.657142857142857,0.685714285714286,0.714285714285714,
0.742857142857143,0.771428571428571,0.8,0.828571428571429,0.857142857142857,
0.885714285714286,0.914285714285715,0.942857142857143,0.971428571428572,
1.),.UNSPECIFIED.)
CURVE()
GEOMETRIC_REPRESENTATION_ITEM()
RATIONAL_B_SPLINE_CURVE((1.,1.,1.,1.,1.,1.,1.,1.,1.,1.,1.,1.,1.,1.,1.,1.,
1.,1.,1.,1.,1.,1.,1.,1.,1.,1.,1.,1.,1.,1.,1.,1.,1.,1.,1.,1.,1.,1.,1.,1.))
REPRESENTATION_ITEM('')
);
#43=(
BOUNDED_CURVE()
B_SPLINE_CURVE(5,(#4806,#4807,#4808,#4809,#4810,#4811,#4812,#4813,#4814,
#4815,#4816,#4817,#4818,#4819,#4820,#4821,#4822,#4823,#4824,#4825,#4826,
#4827,#4828,#4829,#4830,#4831,#4832,#4833,#4834,#4835,#4836,#4837,#4838,
#4839,#4840,#4841,#4842,#4843,#4844,#4845,#4846,#4847,#4848,#4849,#4850),
 .UNSPECIFIED.,.T.,.F.)
B_SPLINE_CURVE_WITH_KNOTS((6,1,1,1,1,1,1,1,1,1,1,1,1,1,1,1,1,1,1,1,1,1,
1,1,1,1,1,1,1,1,1,1,1,1,1,1,1,1,1,1,6),(-1.,-0.975,-0.95,-0.925,-0.9,-0.875,
-0.85,-0.825,-0.8,-0.775,-0.75,-0.725,-0.7,-0.675,-0.65,-0.625,-0.6,-0.575,
-0.55,-0.525,-0.5,-0.475,-0.45,-0.425,-0.4,-0.375,-0.35,-0.325,-0.3,-0.275,
-0.25,-0.225,-0.2,-0.175,-0.15,-0.125,-0.1,-0.075,-0.05,-0.025,0.),
 .UNSPECIFIED.)
CURVE()
GEOMETRIC_REPRESENTATION_ITEM()
RATIONAL_B_SPLINE_CURVE((1.,1.,1.,1.,1.,1.,1.,1.,1.,1.,1.,1.,1.,1.,1.,1.,
1.,1.,1.,1.,1.,1.,1.,1.,1.,1.,1.,1.,1.,1.,1.,1.,1.,1.,1.,1.,1.,1.,1.,1.,
1.,1.,1.,1.,1.))
REPRESENTATION_ITEM('')
);
#44=(
BOUNDED_CURVE()
B_SPLINE_CURVE(5,(#4853,#4854,#4855,#4856,#4857,#4858,#4859,#4860,#4861,
#4862,#4863,#4864,#4865,#4866,#4867,#4868,#4869,#4870,#4871,#4872,#4873,
#4874,#4875,#4876,#4877,#4878,#4879,#4880,#4881,#4882,#4883,#4884,#4885,
#4886,#4887,#4888,#4889,#4890,#4891,#4892,#4893,#4894,#4895,#4896,#4897),
 .UNSPECIFIED.,.T.,.F.)
B_SPLINE_CURVE_WITH_KNOTS((6,1,1,1,1,1,1,1,1,1,1,1,1,1,1,1,1,1,1,1,1,1,
1,1,1,1,1,1,1,1,1,1,1,1,1,1,1,1,1,1,6),(-1.,-0.975,-0.95,-0.925,-0.9,-0.875,
-0.85,-0.825,-0.8,-0.775,-0.75,-0.725,-0.7,-0.675,-0.65,-0.625,-0.6,-0.575,
-0.55,-0.525,-0.5,-0.475,-0.45,-0.425,-0.4,-0.375,-0.35,-0.325,-0.3,-0.275,
-0.25,-0.225,-0.2,-0.175,-0.15,-0.125,-0.1,-0.075,-0.05,-0.025,0.),
 .UNSPECIFIED.)
CURVE()
GEOMETRIC_REPRESENTATION_ITEM()
RATIONAL_B_SPLINE_CURVE((1.,1.,1.,1.,1.,1.,1.,1.,1.,1.,1.,1.,1.,1.,1.,1.,
1.,1.,1.,1.,1.,1.,1.,1.,1.,1.,1.,1.,1.,1.,1.,1.,1.,1.,1.,1.,1.,1.,1.,1.,
1.,1.,1.,1.,1.))
REPRESENTATION_ITEM('')
);
#45=(
BOUNDED_CURVE()
B_SPLINE_CURVE(5,(#4912,#4913,#4914,#4915,#4916,#4917),.UNSPECIFIED.,.F.,
 .F.)
B_SPLINE_CURVE_WITH_KNOTS((6,6),(-1.,-0.997317909817219),.UNSPECIFIED.)
CURVE()
GEOMETRIC_REPRESENTATION_ITEM()
RATIONAL_B_SPLINE_CURVE((1.,1.,1.,1.,1.,1.))
REPRESENTATION_ITEM('')
);
#46=(
BOUNDED_CURVE()
B_SPLINE_CURVE(5,(#4921,#4922,#4923,#4924,#4925,#4926),.UNSPECIFIED.,.F.,
 .F.)
B_SPLINE_CURVE_WITH_KNOTS((6,6),(-1.,-0.997317909817219),.UNSPECIFIED.)
CURVE()
GEOMETRIC_REPRESENTATION_ITEM()
RATIONAL_B_SPLINE_CURVE((1.,1.,1.,1.,1.,1.))
REPRESENTATION_ITEM('')
);
#47=(
BOUNDED_CURVE()
B_SPLINE_CURVE(5,(#4940,#4941,#4942,#4943,#4944,#4945),.UNSPECIFIED.,.F.,
 .F.)
B_SPLINE_CURVE_WITH_KNOTS((6,6),(-0.00305761203530783,0.),.UNSPECIFIED.)
CURVE()
GEOMETRIC_REPRESENTATION_ITEM()
RATIONAL_B_SPLINE_CURVE((1.,1.,1.,1.,1.,1.))
REPRESENTATION_ITEM('')
);
#48=(
BOUNDED_CURVE()
B_SPLINE_CURVE(5,(#4946,#4947,#4948,#4949,#4950,#4951),.UNSPECIFIED.,.F.,
 .F.)
B_SPLINE_CURVE_WITH_KNOTS((6,6),(-0.00305761203530783,0.),.UNSPECIFIED.)
CURVE()
GEOMETRIC_REPRESENTATION_ITEM()
RATIONAL_B_SPLINE_CURVE((1.,1.,1.,1.,1.,1.))
REPRESENTATION_ITEM('')
);
#49=(
BOUNDED_CURVE()
B_SPLINE_CURVE(5,(#5103,#5104,#5105,#5106,#5107,#5108,#5109,#5110,#5111,
#5112,#5113,#5114,#5115,#5116,#5117,#5118,#5119,#5120,#5121,#5122,#5123,
#5124,#5125,#5126,#5127,#5128,#5129,#5130,#5131,#5132,#5133,#5134,#5135,
#5136,#5137,#5138,#5139,#5140,#5141,#5142,#5143,#5144,#5145,#5146,#5147,
#5148,#5149,#5150,#5151,#5152,#5153,#5154,#5155,#5156,#5157,#5158,#5159,
#5160,#5161,#5162,#5163,#5164,#5165,#5166,#5167,#5168,#5169,#5170,#5171,
#5172,#5173,#5174,#5175,#5176,#5177),.UNSPECIFIED.,.F.,.F.)
B_SPLINE_CURVE_WITH_KNOTS((6,1,1,1,1,1,1,1,1,1,1,1,1,1,1,1,1,1,1,1,1,1,
1,1,1,1,1,1,1,1,1,1,1,1,1,1,1,1,1,1,1,1,1,1,1,1,1,1,1,1,1,1,1,1,1,1,1,1,
1,1,1,1,1,1,1,1,1,1,1,1,6),(0.,0.0142857142857143,0.0285714285714286,0.0428571428571429,
0.0571428571428571,0.0714285714285714,0.0857142857142857,0.1,0.114285714285714,
0.128571428571429,0.142857142857143,0.157142857142857,0.171428571428571,
0.185714285714286,0.2,0.214285714285714,0.228571428571429,0.242857142857143,
0.257142857142857,0.271428571428571,0.285714285714286,0.3,0.314285714285714,
0.328571428571429,0.342857142857143,0.357142857142857,0.371428571428571,
0.385714285714286,0.4,0.414285714285714,0.428571428571429,0.442857142857143,
0.457142857142857,0.471428571428571,0.485714285714286,0.5,0.514285714285714,
0.528571428571429,0.542857142857143,0.557142857142857,0.571428571428571,
0.585714285714286,0.6,0.614285714285714,0.628571428571428,0.642857142857142,
0.657142857142857,0.671428571428571,0.685714285714285,0.699999999999999,
0.714285714285714,0.728571428571428,0.742857142857142,0.757142857142856,
0.771428571428571,0.785714285714285,0.799999999999999,0.814285714285713,
0.828571428571428,0.842857142857142,0.857142857142856,0.87142857142857,
0.885714285714284,0.899999999999999,0.914285714285713,0.928571428571427,
0.942857142857141,0.957142857142856,0.97142857142857,0.985714285714284,
0.997317909817218),.UNSPECIFIED.)
CURVE()
GEOMETRIC_REPRESENTATION_ITEM()
RATIONAL_B_SPLINE_CURVE((1.,1.,1.,1.,1.,1.,1.,1.,1.,1.,1.,1.,1.,1.,1.,1.,
1.,1.,1.,1.,1.,1.,1.,1.,1.,1.,1.,1.,1.,1.,1.,1.,1.,1.,1.,1.,1.,1.,1.,1.,
1.,1.,1.,1.,1.,1.,1.,1.,1.,1.,1.,1.,1.,1.,1.,1.,1.,1.,1.,1.,1.,1.,1.,1.,
1.,1.,1.,1.,1.,1.,1.,1.,1.,1.,1.))
REPRESENTATION_ITEM('')
);
#50=(
BOUNDED_CURVE()
B_SPLINE_CURVE(5,(#5180,#5181,#5182,#5183,#5184,#5185,#5186,#5187,#5188,
#5189,#5190,#5191,#5192,#5193,#5194,#5195,#5196,#5197,#5198,#5199,#5200,
#5201,#5202,#5203,#5204,#5205,#5206,#5207,#5208,#5209,#5210,#5211,#5212,
#5213,#5214,#5215,#5216,#5217,#5218,#5219,#5220,#5221,#5222,#5223,#5224,
#5225,#5226,#5227,#5228,#5229,#5230,#5231,#5232,#5233,#5234,#5235,#5236,
#5237,#5238,#5239,#5240,#5241,#5242,#5243,#5244,#5245,#5246,#5247,#5248,
#5249,#5250,#5251,#5252,#5253,#5254),.UNSPECIFIED.,.F.,.F.)
B_SPLINE_CURVE_WITH_KNOTS((6,1,1,1,1,1,1,1,1,1,1,1,1,1,1,1,1,1,1,1,1,1,
1,1,1,1,1,1,1,1,1,1,1,1,1,1,1,1,1,1,1,1,1,1,1,1,1,1,1,1,1,1,1,1,1,1,1,1,
1,1,1,1,1,1,1,1,1,1,1,1,6),(0.,0.0142857142857143,0.0285714285714286,0.0428571428571429,
0.0571428571428571,0.0714285714285714,0.0857142857142857,0.1,0.114285714285714,
0.128571428571429,0.142857142857143,0.157142857142857,0.171428571428571,
0.185714285714286,0.2,0.214285714285714,0.228571428571429,0.242857142857143,
0.257142857142857,0.271428571428571,0.285714285714286,0.3,0.314285714285714,
0.328571428571429,0.342857142857143,0.357142857142857,0.371428571428571,
0.385714285714286,0.4,0.414285714285714,0.428571428571429,0.442857142857143,
0.457142857142857,0.471428571428571,0.485714285714286,0.5,0.514285714285714,
0.528571428571429,0.542857142857143,0.557142857142857,0.571428571428571,
0.585714285714286,0.6,0.614285714285714,0.628571428571428,0.642857142857142,
0.657142857142857,0.671428571428571,0.685714285714285,0.699999999999999,
0.714285714285714,0.728571428571428,0.742857142857142,0.757142857142856,
0.771428571428571,0.785714285714285,0.799999999999999,0.814285714285713,
0.828571428571428,0.842857142857142,0.857142857142856,0.87142857142857,
0.885714285714284,0.899999999999999,0.914285714285713,0.928571428571427,
0.942857142857141,0.957142857142856,0.97142857142857,0.985714285714284,
0.997317909817218),.UNSPECIFIED.)
CURVE()
GEOMETRIC_REPRESENTATION_ITEM()
RATIONAL_B_SPLINE_CURVE((1.,1.,1.,1.,1.,1.,1.,1.,1.,1.,1.,1.,1.,1.,1.,1.,
1.,1.,1.,1.,1.,1.,1.,1.,1.,1.,1.,1.,1.,1.,1.,1.,1.,1.,1.,1.,1.,1.,1.,1.,
1.,1.,1.,1.,1.,1.,1.,1.,1.,1.,1.,1.,1.,1.,1.,1.,1.,1.,1.,1.,1.,1.,1.,1.,
1.,1.,1.,1.,1.,1.,1.,1.,1.,1.,1.))
REPRESENTATION_ITEM('')
);
#51=(
BOUNDED_CURVE()
B_SPLINE_CURVE(5,(#5289,#5290,#5291,#5292,#5293,#5294,#5295,#5296,#5297,
#5298,#5299,#5300,#5301,#5302,#5303,#5304),.UNSPECIFIED.,.F.,.F.)
B_SPLINE_CURVE_WITH_KNOTS((6,1,1,1,1,1,1,1,1,1,1,6),(0.,0.0333333333333333,
0.0666666666666667,0.1,0.133333333333333,0.166666666666667,0.2,0.233333333333333,
0.266666666666667,0.3,0.333333333333333,0.356637772273333),
 .UNSPECIFIED.)
CURVE()
GEOMETRIC_REPRESENTATION_ITEM()
RATIONAL_B_SPLINE_CURVE((1.,1.,1.,1.,1.,1.,1.,1.,1.,1.,1.,1.,1.,1.,1.,1.))
REPRESENTATION_ITEM('')
);
#52=(
BOUNDED_CURVE()
B_SPLINE_CURVE(5,(#5307,#5308,#5309,#5310,#5311,#5312,#5313,#5314,#5315,
#5316,#5317,#5318,#5319,#5320,#5321,#5322),.UNSPECIFIED.,.F.,.F.)
B_SPLINE_CURVE_WITH_KNOTS((6,1,1,1,1,1,1,1,1,1,1,6),(0.,0.0333333333333333,
0.0666666666666667,0.1,0.133333333333333,0.166666666666667,0.2,0.233333333333333,
0.266666666666667,0.3,0.333333333333333,0.356637772273333),
 .UNSPECIFIED.)
CURVE()
GEOMETRIC_REPRESENTATION_ITEM()
RATIONAL_B_SPLINE_CURVE((1.,1.,1.,1.,1.,1.,1.,1.,1.,1.,1.,1.,1.,1.,1.,1.))
REPRESENTATION_ITEM('')
);
#53=(
BOUNDED_CURVE()
B_SPLINE_CURVE(5,(#5394,#5395,#5396,#5397,#5398,#5399,#5400,#5401,#5402,
#5403,#5404,#5405,#5406,#5407,#5408,#5409,#5410,#5411,#5412,#5413,#5414,
#5415,#5416,#5417,#5418,#5419,#5420,#5421,#5422,#5423,#5424,#5425,#5426,
#5427,#5428),.UNSPECIFIED.,.F.,.F.)
B_SPLINE_CURVE_WITH_KNOTS((6,1,1,1,1,1,1,1,1,1,1,1,1,1,1,1,1,1,1,1,1,1,
1,1,1,1,1,1,1,1,6),(0.,0.0333333333333333,0.0666666666666667,0.1,0.133333333333333,
0.166666666666667,0.2,0.233333333333333,0.266666666666667,0.3,0.333333333333333,
0.366666666666666,0.4,0.433333333333333,0.466666666666667,0.5,0.533333333333333,
0.566666666666667,0.6,0.633333333333333,0.666666666666667,0.7,0.733333333333333,
0.766666666666667,0.8,0.833333333333333,0.866666666666667,0.9,0.933333333333333,
0.966666666666666,1.),.UNSPECIFIED.)
CURVE()
GEOMETRIC_REPRESENTATION_ITEM()
RATIONAL_B_SPLINE_CURVE((1.,1.,1.,1.,1.,1.,1.,1.,1.,1.,1.,1.,1.,1.,1.,1.,
1.,1.,1.,1.,1.,1.,1.,1.,1.,1.,1.,1.,1.,1.,1.,1.,1.,1.,1.))
REPRESENTATION_ITEM('')
);
#54=(
BOUNDED_CURVE()
B_SPLINE_CURVE(5,(#5431,#5432,#5433,#5434,#5435,#5436,#5437,#5438,#5439,
#5440,#5441,#5442,#5443,#5444,#5445,#5446,#5447,#5448,#5449,#5450,#5451,
#5452,#5453,#5454,#5455,#5456,#5457,#5458,#5459,#5460,#5461,#5462,#5463,
#5464,#5465),.UNSPECIFIED.,.F.,.F.)
B_SPLINE_CURVE_WITH_KNOTS((6,1,1,1,1,1,1,1,1,1,1,1,1,1,1,1,1,1,1,1,1,1,
1,1,1,1,1,1,1,1,6),(0.,0.0333333333333333,0.0666666666666667,0.1,0.133333333333333,
0.166666666666667,0.2,0.233333333333333,0.266666666666667,0.3,0.333333333333333,
0.366666666666666,0.4,0.433333333333333,0.466666666666667,0.5,0.533333333333333,
0.566666666666667,0.6,0.633333333333333,0.666666666666667,0.7,0.733333333333333,
0.766666666666667,0.8,0.833333333333333,0.866666666666667,0.9,0.933333333333333,
0.966666666666666,1.),.UNSPECIFIED.)
CURVE()
GEOMETRIC_REPRESENTATION_ITEM()
RATIONAL_B_SPLINE_CURVE((1.,1.,1.,1.,1.,1.,1.,1.,1.,1.,1.,1.,1.,1.,1.,1.,
1.,1.,1.,1.,1.,1.,1.,1.,1.,1.,1.,1.,1.,1.,1.,1.,1.,1.,1.))
REPRESENTATION_ITEM('')
);
#55=(
BOUNDED_CURVE()
B_SPLINE_CURVE(5,(#5537,#5538,#5539,#5540,#5541,#5542,#5543,#5544,#5545,
#5546,#5547,#5548,#5549,#5550,#5551,#5552,#5553,#5554,#5555,#5556,#5557,
#5558,#5559,#5560,#5561,#5562,#5563,#5564,#5565,#5566,#5567,#5568,#5569,
#5570,#5571),.UNSPECIFIED.,.F.,.F.)
B_SPLINE_CURVE_WITH_KNOTS((6,1,1,1,1,1,1,1,1,1,1,1,1,1,1,1,1,1,1,1,1,1,
1,1,1,1,1,1,1,1,6),(0.,0.0333333333333333,0.0666666666666667,0.1,0.133333333333333,
0.166666666666667,0.2,0.233333333333333,0.266666666666667,0.3,0.333333333333333,
0.366666666666666,0.4,0.433333333333333,0.466666666666667,0.5,0.533333333333333,
0.566666666666667,0.6,0.633333333333333,0.666666666666667,0.7,0.733333333333333,
0.766666666666667,0.8,0.833333333333333,0.866666666666667,0.9,0.933333333333333,
0.966666666666666,1.),.UNSPECIFIED.)
CURVE()
GEOMETRIC_REPRESENTATION_ITEM()
RATIONAL_B_SPLINE_CURVE((1.,1.,1.,1.,1.,1.,1.,1.,1.,1.,1.,1.,1.,1.,1.,1.,
1.,1.,1.,1.,1.,1.,1.,1.,1.,1.,1.,1.,1.,1.,1.,1.,1.,1.,1.))
REPRESENTATION_ITEM('')
);
#56=(
BOUNDED_CURVE()
B_SPLINE_CURVE(5,(#5574,#5575,#5576,#5577,#5578,#5579,#5580,#5581,#5582,
#5583,#5584,#5585,#5586,#5587,#5588,#5589,#5590,#5591,#5592,#5593,#5594,
#5595,#5596,#5597,#5598,#5599,#5600,#5601,#5602,#5603,#5604,#5605,#5606,
#5607,#5608),.UNSPECIFIED.,.F.,.F.)
B_SPLINE_CURVE_WITH_KNOTS((6,1,1,1,1,1,1,1,1,1,1,1,1,1,1,1,1,1,1,1,1,1,
1,1,1,1,1,1,1,1,6),(0.,0.0333333333333333,0.0666666666666667,0.1,0.133333333333333,
0.166666666666667,0.2,0.233333333333333,0.266666666666667,0.3,0.333333333333333,
0.366666666666666,0.4,0.433333333333333,0.466666666666667,0.5,0.533333333333333,
0.566666666666667,0.6,0.633333333333333,0.666666666666667,0.7,0.733333333333333,
0.766666666666667,0.8,0.833333333333333,0.866666666666667,0.9,0.933333333333333,
0.966666666666666,1.),.UNSPECIFIED.)
CURVE()
GEOMETRIC_REPRESENTATION_ITEM()
RATIONAL_B_SPLINE_CURVE((1.,1.,1.,1.,1.,1.,1.,1.,1.,1.,1.,1.,1.,1.,1.,1.,
1.,1.,1.,1.,1.,1.,1.,1.,1.,1.,1.,1.,1.,1.,1.,1.,1.,1.,1.))
REPRESENTATION_ITEM('')
);
#57=(
BOUNDED_CURVE()
B_SPLINE_CURVE(5,(#5680,#5681,#5682,#5683,#5684,#5685,#5686,#5687,#5688,
#5689,#5690,#5691,#5692,#5693,#5694,#5695,#5696,#5697,#5698,#5699,#5700,
#5701,#5702,#5703,#5704,#5705,#5706,#5707,#5708,#5709,#5710,#5711,#5712,
#5713,#5714),.UNSPECIFIED.,.F.,.F.)
B_SPLINE_CURVE_WITH_KNOTS((6,1,1,1,1,1,1,1,1,1,1,1,1,1,1,1,1,1,1,1,1,1,
1,1,1,1,1,1,1,1,6),(0.,0.0333333333333333,0.0666666666666667,0.1,0.133333333333333,
0.166666666666667,0.2,0.233333333333333,0.266666666666667,0.3,0.333333333333333,
0.366666666666666,0.4,0.433333333333333,0.466666666666667,0.5,0.533333333333333,
0.566666666666667,0.6,0.633333333333333,0.666666666666667,0.7,0.733333333333333,
0.766666666666667,0.8,0.833333333333333,0.866666666666667,0.9,0.933333333333333,
0.966666666666666,1.),.UNSPECIFIED.)
CURVE()
GEOMETRIC_REPRESENTATION_ITEM()
RATIONAL_B_SPLINE_CURVE((1.,1.,1.,1.,1.,1.,1.,1.,1.,1.,1.,1.,1.,1.,1.,1.,
1.,1.,1.,1.,1.,1.,1.,1.,1.,1.,1.,1.,1.,1.,1.,1.,1.,1.,1.))
REPRESENTATION_ITEM('')
);
#58=(
BOUNDED_CURVE()
B_SPLINE_CURVE(5,(#5717,#5718,#5719,#5720,#5721,#5722,#5723,#5724,#5725,
#5726,#5727,#5728,#5729,#5730,#5731,#5732,#5733,#5734,#5735,#5736,#5737,
#5738,#5739,#5740,#5741,#5742,#5743,#5744,#5745,#5746,#5747,#5748,#5749,
#5750,#5751),.UNSPECIFIED.,.F.,.F.)
B_SPLINE_CURVE_WITH_KNOTS((6,1,1,1,1,1,1,1,1,1,1,1,1,1,1,1,1,1,1,1,1,1,
1,1,1,1,1,1,1,1,6),(0.,0.0333333333333333,0.0666666666666667,0.1,0.133333333333333,
0.166666666666667,0.2,0.233333333333333,0.266666666666667,0.3,0.333333333333333,
0.366666666666666,0.4,0.433333333333333,0.466666666666667,0.5,0.533333333333333,
0.566666666666667,0.6,0.633333333333333,0.666666666666667,0.7,0.733333333333333,
0.766666666666667,0.8,0.833333333333333,0.866666666666667,0.9,0.933333333333333,
0.966666666666666,1.),.UNSPECIFIED.)
CURVE()
GEOMETRIC_REPRESENTATION_ITEM()
RATIONAL_B_SPLINE_CURVE((1.,1.,1.,1.,1.,1.,1.,1.,1.,1.,1.,1.,1.,1.,1.,1.,
1.,1.,1.,1.,1.,1.,1.,1.,1.,1.,1.,1.,1.,1.,1.,1.,1.,1.,1.))
REPRESENTATION_ITEM('')
);
#59=(
BOUNDED_CURVE()
B_SPLINE_CURVE(5,(#5883,#5884,#5885,#5886,#5887,#5888,#5889,#5890,#5891,
#5892,#5893,#5894,#5895,#5896,#5897,#5898,#5899,#5900,#5901,#5902,#5903,
#5904,#5905,#5906,#5907,#5908,#5909,#5910,#5911,#5912,#5913,#5914,#5915,
#5916,#5917,#5918,#5919,#5920,#5921,#5922,#5923,#5924,#5925,#5926,#5927,
#5928,#5929,#5930,#5931,#5932,#5933,#5934,#5935,#5936,#5937,#5938,#5939,
#5940,#5941,#5942,#5943,#5944,#5945,#5946,#5947),.UNSPECIFIED.,.F.,.F.)
B_SPLINE_CURVE_WITH_KNOTS((6,1,1,1,1,1,1,1,1,1,1,1,1,1,1,1,1,1,1,1,1,1,
1,1,1,1,1,1,1,1,1,1,1,1,1,1,1,1,1,1,1,1,1,1,1,1,1,1,1,1,1,1,1,1,1,1,1,1,
1,1,6),(0.,0.0166666666666667,0.0333333333333333,0.05,0.0666666666666667,
0.0833333333333333,0.1,0.116666666666667,0.133333333333333,0.15,0.166666666666667,
0.183333333333333,0.2,0.216666666666667,0.233333333333333,0.25,0.266666666666667,
0.283333333333333,0.3,0.316666666666667,0.333333333333333,0.35,0.366666666666666,
0.383333333333333,0.4,0.416666666666667,0.433333333333333,0.45,0.466666666666667,
0.483333333333333,0.5,0.516666666666667,0.533333333333333,0.55,0.566666666666667,
0.583333333333333,0.6,0.616666666666667,0.633333333333334,0.65,0.666666666666667,
0.683333333333334,0.700000000000001,0.716666666666667,0.733333333333334,
0.750000000000001,0.766666666666667,0.783333333333334,0.800000000000001,
0.816666666666668,0.833333333333334,0.850000000000001,0.866666666666668,
0.883333333333334,0.900000000000001,0.916666666666668,0.933333333333334,
0.950000000000001,0.966666666666668,0.983333333333335,1.),.UNSPECIFIED.)
CURVE()
GEOMETRIC_REPRESENTATION_ITEM()
RATIONAL_B_SPLINE_CURVE((1.,1.,1.,1.,1.,1.,1.,1.,1.,1.,1.,1.,1.,1.,1.,1.,
1.,1.,1.,1.,1.,1.,1.,1.,1.,1.,1.,1.,1.,1.,1.,1.,1.,1.,1.,1.,1.,1.,1.,1.,
1.,1.,1.,1.,1.,1.,1.,1.,1.,1.,1.,1.,1.,1.,1.,1.,1.,1.,1.,1.,1.,1.,1.,1.,
1.))
REPRESENTATION_ITEM('')
);
#60=(
BOUNDED_CURVE()
B_SPLINE_CURVE(5,(#5950,#5951,#5952,#5953,#5954,#5955,#5956,#5957,#5958,
#5959,#5960,#5961,#5962,#5963,#5964,#5965,#5966,#5967,#5968,#5969,#5970,
#5971,#5972,#5973,#5974,#5975,#5976,#5977,#5978,#5979,#5980,#5981,#5982,
#5983,#5984,#5985,#5986,#5987,#5988,#5989,#5990,#5991,#5992,#5993,#5994,
#5995,#5996,#5997,#5998,#5999,#6000,#6001,#6002,#6003,#6004,#6005,#6006,
#6007,#6008,#6009,#6010,#6011,#6012,#6013,#6014),.UNSPECIFIED.,.F.,.F.)
B_SPLINE_CURVE_WITH_KNOTS((6,1,1,1,1,1,1,1,1,1,1,1,1,1,1,1,1,1,1,1,1,1,
1,1,1,1,1,1,1,1,1,1,1,1,1,1,1,1,1,1,1,1,1,1,1,1,1,1,1,1,1,1,1,1,1,1,1,1,
1,1,6),(0.,0.0166666666666667,0.0333333333333333,0.05,0.0666666666666667,
0.0833333333333333,0.1,0.116666666666667,0.133333333333333,0.15,0.166666666666667,
0.183333333333333,0.2,0.216666666666667,0.233333333333333,0.25,0.266666666666667,
0.283333333333333,0.3,0.316666666666667,0.333333333333333,0.35,0.366666666666666,
0.383333333333333,0.4,0.416666666666667,0.433333333333333,0.45,0.466666666666667,
0.483333333333333,0.5,0.516666666666667,0.533333333333333,0.55,0.566666666666667,
0.583333333333333,0.6,0.616666666666667,0.633333333333334,0.65,0.666666666666667,
0.683333333333334,0.700000000000001,0.716666666666667,0.733333333333334,
0.750000000000001,0.766666666666667,0.783333333333334,0.800000000000001,
0.816666666666668,0.833333333333334,0.850000000000001,0.866666666666668,
0.883333333333334,0.900000000000001,0.916666666666668,0.933333333333334,
0.950000000000001,0.966666666666668,0.983333333333335,1.),.UNSPECIFIED.)
CURVE()
GEOMETRIC_REPRESENTATION_ITEM()
RATIONAL_B_SPLINE_CURVE((1.,1.,1.,1.,1.,1.,1.,1.,1.,1.,1.,1.,1.,1.,1.,1.,
1.,1.,1.,1.,1.,1.,1.,1.,1.,1.,1.,1.,1.,1.,1.,1.,1.,1.,1.,1.,1.,1.,1.,1.,
1.,1.,1.,1.,1.,1.,1.,1.,1.,1.,1.,1.,1.,1.,1.,1.,1.,1.,1.,1.,1.,1.,1.,1.,
1.))
REPRESENTATION_ITEM('')
);
#61=(
BOUNDED_CURVE()
B_SPLINE_CURVE(5,(#6056,#6057,#6058,#6059,#6060,#6061,#6062,#6063,#6064,
#6065,#6066,#6067,#6068,#6069,#6070,#6071,#6072,#6073,#6074,#6075),
 .UNSPECIFIED.,.F.,.F.)
B_SPLINE_CURVE_WITH_KNOTS((6,1,1,1,1,1,1,1,1,1,1,1,1,1,1,6),(0.500824184137209,
0.533333333333333,0.566666666666667,0.6,0.633333333333333,0.666666666666667,
0.7,0.733333333333333,0.766666666666667,0.8,0.833333333333333,0.866666666666667,
0.9,0.933333333333333,0.966666666666666,1.),.UNSPECIFIED.)
CURVE()
GEOMETRIC_REPRESENTATION_ITEM()
RATIONAL_B_SPLINE_CURVE((1.,1.,1.,1.,1.,1.,1.,1.,1.,1.,1.,1.,1.,1.,1.,1.,
1.,1.,1.,1.))
REPRESENTATION_ITEM('')
);
#62=(
BOUNDED_CURVE()
B_SPLINE_CURVE(5,(#6078,#6079,#6080,#6081,#6082,#6083,#6084,#6085,#6086,
#6087,#6088,#6089,#6090,#6091,#6092,#6093,#6094,#6095,#6096,#6097),
 .UNSPECIFIED.,.F.,.F.)
B_SPLINE_CURVE_WITH_KNOTS((6,1,1,1,1,1,1,1,1,1,1,1,1,1,1,6),(0.500824184137209,
0.533333333333333,0.566666666666667,0.6,0.633333333333333,0.666666666666667,
0.7,0.733333333333333,0.766666666666667,0.8,0.833333333333333,0.866666666666667,
0.9,0.933333333333333,0.966666666666666,1.),.UNSPECIFIED.)
CURVE()
GEOMETRIC_REPRESENTATION_ITEM()
RATIONAL_B_SPLINE_CURVE((1.,1.,1.,1.,1.,1.,1.,1.,1.,1.,1.,1.,1.,1.,1.,1.,
1.,1.,1.,1.))
REPRESENTATION_ITEM('')
);
#63=(
BOUNDED_CURVE()
B_SPLINE_CURVE(5,(#6209,#6210,#6211,#6212,#6213,#6214,#6215,#6216,#6217,
#6218,#6219,#6220,#6221,#6222,#6223,#6224,#6225,#6226,#6227,#6228,#6229,
#6230,#6231,#6232,#6233,#6234,#6235,#6236,#6237,#6238,#6239,#6240,#6241,
#6242,#6243,#6244,#6245,#6246,#6247,#6248,#6249,#6250,#6251,#6252,#6253,
#6254,#6255,#6256,#6257,#6258,#6259,#6260,#6261,#6262,#6263),
 .UNSPECIFIED.,.F.,.F.)
B_SPLINE_CURVE_WITH_KNOTS((6,1,1,1,1,1,1,1,1,1,1,1,1,1,1,1,1,1,1,1,1,1,
1,1,1,1,1,1,1,1,1,1,1,1,1,1,1,1,1,1,1,1,1,1,1,1,1,1,1,1,6),(0.,0.02,0.04,
0.06,0.08,0.1,0.12,0.14,0.16,0.18,0.2,0.22,0.24,0.26,0.28,0.3,0.32,0.34,
0.36,0.38,0.4,0.42,0.44,0.46,0.48,0.5,0.52,0.54,0.56,0.58,0.6,0.62,0.64,
0.66,0.68,0.7,0.72,0.74,0.76,0.78,0.8,0.82,0.84,0.86,0.88,0.9,0.92,0.94,
0.96,0.98,1.),.UNSPECIFIED.)
CURVE()
GEOMETRIC_REPRESENTATION_ITEM()
RATIONAL_B_SPLINE_CURVE((1.,1.,1.,1.,1.,1.,1.,1.,1.,1.,1.,1.,1.,1.,1.,1.,
1.,1.,1.,1.,1.,1.,1.,1.,1.,1.,1.,1.,1.,1.,1.,1.,1.,1.,1.,1.,1.,1.,1.,1.,
1.,1.,1.,1.,1.,1.,1.,1.,1.,1.,1.,1.,1.,1.,1.))
REPRESENTATION_ITEM('')
);
#64=(
BOUNDED_CURVE()
B_SPLINE_CURVE(5,(#6266,#6267,#6268,#6269,#6270,#6271,#6272,#6273,#6274,
#6275,#6276,#6277,#6278,#6279,#6280,#6281,#6282,#6283,#6284,#6285,#6286,
#6287,#6288,#6289,#6290,#6291,#6292,#6293,#6294,#6295,#6296,#6297,#6298,
#6299,#6300,#6301,#6302,#6303,#6304,#6305,#6306,#6307,#6308,#6309,#6310,
#6311,#6312,#6313,#6314,#6315,#6316,#6317,#6318,#6319,#6320),
 .UNSPECIFIED.,.F.,.F.)
B_SPLINE_CURVE_WITH_KNOTS((6,1,1,1,1,1,1,1,1,1,1,1,1,1,1,1,1,1,1,1,1,1,
1,1,1,1,1,1,1,1,1,1,1,1,1,1,1,1,1,1,1,1,1,1,1,1,1,1,1,1,6),(0.,0.02,0.04,
0.06,0.08,0.1,0.12,0.14,0.16,0.18,0.2,0.22,0.24,0.26,0.28,0.3,0.32,0.34,
0.36,0.38,0.4,0.42,0.44,0.46,0.48,0.5,0.52,0.54,0.56,0.58,0.6,0.62,0.64,
0.66,0.68,0.7,0.72,0.74,0.76,0.78,0.8,0.82,0.84,0.86,0.88,0.9,0.92,0.94,
0.96,0.98,1.),.UNSPECIFIED.)
CURVE()
GEOMETRIC_REPRESENTATION_ITEM()
RATIONAL_B_SPLINE_CURVE((1.,1.,1.,1.,1.,1.,1.,1.,1.,1.,1.,1.,1.,1.,1.,1.,
1.,1.,1.,1.,1.,1.,1.,1.,1.,1.,1.,1.,1.,1.,1.,1.,1.,1.,1.,1.,1.,1.,1.,1.,
1.,1.,1.,1.,1.,1.,1.,1.,1.,1.,1.,1.,1.,1.,1.))
REPRESENTATION_ITEM('')
);
#65=(
BOUNDED_CURVE()
B_SPLINE_CURVE(5,(#6352,#6353,#6354,#6355,#6356,#6357,#6358,#6359,#6360,
#6361,#6362,#6363,#6364,#6365,#6366),.UNSPECIFIED.,.F.,.F.)
B_SPLINE_CURVE_WITH_KNOTS((6,1,1,1,1,1,1,1,1,1,6),(0.,0.1,0.2,0.3,0.4,0.5,
0.6,0.7,0.8,0.9,1.),.UNSPECIFIED.)
CURVE()
GEOMETRIC_REPRESENTATION_ITEM()
RATIONAL_B_SPLINE_CURVE((1.,1.,1.,1.,1.,1.,1.,1.,1.,1.,1.,1.,1.,1.,1.))
REPRESENTATION_ITEM('')
);
#66=(
BOUNDED_CURVE()
B_SPLINE_CURVE(5,(#6369,#6370,#6371,#6372,#6373,#6374,#6375,#6376,#6377,
#6378,#6379,#6380,#6381,#6382,#6383),.UNSPECIFIED.,.F.,.F.)
B_SPLINE_CURVE_WITH_KNOTS((6,1,1,1,1,1,1,1,1,1,6),(0.,0.1,0.2,0.3,0.4,0.5,
0.6,0.7,0.8,0.9,1.),.UNSPECIFIED.)
CURVE()
GEOMETRIC_REPRESENTATION_ITEM()
RATIONAL_B_SPLINE_CURVE((1.,1.,1.,1.,1.,1.,1.,1.,1.,1.,1.,1.,1.,1.,1.))
REPRESENTATION_ITEM('')
);
#67=(
BOUNDED_CURVE()
B_SPLINE_CURVE(5,(#6455,#6456,#6457,#6458,#6459,#6460,#6461,#6462,#6463,
#6464,#6465,#6466,#6467,#6468,#6469,#6470,#6471,#6472,#6473,#6474,#6475,
#6476,#6477,#6478,#6479,#6480,#6481,#6482,#6483,#6484,#6485,#6486,#6487,
#6488,#6489),.UNSPECIFIED.,.F.,.F.)
B_SPLINE_CURVE_WITH_KNOTS((6,1,1,1,1,1,1,1,1,1,1,1,1,1,1,1,1,1,1,1,1,1,
1,1,1,1,1,1,1,1,6),(0.,0.0333333333333333,0.0666666666666667,0.1,0.133333333333333,
0.166666666666667,0.2,0.233333333333333,0.266666666666667,0.3,0.333333333333333,
0.366666666666666,0.4,0.433333333333333,0.466666666666667,0.5,0.533333333333333,
0.566666666666667,0.6,0.633333333333333,0.666666666666667,0.7,0.733333333333333,
0.766666666666667,0.8,0.833333333333333,0.866666666666667,0.9,0.933333333333333,
0.966666666666666,1.),.UNSPECIFIED.)
CURVE()
GEOMETRIC_REPRESENTATION_ITEM()
RATIONAL_B_SPLINE_CURVE((1.,1.,1.,1.,1.,1.,1.,1.,1.,1.,1.,1.,1.,1.,1.,1.,
1.,1.,1.,1.,1.,1.,1.,1.,1.,1.,1.,1.,1.,1.,1.,1.,1.,1.,1.))
REPRESENTATION_ITEM('')
);
#68=(
BOUNDED_CURVE()
B_SPLINE_CURVE(5,(#6492,#6493,#6494,#6495,#6496,#6497,#6498,#6499,#6500,
#6501,#6502,#6503,#6504,#6505,#6506,#6507,#6508,#6509,#6510,#6511,#6512,
#6513,#6514,#6515,#6516,#6517,#6518,#6519,#6520,#6521,#6522,#6523,#6524,
#6525,#6526),.UNSPECIFIED.,.F.,.F.)
B_SPLINE_CURVE_WITH_KNOTS((6,1,1,1,1,1,1,1,1,1,1,1,1,1,1,1,1,1,1,1,1,1,
1,1,1,1,1,1,1,1,6),(0.,0.0333333333333333,0.0666666666666667,0.1,0.133333333333333,
0.166666666666667,0.2,0.233333333333333,0.266666666666667,0.3,0.333333333333333,
0.366666666666666,0.4,0.433333333333333,0.466666666666667,0.5,0.533333333333333,
0.566666666666667,0.6,0.633333333333333,0.666666666666667,0.7,0.733333333333333,
0.766666666666667,0.8,0.833333333333333,0.866666666666667,0.9,0.933333333333333,
0.966666666666666,1.),.UNSPECIFIED.)
CURVE()
GEOMETRIC_REPRESENTATION_ITEM()
RATIONAL_B_SPLINE_CURVE((1.,1.,1.,1.,1.,1.,1.,1.,1.,1.,1.,1.,1.,1.,1.,1.,
1.,1.,1.,1.,1.,1.,1.,1.,1.,1.,1.,1.,1.,1.,1.,1.,1.,1.,1.))
REPRESENTATION_ITEM('')
);
#69=(
BOUNDED_CURVE()
B_SPLINE_CURVE(5,(#6608,#6609,#6610,#6611,#6612,#6613,#6614,#6615,#6616,
#6617,#6618,#6619,#6620,#6621,#6622,#6623,#6624,#6625,#6626,#6627,#6628,
#6629,#6630,#6631,#6632,#6633,#6634,#6635,#6636,#6637,#6638,#6639,#6640,
#6641,#6642,#6643,#6644,#6645,#6646,#6647),.UNSPECIFIED.,.F.,.F.)
B_SPLINE_CURVE_WITH_KNOTS((6,1,1,1,1,1,1,1,1,1,1,1,1,1,1,1,1,1,1,1,1,1,
1,1,1,1,1,1,1,1,1,1,1,1,1,6),(0.,0.0285714285714286,0.0571428571428571,
0.0857142857142857,0.114285714285714,0.142857142857143,0.171428571428571,
0.2,0.228571428571429,0.257142857142857,0.285714285714286,0.314285714285714,
0.342857142857143,0.371428571428571,0.4,0.428571428571429,0.457142857142857,
0.485714285714286,0.514285714285714,0.542857142857143,0.571428571428572,
0.6,0.628571428571429,0.657142857142857,0.685714285714286,0.714285714285714,
0.742857142857143,0.771428571428571,0.8,0.828571428571429,0.857142857142857,
0.885714285714286,0.914285714285715,0.942857142857143,0.971428571428572,
1.),.UNSPECIFIED.)
CURVE()
GEOMETRIC_REPRESENTATION_ITEM()
RATIONAL_B_SPLINE_CURVE((1.,1.,1.,1.,1.,1.,1.,1.,1.,1.,1.,1.,1.,1.,1.,1.,
1.,1.,1.,1.,1.,1.,1.,1.,1.,1.,1.,1.,1.,1.,1.,1.,1.,1.,1.,1.,1.,1.,1.,1.))
REPRESENTATION_ITEM('')
);
#70=(
BOUNDED_CURVE()
B_SPLINE_CURVE(5,(#6650,#6651,#6652,#6653,#6654,#6655,#6656,#6657,#6658,
#6659,#6660,#6661,#6662,#6663,#6664,#6665,#6666,#6667,#6668,#6669,#6670,
#6671,#6672,#6673,#6674,#6675,#6676,#6677,#6678,#6679,#6680,#6681,#6682,
#6683,#6684,#6685,#6686,#6687,#6688,#6689),.UNSPECIFIED.,.F.,.F.)
B_SPLINE_CURVE_WITH_KNOTS((6,1,1,1,1,1,1,1,1,1,1,1,1,1,1,1,1,1,1,1,1,1,
1,1,1,1,1,1,1,1,1,1,1,1,1,6),(0.,0.0285714285714286,0.0571428571428571,
0.0857142857142857,0.114285714285714,0.142857142857143,0.171428571428571,
0.2,0.228571428571429,0.257142857142857,0.285714285714286,0.314285714285714,
0.342857142857143,0.371428571428571,0.4,0.428571428571429,0.457142857142857,
0.485714285714286,0.514285714285714,0.542857142857143,0.571428571428572,
0.6,0.628571428571429,0.657142857142857,0.685714285714286,0.714285714285714,
0.742857142857143,0.771428571428571,0.8,0.828571428571429,0.857142857142857,
0.885714285714286,0.914285714285715,0.942857142857143,0.971428571428572,
1.),.UNSPECIFIED.)
CURVE()
GEOMETRIC_REPRESENTATION_ITEM()
RATIONAL_B_SPLINE_CURVE((1.,1.,1.,1.,1.,1.,1.,1.,1.,1.,1.,1.,1.,1.,1.,1.,
1.,1.,1.,1.,1.,1.,1.,1.,1.,1.,1.,1.,1.,1.,1.,1.,1.,1.,1.,1.,1.,1.,1.,1.))
REPRESENTATION_ITEM('')
);
#71=(
BOUNDED_CURVE()
B_SPLINE_CURVE(5,(#6770,#6771,#6772,#6773,#6774,#6775,#6776,#6777,#6778,
#6779,#6780,#6781,#6782,#6783,#6784,#6785,#6786,#6787,#6788,#6789,#6790,
#6791,#6792,#6793,#6794,#6795,#6796,#6797,#6798,#6799,#6800,#6801,#6802,
#6803,#6804,#6805,#6806,#6807,#6808,#6809),.UNSPECIFIED.,.F.,.F.)
B_SPLINE_CURVE_WITH_KNOTS((6,1,1,1,1,1,1,1,1,1,1,1,1,1,1,1,1,1,1,1,1,1,
1,1,1,1,1,1,1,1,1,1,1,1,1,6),(0.00305761203531064,0.0285714285714286,0.0571428571428571,
0.0857142857142857,0.114285714285714,0.142857142857143,0.171428571428571,
0.2,0.228571428571429,0.257142857142857,0.285714285714286,0.314285714285714,
0.342857142857143,0.371428571428571,0.4,0.428571428571429,0.457142857142857,
0.485714285714286,0.514285714285714,0.542857142857143,0.571428571428572,
0.6,0.628571428571429,0.657142857142857,0.685714285714286,0.714285714285714,
0.742857142857143,0.771428571428571,0.8,0.828571428571429,0.857142857142857,
0.885714285714286,0.914285714285715,0.942857142857143,0.971428571428572,
1.),.UNSPECIFIED.)
CURVE()
GEOMETRIC_REPRESENTATION_ITEM()
RATIONAL_B_SPLINE_CURVE((1.,1.,1.,1.,1.,1.,1.,1.,1.,1.,1.,1.,1.,1.,1.,1.,
1.,1.,1.,1.,1.,1.,1.,1.,1.,1.,1.,1.,1.,1.,1.,1.,1.,1.,1.,1.,1.,1.,1.,1.))
REPRESENTATION_ITEM('')
);
#72=(
BOUNDED_CURVE()
B_SPLINE_CURVE(5,(#6810,#6811,#6812,#6813,#6814,#6815,#6816,#6817,#6818,
#6819,#6820,#6821,#6822,#6823,#6824,#6825,#6826,#6827,#6828,#6829,#6830,
#6831,#6832,#6833,#6834,#6835,#6836,#6837,#6838,#6839,#6840,#6841,#6842,
#6843,#6844,#6845,#6846,#6847,#6848,#6849),.UNSPECIFIED.,.F.,.F.)
B_SPLINE_CURVE_WITH_KNOTS((6,1,1,1,1,1,1,1,1,1,1,1,1,1,1,1,1,1,1,1,1,1,
1,1,1,1,1,1,1,1,1,1,1,1,1,6),(0.00305761203531064,0.0285714285714286,0.0571428571428571,
0.0857142857142857,0.114285714285714,0.142857142857143,0.171428571428571,
0.2,0.228571428571429,0.257142857142857,0.285714285714286,0.314285714285714,
0.342857142857143,0.371428571428571,0.4,0.428571428571429,0.457142857142857,
0.485714285714286,0.514285714285714,0.542857142857143,0.571428571428572,
0.6,0.628571428571429,0.657142857142857,0.685714285714286,0.714285714285714,
0.742857142857143,0.771428571428571,0.8,0.828571428571429,0.857142857142857,
0.885714285714286,0.914285714285715,0.942857142857143,0.971428571428572,
1.),.UNSPECIFIED.)
CURVE()
GEOMETRIC_REPRESENTATION_ITEM()
RATIONAL_B_SPLINE_CURVE((1.,1.,1.,1.,1.,1.,1.,1.,1.,1.,1.,1.,1.,1.,1.,1.,
1.,1.,1.,1.,1.,1.,1.,1.,1.,1.,1.,1.,1.,1.,1.,1.,1.,1.,1.,1.,1.,1.,1.,1.))
REPRESENTATION_ITEM('')
);
#73=(
BOUNDED_SURFACE()
B_SPLINE_SURFACE(5,1,((#2871,#2872),(#2873,#2874),(#2875,#2876),(#2877,
#2878),(#2879,#2880),(#2881,#2882),(#2883,#2884),(#2885,#2886),(#2887,#2888),
(#2889,#2890),(#2891,#2892),(#2893,#2894),(#2895,#2896),(#2897,#2898),(#2899,
#2900),(#2901,#2902),(#2903,#2904),(#2905,#2906),(#2907,#2908),(#2909,#2910),
(#2911,#2912),(#2913,#2914),(#2915,#2916),(#2917,#2918),(#2919,#2920)),
 .UNSPECIFIED.,.F.,.F.,.F.)
B_SPLINE_SURFACE_WITH_KNOTS((6,1,1,1,1,1,1,1,1,1,1,1,1,1,1,1,1,1,1,1,6),
(2,2),(0.,0.05,0.1,0.15,0.2,0.25,0.3,0.35,0.4,0.45,0.5,0.55,0.6,0.65,0.7,
0.75,0.8,0.85,0.9,0.95,1.),(0.,0.1),.UNSPECIFIED.)
GEOMETRIC_REPRESENTATION_ITEM()
RATIONAL_B_SPLINE_SURFACE(((1.,1.),(1.,1.),(1.,1.),(1.,1.),(1.,1.),(1.,
1.),(1.,1.),(1.,1.),(1.,1.),(1.,1.),(1.,1.),(1.,1.),(1.,1.),(1.,1.),(1.,
1.),(1.,1.),(1.,1.),(1.,1.),(1.,1.),(1.,1.),(1.,1.),(1.,1.),(1.,1.),(1.,
1.),(1.,1.)))
REPRESENTATION_ITEM('')
SURFACE()
);
#74=(
BOUNDED_SURFACE()
B_SPLINE_SURFACE(5,1,((#2977,#2978),(#2979,#2980),(#2981,#2982),(#2983,
#2984),(#2985,#2986),(#2987,#2988),(#2989,#2990),(#2991,#2992),(#2993,#2994),
(#2995,#2996),(#2997,#2998),(#2999,#3000),(#3001,#3002),(#3003,#3004),(#3005,
#3006)),.UNSPECIFIED.,.F.,.F.,.F.)
B_SPLINE_SURFACE_WITH_KNOTS((6,1,1,1,1,1,1,1,1,1,6),(2,2),(0.,0.1,0.2,0.3,
0.4,0.5,0.6,0.7,0.8,0.9,1.),(0.,0.1),.UNSPECIFIED.)
GEOMETRIC_REPRESENTATION_ITEM()
RATIONAL_B_SPLINE_SURFACE(((1.,1.),(1.,1.),(1.,1.),(1.,1.),(1.,1.),(1.,
1.),(1.,1.),(1.,1.),(1.,1.),(1.,1.),(1.,1.),(1.,1.),(1.,1.),(1.,1.),(1.,
1.)))
REPRESENTATION_ITEM('')
SURFACE()
);
#75=(
BOUNDED_SURFACE()
B_SPLINE_SURFACE(5,1,((#3037,#3038),(#3039,#3040),(#3041,#3042),(#3043,
#3044),(#3045,#3046),(#3047,#3048),(#3049,#3050),(#3051,#3052),(#3053,#3054),
(#3055,#3056),(#3057,#3058),(#3059,#3060),(#3061,#3062),(#3063,#3064),(#3065,
#3066),(#3067,#3068),(#3069,#3070),(#3071,#3072),(#3073,#3074),(#3075,#3076),
(#3077,#3078),(#3079,#3080),(#3081,#3082),(#3083,#3084),(#3085,#3086),(#3087,
#3088),(#3089,#3090),(#3091,#3092),(#3093,#3094),(#3095,#3096),(#3097,#3098),
(#3099,#3100),(#3101,#3102),(#3103,#3104),(#3105,#3106),(#3107,#3108),(#3109,
#3110),(#3111,#3112),(#3113,#3114),(#3115,#3116),(#3117,#3118),(#3119,#3120),
(#3121,#3122),(#3123,#3124),(#3125,#3126)),.UNSPECIFIED.,.F.,.F.,.F.)
B_SPLINE_SURFACE_WITH_KNOTS((6,1,1,1,1,1,1,1,1,1,1,1,1,1,1,1,1,1,1,1,1,
1,1,1,1,1,1,1,1,1,1,1,1,1,1,1,1,1,1,1,6),(2,2),(-1.,-0.975,-0.95,-0.925,
-0.9,-0.875,-0.85,-0.825,-0.8,-0.775,-0.75,-0.725,-0.7,-0.675,-0.65,-0.625,
-0.6,-0.575,-0.55,-0.525,-0.5,-0.475,-0.45,-0.425,-0.4,-0.375,-0.35,-0.325,
-0.3,-0.275,-0.25,-0.225,-0.2,-0.175,-0.15,-0.125,-0.1,-0.075,-0.05,-0.025,
0.),(0.,0.1),.UNSPECIFIED.)
GEOMETRIC_REPRESENTATION_ITEM()
RATIONAL_B_SPLINE_SURFACE(((1.,1.),(1.,1.),(1.,1.),(1.,1.),(1.,1.),(1.,
1.),(1.,1.),(1.,1.),(1.,1.),(1.,1.),(1.,1.),(1.,1.),(1.,1.),(1.,1.),(1.,
1.),(1.,1.),(1.,1.),(1.,1.),(1.,1.),(1.,1.),(1.,1.),(1.,1.),(1.,1.),(1.,
1.),(1.,1.),(1.,1.),(1.,1.),(1.,1.),(1.,1.),(1.,1.),(1.,1.),(1.,1.),(1.,
1.),(1.,1.),(1.,1.),(1.,1.),(1.,1.),(1.,1.),(1.,1.),(1.,1.),(1.,1.),(1.,
1.),(1.,1.),(1.,1.),(1.,1.)))
REPRESENTATION_ITEM('')
SURFACE()
);
#76=(
BOUNDED_SURFACE()
B_SPLINE_SURFACE(5,1,((#3223,#3224),(#3225,#3226),(#3227,#3228),(#3229,
#3230),(#3231,#3232),(#3233,#3234),(#3235,#3236),(#3237,#3238),(#3239,#3240),
(#3241,#3242),(#3243,#3244),(#3245,#3246),(#3247,#3248),(#3249,#3250),(#3251,
#3252)),.UNSPECIFIED.,.F.,.F.,.F.)
B_SPLINE_SURFACE_WITH_KNOTS((6,1,1,1,1,1,1,1,1,1,6),(2,2),(-1.,-0.9,-0.8,
-0.7,-0.6,-0.5,-0.4,-0.3,-0.2,-0.1,0.),(0.,0.1),.UNSPECIFIED.)
GEOMETRIC_REPRESENTATION_ITEM()
RATIONAL_B_SPLINE_SURFACE(((1.,1.),(1.,1.),(1.,1.),(1.,1.),(1.,1.),(1.,
1.),(1.,1.),(1.,1.),(1.,1.),(1.,1.),(1.,1.),(1.,1.),(1.,1.),(1.,1.),(1.,
1.)))
REPRESENTATION_ITEM('')
SURFACE()
);
#77=(
BOUNDED_SURFACE()
B_SPLINE_SURFACE(5,1,((#3286,#3287),(#3288,#3289),(#3290,#3291),(#3292,
#3293),(#3294,#3295),(#3296,#3297),(#3298,#3299),(#3300,#3301),(#3302,#3303),
(#3304,#3305),(#3306,#3307),(#3308,#3309),(#3310,#3311),(#3312,#3313),(#3314,
#3315)),.UNSPECIFIED.,.F.,.F.,.F.)
B_SPLINE_SURFACE_WITH_KNOTS((6,1,1,1,1,1,1,1,1,1,6),(2,2),(-1.,-0.9,-0.8,
-0.7,-0.6,-0.5,-0.4,-0.3,-0.2,-0.1,0.),(0.,0.1),.UNSPECIFIED.)
GEOMETRIC_REPRESENTATION_ITEM()
RATIONAL_B_SPLINE_SURFACE(((1.,1.),(1.,1.),(1.,1.),(1.,1.),(1.,1.),(1.,
1.),(1.,1.),(1.,1.),(1.,1.),(1.,1.),(1.,1.),(1.,1.),(1.,1.),(1.,1.),(1.,
1.)))
REPRESENTATION_ITEM('')
SURFACE()
);
#78=(
BOUNDED_SURFACE()
B_SPLINE_SURFACE(5,1,((#3349,#3350),(#3351,#3352),(#3353,#3354),(#3355,
#3356),(#3357,#3358),(#3359,#3360),(#3361,#3362),(#3363,#3364),(#3365,#3366),
(#3367,#3368),(#3369,#3370),(#3371,#3372),(#3373,#3374),(#3375,#3376),(#3377,
#3378),(#3379,#3380),(#3381,#3382),(#3383,#3384),(#3385,#3386),(#3387,#3388),
(#3389,#3390),(#3391,#3392),(#3393,#3394),(#3395,#3396),(#3397,#3398),(#3399,
#3400),(#3401,#3402),(#3403,#3404),(#3405,#3406),(#3407,#3408),(#3409,#3410),
(#3411,#3412),(#3413,#3414),(#3415,#3416),(#3417,#3418)),.UNSPECIFIED.,
 .F.,.F.,.F.)
B_SPLINE_SURFACE_WITH_KNOTS((6,1,1,1,1,1,1,1,1,1,1,1,1,1,1,1,1,1,1,1,1,
1,1,1,1,1,1,1,1,1,6),(2,2),(-1.,-0.966666666666666,-0.933333333333333,-0.9,
-0.866666666666667,-0.833333333333333,-0.8,-0.766666666666667,-0.733333333333333,
-0.7,-0.666666666666667,-0.633333333333333,-0.6,-0.566666666666667,-0.533333333333333,
-0.5,-0.466666666666667,-0.433333333333333,-0.4,-0.366666666666666,-0.333333333333333,
-0.3,-0.266666666666667,-0.233333333333333,-0.2,-0.166666666666667,-0.133333333333333,
-0.1,-0.0666666666666667,-0.0333333333333333,0.),(0.,0.1),.UNSPECIFIED.)
GEOMETRIC_REPRESENTATION_ITEM()
RATIONAL_B_SPLINE_SURFACE(((1.,1.),(1.,1.),(1.,1.),(1.,1.),(1.,1.),(1.,
1.),(1.,1.),(1.,1.),(1.,1.),(1.,1.),(1.,1.),(1.,1.),(1.,1.),(1.,1.),(1.,
1.),(1.,1.),(1.,1.),(1.,1.),(1.,1.),(1.,1.),(1.,1.),(1.,1.),(1.,1.),(1.,
1.),(1.,1.),(1.,1.),(1.,1.),(1.,1.),(1.,1.),(1.,1.),(1.,1.),(1.,1.),(1.,
1.),(1.,1.),(1.,1.)))
REPRESENTATION_ITEM('')
SURFACE()
);
#79=(
BOUNDED_SURFACE()
B_SPLINE_SURFACE(5,1,((#3492,#3493),(#3494,#3495),(#3496,#3497),(#3498,
#3499),(#3500,#3501),(#3502,#3503),(#3504,#3505),(#3506,#3507),(#3508,#3509),
(#3510,#3511),(#3512,#3513),(#3514,#3515),(#3516,#3517),(#3518,#3519),(#3520,
#3521)),.UNSPECIFIED.,.F.,.F.,.F.)
B_SPLINE_SURFACE_WITH_KNOTS((6,1,1,1,1,1,1,1,1,1,6),(2,2),(-1.,-0.9,-0.8,
-0.7,-0.6,-0.5,-0.4,-0.3,-0.2,-0.1,0.),(0.,0.1),.UNSPECIFIED.)
GEOMETRIC_REPRESENTATION_ITEM()
RATIONAL_B_SPLINE_SURFACE(((1.,1.),(1.,1.),(1.,1.),(1.,1.),(1.,1.),(1.,
1.),(1.,1.),(1.,1.),(1.,1.),(1.,1.),(1.,1.),(1.,1.),(1.,1.),(1.,1.),(1.,
1.)))
REPRESENTATION_ITEM('')
SURFACE()
);
#80=(
BOUNDED_SURFACE()
B_SPLINE_SURFACE(5,1,((#3561,#3562),(#3563,#3564),(#3565,#3566),(#3567,
#3568),(#3569,#3570),(#3571,#3572),(#3573,#3574),(#3575,#3576),(#3577,#3578),
(#3579,#3580),(#3581,#3582),(#3583,#3584),(#3585,#3586),(#3587,#3588),(#3589,
#3590),(#3591,#3592),(#3593,#3594),(#3595,#3596),(#3597,#3598),(#3599,#3600),
(#3601,#3602),(#3603,#3604),(#3605,#3606),(#3607,#3608),(#3609,#3610),(#3611,
#3612),(#3613,#3614),(#3615,#3616),(#3617,#3618),(#3619,#3620),(#3621,#3622),
(#3623,#3624),(#3625,#3626),(#3627,#3628),(#3629,#3630),(#3631,#3632),(#3633,
#3634),(#3635,#3636),(#3637,#3638),(#3639,#3640),(#3641,#3642),(#3643,#3644),
(#3645,#3646),(#3647,#3648),(#3649,#3650),(#3651,#3652),(#3653,#3654),(#3655,
#3656),(#3657,#3658),(#3659,#3660),(#3661,#3662),(#3663,#3664),(#3665,#3666),
(#3667,#3668),(#3669,#3670),(#3671,#3672),(#3673,#3674),(#3675,#3676),(#3677,
#3678),(#3679,#3680),(#3681,#3682),(#3683,#3684),(#3685,#3686),(#3687,#3688),
(#3689,#3690),(#3691,#3692),(#3693,#3694),(#3695,#3696),(#3697,#3698),(#3699,
#3700),(#3701,#3702),(#3703,#3704),(#3705,#3706),(#3707,#3708),(#3709,#3710),
(#3711,#3712),(#3713,#3714),(#3715,#3716),(#3717,#3718),(#3719,#3720),(#3721,
#3722),(#3723,#3724),(#3725,#3726),(#3727,#3728),(#3729,#3730),(#3731,#3732),
(#3733,#3734),(#3735,#3736),(#3737,#3738),(#3739,#3740),(#3741,#3742),(#3743,
#3744),(#3745,#3746),(#3747,#3748),(#3749,#3750),(#3751,#3752),(#3753,#3754),
(#3755,#3756),(#3757,#3758),(#3759,#3760),(#3761,#3762),(#3763,#3764),(#3765,
#3766),(#3767,#3768),(#3769,#3770),(#3771,#3772),(#3773,#3774),(#3775,#3776),
(#3777,#3778),(#3779,#3780),(#3781,#3782),(#3783,#3784),(#3785,#3786),(#3787,
#3788),(#3789,#3790)),.UNSPECIFIED.,.F.,.F.,.F.)
B_SPLINE_SURFACE_WITH_KNOTS((6,1,1,1,1,1,1,1,1,1,1,1,1,1,1,1,1,1,1,1,1,
1,1,1,1,1,1,1,1,1,1,1,1,1,1,1,1,1,1,1,1,1,1,1,1,1,1,1,1,1,1,1,1,1,1,1,1,
1,1,1,1,1,1,1,1,1,1,1,1,1,1,1,1,1,1,1,1,1,1,1,1,1,1,1,1,1,1,1,1,1,1,1,1,
1,1,1,1,1,1,1,1,1,1,1,1,1,1,1,1,1,6),(2,2),(-1.,-0.990909090909088,-0.981818181818179,
-0.97272727272727,-0.963636363636361,-0.954545454545452,-0.945454545454543,
-0.936363636363634,-0.927272727272725,-0.918181818181816,-0.909090909090907,
-0.899999999999998,-0.890909090909089,-0.88181818181818,-0.872727272727271,
-0.863636363636362,-0.854545454545453,-0.845454545454543,-0.836363636363635,
-0.827272727272726,-0.818181818181816,-0.809090909090907,-0.799999999999998,
-0.790909090909089,-0.78181818181818,-0.772727272727271,-0.763636363636362,
-0.754545454545453,-0.745454545454544,-0.736363636363635,-0.727272727272726,
-0.718181818181817,-0.709090909090908,-0.699999999999999,-0.69090909090909,
-0.681818181818181,-0.672727272727272,-0.663636363636363,-0.654545454545454,
-0.645454545454545,-0.636363636363636,-0.627272727272727,-0.618181818181818,
-0.609090909090909,-0.6,-0.59090909090909,-0.581818181818181,-0.572727272727272,
-0.563636363636363,-0.554545454545454,-0.545454545454545,-0.536363636363636,
-0.527272727272727,-0.518181818181818,-0.509090909090909,-0.5,-0.490909090909091,
-0.481818181818182,-0.472727272727273,-0.463636363636364,-0.454545454545455,
-0.445454545454546,-0.436363636363637,-0.427272727272727,-0.418181818181818,
-0.409090909090909,-0.4,-0.390909090909091,-0.381818181818182,-0.372727272727273,
-0.363636363636364,-0.354545454545455,-0.345454545454546,-0.336363636363636,
-0.327272727272727,-0.318181818181818,-0.309090909090909,-0.3,-0.290909090909091,
-0.281818181818182,-0.272727272727273,-0.263636363636364,-0.254545454545455,
-0.245454545454546,-0.236363636363636,-0.227272727272727,-0.218181818181818,
-0.209090909090909,-0.2,-0.190909090909091,-0.181818181818182,-0.172727272727273,
-0.163636363636364,-0.154545454545455,-0.145454545454545,-0.136363636363636,
-0.127272727272727,-0.118181818181818,-0.109090909090909,-0.1,-0.0909090909090909,
-0.0818181818181818,-0.0727272727272727,-0.0636363636363636,-0.0545454545454545,
-0.0454545454545455,-0.0363636363636364,-0.0272727272727273,-0.0181818181818182,
-0.00909090909090909,0.),(0.,0.1),.UNSPECIFIED.)
GEOMETRIC_REPRESENTATION_ITEM()
RATIONAL_B_SPLINE_SURFACE(((1.,1.),(1.,1.),(1.,1.),(1.,1.),(1.,1.),(1.,
1.),(1.,1.),(1.,1.),(1.,1.),(1.,1.),(1.,1.),(1.,1.),(1.,1.),(1.,1.),(1.,
1.),(1.,1.),(1.,1.),(1.,1.),(1.,1.),(1.,1.),(1.,1.),(1.,1.),(1.,1.),(1.,
1.),(1.,1.),(1.,1.),(1.,1.),(1.,1.),(1.,1.),(1.,1.),(1.,1.),(1.,1.),(1.,
1.),(1.,1.),(1.,1.),(1.,1.),(1.,1.),(1.,1.),(1.,1.),(1.,1.),(1.,1.),(1.,
1.),(1.,1.),(1.,1.),(1.,1.),(1.,1.),(1.,1.),(1.,1.),(1.,1.),(1.,1.),(1.,
1.),(1.,1.),(1.,1.),(1.,1.),(1.,1.),(1.,1.),(1.,1.),(1.,1.),(1.,1.),(1.,
1.),(1.,1.),(1.,1.),(1.,1.),(1.,1.),(1.,1.),(1.,1.),(1.,1.),(1.,1.),(1.,
1.),(1.,1.),(1.,1.),(1.,1.),(1.,1.),(1.,1.),(1.,1.),(1.,1.),(1.,1.),(1.,
1.),(1.,1.),(1.,1.),(1.,1.),(1.,1.),(1.,1.),(1.,1.),(1.,1.),(1.,1.),(1.,
1.),(1.,1.),(1.,1.),(1.,1.),(1.,1.),(1.,1.),(1.,1.),(1.,1.),(1.,1.),(1.,
1.),(1.,1.),(1.,1.),(1.,1.),(1.,1.),(1.,1.),(1.,1.),(1.,1.),(1.,1.),(1.,
1.),(1.,1.),(1.,1.),(1.,1.),(1.,1.),(1.,1.),(1.,1.),(1.,1.),(1.,1.),(1.,
1.),(1.,1.)))
REPRESENTATION_ITEM('')
SURFACE()
);
#81=(
BOUNDED_SURFACE()
B_SPLINE_SURFACE(5,1,((#4024,#4025),(#4026,#4027),(#4028,#4029),(#4030,
#4031),(#4032,#4033),(#4034,#4035),(#4036,#4037),(#4038,#4039),(#4040,#4041),
(#4042,#4043),(#4044,#4045),(#4046,#4047),(#4048,#4049),(#4050,#4051),(#4052,
#4053),(#4054,#4055),(#4056,#4057),(#4058,#4059),(#4060,#4061),(#4062,#4063),
(#4064,#4065),(#4066,#4067),(#4068,#4069),(#4070,#4071),(#4072,#4073),(#4074,
#4075),(#4076,#4077),(#4078,#4079),(#4080,#4081),(#4082,#4083),(#4084,#4085),
(#4086,#4087),(#4088,#4089),(#4090,#4091),(#4092,#4093)),.UNSPECIFIED.,
 .F.,.F.,.F.)
B_SPLINE_SURFACE_WITH_KNOTS((6,1,1,1,1,1,1,1,1,1,1,1,1,1,1,1,1,1,1,1,1,
1,1,1,1,1,1,1,1,1,6),(2,2),(-1.,-0.966666666666666,-0.933333333333333,-0.9,
-0.866666666666667,-0.833333333333333,-0.8,-0.766666666666667,-0.733333333333333,
-0.7,-0.666666666666667,-0.633333333333333,-0.6,-0.566666666666667,-0.533333333333333,
-0.5,-0.466666666666667,-0.433333333333333,-0.4,-0.366666666666666,-0.333333333333333,
-0.3,-0.266666666666667,-0.233333333333333,-0.2,-0.166666666666667,-0.133333333333333,
-0.1,-0.0666666666666667,-0.0333333333333333,0.),(0.,0.1),.UNSPECIFIED.)
GEOMETRIC_REPRESENTATION_ITEM()
RATIONAL_B_SPLINE_SURFACE(((1.,1.),(1.,1.),(1.,1.),(1.,1.),(1.,1.),(1.,
1.),(1.,1.),(1.,1.),(1.,1.),(1.,1.),(1.,1.),(1.,1.),(1.,1.),(1.,1.),(1.,
1.),(1.,1.),(1.,1.),(1.,1.),(1.,1.),(1.,1.),(1.,1.),(1.,1.),(1.,1.),(1.,
1.),(1.,1.),(1.,1.),(1.,1.),(1.,1.),(1.,1.),(1.,1.),(1.,1.),(1.,1.),(1.,
1.),(1.,1.),(1.,1.)))
REPRESENTATION_ITEM('')
SURFACE()
);
#82=(
BOUNDED_SURFACE()
B_SPLINE_SURFACE(5,1,((#4165,#4166),(#4167,#4168),(#4169,#4170),(#4171,
#4172),(#4173,#4174),(#4175,#4176),(#4177,#4178),(#4179,#4180),(#4181,#4182),
(#4183,#4184),(#4185,#4186),(#4187,#4188),(#4189,#4190),(#4191,#4192),(#4193,
#4194),(#4195,#4196),(#4197,#4198),(#4199,#4200),(#4201,#4202),(#4203,#4204),
(#4205,#4206),(#4207,#4208),(#4209,#4210),(#4211,#4212),(#4213,#4214),(#4215,
#4216),(#4217,#4218),(#4219,#4220),(#4221,#4222),(#4223,#4224),(#4225,#4226),
(#4227,#4228),(#4229,#4230),(#4231,#4232),(#4233,#4234),(#4235,#4236),(#4237,
#4238),(#4239,#4240),(#4241,#4242),(#4243,#4244),(#4245,#4246),(#4247,#4248),
(#4249,#4250),(#4251,#4252),(#4253,#4254)),.UNSPECIFIED.,.F.,.F.,.F.)
B_SPLINE_SURFACE_WITH_KNOTS((6,1,1,1,1,1,1,1,1,1,1,1,1,1,1,1,1,1,1,1,1,
1,1,1,1,1,1,1,1,1,1,1,1,1,1,1,1,1,1,1,6),(2,2),(0.,0.025,0.05,0.075,0.1,
0.125,0.15,0.175,0.2,0.225,0.25,0.275,0.3,0.325,0.35,0.375,0.4,0.425,0.45,
0.475,0.5,0.525,0.55,0.575,0.6,0.625,0.65,0.675,0.7,0.725,0.75,0.775,0.8,
0.825,0.85,0.875,0.9,0.925,0.95,0.975,1.),(0.,0.1),.UNSPECIFIED.)
GEOMETRIC_REPRESENTATION_ITEM()
RATIONAL_B_SPLINE_SURFACE(((1.,1.),(1.,1.),(1.,1.),(1.,1.),(1.,1.),(1.,
1.),(1.,1.),(1.,1.),(1.,1.),(1.,1.),(1.,1.),(1.,1.),(1.,1.),(1.,1.),(1.,
1.),(1.,1.),(1.,1.),(1.,1.),(1.,1.),(1.,1.),(1.,1.),(1.,1.),(1.,1.),(1.,
1.),(1.,1.),(1.,1.),(1.,1.),(1.,1.),(1.,1.),(1.,1.),(1.,1.),(1.,1.),(1.,
1.),(1.,1.),(1.,1.),(1.,1.),(1.,1.),(1.,1.),(1.,1.),(1.,1.),(1.,1.),(1.,
1.),(1.,1.),(1.,1.),(1.,1.)))
REPRESENTATION_ITEM('')
SURFACE()
);
#83=(
BOUNDED_SURFACE()
B_SPLINE_SURFACE(5,1,((#4351,#4352),(#4353,#4354),(#4355,#4356),(#4357,
#4358),(#4359,#4360),(#4361,#4362),(#4363,#4364),(#4365,#4366),(#4367,#4368),
(#4369,#4370),(#4371,#4372),(#4373,#4374),(#4375,#4376),(#4377,#4378),(#4379,
#4380),(#4381,#4382),(#4383,#4384),(#4385,#4386),(#4387,#4388),(#4389,#4390),
(#4391,#4392),(#4393,#4394),(#4395,#4396),(#4397,#4398),(#4399,#4400),(#4401,
#4402),(#4403,#4404),(#4405,#4406),(#4407,#4408),(#4409,#4410),(#4411,#4412),
(#4413,#4414),(#4415,#4416),(#4417,#4418),(#4419,#4420),(#4421,#4422),(#4423,
#4424),(#4425,#4426),(#4427,#4428),(#4429,#4430),(#4431,#4432),(#4433,#4434),
(#4435,#4436),(#4437,#4438),(#4439,#4440),(#4441,#4442),(#4443,#4444),(#4445,
#4446),(#4447,#4448),(#4449,#4450)),.UNSPECIFIED.,.F.,.F.,.F.)
B_SPLINE_SURFACE_WITH_KNOTS((6,1,1,1,1,1,1,1,1,1,1,1,1,1,1,1,1,1,1,1,1,
1,1,1,1,1,1,1,1,1,1,1,1,1,1,1,1,1,1,1,1,1,1,1,1,6),(2,2),(0.,0.0222222222222222,
0.0444444444444445,0.0666666666666667,0.0888888888888889,0.111111111111111,
0.133333333333333,0.155555555555556,0.177777777777778,0.2,0.222222222222222,
0.244444444444444,0.266666666666667,0.288888888888889,0.311111111111111,
0.333333333333333,0.355555555555555,0.377777777777778,0.4,0.422222222222222,
0.444444444444444,0.466666666666667,0.488888888888889,0.511111111111111,
0.533333333333333,0.555555555555555,0.577777777777778,0.6,0.622222222222222,
0.644444444444444,0.666666666666667,0.688888888888889,0.711111111111111,
0.733333333333333,0.755555555555556,0.777777777777778,0.8,0.822222222222222,
0.844444444444445,0.866666666666667,0.888888888888889,0.911111111111111,
0.933333333333334,0.955555555555556,0.977777777777778,1.),(0.,0.1),
 .UNSPECIFIED.)
GEOMETRIC_REPRESENTATION_ITEM()
RATIONAL_B_SPLINE_SURFACE(((1.,1.),(1.,1.),(1.,1.),(1.,1.),(1.,1.),(1.,
1.),(1.,1.),(1.,1.),(1.,1.),(1.,1.),(1.,1.),(1.,1.),(1.,1.),(1.,1.),(1.,
1.),(1.,1.),(1.,1.),(1.,1.),(1.,1.),(1.,1.),(1.,1.),(1.,1.),(1.,1.),(1.,
1.),(1.,1.),(1.,1.),(1.,1.),(1.,1.),(1.,1.),(1.,1.),(1.,1.),(1.,1.),(1.,
1.),(1.,1.),(1.,1.),(1.,1.),(1.,1.),(1.,1.),(1.,1.),(1.,1.),(1.,1.),(1.,
1.),(1.,1.),(1.,1.),(1.,1.),(1.,1.),(1.,1.),(1.,1.),(1.,1.),(1.,1.)))
REPRESENTATION_ITEM('')
SURFACE()
);
#84=(
BOUNDED_SURFACE()
B_SPLINE_SURFACE(5,1,((#4554,#4555),(#4556,#4557),(#4558,#4559),(#4560,
#4561),(#4562,#4563),(#4564,#4565),(#4566,#4567),(#4568,#4569),(#4570,#4571),
(#4572,#4573),(#4574,#4575),(#4576,#4577),(#4578,#4579),(#4580,#4581),(#4582,
#4583),(#4584,#4585),(#4586,#4587),(#4588,#4589),(#4590,#4591),(#4592,#4593),
(#4594,#4595),(#4596,#4597),(#4598,#4599),(#4600,#4601),(#4602,#4603),(#4604,
#4605),(#4606,#4607),(#4608,#4609),(#4610,#4611),(#4612,#4613),(#4614,#4615),
(#4616,#4617),(#4618,#4619),(#4620,#4621),(#4622,#4623),(#4624,#4625),(#4626,
#4627),(#4628,#4629),(#4630,#4631),(#4632,#4633)),.UNSPECIFIED.,.F.,.F.,
 .F.)
B_SPLINE_SURFACE_WITH_KNOTS((6,1,1,1,1,1,1,1,1,1,1,1,1,1,1,1,1,1,1,1,1,
1,1,1,1,1,1,1,1,1,1,1,1,1,1,6),(2,2),(0.,0.0285714285714286,0.0571428571428571,
0.0857142857142857,0.114285714285714,0.142857142857143,0.171428571428571,
0.2,0.228571428571429,0.257142857142857,0.285714285714286,0.314285714285714,
0.342857142857143,0.371428571428571,0.4,0.428571428571429,0.457142857142857,
0.485714285714286,0.514285714285714,0.542857142857143,0.571428571428572,
0.6,0.628571428571429,0.657142857142857,0.685714285714286,0.714285714285714,
0.742857142857143,0.771428571428571,0.8,0.828571428571429,0.857142857142857,
0.885714285714286,0.914285714285715,0.942857142857143,0.971428571428572,
1.),(0.,0.1),.UNSPECIFIED.)
GEOMETRIC_REPRESENTATION_ITEM()
RATIONAL_B_SPLINE_SURFACE(((1.,1.),(1.,1.),(1.,1.),(1.,1.),(1.,1.),(1.,
1.),(1.,1.),(1.,1.),(1.,1.),(1.,1.),(1.,1.),(1.,1.),(1.,1.),(1.,1.),(1.,
1.),(1.,1.),(1.,1.),(1.,1.),(1.,1.),(1.,1.),(1.,1.),(1.,1.),(1.,1.),(1.,
1.),(1.,1.),(1.,1.),(1.,1.),(1.,1.),(1.,1.),(1.,1.),(1.,1.),(1.,1.),(1.,
1.),(1.,1.),(1.,1.),(1.,1.),(1.,1.),(1.,1.),(1.,1.),(1.,1.)))
REPRESENTATION_ITEM('')
SURFACE()
);
#85=(
BOUNDED_SURFACE()
B_SPLINE_SURFACE(5,1,((#4715,#4716),(#4717,#4718),(#4719,#4720),(#4721,
#4722),(#4723,#4724),(#4725,#4726),(#4727,#4728),(#4729,#4730),(#4731,#4732),
(#4733,#4734),(#4735,#4736),(#4737,#4738),(#4739,#4740),(#4741,#4742),(#4743,
#4744),(#4745,#4746),(#4747,#4748),(#4749,#4750),(#4751,#4752),(#4753,#4754),
(#4755,#4756),(#4757,#4758),(#4759,#4760),(#4761,#4762),(#4763,#4764),(#4765,
#4766),(#4767,#4768),(#4769,#4770),(#4771,#4772),(#4773,#4774),(#4775,#4776),
(#4777,#4778),(#4779,#4780),(#4781,#4782),(#4783,#4784),(#4785,#4786),(#4787,
#4788),(#4789,#4790),(#4791,#4792),(#4793,#4794),(#4795,#4796),(#4797,#4798),
(#4799,#4800),(#4801,#4802),(#4803,#4804)),.UNSPECIFIED.,.T.,.F.,.F.)
B_SPLINE_SURFACE_WITH_KNOTS((6,1,1,1,1,1,1,1,1,1,1,1,1,1,1,1,1,1,1,1,1,
1,1,1,1,1,1,1,1,1,1,1,1,1,1,1,1,1,1,1,6),(2,2),(-1.,-0.975,-0.95,-0.925,
-0.9,-0.875,-0.85,-0.825,-0.8,-0.775,-0.75,-0.725,-0.7,-0.675,-0.65,-0.625,
-0.6,-0.575,-0.55,-0.525,-0.5,-0.475,-0.45,-0.425,-0.4,-0.375,-0.35,-0.325,
-0.3,-0.275,-0.25,-0.225,-0.2,-0.175,-0.15,-0.125,-0.1,-0.075,-0.05,-0.025,
0.),(0.,0.1),.UNSPECIFIED.)
GEOMETRIC_REPRESENTATION_ITEM()
RATIONAL_B_SPLINE_SURFACE(((1.,1.),(1.,1.),(1.,1.),(1.,1.),(1.,1.),(1.,
1.),(1.,1.),(1.,1.),(1.,1.),(1.,1.),(1.,1.),(1.,1.),(1.,1.),(1.,1.),(1.,
1.),(1.,1.),(1.,1.),(1.,1.),(1.,1.),(1.,1.),(1.,1.),(1.,1.),(1.,1.),(1.,
1.),(1.,1.),(1.,1.),(1.,1.),(1.,1.),(1.,1.),(1.,1.),(1.,1.),(1.,1.),(1.,
1.),(1.,1.),(1.,1.),(1.,1.),(1.,1.),(1.,1.),(1.,1.),(1.,1.),(1.,1.),(1.,
1.),(1.,1.),(1.,1.),(1.,1.)))
REPRESENTATION_ITEM('')
SURFACE()
);
#86=(
BOUNDED_SURFACE()
B_SPLINE_SURFACE(5,1,((#4898,#4899),(#4900,#4901),(#4902,#4903),(#4904,
#4905),(#4906,#4907),(#4908,#4909)),.UNSPECIFIED.,.F.,.F.,.F.)
B_SPLINE_SURFACE_WITH_KNOTS((6,6),(2,2),(-1.,-0.997317909817219),(0.,0.1),
 .UNSPECIFIED.)
GEOMETRIC_REPRESENTATION_ITEM()
RATIONAL_B_SPLINE_SURFACE(((1.,1.),(1.,1.),(1.,1.),(1.,1.),(1.,1.),(1.,
1.)))
REPRESENTATION_ITEM('')
SURFACE()
);
#87=(
BOUNDED_SURFACE()
B_SPLINE_SURFACE(5,1,((#4928,#4929),(#4930,#4931),(#4932,#4933),(#4934,
#4935),(#4936,#4937),(#4938,#4939)),.UNSPECIFIED.,.F.,.F.,.F.)
B_SPLINE_SURFACE_WITH_KNOTS((6,6),(2,2),(-0.00305761203530783,0.),(0.,0.1),
 .UNSPECIFIED.)
GEOMETRIC_REPRESENTATION_ITEM()
RATIONAL_B_SPLINE_SURFACE(((1.,1.),(1.,1.),(1.,1.),(1.,1.),(1.,1.),(1.,
1.)))
REPRESENTATION_ITEM('')
SURFACE()
);
#88=(
BOUNDED_SURFACE()
B_SPLINE_SURFACE(5,1,((#4952,#4953),(#4954,#4955),(#4956,#4957),(#4958,
#4959),(#4960,#4961),(#4962,#4963),(#4964,#4965),(#4966,#4967),(#4968,#4969),
(#4970,#4971),(#4972,#4973),(#4974,#4975),(#4976,#4977),(#4978,#4979),(#4980,
#4981),(#4982,#4983),(#4984,#4985),(#4986,#4987),(#4988,#4989),(#4990,#4991),
(#4992,#4993),(#4994,#4995),(#4996,#4997),(#4998,#4999),(#5000,#5001),(#5002,
#5003),(#5004,#5005),(#5006,#5007),(#5008,#5009),(#5010,#5011),(#5012,#5013),
(#5014,#5015),(#5016,#5017),(#5018,#5019),(#5020,#5021),(#5022,#5023),(#5024,
#5025),(#5026,#5027),(#5028,#5029),(#5030,#5031),(#5032,#5033),(#5034,#5035),
(#5036,#5037),(#5038,#5039),(#5040,#5041),(#5042,#5043),(#5044,#5045),(#5046,
#5047),(#5048,#5049),(#5050,#5051),(#5052,#5053),(#5054,#5055),(#5056,#5057),
(#5058,#5059),(#5060,#5061),(#5062,#5063),(#5064,#5065),(#5066,#5067),(#5068,
#5069),(#5070,#5071),(#5072,#5073),(#5074,#5075),(#5076,#5077),(#5078,#5079),
(#5080,#5081),(#5082,#5083),(#5084,#5085),(#5086,#5087),(#5088,#5089),(#5090,
#5091),(#5092,#5093),(#5094,#5095),(#5096,#5097),(#5098,#5099),(#5100,#5101)),
 .UNSPECIFIED.,.F.,.F.,.F.)
B_SPLINE_SURFACE_WITH_KNOTS((6,1,1,1,1,1,1,1,1,1,1,1,1,1,1,1,1,1,1,1,1,
1,1,1,1,1,1,1,1,1,1,1,1,1,1,1,1,1,1,1,1,1,1,1,1,1,1,1,1,1,1,1,1,1,1,1,1,
1,1,1,1,1,1,1,1,1,1,1,1,1,6),(2,2),(0.,0.0142857142857143,0.0285714285714286,
0.0428571428571429,0.0571428571428571,0.0714285714285714,0.0857142857142857,
0.1,0.114285714285714,0.128571428571429,0.142857142857143,0.157142857142857,
0.171428571428571,0.185714285714286,0.2,0.214285714285714,0.228571428571429,
0.242857142857143,0.257142857142857,0.271428571428571,0.285714285714286,
0.3,0.314285714285714,0.328571428571429,0.342857142857143,0.357142857142857,
0.371428571428571,0.385714285714286,0.4,0.414285714285714,0.428571428571429,
0.442857142857143,0.457142857142857,0.471428571428571,0.485714285714286,
0.5,0.514285714285714,0.528571428571429,0.542857142857143,0.557142857142857,
0.571428571428571,0.585714285714286,0.6,0.614285714285714,0.628571428571428,
0.642857142857142,0.657142857142857,0.671428571428571,0.685714285714285,
0.699999999999999,0.714285714285714,0.728571428571428,0.742857142857142,
0.757142857142856,0.771428571428571,0.785714285714285,0.799999999999999,
0.814285714285713,0.828571428571428,0.842857142857142,0.857142857142856,
0.87142857142857,0.885714285714284,0.899999999999999,0.914285714285713,
0.928571428571427,0.942857142857141,0.957142857142856,0.97142857142857,
0.985714285714284,0.997317909817218),(0.,0.1),.UNSPECIFIED.)
GEOMETRIC_REPRESENTATION_ITEM()
RATIONAL_B_SPLINE_SURFACE(((1.,1.),(1.,1.),(1.,1.),(1.,1.),(1.,1.),(1.,
1.),(1.,1.),(1.,1.),(1.,1.),(1.,1.),(1.,1.),(1.,1.),(1.,1.),(1.,1.),(1.,
1.),(1.,1.),(1.,1.),(1.,1.),(1.,1.),(1.,1.),(1.,1.),(1.,1.),(1.,1.),(1.,
1.),(1.,1.),(1.,1.),(1.,1.),(1.,1.),(1.,1.),(1.,1.),(1.,1.),(1.,1.),(1.,
1.),(1.,1.),(1.,1.),(1.,1.),(1.,1.),(1.,1.),(1.,1.),(1.,1.),(1.,1.),(1.,
1.),(1.,1.),(1.,1.),(1.,1.),(1.,1.),(1.,1.),(1.,1.),(1.,1.),(1.,1.),(1.,
1.),(1.,1.),(1.,1.),(1.,1.),(1.,1.),(1.,1.),(1.,1.),(1.,1.),(1.,1.),(1.,
1.),(1.,1.),(1.,1.),(1.,1.),(1.,1.),(1.,1.),(1.,1.),(1.,1.),(1.,1.),(1.,
1.),(1.,1.),(1.,1.),(1.,1.),(1.,1.),(1.,1.),(1.,1.)))
REPRESENTATION_ITEM('')
SURFACE()
);
#89=(
BOUNDED_SURFACE()
B_SPLINE_SURFACE(5,1,((#5256,#5257),(#5258,#5259),(#5260,#5261),(#5262,
#5263),(#5264,#5265),(#5266,#5267),(#5268,#5269),(#5270,#5271),(#5272,#5273),
(#5274,#5275),(#5276,#5277),(#5278,#5279),(#5280,#5281),(#5282,#5283),(#5284,
#5285),(#5286,#5287)),.UNSPECIFIED.,.F.,.F.,.F.)
B_SPLINE_SURFACE_WITH_KNOTS((6,1,1,1,1,1,1,1,1,1,1,6),(2,2),(0.,0.0333333333333333,
0.0666666666666667,0.1,0.133333333333333,0.166666666666667,0.2,0.233333333333333,
0.266666666666667,0.3,0.333333333333333,0.356637772273333),(0.,0.1),
 .UNSPECIFIED.)
GEOMETRIC_REPRESENTATION_ITEM()
RATIONAL_B_SPLINE_SURFACE(((1.,1.),(1.,1.),(1.,1.),(1.,1.),(1.,1.),(1.,
1.),(1.,1.),(1.,1.),(1.,1.),(1.,1.),(1.,1.),(1.,1.),(1.,1.),(1.,1.),(1.,
1.),(1.,1.)))
REPRESENTATION_ITEM('')
SURFACE()
);
#90=(
BOUNDED_SURFACE()
B_SPLINE_SURFACE(5,1,((#5323,#5324),(#5325,#5326),(#5327,#5328),(#5329,
#5330),(#5331,#5332),(#5333,#5334),(#5335,#5336),(#5337,#5338),(#5339,#5340),
(#5341,#5342),(#5343,#5344),(#5345,#5346),(#5347,#5348),(#5349,#5350),(#5351,
#5352),(#5353,#5354),(#5355,#5356),(#5357,#5358),(#5359,#5360),(#5361,#5362),
(#5363,#5364),(#5365,#5366),(#5367,#5368),(#5369,#5370),(#5371,#5372),(#5373,
#5374),(#5375,#5376),(#5377,#5378),(#5379,#5380),(#5381,#5382),(#5383,#5384),
(#5385,#5386),(#5387,#5388),(#5389,#5390),(#5391,#5392)),.UNSPECIFIED.,
 .F.,.F.,.F.)
B_SPLINE_SURFACE_WITH_KNOTS((6,1,1,1,1,1,1,1,1,1,1,1,1,1,1,1,1,1,1,1,1,
1,1,1,1,1,1,1,1,1,6),(2,2),(0.,0.0333333333333333,0.0666666666666667,0.1,
0.133333333333333,0.166666666666667,0.2,0.233333333333333,0.266666666666667,
0.3,0.333333333333333,0.366666666666666,0.4,0.433333333333333,0.466666666666667,
0.5,0.533333333333333,0.566666666666667,0.6,0.633333333333333,0.666666666666667,
0.7,0.733333333333333,0.766666666666667,0.8,0.833333333333333,0.866666666666667,
0.9,0.933333333333333,0.966666666666666,1.),(0.,0.1),.UNSPECIFIED.)
GEOMETRIC_REPRESENTATION_ITEM()
RATIONAL_B_SPLINE_SURFACE(((1.,1.),(1.,1.),(1.,1.),(1.,1.),(1.,1.),(1.,
1.),(1.,1.),(1.,1.),(1.,1.),(1.,1.),(1.,1.),(1.,1.),(1.,1.),(1.,1.),(1.,
1.),(1.,1.),(1.,1.),(1.,1.),(1.,1.),(1.,1.),(1.,1.),(1.,1.),(1.,1.),(1.,
1.),(1.,1.),(1.,1.),(1.,1.),(1.,1.),(1.,1.),(1.,1.),(1.,1.),(1.,1.),(1.,
1.),(1.,1.),(1.,1.)))
REPRESENTATION_ITEM('')
SURFACE()
);
#91=(
BOUNDED_SURFACE()
B_SPLINE_SURFACE(5,1,((#5466,#5467),(#5468,#5469),(#5470,#5471),(#5472,
#5473),(#5474,#5475),(#5476,#5477),(#5478,#5479),(#5480,#5481),(#5482,#5483),
(#5484,#5485),(#5486,#5487),(#5488,#5489),(#5490,#5491),(#5492,#5493),(#5494,
#5495),(#5496,#5497),(#5498,#5499),(#5500,#5501),(#5502,#5503),(#5504,#5505),
(#5506,#5507),(#5508,#5509),(#5510,#5511),(#5512,#5513),(#5514,#5515),(#5516,
#5517),(#5518,#5519),(#5520,#5521),(#5522,#5523),(#5524,#5525),(#5526,#5527),
(#5528,#5529),(#5530,#5531),(#5532,#5533),(#5534,#5535)),.UNSPECIFIED.,
 .F.,.F.,.F.)
B_SPLINE_SURFACE_WITH_KNOTS((6,1,1,1,1,1,1,1,1,1,1,1,1,1,1,1,1,1,1,1,1,
1,1,1,1,1,1,1,1,1,6),(2,2),(0.,0.0333333333333333,0.0666666666666667,0.1,
0.133333333333333,0.166666666666667,0.2,0.233333333333333,0.266666666666667,
0.3,0.333333333333333,0.366666666666666,0.4,0.433333333333333,0.466666666666667,
0.5,0.533333333333333,0.566666666666667,0.6,0.633333333333333,0.666666666666667,
0.7,0.733333333333333,0.766666666666667,0.8,0.833333333333333,0.866666666666667,
0.9,0.933333333333333,0.966666666666666,1.),(0.,0.1),.UNSPECIFIED.)
GEOMETRIC_REPRESENTATION_ITEM()
RATIONAL_B_SPLINE_SURFACE(((1.,1.),(1.,1.),(1.,1.),(1.,1.),(1.,1.),(1.,
1.),(1.,1.),(1.,1.),(1.,1.),(1.,1.),(1.,1.),(1.,1.),(1.,1.),(1.,1.),(1.,
1.),(1.,1.),(1.,1.),(1.,1.),(1.,1.),(1.,1.),(1.,1.),(1.,1.),(1.,1.),(1.,
1.),(1.,1.),(1.,1.),(1.,1.),(1.,1.),(1.,1.),(1.,1.),(1.,1.),(1.,1.),(1.,
1.),(1.,1.),(1.,1.)))
REPRESENTATION_ITEM('')
SURFACE()
);
#92=(
BOUNDED_SURFACE()
B_SPLINE_SURFACE(5,1,((#5609,#5610),(#5611,#5612),(#5613,#5614),(#5615,
#5616),(#5617,#5618),(#5619,#5620),(#5621,#5622),(#5623,#5624),(#5625,#5626),
(#5627,#5628),(#5629,#5630),(#5631,#5632),(#5633,#5634),(#5635,#5636),(#5637,
#5638),(#5639,#5640),(#5641,#5642),(#5643,#5644),(#5645,#5646),(#5647,#5648),
(#5649,#5650),(#5651,#5652),(#5653,#5654),(#5655,#5656),(#5657,#5658),(#5659,
#5660),(#5661,#5662),(#5663,#5664),(#5665,#5666),(#5667,#5668),(#5669,#5670),
(#5671,#5672),(#5673,#5674),(#5675,#5676),(#5677,#5678)),.UNSPECIFIED.,
 .F.,.F.,.F.)
B_SPLINE_SURFACE_WITH_KNOTS((6,1,1,1,1,1,1,1,1,1,1,1,1,1,1,1,1,1,1,1,1,
1,1,1,1,1,1,1,1,1,6),(2,2),(0.,0.0333333333333333,0.0666666666666667,0.1,
0.133333333333333,0.166666666666667,0.2,0.233333333333333,0.266666666666667,
0.3,0.333333333333333,0.366666666666666,0.4,0.433333333333333,0.466666666666667,
0.5,0.533333333333333,0.566666666666667,0.6,0.633333333333333,0.666666666666667,
0.7,0.733333333333333,0.766666666666667,0.8,0.833333333333333,0.866666666666667,
0.9,0.933333333333333,0.966666666666666,1.),(0.,0.1),.UNSPECIFIED.)
GEOMETRIC_REPRESENTATION_ITEM()
RATIONAL_B_SPLINE_SURFACE(((1.,1.),(1.,1.),(1.,1.),(1.,1.),(1.,1.),(1.,
1.),(1.,1.),(1.,1.),(1.,1.),(1.,1.),(1.,1.),(1.,1.),(1.,1.),(1.,1.),(1.,
1.),(1.,1.),(1.,1.),(1.,1.),(1.,1.),(1.,1.),(1.,1.),(1.,1.),(1.,1.),(1.,
1.),(1.,1.),(1.,1.),(1.,1.),(1.,1.),(1.,1.),(1.,1.),(1.,1.),(1.,1.),(1.,
1.),(1.,1.),(1.,1.)))
REPRESENTATION_ITEM('')
SURFACE()
);
#93=(
BOUNDED_SURFACE()
B_SPLINE_SURFACE(5,1,((#5752,#5753),(#5754,#5755),(#5756,#5757),(#5758,
#5759),(#5760,#5761),(#5762,#5763),(#5764,#5765),(#5766,#5767),(#5768,#5769),
(#5770,#5771),(#5772,#5773),(#5774,#5775),(#5776,#5777),(#5778,#5779),(#5780,
#5781),(#5782,#5783),(#5784,#5785),(#5786,#5787),(#5788,#5789),(#5790,#5791),
(#5792,#5793),(#5794,#5795),(#5796,#5797),(#5798,#5799),(#5800,#5801),(#5802,
#5803),(#5804,#5805),(#5806,#5807),(#5808,#5809),(#5810,#5811),(#5812,#5813),
(#5814,#5815),(#5816,#5817),(#5818,#5819),(#5820,#5821),(#5822,#5823),(#5824,
#5825),(#5826,#5827),(#5828,#5829),(#5830,#5831),(#5832,#5833),(#5834,#5835),
(#5836,#5837),(#5838,#5839),(#5840,#5841),(#5842,#5843),(#5844,#5845),(#5846,
#5847),(#5848,#5849),(#5850,#5851),(#5852,#5853),(#5854,#5855),(#5856,#5857),
(#5858,#5859),(#5860,#5861),(#5862,#5863),(#5864,#5865),(#5866,#5867),(#5868,
#5869),(#5870,#5871),(#5872,#5873),(#5874,#5875),(#5876,#5877),(#5878,#5879),
(#5880,#5881)),.UNSPECIFIED.,.F.,.F.,.F.)
B_SPLINE_SURFACE_WITH_KNOTS((6,1,1,1,1,1,1,1,1,1,1,1,1,1,1,1,1,1,1,1,1,
1,1,1,1,1,1,1,1,1,1,1,1,1,1,1,1,1,1,1,1,1,1,1,1,1,1,1,1,1,1,1,1,1,1,1,1,
1,1,1,6),(2,2),(0.,0.0166666666666667,0.0333333333333333,0.05,0.0666666666666667,
0.0833333333333333,0.1,0.116666666666667,0.133333333333333,0.15,0.166666666666667,
0.183333333333333,0.2,0.216666666666667,0.233333333333333,0.25,0.266666666666667,
0.283333333333333,0.3,0.316666666666667,0.333333333333333,0.35,0.366666666666666,
0.383333333333333,0.4,0.416666666666667,0.433333333333333,0.45,0.466666666666667,
0.483333333333333,0.5,0.516666666666667,0.533333333333333,0.55,0.566666666666667,
0.583333333333333,0.6,0.616666666666667,0.633333333333334,0.65,0.666666666666667,
0.683333333333334,0.700000000000001,0.716666666666667,0.733333333333334,
0.750000000000001,0.766666666666667,0.783333333333334,0.800000000000001,
0.816666666666668,0.833333333333334,0.850000000000001,0.866666666666668,
0.883333333333334,0.900000000000001,0.916666666666668,0.933333333333334,
0.950000000000001,0.966666666666668,0.983333333333335,1.),(0.,0.1),
 .UNSPECIFIED.)
GEOMETRIC_REPRESENTATION_ITEM()
RATIONAL_B_SPLINE_SURFACE(((1.,1.),(1.,1.),(1.,1.),(1.,1.),(1.,1.),(1.,
1.),(1.,1.),(1.,1.),(1.,1.),(1.,1.),(1.,1.),(1.,1.),(1.,1.),(1.,1.),(1.,
1.),(1.,1.),(1.,1.),(1.,1.),(1.,1.),(1.,1.),(1.,1.),(1.,1.),(1.,1.),(1.,
1.),(1.,1.),(1.,1.),(1.,1.),(1.,1.),(1.,1.),(1.,1.),(1.,1.),(1.,1.),(1.,
1.),(1.,1.),(1.,1.),(1.,1.),(1.,1.),(1.,1.),(1.,1.),(1.,1.),(1.,1.),(1.,
1.),(1.,1.),(1.,1.),(1.,1.),(1.,1.),(1.,1.),(1.,1.),(1.,1.),(1.,1.),(1.,
1.),(1.,1.),(1.,1.),(1.,1.),(1.,1.),(1.,1.),(1.,1.),(1.,1.),(1.,1.),(1.,
1.),(1.,1.),(1.,1.),(1.,1.),(1.,1.),(1.,1.)))
REPRESENTATION_ITEM('')
SURFACE()
);
#94=(
BOUNDED_SURFACE()
B_SPLINE_SURFACE(5,1,((#6015,#6016),(#6017,#6018),(#6019,#6020),(#6021,
#6022),(#6023,#6024),(#6025,#6026),(#6027,#6028),(#6029,#6030),(#6031,#6032),
(#6033,#6034),(#6035,#6036),(#6037,#6038),(#6039,#6040),(#6041,#6042),(#6043,
#6044),(#6045,#6046),(#6047,#6048),(#6049,#6050),(#6051,#6052),(#6053,#6054)),
 .UNSPECIFIED.,.F.,.F.,.F.)
B_SPLINE_SURFACE_WITH_KNOTS((6,1,1,1,1,1,1,1,1,1,1,1,1,1,1,6),(2,2),(0.500824184137209,
0.533333333333333,0.566666666666667,0.6,0.633333333333333,0.666666666666667,
0.7,0.733333333333333,0.766666666666667,0.8,0.833333333333333,0.866666666666667,
0.9,0.933333333333333,0.966666666666666,1.),(0.,0.1),.UNSPECIFIED.)
GEOMETRIC_REPRESENTATION_ITEM()
RATIONAL_B_SPLINE_SURFACE(((1.,1.),(1.,1.),(1.,1.),(1.,1.),(1.,1.),(1.,
1.),(1.,1.),(1.,1.),(1.,1.),(1.,1.),(1.,1.),(1.,1.),(1.,1.),(1.,1.),(1.,
1.),(1.,1.),(1.,1.),(1.,1.),(1.,1.),(1.,1.)))
REPRESENTATION_ITEM('')
SURFACE()
);
#95=(
BOUNDED_SURFACE()
B_SPLINE_SURFACE(5,1,((#6098,#6099),(#6100,#6101),(#6102,#6103),(#6104,
#6105),(#6106,#6107),(#6108,#6109),(#6110,#6111),(#6112,#6113),(#6114,#6115),
(#6116,#6117),(#6118,#6119),(#6120,#6121),(#6122,#6123),(#6124,#6125),(#6126,
#6127),(#6128,#6129),(#6130,#6131),(#6132,#6133),(#6134,#6135),(#6136,#6137),
(#6138,#6139),(#6140,#6141),(#6142,#6143),(#6144,#6145),(#6146,#6147),(#6148,
#6149),(#6150,#6151),(#6152,#6153),(#6154,#6155),(#6156,#6157),(#6158,#6159),
(#6160,#6161),(#6162,#6163),(#6164,#6165),(#6166,#6167),(#6168,#6169),(#6170,
#6171),(#6172,#6173),(#6174,#6175),(#6176,#6177),(#6178,#6179),(#6180,#6181),
(#6182,#6183),(#6184,#6185),(#6186,#6187),(#6188,#6189),(#6190,#6191),(#6192,
#6193),(#6194,#6195),(#6196,#6197),(#6198,#6199),(#6200,#6201),(#6202,#6203),
(#6204,#6205),(#6206,#6207)),.UNSPECIFIED.,.F.,.F.,.F.)
B_SPLINE_SURFACE_WITH_KNOTS((6,1,1,1,1,1,1,1,1,1,1,1,1,1,1,1,1,1,1,1,1,
1,1,1,1,1,1,1,1,1,1,1,1,1,1,1,1,1,1,1,1,1,1,1,1,1,1,1,1,1,6),(2,2),(0.,
0.02,0.04,0.06,0.08,0.1,0.12,0.14,0.16,0.18,0.2,0.22,0.24,0.26,0.28,0.3,
0.32,0.34,0.36,0.38,0.4,0.42,0.44,0.46,0.48,0.5,0.52,0.54,0.56,0.58,0.6,
0.62,0.64,0.66,0.68,0.7,0.72,0.74,0.76,0.78,0.8,0.82,0.84,0.86,0.88,0.9,
0.92,0.94,0.96,0.98,1.),(0.,0.1),.UNSPECIFIED.)
GEOMETRIC_REPRESENTATION_ITEM()
RATIONAL_B_SPLINE_SURFACE(((1.,1.),(1.,1.),(1.,1.),(1.,1.),(1.,1.),(1.,
1.),(1.,1.),(1.,1.),(1.,1.),(1.,1.),(1.,1.),(1.,1.),(1.,1.),(1.,1.),(1.,
1.),(1.,1.),(1.,1.),(1.,1.),(1.,1.),(1.,1.),(1.,1.),(1.,1.),(1.,1.),(1.,
1.),(1.,1.),(1.,1.),(1.,1.),(1.,1.),(1.,1.),(1.,1.),(1.,1.),(1.,1.),(1.,
1.),(1.,1.),(1.,1.),(1.,1.),(1.,1.),(1.,1.),(1.,1.),(1.,1.),(1.,1.),(1.,
1.),(1.,1.),(1.,1.),(1.,1.),(1.,1.),(1.,1.),(1.,1.),(1.,1.),(1.,1.),(1.,
1.),(1.,1.),(1.,1.),(1.,1.),(1.,1.)))
REPRESENTATION_ITEM('')
SURFACE()
);
#96=(
BOUNDED_SURFACE()
B_SPLINE_SURFACE(5,1,((#6321,#6322),(#6323,#6324),(#6325,#6326),(#6327,
#6328),(#6329,#6330),(#6331,#6332),(#6333,#6334),(#6335,#6336),(#6337,#6338),
(#6339,#6340),(#6341,#6342),(#6343,#6344),(#6345,#6346),(#6347,#6348),(#6349,
#6350)),.UNSPECIFIED.,.F.,.F.,.F.)
B_SPLINE_SURFACE_WITH_KNOTS((6,1,1,1,1,1,1,1,1,1,6),(2,2),(0.,0.1,0.2,0.3,
0.4,0.5,0.6,0.7,0.8,0.9,1.),(0.,0.1),.UNSPECIFIED.)
GEOMETRIC_REPRESENTATION_ITEM()
RATIONAL_B_SPLINE_SURFACE(((1.,1.),(1.,1.),(1.,1.),(1.,1.),(1.,1.),(1.,
1.),(1.,1.),(1.,1.),(1.,1.),(1.,1.),(1.,1.),(1.,1.),(1.,1.),(1.,1.),(1.,
1.)))
REPRESENTATION_ITEM('')
SURFACE()
);
#97=(
BOUNDED_SURFACE()
B_SPLINE_SURFACE(5,1,((#6384,#6385),(#6386,#6387),(#6388,#6389),(#6390,
#6391),(#6392,#6393),(#6394,#6395),(#6396,#6397),(#6398,#6399),(#6400,#6401),
(#6402,#6403),(#6404,#6405),(#6406,#6407),(#6408,#6409),(#6410,#6411),(#6412,
#6413),(#6414,#6415),(#6416,#6417),(#6418,#6419),(#6420,#6421),(#6422,#6423),
(#6424,#6425),(#6426,#6427),(#6428,#6429),(#6430,#6431),(#6432,#6433),(#6434,
#6435),(#6436,#6437),(#6438,#6439),(#6440,#6441),(#6442,#6443),(#6444,#6445),
(#6446,#6447),(#6448,#6449),(#6450,#6451),(#6452,#6453)),.UNSPECIFIED.,
 .F.,.F.,.F.)
B_SPLINE_SURFACE_WITH_KNOTS((6,1,1,1,1,1,1,1,1,1,1,1,1,1,1,1,1,1,1,1,1,
1,1,1,1,1,1,1,1,1,6),(2,2),(0.,0.0333333333333333,0.0666666666666667,0.1,
0.133333333333333,0.166666666666667,0.2,0.233333333333333,0.266666666666667,
0.3,0.333333333333333,0.366666666666666,0.4,0.433333333333333,0.466666666666667,
0.5,0.533333333333333,0.566666666666667,0.6,0.633333333333333,0.666666666666667,
0.7,0.733333333333333,0.766666666666667,0.8,0.833333333333333,0.866666666666667,
0.9,0.933333333333333,0.966666666666666,1.),(0.,0.1),.UNSPECIFIED.)
GEOMETRIC_REPRESENTATION_ITEM()
RATIONAL_B_SPLINE_SURFACE(((1.,1.),(1.,1.),(1.,1.),(1.,1.),(1.,1.),(1.,
1.),(1.,1.),(1.,1.),(1.,1.),(1.,1.),(1.,1.),(1.,1.),(1.,1.),(1.,1.),(1.,
1.),(1.,1.),(1.,1.),(1.,1.),(1.,1.),(1.,1.),(1.,1.),(1.,1.),(1.,1.),(1.,
1.),(1.,1.),(1.,1.),(1.,1.),(1.,1.),(1.,1.),(1.,1.),(1.,1.),(1.,1.),(1.,
1.),(1.,1.),(1.,1.)))
REPRESENTATION_ITEM('')
SURFACE()
);
#98=(
BOUNDED_SURFACE()
B_SPLINE_SURFACE(5,1,((#6527,#6528),(#6529,#6530),(#6531,#6532),(#6533,
#6534),(#6535,#6536),(#6537,#6538),(#6539,#6540),(#6541,#6542),(#6543,#6544),
(#6545,#6546),(#6547,#6548),(#6549,#6550),(#6551,#6552),(#6553,#6554),(#6555,
#6556),(#6557,#6558),(#6559,#6560),(#6561,#6562),(#6563,#6564),(#6565,#6566),
(#6567,#6568),(#6569,#6570),(#6571,#6572),(#6573,#6574),(#6575,#6576),(#6577,
#6578),(#6579,#6580),(#6581,#6582),(#6583,#6584),(#6585,#6586),(#6587,#6588),
(#6589,#6590),(#6591,#6592),(#6593,#6594),(#6595,#6596),(#6597,#6598),(#6599,
#6600),(#6601,#6602),(#6603,#6604),(#6605,#6606)),.UNSPECIFIED.,.F.,.F.,
 .F.)
B_SPLINE_SURFACE_WITH_KNOTS((6,1,1,1,1,1,1,1,1,1,1,1,1,1,1,1,1,1,1,1,1,
1,1,1,1,1,1,1,1,1,1,1,1,1,1,6),(2,2),(0.,0.0285714285714286,0.0571428571428571,
0.0857142857142857,0.114285714285714,0.142857142857143,0.171428571428571,
0.2,0.228571428571429,0.257142857142857,0.285714285714286,0.314285714285714,
0.342857142857143,0.371428571428571,0.4,0.428571428571429,0.457142857142857,
0.485714285714286,0.514285714285714,0.542857142857143,0.571428571428572,
0.6,0.628571428571429,0.657142857142857,0.685714285714286,0.714285714285714,
0.742857142857143,0.771428571428571,0.8,0.828571428571429,0.857142857142857,
0.885714285714286,0.914285714285715,0.942857142857143,0.971428571428572,
1.),(0.,0.1),.UNSPECIFIED.)
GEOMETRIC_REPRESENTATION_ITEM()
RATIONAL_B_SPLINE_SURFACE(((1.,1.),(1.,1.),(1.,1.),(1.,1.),(1.,1.),(1.,
1.),(1.,1.),(1.,1.),(1.,1.),(1.,1.),(1.,1.),(1.,1.),(1.,1.),(1.,1.),(1.,
1.),(1.,1.),(1.,1.),(1.,1.),(1.,1.),(1.,1.),(1.,1.),(1.,1.),(1.,1.),(1.,
1.),(1.,1.),(1.,1.),(1.,1.),(1.,1.),(1.,1.),(1.,1.),(1.,1.),(1.,1.),(1.,
1.),(1.,1.),(1.,1.),(1.,1.),(1.,1.),(1.,1.),(1.,1.),(1.,1.)))
REPRESENTATION_ITEM('')
SURFACE()
);
#99=(
BOUNDED_SURFACE()
B_SPLINE_SURFACE(5,1,((#6690,#6691),(#6692,#6693),(#6694,#6695),(#6696,
#6697),(#6698,#6699),(#6700,#6701),(#6702,#6703),(#6704,#6705),(#6706,#6707),
(#6708,#6709),(#6710,#6711),(#6712,#6713),(#6714,#6715),(#6716,#6717),(#6718,
#6719),(#6720,#6721),(#6722,#6723),(#6724,#6725),(#6726,#6727),(#6728,#6729),
(#6730,#6731),(#6732,#6733),(#6734,#6735),(#6736,#6737),(#6738,#6739),(#6740,
#6741),(#6742,#6743),(#6744,#6745),(#6746,#6747),(#6748,#6749),(#6750,#6751),
(#6752,#6753),(#6754,#6755),(#6756,#6757),(#6758,#6759),(#6760,#6761),(#6762,
#6763),(#6764,#6765),(#6766,#6767),(#6768,#6769)),.UNSPECIFIED.,.F.,.F.,
 .F.)
B_SPLINE_SURFACE_WITH_KNOTS((6,1,1,1,1,1,1,1,1,1,1,1,1,1,1,1,1,1,1,1,1,
1,1,1,1,1,1,1,1,1,1,1,1,1,1,6),(2,2),(0.00305761203531064,0.0285714285714286,
0.0571428571428571,0.0857142857142857,0.114285714285714,0.142857142857143,
0.171428571428571,0.2,0.228571428571429,0.257142857142857,0.285714285714286,
0.314285714285714,0.342857142857143,0.371428571428571,0.4,0.428571428571429,
0.457142857142857,0.485714285714286,0.514285714285714,0.542857142857143,
0.571428571428572,0.6,0.628571428571429,0.657142857142857,0.685714285714286,
0.714285714285714,0.742857142857143,0.771428571428571,0.8,0.828571428571429,
0.857142857142857,0.885714285714286,0.914285714285715,0.942857142857143,
0.971428571428572,1.),(0.,0.1),.UNSPECIFIED.)
GEOMETRIC_REPRESENTATION_ITEM()
RATIONAL_B_SPLINE_SURFACE(((1.,1.),(1.,1.),(1.,1.),(1.,1.),(1.,1.),(1.,
1.),(1.,1.),(1.,1.),(1.,1.),(1.,1.),(1.,1.),(1.,1.),(1.,1.),(1.,1.),(1.,
1.),(1.,1.),(1.,1.),(1.,1.),(1.,1.),(1.,1.),(1.,1.),(1.,1.),(1.,1.),(1.,
1.),(1.,1.),(1.,1.),(1.,1.),(1.,1.),(1.,1.),(1.,1.),(1.,1.),(1.,1.),(1.,
1.),(1.,1.),(1.,1.),(1.,1.),(1.,1.),(1.,1.),(1.,1.),(1.,1.)))
REPRESENTATION_ITEM('')
SURFACE()
);
#100=FACE_BOUND('',#339,.T.);
#101=FACE_BOUND('',#343,.T.);
#102=FACE_BOUND('',#347,.T.);
#103=FACE_BOUND('',#351,.T.);
#104=FACE_BOUND('',#356,.T.);
#105=FACE_BOUND('',#357,.T.);
#106=FACE_BOUND('',#358,.T.);
#107=FACE_BOUND('',#359,.T.);
#108=FACE_BOUND('',#384,.T.);
#109=FACE_BOUND('',#405,.T.);
#110=FACE_BOUND('',#419,.T.);
#111=FACE_BOUND('',#420,.T.);
#112=FACE_BOUND('',#421,.T.);
#113=FACE_BOUND('',#422,.T.);
#114=FACE_BOUND('',#423,.T.);
#115=FACE_BOUND('',#424,.T.);
#116=FACE_BOUND('',#425,.T.);
#117=FACE_BOUND('',#437,.T.);
#118=FACE_BOUND('',#438,.T.);
#119=FACE_BOUND('',#439,.T.);
#120=FACE_BOUND('',#440,.T.);
#121=FACE_BOUND('',#441,.T.);
#122=FACE_BOUND('',#442,.T.);
#123=B_SPLINE_CURVE_WITH_KNOTS('',3,(#2445,#2446,#2447,#2448,#2449,#2450,
#2451,#2452,#2453,#2454,#2455,#2456,#2457,#2458,#2459,#2460,#2461,#2462,
#2463,#2464,#2465,#2466,#2467,#2468,#2469,#2470,#2471,#2472,#2473,#2474,
#2475,#2476,#2477,#2478),.UNSPECIFIED.,.F.,.F.,(4,2,2,2,2,2,2,2,2,2,2,2,
2,2,2,2,4),(1.50518579979129,1.59731868591575,1.68945157204022,1.78422764205116,
1.87900371206211,1.97402645924402,2.06904920642594,2.16478009761194,2.26051098879795,
2.35651785034432,2.45252471189069,2.5467359171804,2.64094712247011,2.73375955592788,
2.82657198938564,2.91847313911596,3.01037428884628),.UNSPECIFIED.);
#124=B_SPLINE_CURVE_WITH_KNOTS('',3,(#2496,#2497,#2498,#2499,#2500,#2501,
#2502,#2503,#2504,#2505,#2506,#2507,#2508,#2509,#2510,#2511,#2512,#2513,
#2514,#2515,#2516,#2517,#2518,#2519,#2520,#2521,#2522,#2523,#2524,#2525,
#2526,#2527,#2528,#2529),.UNSPECIFIED.,.F.,.F.,(4,2,2,2,2,2,2,2,2,2,2,2,
2,2,2,2,4),(1.48873338077531,1.58084809541884,1.67296281006238,1.7659030836525,
1.85884335724262,1.95249332930417,2.04614330136572,2.140043089205,2.23394287704427,
2.32761748293848,2.42129208883268,2.51439175367428,2.60749141851589,2.7001351784558,
2.79277893839571,2.88512284997316,2.97746676155061),.UNSPECIFIED.);
#125=B_SPLINE_CURVE_WITH_KNOTS('',3,(#2536,#2537,#2538,#2539,#2540,#2541,
#2542,#2543,#2544,#2545,#2546,#2547,#2548,#2549,#2550,#2551,#2552,#2553,
#2554,#2555,#2556,#2557,#2558,#2559,#2560,#2561,#2562,#2563,#2564,#2565,
#2566,#2567,#2568,#2569),.UNSPECIFIED.,.F.,.F.,(4,2,2,2,2,2,2,2,2,2,2,2,
2,2,2,2,4),(0.,0.0924016768105716,0.184803353621143,0.277424859114586,0.37004636460803,
0.463001696381137,0.555957028154244,0.649332381313883,0.742707734473522,
0.83624698473541,0.929786234997299,1.02314196361778,1.11649769223826,1.20933509319661,
1.30217249415496,1.39440683469142,1.48664117522787),.UNSPECIFIED.);
#126=B_SPLINE_CURVE_WITH_KNOTS('',3,(#2596,#2597,#2598,#2599,#2600,#2601,
#2602,#2603,#2604,#2605,#2606,#2607,#2608,#2609,#2610,#2611,#2612,#2613,
#2614,#2615,#2616,#2617,#2618,#2619,#2620,#2621,#2622,#2623,#2624),
 .UNSPECIFIED.,.F.,.F.,(4,2,2,2,2,3,2,2,2,2,2,2,2,4),(1.44107002002572,
1.44487734682788,1.63847160767339,1.83544531422681,2.03467142064748,2.23394315180945,
2.3274306377052,2.42091812360094,2.5138329471402,2.60674777067946,2.69957837011033,
2.79240896954121,2.88493802936249,2.97746708918378),.UNSPECIFIED.);
#127=B_SPLINE_CURVE_WITH_KNOTS('',3,(#2631,#2632,#2633,#2634,#2635,#2636,
#2637,#2638,#2639,#2640,#2641,#2642,#2643,#2644,#2645,#2646,#2647,#2648,
#2649,#2650,#2651,#2652,#2653,#2654,#2655,#2656,#2657,#2658,#2659,#2660,
#2661,#2662,#2663,#2664),.UNSPECIFIED.,.F.,.F.,(4,2,2,2,2,2,2,2,2,2,2,2,
2,2,2,2,4),(0.,0.0925290598212829,0.185058119642566,0.277888719073442,0.370719318504317,
0.463634142043575,0.556548965582833,0.650036451478578,0.743523937374322,
0.837108897979519,0.930693858584716,1.02403288875523,1.11737191892574,1.21062831353064,
1.30388470813553,1.396309208272,1.48873370840847),.UNSPECIFIED.);
#128=B_SPLINE_CURVE_WITH_KNOTS('',3,(#2708,#2709,#2710,#2711,#2712,#2713,
#2714,#2715,#2716,#2717,#2718,#2719,#2720,#2721,#2722,#2723,#2724,#2725,
#2726,#2727,#2728,#2729,#2730,#2731,#2732,#2733,#2734,#2735,#2736,#2737,
#2738,#2739,#2740,#2741),.UNSPECIFIED.,.F.,.F.,(4,2,2,2,2,2,2,2,2,2,2,2,
2,2,2,2,4),(0.,0.0919011497303183,0.183802299460637,0.276614732918399,0.369427166376162,
0.463638371665873,0.557849576955585,0.653856438501954,0.749863300048322,
0.846593824544977,0.943324349041633,1.03930990134652,1.1352954536514,1.22905897334909,
1.32282249304678,1.41400414641904,1.50518579979129),.UNSPECIFIED.);
#129=B_SPLINE_CURVE_WITH_KNOTS('',3,(#6860,#6861,#6862,#6863,#6864,#6865,
#6866,#6867,#6868,#6869,#6870,#6871,#6872,#6873,#6874,#6875,#6876,#6877,
#6878,#6879,#6880,#6881,#6882,#6883,#6884,#6885,#6886,#6887,#6888),
 .UNSPECIFIED.,.F.,.F.,(4,2,2,2,2,2,2,2,3,2,2,2,2,4),(0.,0.0923439115774523,
0.184687823154905,0.277331583094817,0.369975343034729,0.463075007876332,
0.556174672717935,0.64984927861214,0.743523884506344,0.94279561566831,1.14202172208898,
1.3389954286424,1.53258968948791,1.53639701626748),.UNSPECIFIED.);
#130=B_SPLINE_CURVE_WITH_KNOTS('',3,(#6900,#6901,#6902,#6903,#6904,#6905,
#6906,#6907,#6908,#6909,#6910,#6911,#6912,#6913,#6914,#6915,#6916,#6917,
#6918,#6919,#6920,#6921,#6922,#6923,#6924,#6925,#6926,#6927,#6928,#6929,
#6930,#6931,#6932,#6933),.UNSPECIFIED.,.F.,.F.,(4,2,2,2,2,2,2,2,2,2,2,2,
2,2,2,2,4),(1.48664117522787,1.57910233288609,1.6715634905443,1.76463109362196,
1.85769869669962,1.95082699293445,2.04395528916927,2.13726502587563,2.23057476258199,
2.32381335503188,2.41705194748177,2.50987174016162,2.60269153284147,2.69544964918168,
2.78820776552188,2.88074514549042,2.97328252545897),.UNSPECIFIED.);
#131=CIRCLE('',#1858,15.);
#132=CIRCLE('',#1859,15.);
#133=CIRCLE('',#1864,15.);
#134=CIRCLE('',#1865,15.);
#135=CIRCLE('',#1872,15.);
#136=CIRCLE('',#1873,15.);
#137=CIRCLE('',#1879,15.);
#138=CIRCLE('',#1880,15.);
#139=CIRCLE('',#1883,4.);
#140=CIRCLE('',#1884,4.);
#141=CIRCLE('',#1888,3.15);
#142=CIRCLE('',#1889,1.5);
#143=CIRCLE('',#1891,3.15);
#144=CIRCLE('',#1893,1.5);
#145=CIRCLE('',#1895,3.15);
#146=CIRCLE('',#1896,1.5);
#147=CIRCLE('',#1898,3.15);
#148=CIRCLE('',#1900,1.5);
#149=CIRCLE('',#1902,3.15);
#150=CIRCLE('',#1903,1.5);
#151=CIRCLE('',#1905,3.15);
#152=CIRCLE('',#1907,1.5);
#153=CIRCLE('',#1909,3.15);
#154=CIRCLE('',#1910,1.5);
#155=CIRCLE('',#1912,3.15);
#156=CIRCLE('',#1914,1.5);
#157=CIRCLE('',#1917,1.65);
#158=CIRCLE('',#1918,1.65);
#159=CIRCLE('',#1919,1.65);
#160=CIRCLE('',#1920,1.65);
#161=CIRCLE('',#1924,1.65);
#162=CIRCLE('',#1927,1.65);
#163=CIRCLE('',#1930,1.65);
#164=CIRCLE('',#1933,1.65);
#165=CIRCLE('',#1936,2.5);
#166=CIRCLE('',#1937,2.5);
#167=CIRCLE('',#1939,2.5);
#168=CIRCLE('',#1940,2.5);
#169=CIRCLE('',#1950,25.);
#170=CIRCLE('',#1952,25.);
#171=CIRCLE('',#1954,25.);
#172=CIRCLE('',#1956,25.);
#173=CIRCLE('',#1958,25.);
#174=CIRCLE('',#1960,25.);
#175=CIRCLE('',#1963,25.);
#176=CIRCLE('',#1965,25.);
#177=CIRCLE('',#1967,6.);
#178=CIRCLE('',#1968,6.);
#179=CIRCLE('',#1969,6.);
#180=CIRCLE('',#1970,6.);
#181=CIRCLE('',#1972,6.);
#182=CIRCLE('',#1974,6.);
#183=CIRCLE('',#1981,6.);
#184=CIRCLE('',#1984,6.);
#185=CYLINDRICAL_SURFACE('',#1857,15.);
#186=CYLINDRICAL_SURFACE('',#1863,15.);
#187=CYLINDRICAL_SURFACE('',#1871,15.);
#188=CYLINDRICAL_SURFACE('',#1878,15.);
#189=CYLINDRICAL_SURFACE('',#1882,4.);
#190=CYLINDRICAL_SURFACE('',#1890,3.15);
#191=CYLINDRICAL_SURFACE('',#1892,1.5);
#192=CYLINDRICAL_SURFACE('',#1897,3.15);
#193=CYLINDRICAL_SURFACE('',#1899,1.5);
#194=CYLINDRICAL_SURFACE('',#1904,3.15);
#195=CYLINDRICAL_SURFACE('',#1906,1.5);
#196=CYLINDRICAL_SURFACE('',#1911,3.15);
#197=CYLINDRICAL_SURFACE('',#1913,1.5);
#198=CYLINDRICAL_SURFACE('',#1925,1.65);
#199=CYLINDRICAL_SURFACE('',#1928,1.65);
#200=CYLINDRICAL_SURFACE('',#1931,1.65);
#201=CYLINDRICAL_SURFACE('',#1934,1.65);
#202=CYLINDRICAL_SURFACE('',#1935,2.5);
#203=CYLINDRICAL_SURFACE('',#1938,2.5);
#204=CYLINDRICAL_SURFACE('',#1951,25.);
#205=CYLINDRICAL_SURFACE('',#1955,25.);
#206=CYLINDRICAL_SURFACE('',#1959,25.);
#207=CYLINDRICAL_SURFACE('',#1964,25.);
#208=CYLINDRICAL_SURFACE('',#1971,6.);
#209=CYLINDRICAL_SURFACE('',#1973,6.);
#210=CYLINDRICAL_SURFACE('',#1980,6.);
#211=CYLINDRICAL_SURFACE('',#1983,6.);
#212=FACE_OUTER_BOUND('',#316,.T.);
#213=FACE_OUTER_BOUND('',#317,.T.);
#214=FACE_OUTER_BOUND('',#318,.T.);
#215=FACE_OUTER_BOUND('',#319,.T.);
#216=FACE_OUTER_BOUND('',#320,.T.);
#217=FACE_OUTER_BOUND('',#321,.T.);
#218=FACE_OUTER_BOUND('',#322,.T.);
#219=FACE_OUTER_BOUND('',#323,.T.);
#220=FACE_OUTER_BOUND('',#324,.T.);
#221=FACE_OUTER_BOUND('',#325,.T.);
#222=FACE_OUTER_BOUND('',#326,.T.);
#223=FACE_OUTER_BOUND('',#327,.T.);
#224=FACE_OUTER_BOUND('',#328,.T.);
#225=FACE_OUTER_BOUND('',#329,.T.);
#226=FACE_OUTER_BOUND('',#330,.T.);
#227=FACE_OUTER_BOUND('',#331,.T.);
#228=FACE_OUTER_BOUND('',#332,.T.);
#229=FACE_OUTER_BOUND('',#333,.T.);
#230=FACE_OUTER_BOUND('',#334,.T.);
#231=FACE_OUTER_BOUND('',#335,.T.);
#232=FACE_OUTER_BOUND('',#336,.T.);
#233=FACE_OUTER_BOUND('',#337,.T.);
#234=FACE_OUTER_BOUND('',#338,.T.);
#235=FACE_OUTER_BOUND('',#340,.T.);
#236=FACE_OUTER_BOUND('',#341,.T.);
#237=FACE_OUTER_BOUND('',#342,.T.);
#238=FACE_OUTER_BOUND('',#344,.T.);
#239=FACE_OUTER_BOUND('',#345,.T.);
#240=FACE_OUTER_BOUND('',#346,.T.);
#241=FACE_OUTER_BOUND('',#348,.T.);
#242=FACE_OUTER_BOUND('',#349,.T.);
#243=FACE_OUTER_BOUND('',#350,.T.);
#244=FACE_OUTER_BOUND('',#352,.T.);
#245=FACE_OUTER_BOUND('',#353,.T.);
#246=FACE_OUTER_BOUND('',#354,.T.);
#247=FACE_OUTER_BOUND('',#355,.T.);
#248=FACE_OUTER_BOUND('',#360,.T.);
#249=FACE_OUTER_BOUND('',#361,.T.);
#250=FACE_OUTER_BOUND('',#362,.T.);
#251=FACE_OUTER_BOUND('',#363,.T.);
#252=FACE_OUTER_BOUND('',#364,.T.);
#253=FACE_OUTER_BOUND('',#365,.T.);
#254=FACE_OUTER_BOUND('',#366,.T.);
#255=FACE_OUTER_BOUND('',#367,.T.);
#256=FACE_OUTER_BOUND('',#368,.T.);
#257=FACE_OUTER_BOUND('',#369,.T.);
#258=FACE_OUTER_BOUND('',#370,.T.);
#259=FACE_OUTER_BOUND('',#371,.T.);
#260=FACE_OUTER_BOUND('',#372,.T.);
#261=FACE_OUTER_BOUND('',#373,.T.);
#262=FACE_OUTER_BOUND('',#374,.T.);
#263=FACE_OUTER_BOUND('',#375,.T.);
#264=FACE_OUTER_BOUND('',#376,.T.);
#265=FACE_OUTER_BOUND('',#377,.T.);
#266=FACE_OUTER_BOUND('',#378,.T.);
#267=FACE_OUTER_BOUND('',#379,.T.);
#268=FACE_OUTER_BOUND('',#380,.T.);
#269=FACE_OUTER_BOUND('',#381,.T.);
#270=FACE_OUTER_BOUND('',#382,.T.);
#271=FACE_OUTER_BOUND('',#383,.T.);
#272=FACE_OUTER_BOUND('',#385,.T.);
#273=FACE_OUTER_BOUND('',#386,.T.);
#274=FACE_OUTER_BOUND('',#387,.T.);
#275=FACE_OUTER_BOUND('',#388,.T.);
#276=FACE_OUTER_BOUND('',#389,.T.);
#277=FACE_OUTER_BOUND('',#390,.T.);
#278=FACE_OUTER_BOUND('',#391,.T.);
#279=FACE_OUTER_BOUND('',#392,.T.);
#280=FACE_OUTER_BOUND('',#393,.T.);
#281=FACE_OUTER_BOUND('',#394,.T.);
#282=FACE_OUTER_BOUND('',#395,.T.);
#283=FACE_OUTER_BOUND('',#396,.T.);
#284=FACE_OUTER_BOUND('',#397,.T.);
#285=FACE_OUTER_BOUND('',#398,.T.);
#286=FACE_OUTER_BOUND('',#399,.T.);
#287=FACE_OUTER_BOUND('',#400,.T.);
#288=FACE_OUTER_BOUND('',#401,.T.);
#289=FACE_OUTER_BOUND('',#402,.T.);
#290=FACE_OUTER_BOUND('',#403,.T.);
#291=FACE_OUTER_BOUND('',#404,.T.);
#292=FACE_OUTER_BOUND('',#406,.T.);
#293=FACE_OUTER_BOUND('',#407,.T.);
#294=FACE_OUTER_BOUND('',#408,.T.);
#295=FACE_OUTER_BOUND('',#409,.T.);
#296=FACE_OUTER_BOUND('',#410,.T.);
#297=FACE_OUTER_BOUND('',#411,.T.);
#298=FACE_OUTER_BOUND('',#412,.T.);
#299=FACE_OUTER_BOUND('',#413,.T.);
#300=FACE_OUTER_BOUND('',#414,.T.);
#301=FACE_OUTER_BOUND('',#415,.T.);
#302=FACE_OUTER_BOUND('',#416,.T.);
#303=FACE_OUTER_BOUND('',#417,.T.);
#304=FACE_OUTER_BOUND('',#418,.T.);
#305=FACE_OUTER_BOUND('',#426,.T.);
#306=FACE_OUTER_BOUND('',#427,.T.);
#307=FACE_OUTER_BOUND('',#428,.T.);
#308=FACE_OUTER_BOUND('',#429,.T.);
#309=FACE_OUTER_BOUND('',#430,.T.);
#310=FACE_OUTER_BOUND('',#431,.T.);
#311=FACE_OUTER_BOUND('',#432,.T.);
#312=FACE_OUTER_BOUND('',#433,.T.);
#313=FACE_OUTER_BOUND('',#434,.T.);
#314=FACE_OUTER_BOUND('',#435,.T.);
#315=FACE_OUTER_BOUND('',#436,.T.);
#316=EDGE_LOOP('',(#1167,#1168,#1169,#1170));
#317=EDGE_LOOP('',(#1171,#1172,#1173,#1174));
#318=EDGE_LOOP('',(#1175,#1176,#1177,#1178,#1179,#1180));
#319=EDGE_LOOP('',(#1181,#1182,#1183));
#320=EDGE_LOOP('',(#1184,#1185,#1186,#1187));
#321=EDGE_LOOP('',(#1188,#1189,#1190,#1191));
#322=EDGE_LOOP('',(#1192,#1193,#1194,#1195,#1196,#1197));
#323=EDGE_LOOP('',(#1198,#1199,#1200));
#324=EDGE_LOOP('',(#1201,#1202,#1203,#1204,#1205,#1206,#1207,#1208));
#325=EDGE_LOOP('',(#1209,#1210,#1211,#1212,#1213,#1214,#1215,#1216));
#326=EDGE_LOOP('',(#1217,#1218,#1219,#1220));
#327=EDGE_LOOP('',(#1221,#1222,#1223,#1224));
#328=EDGE_LOOP('',(#1225,#1226,#1227,#1228,#1229,#1230));
#329=EDGE_LOOP('',(#1231,#1232,#1233));
#330=EDGE_LOOP('',(#1234,#1235,#1236,#1237,#1238,#1239,#1240,#1241));
#331=EDGE_LOOP('',(#1242,#1243,#1244,#1245));
#332=EDGE_LOOP('',(#1246,#1247,#1248,#1249));
#333=EDGE_LOOP('',(#1250,#1251,#1252,#1253,#1254,#1255));
#334=EDGE_LOOP('',(#1256,#1257,#1258));
#335=EDGE_LOOP('',(#1259,#1260,#1261,#1262));
#336=EDGE_LOOP('',(#1263,#1264,#1265,#1266,#1267,#1268,#1269,#1270,#1271,
#1272));
#337=EDGE_LOOP('',(#1273,#1274,#1275,#1276,#1277,#1278));
#338=EDGE_LOOP('',(#1279));
#339=EDGE_LOOP('',(#1280));
#340=EDGE_LOOP('',(#1281,#1282,#1283,#1284));
#341=EDGE_LOOP('',(#1285,#1286,#1287,#1288));
#342=EDGE_LOOP('',(#1289));
#343=EDGE_LOOP('',(#1290));
#344=EDGE_LOOP('',(#1291,#1292,#1293,#1294));
#345=EDGE_LOOP('',(#1295,#1296,#1297,#1298));
#346=EDGE_LOOP('',(#1299));
#347=EDGE_LOOP('',(#1300));
#348=EDGE_LOOP('',(#1301,#1302,#1303,#1304));
#349=EDGE_LOOP('',(#1305,#1306,#1307,#1308));
#350=EDGE_LOOP('',(#1309));
#351=EDGE_LOOP('',(#1310));
#352=EDGE_LOOP('',(#1311,#1312,#1313,#1314));
#353=EDGE_LOOP('',(#1315,#1316,#1317,#1318));
#354=EDGE_LOOP('',(#1319,#1320,#1321,#1322));
#355=EDGE_LOOP('',(#1323,#1324,#1325,#1326,#1327,#1328,#1329,#1330));
#356=EDGE_LOOP('',(#1331));
#357=EDGE_LOOP('',(#1332));
#358=EDGE_LOOP('',(#1333));
#359=EDGE_LOOP('',(#1334));
#360=EDGE_LOOP('',(#1335,#1336,#1337,#1338));
#361=EDGE_LOOP('',(#1339,#1340,#1341,#1342));
#362=EDGE_LOOP('',(#1343));
#363=EDGE_LOOP('',(#1344,#1345,#1346,#1347));
#364=EDGE_LOOP('',(#1348));
#365=EDGE_LOOP('',(#1349,#1350,#1351,#1352));
#366=EDGE_LOOP('',(#1353));
#367=EDGE_LOOP('',(#1354,#1355,#1356,#1357));
#368=EDGE_LOOP('',(#1358));
#369=EDGE_LOOP('',(#1359,#1360,#1361,#1362));
#370=EDGE_LOOP('',(#1363,#1364,#1365,#1366));
#371=EDGE_LOOP('',(#1367,#1368,#1369,#1370));
#372=EDGE_LOOP('',(#1371,#1372,#1373,#1374));
#373=EDGE_LOOP('',(#1375,#1376,#1377,#1378));
#374=EDGE_LOOP('',(#1379,#1380,#1381,#1382));
#375=EDGE_LOOP('',(#1383,#1384,#1385,#1386));
#376=EDGE_LOOP('',(#1387,#1388,#1389,#1390));
#377=EDGE_LOOP('',(#1391,#1392,#1393,#1394));
#378=EDGE_LOOP('',(#1395,#1396,#1397,#1398));
#379=EDGE_LOOP('',(#1399,#1400,#1401,#1402));
#380=EDGE_LOOP('',(#1403,#1404,#1405,#1406));
#381=EDGE_LOOP('',(#1407,#1408,#1409,#1410));
#382=EDGE_LOOP('',(#1411,#1412,#1413,#1414));
#383=EDGE_LOOP('',(#1415,#1416,#1417,#1418,#1419,#1420,#1421,#1422));
#384=EDGE_LOOP('',(#1423,#1424));
#385=EDGE_LOOP('',(#1425,#1426,#1427,#1428));
#386=EDGE_LOOP('',(#1429,#1430,#1431,#1432));
#387=EDGE_LOOP('',(#1433,#1434,#1435,#1436));
#388=EDGE_LOOP('',(#1437,#1438,#1439));
#389=EDGE_LOOP('',(#1440,#1441,#1442,#1443));
#390=EDGE_LOOP('',(#1444,#1445,#1446,#1447));
#391=EDGE_LOOP('',(#1448,#1449,#1450,#1451));
#392=EDGE_LOOP('',(#1452,#1453,#1454,#1455));
#393=EDGE_LOOP('',(#1456,#1457,#1458,#1459));
#394=EDGE_LOOP('',(#1460,#1461,#1462,#1463));
#395=EDGE_LOOP('',(#1464,#1465,#1466,#1467));
#396=EDGE_LOOP('',(#1468,#1469,#1470,#1471));
#397=EDGE_LOOP('',(#1472,#1473,#1474,#1475));
#398=EDGE_LOOP('',(#1476,#1477,#1478,#1479));
#399=EDGE_LOOP('',(#1480,#1481,#1482,#1483));
#400=EDGE_LOOP('',(#1484,#1485,#1486,#1487));
#401=EDGE_LOOP('',(#1488,#1489,#1490,#1491));
#402=EDGE_LOOP('',(#1492,#1493,#1494,#1495));
#403=EDGE_LOOP('',(#1496,#1497,#1498,#1499));
#404=EDGE_LOOP('',(#1500,#1501,#1502,#1503,#1504,#1505,#1506,#1507,#1508,
#1509,#1510,#1511,#1512,#1513));
#405=EDGE_LOOP('',(#1514));
#406=EDGE_LOOP('',(#1515,#1516));
#407=EDGE_LOOP('',(#1517));
#408=EDGE_LOOP('',(#1518,#1519));
#409=EDGE_LOOP('',(#1520,#1521,#1522,#1523));
#410=EDGE_LOOP('',(#1524,#1525,#1526,#1527));
#411=EDGE_LOOP('',(#1528,#1529,#1530,#1531));
#412=EDGE_LOOP('',(#1532,#1533,#1534,#1535));
#413=EDGE_LOOP('',(#1536,#1537,#1538,#1539));
#414=EDGE_LOOP('',(#1540,#1541,#1542,#1543));
#415=EDGE_LOOP('',(#1544,#1545,#1546,#1547,#1548,#1549,#1550,#1551));
#416=EDGE_LOOP('',(#1552,#1553,#1554,#1555));
#417=EDGE_LOOP('',(#1556,#1557,#1558,#1559));
#418=EDGE_LOOP('',(#1560,#1561,#1562,#1563,#1564,#1565,#1566,#1567,#1568,
#1569,#1570,#1571,#1572,#1573,#1574,#1575,#1576,#1577,#1578,#1579,#1580,
#1581,#1582,#1583));
#419=EDGE_LOOP('',(#1584,#1585,#1586,#1587,#1588,#1589,#1590,#1591));
#420=EDGE_LOOP('',(#1592,#1593,#1594));
#421=EDGE_LOOP('',(#1595,#1596,#1597,#1598,#1599,#1600,#1601,#1602,#1603,
#1604,#1605,#1606));
#422=EDGE_LOOP('',(#1607));
#423=EDGE_LOOP('',(#1608));
#424=EDGE_LOOP('',(#1609));
#425=EDGE_LOOP('',(#1610));
#426=EDGE_LOOP('',(#1611,#1612,#1613,#1614));
#427=EDGE_LOOP('',(#1615,#1616,#1617,#1618));
#428=EDGE_LOOP('',(#1619,#1620,#1621,#1622));
#429=EDGE_LOOP('',(#1623,#1624,#1625,#1626,#1627,#1628,#1629,#1630));
#430=EDGE_LOOP('',(#1631,#1632,#1633,#1634));
#431=EDGE_LOOP('',(#1635,#1636,#1637,#1638,#1639,#1640,#1641,#1642));
#432=EDGE_LOOP('',(#1643,#1644,#1645,#1646));
#433=EDGE_LOOP('',(#1647,#1648,#1649,#1650));
#434=EDGE_LOOP('',(#1651,#1652,#1653,#1654));
#435=EDGE_LOOP('',(#1655,#1656,#1657,#1658));
#436=EDGE_LOOP('',(#1659,#1660,#1661,#1662,#1663,#1664,#1665,#1666));
#437=EDGE_LOOP('',(#1667,#1668,#1669,#1670));
#438=EDGE_LOOP('',(#1671,#1672,#1673,#1674,#1675,#1676,#1677,#1678,#1679,
#1680,#1681,#1682,#1683,#1684,#1685,#1686));
#439=EDGE_LOOP('',(#1687));
#440=EDGE_LOOP('',(#1688));
#441=EDGE_LOOP('',(#1689));
#442=EDGE_LOOP('',(#1690));
#443=LINE('',#2400,#589);
#444=LINE('',#2402,#590);
#445=LINE('',#2404,#591);
#446=LINE('',#2405,#592);
#447=LINE('',#2408,#593);
#448=LINE('',#2410,#594);
#449=LINE('',#2411,#595);
#450=LINE('',#2416,#596);
#451=LINE('',#2418,#597);
#452=LINE('',#2423,#598);
#453=LINE('',#2425,#599);
#454=LINE('',#2427,#600);
#455=LINE('',#2428,#601);
#456=LINE('',#2431,#602);
#457=LINE('',#2433,#603);
#458=LINE('',#2434,#604);
#459=LINE('',#2439,#605);
#460=LINE('',#2441,#606);
#461=LINE('',#2480,#607);
#462=LINE('',#2482,#608);
#463=LINE('',#2484,#609);
#464=LINE('',#2486,#610);
#465=LINE('',#2488,#611);
#466=LINE('',#2489,#612);
#467=LINE('',#2492,#613);
#468=LINE('',#2494,#614);
#469=LINE('',#2531,#615);
#470=LINE('',#2533,#616);
#471=LINE('',#2535,#617);
#472=LINE('',#2573,#618);
#473=LINE('',#2575,#619);
#474=LINE('',#2576,#620);
#475=LINE('',#2577,#621);
#476=LINE('',#2580,#622);
#477=LINE('',#2582,#623);
#478=LINE('',#2583,#624);
#479=LINE('',#2588,#625);
#480=LINE('',#2592,#626);
#481=LINE('',#2594,#627);
#482=LINE('',#2626,#628);
#483=LINE('',#2628,#629);
#484=LINE('',#2630,#630);
#485=LINE('',#2668,#631);
#486=LINE('',#2670,#632);
#487=LINE('',#2671,#633);
#488=LINE('',#2672,#634);
#489=LINE('',#2675,#635);
#490=LINE('',#2677,#636);
#491=LINE('',#2678,#637);
#492=LINE('',#2683,#638);
#493=LINE('',#2690,#639);
#494=LINE('',#2693,#640);
#495=LINE('',#2696,#641);
#496=LINE('',#2698,#642);
#497=LINE('',#2700,#643);
#498=LINE('',#2702,#644);
#499=LINE('',#2703,#645);
#500=LINE('',#2705,#646);
#501=LINE('',#2707,#647);
#502=LINE('',#2744,#648);
#503=LINE('',#2746,#649);
#504=LINE('',#2748,#650);
#505=LINE('',#2750,#651);
#506=LINE('',#2751,#652);
#507=LINE('',#2760,#653);
#508=LINE('',#2763,#654);
#509=LINE('',#2773,#655);
#510=LINE('',#2776,#656);
#511=LINE('',#2786,#657);
#512=LINE('',#2789,#658);
#513=LINE('',#2799,#659);
#514=LINE('',#2802,#660);
#515=LINE('',#2807,#661);
#516=LINE('',#2809,#662);
#517=LINE('',#2811,#663);
#518=LINE('',#2812,#664);
#519=LINE('',#2815,#665);
#520=LINE('',#2817,#666);
#521=LINE('',#2818,#667);
#522=LINE('',#2820,#668);
#523=LINE('',#2822,#669);
#524=LINE('',#2823,#670);
#525=LINE('',#2834,#671);
#526=LINE('',#2836,#672);
#527=LINE('',#2837,#673);
#528=LINE('',#2839,#674);
#529=LINE('',#2844,#675);
#530=LINE('',#2849,#676);
#531=LINE('',#2854,#677);
#532=LINE('',#2859,#678);
#533=LINE('',#2868,#679);
#534=LINE('',#2870,#680);
#535=LINE('',#2949,#681);
#536=LINE('',#2976,#682);
#537=LINE('',#3175,#683);
#538=LINE('',#3222,#684);
#539=LINE('',#3270,#685);
#540=LINE('',#3333,#686);
#541=LINE('',#3456,#687);
#542=LINE('',#3539,#688);
#543=LINE('',#3557,#689);
#544=LINE('',#3559,#690);
#545=LINE('',#3560,#691);
#546=LINE('',#3908,#692);
#547=LINE('',#4303,#693);
#548=LINE('',#4350,#694);
#549=LINE('',#4503,#695);
#550=LINE('',#4852,#696);
#551=LINE('',#4919,#697);
#552=LINE('',#4927,#698);
#553=LINE('',#5179,#699);
#554=LINE('',#5255,#700);
#555=LINE('',#5306,#701);
#556=LINE('',#5430,#702);
#557=LINE('',#5573,#703);
#558=LINE('',#5716,#704);
#559=LINE('',#5949,#705);
#560=LINE('',#6077,#706);
#561=LINE('',#6265,#707);
#562=LINE('',#6368,#708);
#563=LINE('',#6491,#709);
#564=LINE('',#6649,#710);
#565=LINE('',#6892,#711);
#566=LINE('',#6935,#712);
#567=LINE('',#6936,#713);
#568=LINE('',#6937,#714);
#569=LINE('',#6944,#715);
#570=LINE('',#6946,#716);
#571=LINE('',#6947,#717);
#572=LINE('',#6951,#718);
#573=LINE('',#6955,#719);
#574=LINE('',#6959,#720);
#575=LINE('',#6964,#721);
#576=LINE('',#6968,#722);
#577=LINE('',#6971,#723);
#578=LINE('',#6972,#724);
#579=LINE('',#6975,#725);
#580=LINE('',#6976,#726);
#581=LINE('',#6979,#727);
#582=LINE('',#6980,#728);
#583=LINE('',#6982,#729);
#584=LINE('',#6985,#730);
#585=LINE('',#6986,#731);
#586=LINE('',#6990,#732);
#587=LINE('',#6993,#733);
#588=LINE('',#6994,#734);
#589=VECTOR('',#1990,10.);
#590=VECTOR('',#1991,10.);
#591=VECTOR('',#1992,10.);
#592=VECTOR('',#1993,10.);
#593=VECTOR('',#1996,10.);
#594=VECTOR('',#1997,10.);
#595=VECTOR('',#1998,10.);
#596=VECTOR('',#2003,10.);
#597=VECTOR('',#2006,10.);
#598=VECTOR('',#2011,10.);
#599=VECTOR('',#2012,10.);
#600=VECTOR('',#2013,10.);
#601=VECTOR('',#2014,10.);
#602=VECTOR('',#2017,10.);
#603=VECTOR('',#2018,10.);
#604=VECTOR('',#2019,10.);
#605=VECTOR('',#2024,10.);
#606=VECTOR('',#2027,10.);
#607=VECTOR('',#2032,10.);
#608=VECTOR('',#2033,10.);
#609=VECTOR('',#2034,10.);
#610=VECTOR('',#2035,10.);
#611=VECTOR('',#2036,10.);
#612=VECTOR('',#2037,10.);
#613=VECTOR('',#2040,10.);
#614=VECTOR('',#2041,10.);
#615=VECTOR('',#2042,10.);
#616=VECTOR('',#2043,10.);
#617=VECTOR('',#2044,10.);
#618=VECTOR('',#2047,10.);
#619=VECTOR('',#2048,10.);
#620=VECTOR('',#2049,10.);
#621=VECTOR('',#2050,10.);
#622=VECTOR('',#2053,10.);
#623=VECTOR('',#2054,10.);
#624=VECTOR('',#2055,10.);
#625=VECTOR('',#2062,10.);
#626=VECTOR('',#2067,10.);
#627=VECTOR('',#2068,10.);
#628=VECTOR('',#2069,10.);
#629=VECTOR('',#2070,10.);
#630=VECTOR('',#2071,10.);
#631=VECTOR('',#2074,10.);
#632=VECTOR('',#2075,10.);
#633=VECTOR('',#2076,10.);
#634=VECTOR('',#2077,10.);
#635=VECTOR('',#2080,10.);
#636=VECTOR('',#2081,10.);
#637=VECTOR('',#2082,10.);
#638=VECTOR('',#2089,10.);
#639=VECTOR('',#2096,10.);
#640=VECTOR('',#2099,10.);
#641=VECTOR('',#2102,10.);
#642=VECTOR('',#2103,10.);
#643=VECTOR('',#2104,10.);
#644=VECTOR('',#2105,10.);
#645=VECTOR('',#2106,10.);
#646=VECTOR('',#2107,10.);
#647=VECTOR('',#2108,10.);
#648=VECTOR('',#2111,10.);
#649=VECTOR('',#2112,10.);
#650=VECTOR('',#2113,10.);
#651=VECTOR('',#2114,10.);
#652=VECTOR('',#2115,10.);
#653=VECTOR('',#2126,3.15);
#654=VECTOR('',#2129,1.5);
#655=VECTOR('',#2142,3.15);
#656=VECTOR('',#2145,1.5);
#657=VECTOR('',#2158,3.15);
#658=VECTOR('',#2161,1.5);
#659=VECTOR('',#2174,3.15);
#660=VECTOR('',#2177,1.5);
#661=VECTOR('',#2182,10.);
#662=VECTOR('',#2183,10.);
#663=VECTOR('',#2184,10.);
#664=VECTOR('',#2185,10.);
#665=VECTOR('',#2188,10.);
#666=VECTOR('',#2189,10.);
#667=VECTOR('',#2190,10.);
#668=VECTOR('',#2191,10.);
#669=VECTOR('',#2192,10.);
#670=VECTOR('',#2193,10.);
#671=VECTOR('',#2204,10.);
#672=VECTOR('',#2205,10.);
#673=VECTOR('',#2206,10.);
#674=VECTOR('',#2209,10.);
#675=VECTOR('',#2216,2.);
#676=VECTOR('',#2223,2.);
#677=VECTOR('',#2230,2.);
#678=VECTOR('',#2237,2.);
#679=VECTOR('',#2250,10.);
#680=VECTOR('',#2253,10.);
#681=VECTOR('',#2254,10.);
#682=VECTOR('',#2255,10.);
#683=VECTOR('',#2256,10.);
#684=VECTOR('',#2257,10.);
#685=VECTOR('',#2258,10.);
#686=VECTOR('',#2259,10.);
#687=VECTOR('',#2260,10.);
#688=VECTOR('',#2261,10.);
#689=VECTOR('',#2264,10.);
#690=VECTOR('',#2265,10.);
#691=VECTOR('',#2266,10.);
#692=VECTOR('',#2267,10.);
#693=VECTOR('',#2270,10.);
#694=VECTOR('',#2271,10.);
#695=VECTOR('',#2272,10.);
#696=VECTOR('',#2275,10.);
#697=VECTOR('',#2276,10.);
#698=VECTOR('',#2277,10.);
#699=VECTOR('',#2278,10.);
#700=VECTOR('',#2279,10.);
#701=VECTOR('',#2280,10.);
#702=VECTOR('',#2281,10.);
#703=VECTOR('',#2282,10.);
#704=VECTOR('',#2283,10.);
#705=VECTOR('',#2284,10.);
#706=VECTOR('',#2285,10.);
#707=VECTOR('',#2286,10.);
#708=VECTOR('',#2287,10.);
#709=VECTOR('',#2288,10.);
#710=VECTOR('',#2289,10.);
#711=VECTOR('',#2312,10.);
#712=VECTOR('',#2325,10.);
#713=VECTOR('',#2326,10.);
#714=VECTOR('',#2327,10.);
#715=VECTOR('',#2338,10.);
#716=VECTOR('',#2339,10.);
#717=VECTOR('',#2340,10.);
#718=VECTOR('',#2343,10.);
#719=VECTOR('',#2346,10.);
#720=VECTOR('',#2349,10.);
#721=VECTOR('',#2356,10.);
#722=VECTOR('',#2361,10.);
#723=VECTOR('',#2364,10.);
#724=VECTOR('',#2365,10.);
#725=VECTOR('',#2368,10.);
#726=VECTOR('',#2369,10.);
#727=VECTOR('',#2372,10.);
#728=VECTOR('',#2373,10.);
#729=VECTOR('',#2376,10.);
#730=VECTOR('',#2379,10.);
#731=VECTOR('',#2380,10.);
#732=VECTOR('',#2385,10.);
#733=VECTOR('',#2388,10.);
#734=VECTOR('',#2389,10.);
#735=VERTEX_POINT('',#2398);
#736=VERTEX_POINT('',#2399);
#737=VERTEX_POINT('',#2401);
#738=VERTEX_POINT('',#2403);
#739=VERTEX_POINT('',#2407);
#740=VERTEX_POINT('',#2409);
#741=VERTEX_POINT('',#2413);
#742=VERTEX_POINT('',#2414);
#743=VERTEX_POINT('',#2421);
#744=VERTEX_POINT('',#2422);
#745=VERTEX_POINT('',#2424);
#746=VERTEX_POINT('',#2426);
#747=VERTEX_POINT('',#2430);
#748=VERTEX_POINT('',#2432);
#749=VERTEX_POINT('',#2436);
#750=VERTEX_POINT('',#2437);
#751=VERTEX_POINT('',#2444);
#752=VERTEX_POINT('',#2479);
#753=VERTEX_POINT('',#2481);
#754=VERTEX_POINT('',#2483);
#755=VERTEX_POINT('',#2485);
#756=VERTEX_POINT('',#2487);
#757=VERTEX_POINT('',#2491);
#758=VERTEX_POINT('',#2493);
#759=VERTEX_POINT('',#2495);
#760=VERTEX_POINT('',#2530);
#761=VERTEX_POINT('',#2532);
#762=VERTEX_POINT('',#2534);
#763=VERTEX_POINT('',#2571);
#764=VERTEX_POINT('',#2572);
#765=VERTEX_POINT('',#2574);
#766=VERTEX_POINT('',#2579);
#767=VERTEX_POINT('',#2581);
#768=VERTEX_POINT('',#2585);
#769=VERTEX_POINT('',#2591);
#770=VERTEX_POINT('',#2593);
#771=VERTEX_POINT('',#2595);
#772=VERTEX_POINT('',#2625);
#773=VERTEX_POINT('',#2627);
#774=VERTEX_POINT('',#2629);
#775=VERTEX_POINT('',#2666);
#776=VERTEX_POINT('',#2667);
#777=VERTEX_POINT('',#2669);
#778=VERTEX_POINT('',#2674);
#779=VERTEX_POINT('',#2676);
#780=VERTEX_POINT('',#2680);
#781=VERTEX_POINT('',#2686);
#782=VERTEX_POINT('',#2687);
#783=VERTEX_POINT('',#2689);
#784=VERTEX_POINT('',#2691);
#785=VERTEX_POINT('',#2695);
#786=VERTEX_POINT('',#2697);
#787=VERTEX_POINT('',#2699);
#788=VERTEX_POINT('',#2701);
#789=VERTEX_POINT('',#2704);
#790=VERTEX_POINT('',#2706);
#791=VERTEX_POINT('',#2743);
#792=VERTEX_POINT('',#2745);
#793=VERTEX_POINT('',#2747);
#794=VERTEX_POINT('',#2749);
#795=VERTEX_POINT('',#2753);
#796=VERTEX_POINT('',#2755);
#797=VERTEX_POINT('',#2758);
#798=VERTEX_POINT('',#2762);
#799=VERTEX_POINT('',#2766);
#800=VERTEX_POINT('',#2768);
#801=VERTEX_POINT('',#2771);
#802=VERTEX_POINT('',#2775);
#803=VERTEX_POINT('',#2779);
#804=VERTEX_POINT('',#2781);
#805=VERTEX_POINT('',#2784);
#806=VERTEX_POINT('',#2788);
#807=VERTEX_POINT('',#2792);
#808=VERTEX_POINT('',#2794);
#809=VERTEX_POINT('',#2797);
#810=VERTEX_POINT('',#2801);
#811=VERTEX_POINT('',#2805);
#812=VERTEX_POINT('',#2806);
#813=VERTEX_POINT('',#2808);
#814=VERTEX_POINT('',#2810);
#815=VERTEX_POINT('',#2814);
#816=VERTEX_POINT('',#2816);
#817=VERTEX_POINT('',#2819);
#818=VERTEX_POINT('',#2821);
#819=VERTEX_POINT('',#2824);
#820=VERTEX_POINT('',#2826);
#821=VERTEX_POINT('',#2828);
#822=VERTEX_POINT('',#2830);
#823=VERTEX_POINT('',#2833);
#824=VERTEX_POINT('',#2835);
#825=VERTEX_POINT('',#2841);
#826=VERTEX_POINT('',#2846);
#827=VERTEX_POINT('',#2851);
#828=VERTEX_POINT('',#2856);
#829=VERTEX_POINT('',#2864);
#830=VERTEX_POINT('',#2866);
#831=VERTEX_POINT('',#2921);
#832=VERTEX_POINT('',#2922);
#833=VERTEX_POINT('',#2948);
#834=VERTEX_POINT('',#2950);
#835=VERTEX_POINT('',#3127);
#836=VERTEX_POINT('',#3128);
#837=VERTEX_POINT('',#3174);
#838=VERTEX_POINT('',#3176);
#839=VERTEX_POINT('',#3253);
#840=VERTEX_POINT('',#3269);
#841=VERTEX_POINT('',#3316);
#842=VERTEX_POINT('',#3332);
#843=VERTEX_POINT('',#3419);
#844=VERTEX_POINT('',#3455);
#845=VERTEX_POINT('',#3522);
#846=VERTEX_POINT('',#3538);
#847=VERTEX_POINT('',#3556);
#848=VERTEX_POINT('',#3558);
#849=VERTEX_POINT('',#3791);
#850=VERTEX_POINT('',#3907);
#851=VERTEX_POINT('',#4255);
#852=VERTEX_POINT('',#4256);
#853=VERTEX_POINT('',#4302);
#854=VERTEX_POINT('',#4304);
#855=VERTEX_POINT('',#4451);
#856=VERTEX_POINT('',#4502);
#857=VERTEX_POINT('',#4805);
#858=VERTEX_POINT('',#4851);
#859=VERTEX_POINT('',#4910);
#860=VERTEX_POINT('',#4911);
#861=VERTEX_POINT('',#4918);
#862=VERTEX_POINT('',#4920);
#863=VERTEX_POINT('',#5102);
#864=VERTEX_POINT('',#5178);
#865=VERTEX_POINT('',#5288);
#866=VERTEX_POINT('',#5305);
#867=VERTEX_POINT('',#5393);
#868=VERTEX_POINT('',#5429);
#869=VERTEX_POINT('',#5536);
#870=VERTEX_POINT('',#5572);
#871=VERTEX_POINT('',#5679);
#872=VERTEX_POINT('',#5715);
#873=VERTEX_POINT('',#5882);
#874=VERTEX_POINT('',#5948);
#875=VERTEX_POINT('',#6055);
#876=VERTEX_POINT('',#6076);
#877=VERTEX_POINT('',#6208);
#878=VERTEX_POINT('',#6264);
#879=VERTEX_POINT('',#6351);
#880=VERTEX_POINT('',#6367);
#881=VERTEX_POINT('',#6454);
#882=VERTEX_POINT('',#6490);
#883=VERTEX_POINT('',#6607);
#884=VERTEX_POINT('',#6648);
#885=VERTEX_POINT('',#6859);
#886=VERTEX_POINT('',#6891);
#887=VERTEX_POINT('',#6899);
#888=VERTEX_POINT('',#6934);
#889=VERTEX_POINT('',#6943);
#890=VERTEX_POINT('',#6945);
#891=VERTEX_POINT('',#6948);
#892=VERTEX_POINT('',#6950);
#893=VERTEX_POINT('',#6952);
#894=VERTEX_POINT('',#6954);
#895=VERTEX_POINT('',#6956);
#896=VERTEX_POINT('',#6958);
#897=VERTEX_POINT('',#6962);
#898=VERTEX_POINT('',#6966);
#899=VERTEX_POINT('',#6970);
#900=VERTEX_POINT('',#6974);
#901=VERTEX_POINT('',#6978);
#902=VERTEX_POINT('',#6984);
#903=VERTEX_POINT('',#6988);
#904=VERTEX_POINT('',#6992);
#905=EDGE_CURVE('',#735,#736,#443,.T.);
#906=EDGE_CURVE('',#737,#736,#444,.T.);
#907=EDGE_CURVE('',#738,#737,#445,.T.);
#908=EDGE_CURVE('',#735,#738,#446,.T.);
#909=EDGE_CURVE('',#739,#735,#447,.T.);
#910=EDGE_CURVE('',#739,#740,#448,.F.);
#911=EDGE_CURVE('',#736,#740,#449,.T.);
#912=EDGE_CURVE('',#741,#742,#131,.F.);
#913=EDGE_CURVE('',#738,#741,#450,.F.);
#914=EDGE_CURVE('',#740,#737,#132,.F.);
#915=EDGE_CURVE('',#742,#739,#451,.F.);
#916=EDGE_CURVE('',#743,#744,#452,.T.);
#917=EDGE_CURVE('',#745,#744,#453,.T.);
#918=EDGE_CURVE('',#746,#745,#454,.T.);
#919=EDGE_CURVE('',#743,#746,#455,.T.);
#920=EDGE_CURVE('',#747,#743,#456,.T.);
#921=EDGE_CURVE('',#747,#748,#457,.F.);
#922=EDGE_CURVE('',#744,#748,#458,.T.);
#923=EDGE_CURVE('',#749,#750,#133,.F.);
#924=EDGE_CURVE('',#746,#749,#459,.F.);
#925=EDGE_CURVE('',#748,#745,#134,.F.);
#926=EDGE_CURVE('',#750,#747,#460,.F.);
#927=EDGE_CURVE('',#751,#749,#123,.F.);
#928=EDGE_CURVE('',#751,#752,#461,.T.);
#929=EDGE_CURVE('',#753,#752,#462,.T.);
#930=EDGE_CURVE('',#754,#753,#463,.T.);
#931=EDGE_CURVE('',#754,#755,#464,.T.);
#932=EDGE_CURVE('',#755,#756,#465,.T.);
#933=EDGE_CURVE('',#746,#756,#466,.T.);
#934=EDGE_CURVE('',#757,#747,#467,.T.);
#935=EDGE_CURVE('',#757,#758,#468,.F.);
#936=EDGE_CURVE('',#759,#758,#124,.F.);
#937=EDGE_CURVE('',#759,#760,#469,.T.);
#938=EDGE_CURVE('',#761,#760,#470,.T.);
#939=EDGE_CURVE('',#761,#762,#471,.T.);
#940=EDGE_CURVE('',#750,#762,#125,.F.);
#941=EDGE_CURVE('',#763,#764,#472,.T.);
#942=EDGE_CURVE('',#765,#764,#473,.T.);
#943=EDGE_CURVE('',#757,#765,#474,.T.);
#944=EDGE_CURVE('',#763,#757,#475,.T.);
#945=EDGE_CURVE('',#766,#763,#476,.T.);
#946=EDGE_CURVE('',#766,#767,#477,.F.);
#947=EDGE_CURVE('',#764,#767,#478,.T.);
#948=EDGE_CURVE('',#758,#768,#135,.F.);
#949=EDGE_CURVE('',#767,#765,#136,.F.);
#950=EDGE_CURVE('',#768,#766,#479,.F.);
#951=EDGE_CURVE('',#769,#766,#480,.T.);
#952=EDGE_CURVE('',#769,#770,#481,.F.);
#953=EDGE_CURVE('',#771,#770,#126,.F.);
#954=EDGE_CURVE('',#771,#772,#482,.T.);
#955=EDGE_CURVE('',#773,#772,#483,.T.);
#956=EDGE_CURVE('',#773,#774,#484,.T.);
#957=EDGE_CURVE('',#768,#774,#127,.F.);
#958=EDGE_CURVE('',#775,#776,#485,.T.);
#959=EDGE_CURVE('',#777,#776,#486,.T.);
#960=EDGE_CURVE('',#769,#777,#487,.T.);
#961=EDGE_CURVE('',#775,#769,#488,.T.);
#962=EDGE_CURVE('',#778,#775,#489,.T.);
#963=EDGE_CURVE('',#778,#779,#490,.F.);
#964=EDGE_CURVE('',#776,#779,#491,.T.);
#965=EDGE_CURVE('',#770,#780,#137,.F.);
#966=EDGE_CURVE('',#779,#777,#138,.F.);
#967=EDGE_CURVE('',#780,#778,#492,.F.);
#968=EDGE_CURVE('',#781,#782,#139,.T.);
#969=EDGE_CURVE('',#783,#781,#493,.T.);
#970=EDGE_CURVE('',#784,#783,#140,.T.);
#971=EDGE_CURVE('',#782,#784,#494,.T.);
#972=EDGE_CURVE('',#785,#739,#495,.T.);
#973=EDGE_CURVE('',#785,#786,#496,.T.);
#974=EDGE_CURVE('',#786,#787,#497,.T.);
#975=EDGE_CURVE('',#788,#787,#498,.T.);
#976=EDGE_CURVE('',#784,#788,#499,.T.);
#977=EDGE_CURVE('',#789,#783,#500,.T.);
#978=EDGE_CURVE('',#789,#790,#501,.T.);
#979=EDGE_CURVE('',#742,#790,#128,.F.);
#980=EDGE_CURVE('',#791,#782,#502,.T.);
#981=EDGE_CURVE('',#792,#791,#503,.T.);
#982=EDGE_CURVE('',#793,#792,#504,.T.);
#983=EDGE_CURVE('',#794,#793,#505,.T.);
#984=EDGE_CURVE('',#781,#794,#506,.T.);
#985=EDGE_CURVE('',#795,#795,#141,.T.);
#986=EDGE_CURVE('',#796,#796,#142,.T.);
#987=EDGE_CURVE('',#797,#797,#143,.T.);
#988=EDGE_CURVE('',#797,#795,#507,.T.);
#989=EDGE_CURVE('',#796,#798,#508,.T.);
#990=EDGE_CURVE('',#798,#798,#144,.T.);
#991=EDGE_CURVE('',#799,#799,#145,.T.);
#992=EDGE_CURVE('',#800,#800,#146,.T.);
#993=EDGE_CURVE('',#801,#801,#147,.T.);
#994=EDGE_CURVE('',#801,#799,#509,.T.);
#995=EDGE_CURVE('',#800,#802,#510,.T.);
#996=EDGE_CURVE('',#802,#802,#148,.T.);
#997=EDGE_CURVE('',#803,#803,#149,.T.);
#998=EDGE_CURVE('',#804,#804,#150,.T.);
#999=EDGE_CURVE('',#805,#805,#151,.T.);
#1000=EDGE_CURVE('',#805,#803,#511,.T.);
#1001=EDGE_CURVE('',#804,#806,#512,.T.);
#1002=EDGE_CURVE('',#806,#806,#152,.T.);
#1003=EDGE_CURVE('',#807,#807,#153,.T.);
#1004=EDGE_CURVE('',#808,#808,#154,.T.);
#1005=EDGE_CURVE('',#809,#809,#155,.T.);
#1006=EDGE_CURVE('',#809,#807,#513,.T.);
#1007=EDGE_CURVE('',#808,#810,#514,.T.);
#1008=EDGE_CURVE('',#810,#810,#156,.T.);
#1009=EDGE_CURVE('',#811,#812,#515,.T.);
#1010=EDGE_CURVE('',#813,#811,#516,.T.);
#1011=EDGE_CURVE('',#814,#813,#517,.T.);
#1012=EDGE_CURVE('',#812,#814,#518,.T.);
#1013=EDGE_CURVE('',#786,#815,#519,.T.);
#1014=EDGE_CURVE('',#815,#816,#520,.T.);
#1015=EDGE_CURVE('',#816,#755,#521,.T.);
#1016=EDGE_CURVE('',#754,#817,#522,.T.);
#1017=EDGE_CURVE('',#818,#817,#523,.T.);
#1018=EDGE_CURVE('',#818,#787,#524,.T.);
#1019=EDGE_CURVE('',#819,#819,#157,.T.);
#1020=EDGE_CURVE('',#820,#820,#158,.T.);
#1021=EDGE_CURVE('',#821,#821,#159,.T.);
#1022=EDGE_CURVE('',#822,#822,#160,.T.);
#1023=EDGE_CURVE('',#815,#823,#525,.T.);
#1024=EDGE_CURVE('',#824,#823,#526,.T.);
#1025=EDGE_CURVE('',#816,#824,#527,.T.);
#1026=EDGE_CURVE('',#823,#785,#528,.T.);
#1027=EDGE_CURVE('',#825,#825,#161,.T.);
#1028=EDGE_CURVE('',#822,#825,#529,.T.);
#1029=EDGE_CURVE('',#826,#826,#162,.T.);
#1030=EDGE_CURVE('',#821,#826,#530,.T.);
#1031=EDGE_CURVE('',#827,#827,#163,.T.);
#1032=EDGE_CURVE('',#820,#827,#531,.T.);
#1033=EDGE_CURVE('',#828,#828,#164,.T.);
#1034=EDGE_CURVE('',#819,#828,#532,.T.);
#1035=EDGE_CURVE('',#817,#813,#165,.F.);
#1036=EDGE_CURVE('',#811,#818,#166,.F.);
#1037=EDGE_CURVE('',#829,#812,#167,.F.);
#1038=EDGE_CURVE('',#814,#830,#168,.F.);
#1039=EDGE_CURVE('',#830,#829,#533,.T.);
#1040=EDGE_CURVE('',#756,#824,#534,.T.);
#1041=EDGE_CURVE('',#831,#832,#19,.T.);
#1042=EDGE_CURVE('',#831,#833,#535,.T.);
#1043=EDGE_CURVE('',#833,#834,#20,.T.);
#1044=EDGE_CURVE('',#832,#834,#536,.T.);
#1045=EDGE_CURVE('',#832,#831,#21,.T.);
#1046=EDGE_CURVE('',#834,#833,#22,.T.);
#1047=EDGE_CURVE('',#835,#836,#23,.T.);
#1048=EDGE_CURVE('',#835,#837,#537,.T.);
#1049=EDGE_CURVE('',#837,#838,#24,.T.);
#1050=EDGE_CURVE('',#836,#838,#538,.T.);
#1051=EDGE_CURVE('',#839,#835,#25,.T.);
#1052=EDGE_CURVE('',#839,#840,#539,.T.);
#1053=EDGE_CURVE('',#840,#837,#26,.T.);
#1054=EDGE_CURVE('',#841,#839,#27,.T.);
#1055=EDGE_CURVE('',#841,#842,#540,.T.);
#1056=EDGE_CURVE('',#842,#840,#28,.T.);
#1057=EDGE_CURVE('',#843,#841,#29,.T.);
#1058=EDGE_CURVE('',#843,#844,#541,.T.);
#1059=EDGE_CURVE('',#844,#842,#30,.T.);
#1060=EDGE_CURVE('',#845,#843,#31,.T.);
#1061=EDGE_CURVE('',#845,#846,#542,.T.);
#1062=EDGE_CURVE('',#846,#844,#32,.T.);
#1063=EDGE_CURVE('',#847,#845,#543,.T.);
#1064=EDGE_CURVE('',#847,#848,#544,.T.);
#1065=EDGE_CURVE('',#848,#846,#545,.T.);
#1066=EDGE_CURVE('',#849,#847,#33,.T.);
#1067=EDGE_CURVE('',#849,#850,#546,.T.);
#1068=EDGE_CURVE('',#850,#848,#34,.T.);
#1069=EDGE_CURVE('',#836,#849,#35,.T.);
#1070=EDGE_CURVE('',#838,#850,#36,.T.);
#1071=EDGE_CURVE('',#851,#852,#37,.T.);
#1072=EDGE_CURVE('',#851,#853,#547,.T.);
#1073=EDGE_CURVE('',#853,#854,#38,.T.);
#1074=EDGE_CURVE('',#852,#854,#548,.T.);
#1075=EDGE_CURVE('',#855,#851,#39,.T.);
#1076=EDGE_CURVE('',#855,#856,#549,.T.);
#1077=EDGE_CURVE('',#856,#853,#40,.T.);
#1078=EDGE_CURVE('',#852,#855,#41,.T.);
#1079=EDGE_CURVE('',#854,#856,#42,.T.);
#1080=EDGE_CURVE('',#857,#857,#43,.T.);
#1081=EDGE_CURVE('',#857,#858,#550,.T.);
#1082=EDGE_CURVE('',#858,#858,#44,.T.);
#1083=EDGE_CURVE('',#859,#860,#45,.T.);
#1084=EDGE_CURVE('',#859,#861,#551,.T.);
#1085=EDGE_CURVE('',#861,#862,#46,.T.);
#1086=EDGE_CURVE('',#860,#862,#552,.T.);
#1087=EDGE_CURVE('',#860,#859,#47,.T.);
#1088=EDGE_CURVE('',#862,#861,#48,.T.);
#1089=EDGE_CURVE('',#863,#860,#49,.T.);
#1090=EDGE_CURVE('',#863,#864,#553,.T.);
#1091=EDGE_CURVE('',#864,#862,#50,.T.);
#1092=EDGE_CURVE('',#860,#862,#554,.T.);
#1093=EDGE_CURVE('',#865,#863,#51,.T.);
#1094=EDGE_CURVE('',#865,#866,#555,.T.);
#1095=EDGE_CURVE('',#866,#864,#52,.T.);
#1096=EDGE_CURVE('',#867,#865,#53,.T.);
#1097=EDGE_CURVE('',#867,#868,#556,.T.);
#1098=EDGE_CURVE('',#868,#866,#54,.T.);
#1099=EDGE_CURVE('',#869,#867,#55,.T.);
#1100=EDGE_CURVE('',#869,#870,#557,.T.);
#1101=EDGE_CURVE('',#870,#868,#56,.T.);
#1102=EDGE_CURVE('',#871,#869,#57,.T.);
#1103=EDGE_CURVE('',#871,#872,#558,.T.);
#1104=EDGE_CURVE('',#872,#870,#58,.T.);
#1105=EDGE_CURVE('',#873,#871,#59,.T.);
#1106=EDGE_CURVE('',#873,#874,#559,.T.);
#1107=EDGE_CURVE('',#874,#872,#60,.T.);
#1108=EDGE_CURVE('',#875,#873,#61,.T.);
#1109=EDGE_CURVE('',#875,#876,#560,.T.);
#1110=EDGE_CURVE('',#876,#874,#62,.T.);
#1111=EDGE_CURVE('',#877,#875,#63,.T.);
#1112=EDGE_CURVE('',#877,#878,#561,.T.);
#1113=EDGE_CURVE('',#878,#876,#64,.T.);
#1114=EDGE_CURVE('',#879,#877,#65,.T.);
#1115=EDGE_CURVE('',#879,#880,#562,.T.);
#1116=EDGE_CURVE('',#880,#878,#66,.T.);
#1117=EDGE_CURVE('',#881,#879,#67,.T.);
#1118=EDGE_CURVE('',#881,#882,#563,.T.);
#1119=EDGE_CURVE('',#882,#880,#68,.T.);
#1120=EDGE_CURVE('',#883,#881,#69,.T.);
#1121=EDGE_CURVE('',#883,#884,#564,.T.);
#1122=EDGE_CURVE('',#884,#882,#70,.T.);
#1123=EDGE_CURVE('',#860,#883,#71,.T.);
#1124=EDGE_CURVE('',#862,#884,#72,.T.);
#1125=EDGE_CURVE('',#762,#751,#169,.T.);
#1126=EDGE_CURVE('',#761,#752,#170,.T.);
#1127=EDGE_CURVE('',#780,#885,#129,.F.);
#1128=EDGE_CURVE('',#885,#771,#171,.T.);
#1129=EDGE_CURVE('',#886,#885,#565,.T.);
#1130=EDGE_CURVE('',#886,#772,#172,.T.);
#1131=EDGE_CURVE('',#774,#759,#173,.T.);
#1132=EDGE_CURVE('',#773,#760,#174,.T.);
#1133=EDGE_CURVE('',#887,#741,#130,.F.);
#1134=EDGE_CURVE('',#887,#888,#566,.T.);
#1135=EDGE_CURVE('',#886,#888,#567,.T.);
#1136=EDGE_CURVE('',#738,#778,#568,.T.);
#1137=EDGE_CURVE('',#790,#887,#175,.T.);
#1138=EDGE_CURVE('',#789,#888,#176,.T.);
#1139=EDGE_CURVE('',#788,#889,#569,.T.);
#1140=EDGE_CURVE('',#889,#890,#570,.T.);
#1141=EDGE_CURVE('',#890,#753,#571,.T.);
#1142=EDGE_CURVE('',#794,#891,#177,.T.);
#1143=EDGE_CURVE('',#891,#892,#572,.T.);
#1144=EDGE_CURVE('',#892,#893,#178,.T.);
#1145=EDGE_CURVE('',#893,#894,#573,.T.);
#1146=EDGE_CURVE('',#894,#895,#179,.T.);
#1147=EDGE_CURVE('',#895,#896,#574,.T.);
#1148=EDGE_CURVE('',#896,#791,#180,.T.);
#1149=EDGE_CURVE('',#792,#897,#181,.T.);
#1150=EDGE_CURVE('',#896,#897,#575,.T.);
#1151=EDGE_CURVE('',#898,#793,#182,.T.);
#1152=EDGE_CURVE('',#898,#891,#576,.T.);
#1153=EDGE_CURVE('',#899,#898,#577,.T.);
#1154=EDGE_CURVE('',#892,#899,#578,.T.);
#1155=EDGE_CURVE('',#900,#829,#579,.T.);
#1156=EDGE_CURVE('',#900,#889,#580,.T.);
#1157=EDGE_CURVE('',#901,#900,#581,.T.);
#1158=EDGE_CURVE('',#901,#890,#582,.T.);
#1159=EDGE_CURVE('',#830,#901,#583,.T.);
#1160=EDGE_CURVE('',#897,#902,#584,.T.);
#1161=EDGE_CURVE('',#902,#895,#585,.T.);
#1162=EDGE_CURVE('',#902,#903,#183,.T.);
#1163=EDGE_CURVE('',#894,#903,#586,.T.);
#1164=EDGE_CURVE('',#903,#904,#587,.T.);
#1165=EDGE_CURVE('',#904,#893,#588,.T.);
#1166=EDGE_CURVE('',#904,#899,#184,.T.);
#1167=ORIENTED_EDGE('',*,*,#905,.T.);
#1168=ORIENTED_EDGE('',*,*,#906,.F.);
#1169=ORIENTED_EDGE('',*,*,#907,.F.);
#1170=ORIENTED_EDGE('',*,*,#908,.F.);
#1171=ORIENTED_EDGE('',*,*,#909,.F.);
#1172=ORIENTED_EDGE('',*,*,#910,.T.);
#1173=ORIENTED_EDGE('',*,*,#911,.F.);
#1174=ORIENTED_EDGE('',*,*,#905,.F.);
#1175=ORIENTED_EDGE('',*,*,#912,.F.);
#1176=ORIENTED_EDGE('',*,*,#913,.F.);
#1177=ORIENTED_EDGE('',*,*,#907,.T.);
#1178=ORIENTED_EDGE('',*,*,#914,.F.);
#1179=ORIENTED_EDGE('',*,*,#910,.F.);
#1180=ORIENTED_EDGE('',*,*,#915,.F.);
#1181=ORIENTED_EDGE('',*,*,#914,.T.);
#1182=ORIENTED_EDGE('',*,*,#906,.T.);
#1183=ORIENTED_EDGE('',*,*,#911,.T.);
#1184=ORIENTED_EDGE('',*,*,#916,.T.);
#1185=ORIENTED_EDGE('',*,*,#917,.F.);
#1186=ORIENTED_EDGE('',*,*,#918,.F.);
#1187=ORIENTED_EDGE('',*,*,#919,.F.);
#1188=ORIENTED_EDGE('',*,*,#920,.F.);
#1189=ORIENTED_EDGE('',*,*,#921,.T.);
#1190=ORIENTED_EDGE('',*,*,#922,.F.);
#1191=ORIENTED_EDGE('',*,*,#916,.F.);
#1192=ORIENTED_EDGE('',*,*,#923,.F.);
#1193=ORIENTED_EDGE('',*,*,#924,.F.);
#1194=ORIENTED_EDGE('',*,*,#918,.T.);
#1195=ORIENTED_EDGE('',*,*,#925,.F.);
#1196=ORIENTED_EDGE('',*,*,#921,.F.);
#1197=ORIENTED_EDGE('',*,*,#926,.F.);
#1198=ORIENTED_EDGE('',*,*,#925,.T.);
#1199=ORIENTED_EDGE('',*,*,#917,.T.);
#1200=ORIENTED_EDGE('',*,*,#922,.T.);
#1201=ORIENTED_EDGE('',*,*,#927,.F.);
#1202=ORIENTED_EDGE('',*,*,#928,.T.);
#1203=ORIENTED_EDGE('',*,*,#929,.F.);
#1204=ORIENTED_EDGE('',*,*,#930,.F.);
#1205=ORIENTED_EDGE('',*,*,#931,.T.);
#1206=ORIENTED_EDGE('',*,*,#932,.T.);
#1207=ORIENTED_EDGE('',*,*,#933,.F.);
#1208=ORIENTED_EDGE('',*,*,#924,.T.);
#1209=ORIENTED_EDGE('',*,*,#926,.T.);
#1210=ORIENTED_EDGE('',*,*,#934,.F.);
#1211=ORIENTED_EDGE('',*,*,#935,.T.);
#1212=ORIENTED_EDGE('',*,*,#936,.F.);
#1213=ORIENTED_EDGE('',*,*,#937,.T.);
#1214=ORIENTED_EDGE('',*,*,#938,.F.);
#1215=ORIENTED_EDGE('',*,*,#939,.T.);
#1216=ORIENTED_EDGE('',*,*,#940,.F.);
#1217=ORIENTED_EDGE('',*,*,#941,.T.);
#1218=ORIENTED_EDGE('',*,*,#942,.F.);
#1219=ORIENTED_EDGE('',*,*,#943,.F.);
#1220=ORIENTED_EDGE('',*,*,#944,.F.);
#1221=ORIENTED_EDGE('',*,*,#945,.F.);
#1222=ORIENTED_EDGE('',*,*,#946,.T.);
#1223=ORIENTED_EDGE('',*,*,#947,.F.);
#1224=ORIENTED_EDGE('',*,*,#941,.F.);
#1225=ORIENTED_EDGE('',*,*,#948,.F.);
#1226=ORIENTED_EDGE('',*,*,#935,.F.);
#1227=ORIENTED_EDGE('',*,*,#943,.T.);
#1228=ORIENTED_EDGE('',*,*,#949,.F.);
#1229=ORIENTED_EDGE('',*,*,#946,.F.);
#1230=ORIENTED_EDGE('',*,*,#950,.F.);
#1231=ORIENTED_EDGE('',*,*,#949,.T.);
#1232=ORIENTED_EDGE('',*,*,#942,.T.);
#1233=ORIENTED_EDGE('',*,*,#947,.T.);
#1234=ORIENTED_EDGE('',*,*,#950,.T.);
#1235=ORIENTED_EDGE('',*,*,#951,.F.);
#1236=ORIENTED_EDGE('',*,*,#952,.T.);
#1237=ORIENTED_EDGE('',*,*,#953,.F.);
#1238=ORIENTED_EDGE('',*,*,#954,.T.);
#1239=ORIENTED_EDGE('',*,*,#955,.F.);
#1240=ORIENTED_EDGE('',*,*,#956,.T.);
#1241=ORIENTED_EDGE('',*,*,#957,.F.);
#1242=ORIENTED_EDGE('',*,*,#958,.T.);
#1243=ORIENTED_EDGE('',*,*,#959,.F.);
#1244=ORIENTED_EDGE('',*,*,#960,.F.);
#1245=ORIENTED_EDGE('',*,*,#961,.F.);
#1246=ORIENTED_EDGE('',*,*,#962,.F.);
#1247=ORIENTED_EDGE('',*,*,#963,.T.);
#1248=ORIENTED_EDGE('',*,*,#964,.F.);
#1249=ORIENTED_EDGE('',*,*,#958,.F.);
#1250=ORIENTED_EDGE('',*,*,#965,.F.);
#1251=ORIENTED_EDGE('',*,*,#952,.F.);
#1252=ORIENTED_EDGE('',*,*,#960,.T.);
#1253=ORIENTED_EDGE('',*,*,#966,.F.);
#1254=ORIENTED_EDGE('',*,*,#963,.F.);
#1255=ORIENTED_EDGE('',*,*,#967,.F.);
#1256=ORIENTED_EDGE('',*,*,#966,.T.);
#1257=ORIENTED_EDGE('',*,*,#959,.T.);
#1258=ORIENTED_EDGE('',*,*,#964,.T.);
#1259=ORIENTED_EDGE('',*,*,#968,.F.);
#1260=ORIENTED_EDGE('',*,*,#969,.F.);
#1261=ORIENTED_EDGE('',*,*,#970,.F.);
#1262=ORIENTED_EDGE('',*,*,#971,.F.);
#1263=ORIENTED_EDGE('',*,*,#915,.T.);
#1264=ORIENTED_EDGE('',*,*,#972,.F.);
#1265=ORIENTED_EDGE('',*,*,#973,.T.);
#1266=ORIENTED_EDGE('',*,*,#974,.T.);
#1267=ORIENTED_EDGE('',*,*,#975,.F.);
#1268=ORIENTED_EDGE('',*,*,#976,.F.);
#1269=ORIENTED_EDGE('',*,*,#970,.T.);
#1270=ORIENTED_EDGE('',*,*,#977,.F.);
#1271=ORIENTED_EDGE('',*,*,#978,.T.);
#1272=ORIENTED_EDGE('',*,*,#979,.F.);
#1273=ORIENTED_EDGE('',*,*,#968,.T.);
#1274=ORIENTED_EDGE('',*,*,#980,.F.);
#1275=ORIENTED_EDGE('',*,*,#981,.F.);
#1276=ORIENTED_EDGE('',*,*,#982,.F.);
#1277=ORIENTED_EDGE('',*,*,#983,.F.);
#1278=ORIENTED_EDGE('',*,*,#984,.F.);
#1279=ORIENTED_EDGE('',*,*,#985,.F.);
#1280=ORIENTED_EDGE('',*,*,#986,.T.);
#1281=ORIENTED_EDGE('',*,*,#987,.F.);
#1282=ORIENTED_EDGE('',*,*,#988,.T.);
#1283=ORIENTED_EDGE('',*,*,#985,.T.);
#1284=ORIENTED_EDGE('',*,*,#988,.F.);
#1285=ORIENTED_EDGE('',*,*,#986,.F.);
#1286=ORIENTED_EDGE('',*,*,#989,.T.);
#1287=ORIENTED_EDGE('',*,*,#990,.F.);
#1288=ORIENTED_EDGE('',*,*,#989,.F.);
#1289=ORIENTED_EDGE('',*,*,#991,.F.);
#1290=ORIENTED_EDGE('',*,*,#992,.T.);
#1291=ORIENTED_EDGE('',*,*,#993,.F.);
#1292=ORIENTED_EDGE('',*,*,#994,.T.);
#1293=ORIENTED_EDGE('',*,*,#991,.T.);
#1294=ORIENTED_EDGE('',*,*,#994,.F.);
#1295=ORIENTED_EDGE('',*,*,#992,.F.);
#1296=ORIENTED_EDGE('',*,*,#995,.T.);
#1297=ORIENTED_EDGE('',*,*,#996,.F.);
#1298=ORIENTED_EDGE('',*,*,#995,.F.);
#1299=ORIENTED_EDGE('',*,*,#997,.F.);
#1300=ORIENTED_EDGE('',*,*,#998,.T.);
#1301=ORIENTED_EDGE('',*,*,#999,.F.);
#1302=ORIENTED_EDGE('',*,*,#1000,.T.);
#1303=ORIENTED_EDGE('',*,*,#997,.T.);
#1304=ORIENTED_EDGE('',*,*,#1000,.F.);
#1305=ORIENTED_EDGE('',*,*,#998,.F.);
#1306=ORIENTED_EDGE('',*,*,#1001,.T.);
#1307=ORIENTED_EDGE('',*,*,#1002,.F.);
#1308=ORIENTED_EDGE('',*,*,#1001,.F.);
#1309=ORIENTED_EDGE('',*,*,#1003,.F.);
#1310=ORIENTED_EDGE('',*,*,#1004,.T.);
#1311=ORIENTED_EDGE('',*,*,#1005,.F.);
#1312=ORIENTED_EDGE('',*,*,#1006,.T.);
#1313=ORIENTED_EDGE('',*,*,#1003,.T.);
#1314=ORIENTED_EDGE('',*,*,#1006,.F.);
#1315=ORIENTED_EDGE('',*,*,#1004,.F.);
#1316=ORIENTED_EDGE('',*,*,#1007,.T.);
#1317=ORIENTED_EDGE('',*,*,#1008,.F.);
#1318=ORIENTED_EDGE('',*,*,#1007,.F.);
#1319=ORIENTED_EDGE('',*,*,#1009,.F.);
#1320=ORIENTED_EDGE('',*,*,#1010,.F.);
#1321=ORIENTED_EDGE('',*,*,#1011,.F.);
#1322=ORIENTED_EDGE('',*,*,#1012,.F.);
#1323=ORIENTED_EDGE('',*,*,#974,.F.);
#1324=ORIENTED_EDGE('',*,*,#1013,.T.);
#1325=ORIENTED_EDGE('',*,*,#1014,.T.);
#1326=ORIENTED_EDGE('',*,*,#1015,.T.);
#1327=ORIENTED_EDGE('',*,*,#931,.F.);
#1328=ORIENTED_EDGE('',*,*,#1016,.T.);
#1329=ORIENTED_EDGE('',*,*,#1017,.F.);
#1330=ORIENTED_EDGE('',*,*,#1018,.T.);
#1331=ORIENTED_EDGE('',*,*,#1019,.T.);
#1332=ORIENTED_EDGE('',*,*,#1020,.T.);
#1333=ORIENTED_EDGE('',*,*,#1021,.T.);
#1334=ORIENTED_EDGE('',*,*,#1022,.T.);
#1335=ORIENTED_EDGE('',*,*,#1014,.F.);
#1336=ORIENTED_EDGE('',*,*,#1023,.T.);
#1337=ORIENTED_EDGE('',*,*,#1024,.F.);
#1338=ORIENTED_EDGE('',*,*,#1025,.F.);
#1339=ORIENTED_EDGE('',*,*,#973,.F.);
#1340=ORIENTED_EDGE('',*,*,#1026,.F.);
#1341=ORIENTED_EDGE('',*,*,#1023,.F.);
#1342=ORIENTED_EDGE('',*,*,#1013,.F.);
#1343=ORIENTED_EDGE('',*,*,#1027,.F.);
#1344=ORIENTED_EDGE('',*,*,#1022,.F.);
#1345=ORIENTED_EDGE('',*,*,#1028,.T.);
#1346=ORIENTED_EDGE('',*,*,#1027,.T.);
#1347=ORIENTED_EDGE('',*,*,#1028,.F.);
#1348=ORIENTED_EDGE('',*,*,#1029,.F.);
#1349=ORIENTED_EDGE('',*,*,#1021,.F.);
#1350=ORIENTED_EDGE('',*,*,#1030,.T.);
#1351=ORIENTED_EDGE('',*,*,#1029,.T.);
#1352=ORIENTED_EDGE('',*,*,#1030,.F.);
#1353=ORIENTED_EDGE('',*,*,#1031,.F.);
#1354=ORIENTED_EDGE('',*,*,#1020,.F.);
#1355=ORIENTED_EDGE('',*,*,#1032,.T.);
#1356=ORIENTED_EDGE('',*,*,#1031,.T.);
#1357=ORIENTED_EDGE('',*,*,#1032,.F.);
#1358=ORIENTED_EDGE('',*,*,#1033,.F.);
#1359=ORIENTED_EDGE('',*,*,#1019,.F.);
#1360=ORIENTED_EDGE('',*,*,#1034,.T.);
#1361=ORIENTED_EDGE('',*,*,#1033,.T.);
#1362=ORIENTED_EDGE('',*,*,#1034,.F.);
#1363=ORIENTED_EDGE('',*,*,#1035,.T.);
#1364=ORIENTED_EDGE('',*,*,#1010,.T.);
#1365=ORIENTED_EDGE('',*,*,#1036,.T.);
#1366=ORIENTED_EDGE('',*,*,#1017,.T.);
#1367=ORIENTED_EDGE('',*,*,#1037,.T.);
#1368=ORIENTED_EDGE('',*,*,#1012,.T.);
#1369=ORIENTED_EDGE('',*,*,#1038,.T.);
#1370=ORIENTED_EDGE('',*,*,#1039,.T.);
#1371=ORIENTED_EDGE('',*,*,#932,.F.);
#1372=ORIENTED_EDGE('',*,*,#1015,.F.);
#1373=ORIENTED_EDGE('',*,*,#1025,.T.);
#1374=ORIENTED_EDGE('',*,*,#1040,.F.);
#1375=ORIENTED_EDGE('',*,*,#1041,.F.);
#1376=ORIENTED_EDGE('',*,*,#1042,.T.);
#1377=ORIENTED_EDGE('',*,*,#1043,.T.);
#1378=ORIENTED_EDGE('',*,*,#1044,.F.);
#1379=ORIENTED_EDGE('',*,*,#1045,.F.);
#1380=ORIENTED_EDGE('',*,*,#1044,.T.);
#1381=ORIENTED_EDGE('',*,*,#1046,.T.);
#1382=ORIENTED_EDGE('',*,*,#1042,.F.);
#1383=ORIENTED_EDGE('',*,*,#1047,.F.);
#1384=ORIENTED_EDGE('',*,*,#1048,.T.);
#1385=ORIENTED_EDGE('',*,*,#1049,.T.);
#1386=ORIENTED_EDGE('',*,*,#1050,.F.);
#1387=ORIENTED_EDGE('',*,*,#1051,.F.);
#1388=ORIENTED_EDGE('',*,*,#1052,.T.);
#1389=ORIENTED_EDGE('',*,*,#1053,.T.);
#1390=ORIENTED_EDGE('',*,*,#1048,.F.);
#1391=ORIENTED_EDGE('',*,*,#1054,.F.);
#1392=ORIENTED_EDGE('',*,*,#1055,.T.);
#1393=ORIENTED_EDGE('',*,*,#1056,.T.);
#1394=ORIENTED_EDGE('',*,*,#1052,.F.);
#1395=ORIENTED_EDGE('',*,*,#1057,.F.);
#1396=ORIENTED_EDGE('',*,*,#1058,.T.);
#1397=ORIENTED_EDGE('',*,*,#1059,.T.);
#1398=ORIENTED_EDGE('',*,*,#1055,.F.);
#1399=ORIENTED_EDGE('',*,*,#1060,.F.);
#1400=ORIENTED_EDGE('',*,*,#1061,.T.);
#1401=ORIENTED_EDGE('',*,*,#1062,.T.);
#1402=ORIENTED_EDGE('',*,*,#1058,.F.);
#1403=ORIENTED_EDGE('',*,*,#1063,.F.);
#1404=ORIENTED_EDGE('',*,*,#1064,.T.);
#1405=ORIENTED_EDGE('',*,*,#1065,.T.);
#1406=ORIENTED_EDGE('',*,*,#1061,.F.);
#1407=ORIENTED_EDGE('',*,*,#1066,.F.);
#1408=ORIENTED_EDGE('',*,*,#1067,.T.);
#1409=ORIENTED_EDGE('',*,*,#1068,.T.);
#1410=ORIENTED_EDGE('',*,*,#1064,.F.);
#1411=ORIENTED_EDGE('',*,*,#1069,.F.);
#1412=ORIENTED_EDGE('',*,*,#1050,.T.);
#1413=ORIENTED_EDGE('',*,*,#1070,.T.);
#1414=ORIENTED_EDGE('',*,*,#1067,.F.);
#1415=ORIENTED_EDGE('',*,*,#1070,.F.);
#1416=ORIENTED_EDGE('',*,*,#1049,.F.);
#1417=ORIENTED_EDGE('',*,*,#1053,.F.);
#1418=ORIENTED_EDGE('',*,*,#1056,.F.);
#1419=ORIENTED_EDGE('',*,*,#1059,.F.);
#1420=ORIENTED_EDGE('',*,*,#1062,.F.);
#1421=ORIENTED_EDGE('',*,*,#1065,.F.);
#1422=ORIENTED_EDGE('',*,*,#1068,.F.);
#1423=ORIENTED_EDGE('',*,*,#1046,.F.);
#1424=ORIENTED_EDGE('',*,*,#1043,.F.);
#1425=ORIENTED_EDGE('',*,*,#1071,.F.);
#1426=ORIENTED_EDGE('',*,*,#1072,.T.);
#1427=ORIENTED_EDGE('',*,*,#1073,.T.);
#1428=ORIENTED_EDGE('',*,*,#1074,.F.);
#1429=ORIENTED_EDGE('',*,*,#1075,.F.);
#1430=ORIENTED_EDGE('',*,*,#1076,.T.);
#1431=ORIENTED_EDGE('',*,*,#1077,.T.);
#1432=ORIENTED_EDGE('',*,*,#1072,.F.);
#1433=ORIENTED_EDGE('',*,*,#1078,.F.);
#1434=ORIENTED_EDGE('',*,*,#1074,.T.);
#1435=ORIENTED_EDGE('',*,*,#1079,.T.);
#1436=ORIENTED_EDGE('',*,*,#1076,.F.);
#1437=ORIENTED_EDGE('',*,*,#1079,.F.);
#1438=ORIENTED_EDGE('',*,*,#1073,.F.);
#1439=ORIENTED_EDGE('',*,*,#1077,.F.);
#1440=ORIENTED_EDGE('',*,*,#1080,.F.);
#1441=ORIENTED_EDGE('',*,*,#1081,.T.);
#1442=ORIENTED_EDGE('',*,*,#1082,.T.);
#1443=ORIENTED_EDGE('',*,*,#1081,.F.);
#1444=ORIENTED_EDGE('',*,*,#1083,.F.);
#1445=ORIENTED_EDGE('',*,*,#1084,.T.);
#1446=ORIENTED_EDGE('',*,*,#1085,.T.);
#1447=ORIENTED_EDGE('',*,*,#1086,.F.);
#1448=ORIENTED_EDGE('',*,*,#1087,.F.);
#1449=ORIENTED_EDGE('',*,*,#1086,.T.);
#1450=ORIENTED_EDGE('',*,*,#1088,.T.);
#1451=ORIENTED_EDGE('',*,*,#1084,.F.);
#1452=ORIENTED_EDGE('',*,*,#1089,.F.);
#1453=ORIENTED_EDGE('',*,*,#1090,.T.);
#1454=ORIENTED_EDGE('',*,*,#1091,.T.);
#1455=ORIENTED_EDGE('',*,*,#1092,.F.);
#1456=ORIENTED_EDGE('',*,*,#1093,.F.);
#1457=ORIENTED_EDGE('',*,*,#1094,.T.);
#1458=ORIENTED_EDGE('',*,*,#1095,.T.);
#1459=ORIENTED_EDGE('',*,*,#1090,.F.);
#1460=ORIENTED_EDGE('',*,*,#1096,.F.);
#1461=ORIENTED_EDGE('',*,*,#1097,.T.);
#1462=ORIENTED_EDGE('',*,*,#1098,.T.);
#1463=ORIENTED_EDGE('',*,*,#1094,.F.);
#1464=ORIENTED_EDGE('',*,*,#1099,.F.);
#1465=ORIENTED_EDGE('',*,*,#1100,.T.);
#1466=ORIENTED_EDGE('',*,*,#1101,.T.);
#1467=ORIENTED_EDGE('',*,*,#1097,.F.);
#1468=ORIENTED_EDGE('',*,*,#1102,.F.);
#1469=ORIENTED_EDGE('',*,*,#1103,.T.);
#1470=ORIENTED_EDGE('',*,*,#1104,.T.);
#1471=ORIENTED_EDGE('',*,*,#1100,.F.);
#1472=ORIENTED_EDGE('',*,*,#1105,.F.);
#1473=ORIENTED_EDGE('',*,*,#1106,.T.);
#1474=ORIENTED_EDGE('',*,*,#1107,.T.);
#1475=ORIENTED_EDGE('',*,*,#1103,.F.);
#1476=ORIENTED_EDGE('',*,*,#1108,.F.);
#1477=ORIENTED_EDGE('',*,*,#1109,.T.);
#1478=ORIENTED_EDGE('',*,*,#1110,.T.);
#1479=ORIENTED_EDGE('',*,*,#1106,.F.);
#1480=ORIENTED_EDGE('',*,*,#1111,.F.);
#1481=ORIENTED_EDGE('',*,*,#1112,.T.);
#1482=ORIENTED_EDGE('',*,*,#1113,.T.);
#1483=ORIENTED_EDGE('',*,*,#1109,.F.);
#1484=ORIENTED_EDGE('',*,*,#1114,.F.);
#1485=ORIENTED_EDGE('',*,*,#1115,.T.);
#1486=ORIENTED_EDGE('',*,*,#1116,.T.);
#1487=ORIENTED_EDGE('',*,*,#1112,.F.);
#1488=ORIENTED_EDGE('',*,*,#1117,.F.);
#1489=ORIENTED_EDGE('',*,*,#1118,.T.);
#1490=ORIENTED_EDGE('',*,*,#1119,.T.);
#1491=ORIENTED_EDGE('',*,*,#1115,.F.);
#1492=ORIENTED_EDGE('',*,*,#1120,.F.);
#1493=ORIENTED_EDGE('',*,*,#1121,.T.);
#1494=ORIENTED_EDGE('',*,*,#1122,.T.);
#1495=ORIENTED_EDGE('',*,*,#1118,.F.);
#1496=ORIENTED_EDGE('',*,*,#1123,.F.);
#1497=ORIENTED_EDGE('',*,*,#1092,.T.);
#1498=ORIENTED_EDGE('',*,*,#1124,.T.);
#1499=ORIENTED_EDGE('',*,*,#1121,.F.);
#1500=ORIENTED_EDGE('',*,*,#1124,.F.);
#1501=ORIENTED_EDGE('',*,*,#1085,.F.);
#1502=ORIENTED_EDGE('',*,*,#1088,.F.);
#1503=ORIENTED_EDGE('',*,*,#1091,.F.);
#1504=ORIENTED_EDGE('',*,*,#1095,.F.);
#1505=ORIENTED_EDGE('',*,*,#1098,.F.);
#1506=ORIENTED_EDGE('',*,*,#1101,.F.);
#1507=ORIENTED_EDGE('',*,*,#1104,.F.);
#1508=ORIENTED_EDGE('',*,*,#1107,.F.);
#1509=ORIENTED_EDGE('',*,*,#1110,.F.);
#1510=ORIENTED_EDGE('',*,*,#1113,.F.);
#1511=ORIENTED_EDGE('',*,*,#1116,.F.);
#1512=ORIENTED_EDGE('',*,*,#1119,.F.);
#1513=ORIENTED_EDGE('',*,*,#1122,.F.);
#1514=ORIENTED_EDGE('',*,*,#1082,.F.);
#1515=ORIENTED_EDGE('',*,*,#1083,.T.);
#1516=ORIENTED_EDGE('',*,*,#1087,.T.);
#1517=ORIENTED_EDGE('',*,*,#1080,.T.);
#1518=ORIENTED_EDGE('',*,*,#1041,.T.);
#1519=ORIENTED_EDGE('',*,*,#1045,.T.);
#1520=ORIENTED_EDGE('',*,*,#940,.T.);
#1521=ORIENTED_EDGE('',*,*,#1125,.T.);
#1522=ORIENTED_EDGE('',*,*,#927,.T.);
#1523=ORIENTED_EDGE('',*,*,#923,.T.);
#1524=ORIENTED_EDGE('',*,*,#1125,.F.);
#1525=ORIENTED_EDGE('',*,*,#939,.F.);
#1526=ORIENTED_EDGE('',*,*,#1126,.T.);
#1527=ORIENTED_EDGE('',*,*,#928,.F.);
#1528=ORIENTED_EDGE('',*,*,#1127,.T.);
#1529=ORIENTED_EDGE('',*,*,#1128,.T.);
#1530=ORIENTED_EDGE('',*,*,#953,.T.);
#1531=ORIENTED_EDGE('',*,*,#965,.T.);
#1532=ORIENTED_EDGE('',*,*,#1128,.F.);
#1533=ORIENTED_EDGE('',*,*,#1129,.F.);
#1534=ORIENTED_EDGE('',*,*,#1130,.T.);
#1535=ORIENTED_EDGE('',*,*,#954,.F.);
#1536=ORIENTED_EDGE('',*,*,#957,.T.);
#1537=ORIENTED_EDGE('',*,*,#1131,.T.);
#1538=ORIENTED_EDGE('',*,*,#936,.T.);
#1539=ORIENTED_EDGE('',*,*,#948,.T.);
#1540=ORIENTED_EDGE('',*,*,#1131,.F.);
#1541=ORIENTED_EDGE('',*,*,#956,.F.);
#1542=ORIENTED_EDGE('',*,*,#1132,.T.);
#1543=ORIENTED_EDGE('',*,*,#937,.F.);
#1544=ORIENTED_EDGE('',*,*,#1133,.F.);
#1545=ORIENTED_EDGE('',*,*,#1134,.T.);
#1546=ORIENTED_EDGE('',*,*,#1135,.F.);
#1547=ORIENTED_EDGE('',*,*,#1129,.T.);
#1548=ORIENTED_EDGE('',*,*,#1127,.F.);
#1549=ORIENTED_EDGE('',*,*,#967,.T.);
#1550=ORIENTED_EDGE('',*,*,#1136,.F.);
#1551=ORIENTED_EDGE('',*,*,#913,.T.);
#1552=ORIENTED_EDGE('',*,*,#979,.T.);
#1553=ORIENTED_EDGE('',*,*,#1137,.T.);
#1554=ORIENTED_EDGE('',*,*,#1133,.T.);
#1555=ORIENTED_EDGE('',*,*,#912,.T.);
#1556=ORIENTED_EDGE('',*,*,#1137,.F.);
#1557=ORIENTED_EDGE('',*,*,#978,.F.);
#1558=ORIENTED_EDGE('',*,*,#1138,.T.);
#1559=ORIENTED_EDGE('',*,*,#1134,.F.);
#1560=ORIENTED_EDGE('',*,*,#971,.T.);
#1561=ORIENTED_EDGE('',*,*,#976,.T.);
#1562=ORIENTED_EDGE('',*,*,#1139,.T.);
#1563=ORIENTED_EDGE('',*,*,#1140,.T.);
#1564=ORIENTED_EDGE('',*,*,#1141,.T.);
#1565=ORIENTED_EDGE('',*,*,#929,.T.);
#1566=ORIENTED_EDGE('',*,*,#1126,.F.);
#1567=ORIENTED_EDGE('',*,*,#938,.T.);
#1568=ORIENTED_EDGE('',*,*,#1132,.F.);
#1569=ORIENTED_EDGE('',*,*,#955,.T.);
#1570=ORIENTED_EDGE('',*,*,#1130,.F.);
#1571=ORIENTED_EDGE('',*,*,#1135,.T.);
#1572=ORIENTED_EDGE('',*,*,#1138,.F.);
#1573=ORIENTED_EDGE('',*,*,#977,.T.);
#1574=ORIENTED_EDGE('',*,*,#969,.T.);
#1575=ORIENTED_EDGE('',*,*,#984,.T.);
#1576=ORIENTED_EDGE('',*,*,#1142,.T.);
#1577=ORIENTED_EDGE('',*,*,#1143,.T.);
#1578=ORIENTED_EDGE('',*,*,#1144,.T.);
#1579=ORIENTED_EDGE('',*,*,#1145,.T.);
#1580=ORIENTED_EDGE('',*,*,#1146,.T.);
#1581=ORIENTED_EDGE('',*,*,#1147,.T.);
#1582=ORIENTED_EDGE('',*,*,#1148,.T.);
#1583=ORIENTED_EDGE('',*,*,#980,.T.);
#1584=ORIENTED_EDGE('',*,*,#1047,.T.);
#1585=ORIENTED_EDGE('',*,*,#1069,.T.);
#1586=ORIENTED_EDGE('',*,*,#1066,.T.);
#1587=ORIENTED_EDGE('',*,*,#1063,.T.);
#1588=ORIENTED_EDGE('',*,*,#1060,.T.);
#1589=ORIENTED_EDGE('',*,*,#1057,.T.);
#1590=ORIENTED_EDGE('',*,*,#1054,.T.);
#1591=ORIENTED_EDGE('',*,*,#1051,.T.);
#1592=ORIENTED_EDGE('',*,*,#1071,.T.);
#1593=ORIENTED_EDGE('',*,*,#1078,.T.);
#1594=ORIENTED_EDGE('',*,*,#1075,.T.);
#1595=ORIENTED_EDGE('',*,*,#1123,.T.);
#1596=ORIENTED_EDGE('',*,*,#1120,.T.);
#1597=ORIENTED_EDGE('',*,*,#1117,.T.);
#1598=ORIENTED_EDGE('',*,*,#1114,.T.);
#1599=ORIENTED_EDGE('',*,*,#1111,.T.);
#1600=ORIENTED_EDGE('',*,*,#1108,.T.);
#1601=ORIENTED_EDGE('',*,*,#1105,.T.);
#1602=ORIENTED_EDGE('',*,*,#1102,.T.);
#1603=ORIENTED_EDGE('',*,*,#1099,.T.);
#1604=ORIENTED_EDGE('',*,*,#1096,.T.);
#1605=ORIENTED_EDGE('',*,*,#1093,.T.);
#1606=ORIENTED_EDGE('',*,*,#1089,.T.);
#1607=ORIENTED_EDGE('',*,*,#1005,.T.);
#1608=ORIENTED_EDGE('',*,*,#999,.T.);
#1609=ORIENTED_EDGE('',*,*,#993,.T.);
#1610=ORIENTED_EDGE('',*,*,#987,.T.);
#1611=ORIENTED_EDGE('',*,*,#1149,.F.);
#1612=ORIENTED_EDGE('',*,*,#981,.T.);
#1613=ORIENTED_EDGE('',*,*,#1148,.F.);
#1614=ORIENTED_EDGE('',*,*,#1150,.T.);
#1615=ORIENTED_EDGE('',*,*,#1151,.F.);
#1616=ORIENTED_EDGE('',*,*,#1152,.T.);
#1617=ORIENTED_EDGE('',*,*,#1142,.F.);
#1618=ORIENTED_EDGE('',*,*,#983,.T.);
#1619=ORIENTED_EDGE('',*,*,#1153,.F.);
#1620=ORIENTED_EDGE('',*,*,#1154,.F.);
#1621=ORIENTED_EDGE('',*,*,#1143,.F.);
#1622=ORIENTED_EDGE('',*,*,#1152,.F.);
#1623=ORIENTED_EDGE('',*,*,#1155,.F.);
#1624=ORIENTED_EDGE('',*,*,#1156,.T.);
#1625=ORIENTED_EDGE('',*,*,#1139,.F.);
#1626=ORIENTED_EDGE('',*,*,#975,.T.);
#1627=ORIENTED_EDGE('',*,*,#1018,.F.);
#1628=ORIENTED_EDGE('',*,*,#1036,.F.);
#1629=ORIENTED_EDGE('',*,*,#1009,.T.);
#1630=ORIENTED_EDGE('',*,*,#1037,.F.);
#1631=ORIENTED_EDGE('',*,*,#1157,.F.);
#1632=ORIENTED_EDGE('',*,*,#1158,.T.);
#1633=ORIENTED_EDGE('',*,*,#1140,.F.);
#1634=ORIENTED_EDGE('',*,*,#1156,.F.);
#1635=ORIENTED_EDGE('',*,*,#1159,.F.);
#1636=ORIENTED_EDGE('',*,*,#1038,.F.);
#1637=ORIENTED_EDGE('',*,*,#1011,.T.);
#1638=ORIENTED_EDGE('',*,*,#1035,.F.);
#1639=ORIENTED_EDGE('',*,*,#1016,.F.);
#1640=ORIENTED_EDGE('',*,*,#930,.T.);
#1641=ORIENTED_EDGE('',*,*,#1141,.F.);
#1642=ORIENTED_EDGE('',*,*,#1158,.F.);
#1643=ORIENTED_EDGE('',*,*,#1160,.F.);
#1644=ORIENTED_EDGE('',*,*,#1150,.F.);
#1645=ORIENTED_EDGE('',*,*,#1147,.F.);
#1646=ORIENTED_EDGE('',*,*,#1161,.F.);
#1647=ORIENTED_EDGE('',*,*,#1162,.F.);
#1648=ORIENTED_EDGE('',*,*,#1161,.T.);
#1649=ORIENTED_EDGE('',*,*,#1146,.F.);
#1650=ORIENTED_EDGE('',*,*,#1163,.T.);
#1651=ORIENTED_EDGE('',*,*,#1164,.F.);
#1652=ORIENTED_EDGE('',*,*,#1163,.F.);
#1653=ORIENTED_EDGE('',*,*,#1145,.F.);
#1654=ORIENTED_EDGE('',*,*,#1165,.F.);
#1655=ORIENTED_EDGE('',*,*,#1166,.F.);
#1656=ORIENTED_EDGE('',*,*,#1165,.T.);
#1657=ORIENTED_EDGE('',*,*,#1144,.F.);
#1658=ORIENTED_EDGE('',*,*,#1154,.T.);
#1659=ORIENTED_EDGE('',*,*,#1160,.T.);
#1660=ORIENTED_EDGE('',*,*,#1162,.T.);
#1661=ORIENTED_EDGE('',*,*,#1164,.T.);
#1662=ORIENTED_EDGE('',*,*,#1166,.T.);
#1663=ORIENTED_EDGE('',*,*,#1153,.T.);
#1664=ORIENTED_EDGE('',*,*,#1151,.T.);
#1665=ORIENTED_EDGE('',*,*,#982,.T.);
#1666=ORIENTED_EDGE('',*,*,#1149,.T.);
#1667=ORIENTED_EDGE('',*,*,#1155,.T.);
#1668=ORIENTED_EDGE('',*,*,#1039,.F.);
#1669=ORIENTED_EDGE('',*,*,#1159,.T.);
#1670=ORIENTED_EDGE('',*,*,#1157,.T.);
#1671=ORIENTED_EDGE('',*,*,#972,.T.);
#1672=ORIENTED_EDGE('',*,*,#909,.T.);
#1673=ORIENTED_EDGE('',*,*,#908,.T.);
#1674=ORIENTED_EDGE('',*,*,#1136,.T.);
#1675=ORIENTED_EDGE('',*,*,#962,.T.);
#1676=ORIENTED_EDGE('',*,*,#961,.T.);
#1677=ORIENTED_EDGE('',*,*,#951,.T.);
#1678=ORIENTED_EDGE('',*,*,#945,.T.);
#1679=ORIENTED_EDGE('',*,*,#944,.T.);
#1680=ORIENTED_EDGE('',*,*,#934,.T.);
#1681=ORIENTED_EDGE('',*,*,#920,.T.);
#1682=ORIENTED_EDGE('',*,*,#919,.T.);
#1683=ORIENTED_EDGE('',*,*,#933,.T.);
#1684=ORIENTED_EDGE('',*,*,#1040,.T.);
#1685=ORIENTED_EDGE('',*,*,#1024,.T.);
#1686=ORIENTED_EDGE('',*,*,#1026,.T.);
#1687=ORIENTED_EDGE('',*,*,#1008,.T.);
#1688=ORIENTED_EDGE('',*,*,#1002,.T.);
#1689=ORIENTED_EDGE('',*,*,#996,.T.);
#1690=ORIENTED_EDGE('',*,*,#990,.T.);
#1691=PLANE('',#1855);
#1692=PLANE('',#1856);
#1693=PLANE('',#1860);
#1694=PLANE('',#1861);
#1695=PLANE('',#1862);
#1696=PLANE('',#1866);
#1697=PLANE('',#1867);
#1698=PLANE('',#1868);
#1699=PLANE('',#1869);
#1700=PLANE('',#1870);
#1701=PLANE('',#1874);
#1702=PLANE('',#1875);
#1703=PLANE('',#1876);
#1704=PLANE('',#1877);
#1705=PLANE('',#1881);
#1706=PLANE('',#1885);
#1707=PLANE('',#1886);
#1708=PLANE('',#1887);
#1709=PLANE('',#1894);
#1710=PLANE('',#1901);
#1711=PLANE('',#1908);
#1712=PLANE('',#1915);
#1713=PLANE('',#1916);
#1714=PLANE('',#1921);
#1715=PLANE('',#1922);
#1716=PLANE('',#1923);
#1717=PLANE('',#1926);
#1718=PLANE('',#1929);
#1719=PLANE('',#1932);
#1720=PLANE('',#1941);
#1721=PLANE('',#1942);
#1722=PLANE('',#1943);
#1723=PLANE('',#1944);
#1724=PLANE('',#1945);
#1725=PLANE('',#1946);
#1726=PLANE('',#1947);
#1727=PLANE('',#1948);
#1728=PLANE('',#1961);
#1729=PLANE('',#1966);
#1730=PLANE('',#1975);
#1731=PLANE('',#1976);
#1732=PLANE('',#1977);
#1733=PLANE('',#1978);
#1734=PLANE('',#1979);
#1735=PLANE('',#1982);
#1736=PLANE('',#1985);
#1737=ADVANCED_FACE('',(#212),#1691,.T.);
#1738=ADVANCED_FACE('',(#213),#1692,.T.);
#1739=ADVANCED_FACE('',(#214),#185,.T.);
#1740=ADVANCED_FACE('',(#215),#1693,.T.);
#1741=ADVANCED_FACE('',(#216),#1694,.T.);
#1742=ADVANCED_FACE('',(#217),#1695,.T.);
#1743=ADVANCED_FACE('',(#218),#186,.T.);
#1744=ADVANCED_FACE('',(#219),#1696,.T.);
#1745=ADVANCED_FACE('',(#220),#1697,.F.);
#1746=ADVANCED_FACE('',(#221),#1698,.F.);
#1747=ADVANCED_FACE('',(#222),#1699,.T.);
#1748=ADVANCED_FACE('',(#223),#1700,.T.);
#1749=ADVANCED_FACE('',(#224),#187,.T.);
#1750=ADVANCED_FACE('',(#225),#1701,.T.);
#1751=ADVANCED_FACE('',(#226),#1702,.F.);
#1752=ADVANCED_FACE('',(#227),#1703,.T.);
#1753=ADVANCED_FACE('',(#228),#1704,.T.);
#1754=ADVANCED_FACE('',(#229),#188,.T.);
#1755=ADVANCED_FACE('',(#230),#1705,.T.);
#1756=ADVANCED_FACE('',(#231),#189,.F.);
#1757=ADVANCED_FACE('',(#232),#1706,.F.);
#1758=ADVANCED_FACE('',(#233),#1707,.T.);
#1759=ADVANCED_FACE('',(#234,#100),#1708,.F.);
#1760=ADVANCED_FACE('',(#235),#190,.F.);
#1761=ADVANCED_FACE('',(#236),#191,.F.);
#1762=ADVANCED_FACE('',(#237,#101),#1709,.F.);
#1763=ADVANCED_FACE('',(#238),#192,.F.);
#1764=ADVANCED_FACE('',(#239),#193,.F.);
#1765=ADVANCED_FACE('',(#240,#102),#1710,.F.);
#1766=ADVANCED_FACE('',(#241),#194,.F.);
#1767=ADVANCED_FACE('',(#242),#195,.F.);
#1768=ADVANCED_FACE('',(#243,#103),#1711,.F.);
#1769=ADVANCED_FACE('',(#244),#196,.F.);
#1770=ADVANCED_FACE('',(#245),#197,.F.);
#1771=ADVANCED_FACE('',(#246),#1712,.F.);
#1772=ADVANCED_FACE('',(#247,#104,#105,#106,#107),#1713,.T.);
#1773=ADVANCED_FACE('',(#248),#1714,.T.);
#1774=ADVANCED_FACE('',(#249),#1715,.T.);
#1775=ADVANCED_FACE('',(#250),#1716,.T.);
#1776=ADVANCED_FACE('',(#251),#198,.F.);
#1777=ADVANCED_FACE('',(#252),#1717,.T.);
#1778=ADVANCED_FACE('',(#253),#199,.F.);
#1779=ADVANCED_FACE('',(#254),#1718,.T.);
#1780=ADVANCED_FACE('',(#255),#200,.F.);
#1781=ADVANCED_FACE('',(#256),#1719,.T.);
#1782=ADVANCED_FACE('',(#257),#201,.F.);
#1783=ADVANCED_FACE('',(#258),#202,.T.);
#1784=ADVANCED_FACE('',(#259),#203,.T.);
#1785=ADVANCED_FACE('',(#260),#1720,.T.);
#1786=ADVANCED_FACE('',(#261),#73,.F.);
#1787=ADVANCED_FACE('',(#262),#74,.F.);
#1788=ADVANCED_FACE('',(#263),#75,.F.);
#1789=ADVANCED_FACE('',(#264),#76,.F.);
#1790=ADVANCED_FACE('',(#265),#77,.F.);
#1791=ADVANCED_FACE('',(#266),#78,.F.);
#1792=ADVANCED_FACE('',(#267),#79,.F.);
#1793=ADVANCED_FACE('',(#268),#1721,.F.);
#1794=ADVANCED_FACE('',(#269),#80,.F.);
#1795=ADVANCED_FACE('',(#270),#81,.F.);
#1796=ADVANCED_FACE('',(#271,#108),#1722,.T.);
#1797=ADVANCED_FACE('',(#272),#82,.F.);
#1798=ADVANCED_FACE('',(#273),#83,.F.);
#1799=ADVANCED_FACE('',(#274),#84,.F.);
#1800=ADVANCED_FACE('',(#275),#1723,.T.);
#1801=ADVANCED_FACE('',(#276),#85,.F.);
#1802=ADVANCED_FACE('',(#277),#86,.F.);
#1803=ADVANCED_FACE('',(#278),#87,.F.);
#1804=ADVANCED_FACE('',(#279),#88,.F.);
#1805=ADVANCED_FACE('',(#280),#89,.F.);
#1806=ADVANCED_FACE('',(#281),#90,.F.);
#1807=ADVANCED_FACE('',(#282),#91,.F.);
#1808=ADVANCED_FACE('',(#283),#92,.F.);
#1809=ADVANCED_FACE('',(#284),#93,.F.);
#1810=ADVANCED_FACE('',(#285),#94,.F.);
#1811=ADVANCED_FACE('',(#286),#95,.F.);
#1812=ADVANCED_FACE('',(#287),#96,.F.);
#1813=ADVANCED_FACE('',(#288),#97,.F.);
#1814=ADVANCED_FACE('',(#289),#98,.F.);
#1815=ADVANCED_FACE('',(#290),#99,.F.);
#1816=ADVANCED_FACE('',(#291,#109),#1724,.T.);
#1817=ADVANCED_FACE('',(#292),#1725,.T.);
#1818=ADVANCED_FACE('',(#293),#1726,.T.);
#1819=ADVANCED_FACE('',(#294),#1727,.T.);
#1820=ADVANCED_FACE('',(#295),#15,.T.);
#1821=ADVANCED_FACE('',(#296),#204,.T.);
#1822=ADVANCED_FACE('',(#297),#16,.T.);
#1823=ADVANCED_FACE('',(#298),#205,.T.);
#1824=ADVANCED_FACE('',(#299),#17,.T.);
#1825=ADVANCED_FACE('',(#300),#206,.T.);
#1826=ADVANCED_FACE('',(#301),#1728,.F.);
#1827=ADVANCED_FACE('',(#302),#18,.T.);
#1828=ADVANCED_FACE('',(#303),#207,.T.);
#1829=ADVANCED_FACE('',(#304,#110,#111,#112,#113,#114,#115,#116),#1729,
 .T.);
#1830=ADVANCED_FACE('',(#305),#208,.T.);
#1831=ADVANCED_FACE('',(#306),#209,.T.);
#1832=ADVANCED_FACE('',(#307),#1730,.T.);
#1833=ADVANCED_FACE('',(#308),#1731,.F.);
#1834=ADVANCED_FACE('',(#309),#1732,.F.);
#1835=ADVANCED_FACE('',(#310),#1733,.F.);
#1836=ADVANCED_FACE('',(#311),#1734,.T.);
#1837=ADVANCED_FACE('',(#312),#210,.T.);
#1838=ADVANCED_FACE('',(#313),#1735,.T.);
#1839=ADVANCED_FACE('',(#314),#211,.T.);
#1840=ADVANCED_FACE('',(#315,#117,#118,#119,#120,#121,#122),#1736,.T.);
#1841=CLOSED_SHELL('',(#1737,#1738,#1739,#1740,#1741,#1742,#1743,#1744,
#1745,#1746,#1747,#1748,#1749,#1750,#1751,#1752,#1753,#1754,#1755,#1756,
#1757,#1758,#1759,#1760,#1761,#1762,#1763,#1764,#1765,#1766,#1767,#1768,
#1769,#1770,#1771,#1772,#1773,#1774,#1775,#1776,#1777,#1778,#1779,#1780,
#1781,#1782,#1783,#1784,#1785,#1786,#1787,#1788,#1789,#1790,#1791,#1792,
#1793,#1794,#1795,#1796,#1797,#1798,#1799,#1800,#1801,#1802,#1803,#1804,
#1805,#1806,#1807,#1808,#1809,#1810,#1811,#1812,#1813,#1814,#1815,#1816,
#1817,#1818,#1819,#1820,#1821,#1822,#1823,#1824,#1825,#1826,#1827,#1828,
#1829,#1830,#1831,#1832,#1833,#1834,#1835,#1836,#1837,#1838,#1839,#1840));
#1842=DERIVED_UNIT_ELEMENT(#1844,1.);
#1843=DERIVED_UNIT_ELEMENT(#7003,-3.);
#1844=(
MASS_UNIT()
NAMED_UNIT(*)
SI_UNIT(.KILO.,.GRAM.)
);
#1845=DERIVED_UNIT((#1842,#1843));
#1846=MEASURE_REPRESENTATION_ITEM('density measure',
POSITIVE_RATIO_MEASURE(7850.),#1845);
#1847=PROPERTY_DEFINITION_REPRESENTATION(#1852,#1849);
#1848=PROPERTY_DEFINITION_REPRESENTATION(#1853,#1850);
#1849=REPRESENTATION('material name',(#1851),#7000);
#1850=REPRESENTATION('density',(#1846),#7000);
#1851=DESCRIPTIVE_REPRESENTATION_ITEM('Steel','Steel');
#1852=PROPERTY_DEFINITION('material property','material name',#7010);
#1853=PROPERTY_DEFINITION('material property','density of part',#7010);
#1854=AXIS2_PLACEMENT_3D('',#2396,#1986,#1987);
#1855=AXIS2_PLACEMENT_3D('',#2397,#1988,#1989);
#1856=AXIS2_PLACEMENT_3D('',#2406,#1994,#1995);
#1857=AXIS2_PLACEMENT_3D('',#2412,#1999,#2000);
#1858=AXIS2_PLACEMENT_3D('',#2415,#2001,#2002);
#1859=AXIS2_PLACEMENT_3D('',#2417,#2004,#2005);
#1860=AXIS2_PLACEMENT_3D('',#2419,#2007,#2008);
#1861=AXIS2_PLACEMENT_3D('',#2420,#2009,#2010);
#1862=AXIS2_PLACEMENT_3D('',#2429,#2015,#2016);
#1863=AXIS2_PLACEMENT_3D('',#2435,#2020,#2021);
#1864=AXIS2_PLACEMENT_3D('',#2438,#2022,#2023);
#1865=AXIS2_PLACEMENT_3D('',#2440,#2025,#2026);
#1866=AXIS2_PLACEMENT_3D('',#2442,#2028,#2029);
#1867=AXIS2_PLACEMENT_3D('',#2443,#2030,#2031);
#1868=AXIS2_PLACEMENT_3D('',#2490,#2038,#2039);
#1869=AXIS2_PLACEMENT_3D('',#2570,#2045,#2046);
#1870=AXIS2_PLACEMENT_3D('',#2578,#2051,#2052);
#1871=AXIS2_PLACEMENT_3D('',#2584,#2056,#2057);
#1872=AXIS2_PLACEMENT_3D('',#2586,#2058,#2059);
#1873=AXIS2_PLACEMENT_3D('',#2587,#2060,#2061);
#1874=AXIS2_PLACEMENT_3D('',#2589,#2063,#2064);
#1875=AXIS2_PLACEMENT_3D('',#2590,#2065,#2066);
#1876=AXIS2_PLACEMENT_3D('',#2665,#2072,#2073);
#1877=AXIS2_PLACEMENT_3D('',#2673,#2078,#2079);
#1878=AXIS2_PLACEMENT_3D('',#2679,#2083,#2084);
#1879=AXIS2_PLACEMENT_3D('',#2681,#2085,#2086);
#1880=AXIS2_PLACEMENT_3D('',#2682,#2087,#2088);
#1881=AXIS2_PLACEMENT_3D('',#2684,#2090,#2091);
#1882=AXIS2_PLACEMENT_3D('',#2685,#2092,#2093);
#1883=AXIS2_PLACEMENT_3D('',#2688,#2094,#2095);
#1884=AXIS2_PLACEMENT_3D('',#2692,#2097,#2098);
#1885=AXIS2_PLACEMENT_3D('',#2694,#2100,#2101);
#1886=AXIS2_PLACEMENT_3D('',#2742,#2109,#2110);
#1887=AXIS2_PLACEMENT_3D('',#2752,#2116,#2117);
#1888=AXIS2_PLACEMENT_3D('',#2754,#2118,#2119);
#1889=AXIS2_PLACEMENT_3D('',#2756,#2120,#2121);
#1890=AXIS2_PLACEMENT_3D('',#2757,#2122,#2123);
#1891=AXIS2_PLACEMENT_3D('',#2759,#2124,#2125);
#1892=AXIS2_PLACEMENT_3D('',#2761,#2127,#2128);
#1893=AXIS2_PLACEMENT_3D('',#2764,#2130,#2131);
#1894=AXIS2_PLACEMENT_3D('',#2765,#2132,#2133);
#1895=AXIS2_PLACEMENT_3D('',#2767,#2134,#2135);
#1896=AXIS2_PLACEMENT_3D('',#2769,#2136,#2137);
#1897=AXIS2_PLACEMENT_3D('',#2770,#2138,#2139);
#1898=AXIS2_PLACEMENT_3D('',#2772,#2140,#2141);
#1899=AXIS2_PLACEMENT_3D('',#2774,#2143,#2144);
#1900=AXIS2_PLACEMENT_3D('',#2777,#2146,#2147);
#1901=AXIS2_PLACEMENT_3D('',#2778,#2148,#2149);
#1902=AXIS2_PLACEMENT_3D('',#2780,#2150,#2151);
#1903=AXIS2_PLACEMENT_3D('',#2782,#2152,#2153);
#1904=AXIS2_PLACEMENT_3D('',#2783,#2154,#2155);
#1905=AXIS2_PLACEMENT_3D('',#2785,#2156,#2157);
#1906=AXIS2_PLACEMENT_3D('',#2787,#2159,#2160);
#1907=AXIS2_PLACEMENT_3D('',#2790,#2162,#2163);
#1908=AXIS2_PLACEMENT_3D('',#2791,#2164,#2165);
#1909=AXIS2_PLACEMENT_3D('',#2793,#2166,#2167);
#1910=AXIS2_PLACEMENT_3D('',#2795,#2168,#2169);
#1911=AXIS2_PLACEMENT_3D('',#2796,#2170,#2171);
#1912=AXIS2_PLACEMENT_3D('',#2798,#2172,#2173);
#1913=AXIS2_PLACEMENT_3D('',#2800,#2175,#2176);
#1914=AXIS2_PLACEMENT_3D('',#2803,#2178,#2179);
#1915=AXIS2_PLACEMENT_3D('',#2804,#2180,#2181);
#1916=AXIS2_PLACEMENT_3D('',#2813,#2186,#2187);
#1917=AXIS2_PLACEMENT_3D('',#2825,#2194,#2195);
#1918=AXIS2_PLACEMENT_3D('',#2827,#2196,#2197);
#1919=AXIS2_PLACEMENT_3D('',#2829,#2198,#2199);
#1920=AXIS2_PLACEMENT_3D('',#2831,#2200,#2201);
#1921=AXIS2_PLACEMENT_3D('',#2832,#2202,#2203);
#1922=AXIS2_PLACEMENT_3D('',#2838,#2207,#2208);
#1923=AXIS2_PLACEMENT_3D('',#2840,#2210,#2211);
#1924=AXIS2_PLACEMENT_3D('',#2842,#2212,#2213);
#1925=AXIS2_PLACEMENT_3D('',#2843,#2214,#2215);
#1926=AXIS2_PLACEMENT_3D('',#2845,#2217,#2218);
#1927=AXIS2_PLACEMENT_3D('',#2847,#2219,#2220);
#1928=AXIS2_PLACEMENT_3D('',#2848,#2221,#2222);
#1929=AXIS2_PLACEMENT_3D('',#2850,#2224,#2225);
#1930=AXIS2_PLACEMENT_3D('',#2852,#2226,#2227);
#1931=AXIS2_PLACEMENT_3D('',#2853,#2228,#2229);
#1932=AXIS2_PLACEMENT_3D('',#2855,#2231,#2232);
#1933=AXIS2_PLACEMENT_3D('',#2857,#2233,#2234);
#1934=AXIS2_PLACEMENT_3D('',#2858,#2235,#2236);
#1935=AXIS2_PLACEMENT_3D('',#2860,#2238,#2239);
#1936=AXIS2_PLACEMENT_3D('',#2861,#2240,#2241);
#1937=AXIS2_PLACEMENT_3D('',#2862,#2242,#2243);
#1938=AXIS2_PLACEMENT_3D('',#2863,#2244,#2245);
#1939=AXIS2_PLACEMENT_3D('',#2865,#2246,#2247);
#1940=AXIS2_PLACEMENT_3D('',#2867,#2248,#2249);
#1941=AXIS2_PLACEMENT_3D('',#2869,#2251,#2252);
#1942=AXIS2_PLACEMENT_3D('',#3555,#2262,#2263);
#1943=AXIS2_PLACEMENT_3D('',#4164,#2268,#2269);
#1944=AXIS2_PLACEMENT_3D('',#4714,#2273,#2274);
#1945=AXIS2_PLACEMENT_3D('',#6850,#2290,#2291);
#1946=AXIS2_PLACEMENT_3D('',#6851,#2292,#2293);
#1947=AXIS2_PLACEMENT_3D('',#6852,#2294,#2295);
#1948=AXIS2_PLACEMENT_3D('',#6853,#2296,#2297);
#1949=AXIS2_PLACEMENT_3D('',#6854,#2298,#2299);
#1950=AXIS2_PLACEMENT_3D('',#6855,#2300,#2301);
#1951=AXIS2_PLACEMENT_3D('',#6856,#2302,#2303);
#1952=AXIS2_PLACEMENT_3D('',#6857,#2304,#2305);
#1953=AXIS2_PLACEMENT_3D('',#6858,#2306,#2307);
#1954=AXIS2_PLACEMENT_3D('',#6889,#2308,#2309);
#1955=AXIS2_PLACEMENT_3D('',#6890,#2310,#2311);
#1956=AXIS2_PLACEMENT_3D('',#6893,#2313,#2314);
#1957=AXIS2_PLACEMENT_3D('',#6894,#2315,#2316);
#1958=AXIS2_PLACEMENT_3D('',#6895,#2317,#2318);
#1959=AXIS2_PLACEMENT_3D('',#6896,#2319,#2320);
#1960=AXIS2_PLACEMENT_3D('',#6897,#2321,#2322);
#1961=AXIS2_PLACEMENT_3D('',#6898,#2323,#2324);
#1962=AXIS2_PLACEMENT_3D('',#6938,#2328,#2329);
#1963=AXIS2_PLACEMENT_3D('',#6939,#2330,#2331);
#1964=AXIS2_PLACEMENT_3D('',#6940,#2332,#2333);
#1965=AXIS2_PLACEMENT_3D('',#6941,#2334,#2335);
#1966=AXIS2_PLACEMENT_3D('',#6942,#2336,#2337);
#1967=AXIS2_PLACEMENT_3D('',#6949,#2341,#2342);
#1968=AXIS2_PLACEMENT_3D('',#6953,#2344,#2345);
#1969=AXIS2_PLACEMENT_3D('',#6957,#2347,#2348);
#1970=AXIS2_PLACEMENT_3D('',#6960,#2350,#2351);
#1971=AXIS2_PLACEMENT_3D('',#6961,#2352,#2353);
#1972=AXIS2_PLACEMENT_3D('',#6963,#2354,#2355);
#1973=AXIS2_PLACEMENT_3D('',#6965,#2357,#2358);
#1974=AXIS2_PLACEMENT_3D('',#6967,#2359,#2360);
#1975=AXIS2_PLACEMENT_3D('',#6969,#2362,#2363);
#1976=AXIS2_PLACEMENT_3D('',#6973,#2366,#2367);
#1977=AXIS2_PLACEMENT_3D('',#6977,#2370,#2371);
#1978=AXIS2_PLACEMENT_3D('',#6981,#2374,#2375);
#1979=AXIS2_PLACEMENT_3D('',#6983,#2377,#2378);
#1980=AXIS2_PLACEMENT_3D('',#6987,#2381,#2382);
#1981=AXIS2_PLACEMENT_3D('',#6989,#2383,#2384);
#1982=AXIS2_PLACEMENT_3D('',#6991,#2386,#2387);
#1983=AXIS2_PLACEMENT_3D('',#6995,#2390,#2391);
#1984=AXIS2_PLACEMENT_3D('',#6996,#2392,#2393);
#1985=AXIS2_PLACEMENT_3D('',#6997,#2394,#2395);
#1986=DIRECTION('axis',(0.,0.,1.));
#1987=DIRECTION('refdir',(1.,0.,0.));
#1988=DIRECTION('center_axis',(-1.,0.,0.));
#1989=DIRECTION('ref_axis',(0.,-1.,-4.44089209850063E-16));
#1990=DIRECTION('',(0.,-5.55111512312578E-16,1.));
#1991=DIRECTION('',(0.,-1.,-4.44089209850063E-16));
#1992=DIRECTION('',(0.,-5.55111512312578E-16,1.));
#1993=DIRECTION('',(0.,1.,1.89457854031597E-16));
#1994=DIRECTION('center_axis',(-4.07889322034067E-32,-1.,-5.55111512312578E-16));
#1995=DIRECTION('ref_axis',(1.,2.71926214689378E-32,-1.22464679914735E-16));
#1996=DIRECTION('',(-1.,0.,0.));
#1997=DIRECTION('',(0.,5.55111512312578E-16,-1.));
#1998=DIRECTION('',(1.,2.71926214689378E-32,-1.22464679914735E-16));
#1999=DIRECTION('center_axis',(0.,-5.55111512312578E-16,1.));
#2000=DIRECTION('ref_axis',(0.67116565163201,0.741307404569373,4.11508274439017E-16));
#2001=DIRECTION('center_axis',(0.,-5.55111512312578E-16,1.));
#2002=DIRECTION('ref_axis',(0.67116565163201,0.741307404569373,4.11508274439017E-16));
#2003=DIRECTION('',(0.,-5.55111512312578E-16,1.));
#2004=DIRECTION('center_axis',(-1.22464679914735E-16,4.44089209850063E-16,
-1.));
#2005=DIRECTION('ref_axis',(0.67116565163201,0.741307404569373,4.11508274439017E-16));
#2006=DIRECTION('',(0.,5.55111512312578E-16,-1.));
#2007=DIRECTION('center_axis',(1.22464679914735E-16,-4.44089209850063E-16,
1.));
#2008=DIRECTION('ref_axis',(1.,2.71926214689378E-32,-1.22464679914735E-16));
#2009=DIRECTION('center_axis',(-5.41728005826496E-32,-1.,-4.42354486374086E-16));
#2010=DIRECTION('ref_axis',(1.,0.,-1.22464679914735E-16));
#2011=DIRECTION('',(0.,-4.42354486374086E-16,1.));
#2012=DIRECTION('',(1.,0.,-1.22464679914735E-16));
#2013=DIRECTION('',(0.,-4.42354486374086E-16,1.));
#2014=DIRECTION('',(-1.,0.,0.));
#2015=DIRECTION('center_axis',(1.,0.,0.));
#2016=DIRECTION('ref_axis',(0.,1.,4.44089209850063E-16));
#2017=DIRECTION('',(0.,-1.,-1.89457854031597E-16));
#2018=DIRECTION('',(0.,4.42354486374086E-16,-1.));
#2019=DIRECTION('',(0.,1.,4.44089209850063E-16));
#2020=DIRECTION('center_axis',(0.,-4.42354486374086E-16,1.));
#2021=DIRECTION('ref_axis',(-0.67116565163201,0.741307404569373,3.27920656193592E-16));
#2022=DIRECTION('center_axis',(0.,-4.42354486374086E-16,1.));
#2023=DIRECTION('ref_axis',(-0.67116565163201,0.741307404569373,3.27920656193592E-16));
#2024=DIRECTION('',(0.,-4.42354486374086E-16,1.));
#2025=DIRECTION('center_axis',(-1.22464679914735E-16,4.44089209850063E-16,
-1.));
#2026=DIRECTION('ref_axis',(-0.67116565163201,0.741307404569373,3.27920656193592E-16));
#2027=DIRECTION('',(0.,4.42354486374086E-16,-1.));
#2028=DIRECTION('center_axis',(1.22464679914735E-16,-4.44089209850063E-16,
1.));
#2029=DIRECTION('ref_axis',(1.,2.71926214689378E-32,-1.22464679914735E-16));
#2030=DIRECTION('center_axis',(0.,-1.,0.));
#2031=DIRECTION('ref_axis',(0.,0.,-1.));
#2032=DIRECTION('',(0.,4.44089209850063E-16,-1.));
#2033=DIRECTION('',(1.,2.71926214689378E-32,-1.22464679914735E-16));
#2034=DIRECTION('',(-1.22464679914735E-16,0.,-1.));
#2035=DIRECTION('',(1.,0.,0.));
#2036=DIRECTION('',(0.,0.,1.));
#2037=DIRECTION('',(-1.,0.,0.));
#2038=DIRECTION('center_axis',(1.,0.,0.));
#2039=DIRECTION('ref_axis',(0.,0.,-1.));
#2040=DIRECTION('',(0.,-1.,-1.89457854031597E-16));
#2041=DIRECTION('',(0.,0.,1.));
#2042=DIRECTION('',(0.,0.,-1.));
#2043=DIRECTION('',(2.71926214689378E-32,1.,2.22044604925031E-16));
#2044=DIRECTION('',(0.,-4.44089209850063E-16,1.));
#2045=DIRECTION('center_axis',(1.,0.,0.));
#2046=DIRECTION('ref_axis',(0.,1.,4.44089209850063E-16));
#2047=DIRECTION('',(0.,0.,1.));
#2048=DIRECTION('',(0.,1.,4.44089209850063E-16));
#2049=DIRECTION('',(0.,0.,1.));
#2050=DIRECTION('',(0.,-1.,-1.89457854031597E-16));
#2051=DIRECTION('center_axis',(0.,1.,0.));
#2052=DIRECTION('ref_axis',(-1.,0.,1.22464679914735E-16));
#2053=DIRECTION('',(1.,0.,0.));
#2054=DIRECTION('',(0.,0.,-1.));
#2055=DIRECTION('',(-1.,0.,1.22464679914735E-16));
#2056=DIRECTION('center_axis',(0.,0.,1.));
#2057=DIRECTION('ref_axis',(-0.707106781186547,-0.707106781186548,0.));
#2058=DIRECTION('center_axis',(0.,0.,1.));
#2059=DIRECTION('ref_axis',(-0.707106781186547,-0.707106781186548,0.));
#2060=DIRECTION('center_axis',(-1.22464679914735E-16,4.44089209850063E-16,
-1.));
#2061=DIRECTION('ref_axis',(-0.707106781186547,-0.707106781186548,0.));
#2062=DIRECTION('',(0.,0.,-1.));
#2063=DIRECTION('center_axis',(1.22464679914735E-16,-4.44089209850063E-16,
1.));
#2064=DIRECTION('ref_axis',(1.,2.71926214689378E-32,-1.22464679914735E-16));
#2065=DIRECTION('center_axis',(0.,1.,0.));
#2066=DIRECTION('ref_axis',(0.,0.,1.));
#2067=DIRECTION('',(1.,0.,0.));
#2068=DIRECTION('',(0.,0.,1.));
#2069=DIRECTION('',(-1.22464679914735E-16,4.44089209850063E-16,-1.));
#2070=DIRECTION('',(-1.,0.,1.22464679914735E-16));
#2071=DIRECTION('',(0.,0.,1.));
#2072=DIRECTION('center_axis',(0.,1.,0.));
#2073=DIRECTION('ref_axis',(-1.,0.,1.22464679914735E-16));
#2074=DIRECTION('',(0.,0.,1.));
#2075=DIRECTION('',(-1.,0.,1.22464679914735E-16));
#2076=DIRECTION('',(0.,0.,1.));
#2077=DIRECTION('',(1.,0.,0.));
#2078=DIRECTION('center_axis',(-1.,0.,0.));
#2079=DIRECTION('ref_axis',(0.,-1.,-4.44089209850063E-16));
#2080=DIRECTION('',(0.,1.,1.89457854031597E-16));
#2081=DIRECTION('',(0.,0.,-1.));
#2082=DIRECTION('',(0.,-1.,-4.44089209850063E-16));
#2083=DIRECTION('center_axis',(0.,0.,1.));
#2084=DIRECTION('ref_axis',(0.707106781186548,-0.707106781186547,0.));
#2085=DIRECTION('center_axis',(0.,0.,1.));
#2086=DIRECTION('ref_axis',(0.707106781186548,-0.707106781186547,0.));
#2087=DIRECTION('center_axis',(-1.22464679914735E-16,4.44089209850063E-16,
-1.));
#2088=DIRECTION('ref_axis',(0.707106781186548,-0.707106781186547,0.));
#2089=DIRECTION('',(0.,0.,-1.));
#2090=DIRECTION('center_axis',(1.22464679914735E-16,-4.44089209850063E-16,
1.));
#2091=DIRECTION('ref_axis',(1.,2.71926214689378E-32,-1.22464679914735E-16));
#2092=DIRECTION('center_axis',(0.,-1.,0.));
#2093=DIRECTION('ref_axis',(-1.,0.,0.));
#2094=DIRECTION('center_axis',(0.,1.,2.22044604925031E-16));
#2095=DIRECTION('ref_axis',(-1.,0.,0.));
#2096=DIRECTION('',(0.,-1.,0.));
#2097=DIRECTION('center_axis',(0.,-1.,-2.22044604925031E-16));
#2098=DIRECTION('ref_axis',(-1.,0.,0.));
#2099=DIRECTION('',(0.,1.,0.));
#2100=DIRECTION('center_axis',(0.,-1.,-2.22044604925031E-16));
#2101=DIRECTION('ref_axis',(-1.,-2.71926214689378E-32,1.22464679914735E-16));
#2102=DIRECTION('',(-1.,0.,0.));
#2103=DIRECTION('',(0.,2.22044604925031E-16,-1.));
#2104=DIRECTION('',(1.,0.,0.));
#2105=DIRECTION('',(1.22464679914735E-16,-2.22044604925031E-16,1.));
#2106=DIRECTION('',(1.,2.71926214689378E-32,-1.22464679914735E-16));
#2107=DIRECTION('',(1.,2.71926214689378E-32,-1.22464679914735E-16));
#2108=DIRECTION('',(0.,-4.44089209850063E-16,1.));
#2109=DIRECTION('center_axis',(0.,-1.,-2.22044604925031E-16));
#2110=DIRECTION('ref_axis',(-1.,-2.71926214689378E-32,1.22464679914735E-16));
#2111=DIRECTION('',(-1.,-2.71926214689378E-32,1.22464679914735E-16));
#2112=DIRECTION('',(-1.22464679914735E-16,2.22044604925031E-16,-1.));
#2113=DIRECTION('',(1.,0.,0.));
#2114=DIRECTION('',(1.22464679914735E-16,-2.22044604925031E-16,1.));
#2115=DIRECTION('',(-1.,-2.71926214689378E-32,1.22464679914735E-16));
#2116=DIRECTION('center_axis',(0.,0.,1.));
#2117=DIRECTION('ref_axis',(-1.,0.,0.));
#2118=DIRECTION('center_axis',(0.,0.,1.));
#2119=DIRECTION('ref_axis',(-1.,0.,0.));
#2120=DIRECTION('center_axis',(0.,0.,1.));
#2121=DIRECTION('ref_axis',(-1.,0.,0.));
#2122=DIRECTION('center_axis',(0.,0.,1.));
#2123=DIRECTION('ref_axis',(-1.,0.,0.));
#2124=DIRECTION('center_axis',(1.22464679914735E-16,-2.22044604925031E-16,
1.));
#2125=DIRECTION('ref_axis',(-1.,0.,0.));
#2126=DIRECTION('',(0.,0.,1.));
#2127=DIRECTION('center_axis',(0.,0.,1.));
#2128=DIRECTION('ref_axis',(-1.,0.,0.));
#2129=DIRECTION('',(0.,0.,1.));
#2130=DIRECTION('center_axis',(0.,1.89457854031597E-16,-1.));
#2131=DIRECTION('ref_axis',(-1.,0.,0.));
#2132=DIRECTION('center_axis',(0.,0.,1.));
#2133=DIRECTION('ref_axis',(-1.,0.,0.));
#2134=DIRECTION('center_axis',(0.,0.,1.));
#2135=DIRECTION('ref_axis',(-1.,0.,0.));
#2136=DIRECTION('center_axis',(0.,0.,1.));
#2137=DIRECTION('ref_axis',(-1.,0.,0.));
#2138=DIRECTION('center_axis',(0.,0.,1.));
#2139=DIRECTION('ref_axis',(-1.,0.,0.));
#2140=DIRECTION('center_axis',(1.22464679914735E-16,-2.22044604925031E-16,
1.));
#2141=DIRECTION('ref_axis',(-1.,0.,0.));
#2142=DIRECTION('',(0.,0.,1.));
#2143=DIRECTION('center_axis',(0.,0.,1.));
#2144=DIRECTION('ref_axis',(-1.,0.,0.));
#2145=DIRECTION('',(0.,0.,1.));
#2146=DIRECTION('center_axis',(0.,1.89457854031597E-16,-1.));
#2147=DIRECTION('ref_axis',(-1.,0.,0.));
#2148=DIRECTION('center_axis',(0.,0.,1.));
#2149=DIRECTION('ref_axis',(-1.,0.,0.));
#2150=DIRECTION('center_axis',(0.,0.,1.));
#2151=DIRECTION('ref_axis',(-1.,0.,0.));
#2152=DIRECTION('center_axis',(0.,0.,1.));
#2153=DIRECTION('ref_axis',(-1.,0.,0.));
#2154=DIRECTION('center_axis',(0.,0.,1.));
#2155=DIRECTION('ref_axis',(-1.,0.,0.));
#2156=DIRECTION('center_axis',(1.22464679914735E-16,-2.22044604925031E-16,
1.));
#2157=DIRECTION('ref_axis',(-1.,0.,0.));
#2158=DIRECTION('',(0.,0.,1.));
#2159=DIRECTION('center_axis',(0.,0.,1.));
#2160=DIRECTION('ref_axis',(-1.,0.,0.));
#2161=DIRECTION('',(0.,0.,1.));
#2162=DIRECTION('center_axis',(0.,1.89457854031597E-16,-1.));
#2163=DIRECTION('ref_axis',(-1.,0.,0.));
#2164=DIRECTION('center_axis',(0.,0.,1.));
#2165=DIRECTION('ref_axis',(-1.,0.,0.));
#2166=DIRECTION('center_axis',(0.,0.,1.));
#2167=DIRECTION('ref_axis',(-1.,0.,0.));
#2168=DIRECTION('center_axis',(0.,0.,1.));
#2169=DIRECTION('ref_axis',(-1.,0.,0.));
#2170=DIRECTION('center_axis',(0.,0.,1.));
#2171=DIRECTION('ref_axis',(-1.,0.,0.));
#2172=DIRECTION('center_axis',(1.22464679914735E-16,-2.22044604925031E-16,
1.));
#2173=DIRECTION('ref_axis',(-1.,0.,0.));
#2174=DIRECTION('',(0.,0.,1.));
#2175=DIRECTION('center_axis',(0.,0.,1.));
#2176=DIRECTION('ref_axis',(-1.,0.,0.));
#2177=DIRECTION('',(0.,0.,1.));
#2178=DIRECTION('center_axis',(0.,1.89457854031597E-16,-1.));
#2179=DIRECTION('ref_axis',(-1.,0.,0.));
#2180=DIRECTION('center_axis',(2.79924044533183E-32,1.,2.28575328599297E-16));
#2181=DIRECTION('ref_axis',(-1.,0.,1.22464679914735E-16));
#2182=DIRECTION('',(1.22464679914735E-16,-2.22044604925031E-16,1.));
#2183=DIRECTION('',(-1.,2.79924044533183E-32,0.));
#2184=DIRECTION('',(-1.22464679914735E-16,0.,-1.));
#2185=DIRECTION('',(1.,-2.79924044533183E-32,0.));
#2186=DIRECTION('center_axis',(0.,0.,-1.));
#2187=DIRECTION('ref_axis',(-1.,0.,0.));
#2188=DIRECTION('',(0.,1.,0.));
#2189=DIRECTION('',(1.,0.,0.));
#2190=DIRECTION('',(0.,-1.,0.));
#2191=DIRECTION('',(-1.80961769359937E-33,1.,0.));
#2192=DIRECTION('',(1.,-2.79924044533183E-32,0.));
#2193=DIRECTION('',(1.80961769359937E-33,-1.,0.));
#2194=DIRECTION('center_axis',(0.,0.,1.));
#2195=DIRECTION('ref_axis',(-1.,0.,0.));
#2196=DIRECTION('center_axis',(0.,0.,1.));
#2197=DIRECTION('ref_axis',(-1.,0.,0.));
#2198=DIRECTION('center_axis',(0.,0.,1.));
#2199=DIRECTION('ref_axis',(-1.,0.,0.));
#2200=DIRECTION('center_axis',(0.,0.,1.));
#2201=DIRECTION('ref_axis',(-1.,0.,0.));
#2202=DIRECTION('center_axis',(0.,1.,0.));
#2203=DIRECTION('ref_axis',(-1.,0.,0.));
#2204=DIRECTION('',(0.,0.,1.));
#2205=DIRECTION('',(-1.,0.,0.));
#2206=DIRECTION('',(0.,0.,1.));
#2207=DIRECTION('center_axis',(-1.,0.,0.));
#2208=DIRECTION('ref_axis',(0.,-1.,0.));
#2209=DIRECTION('',(0.,-1.,0.));
#2210=DIRECTION('center_axis',(0.,0.,-1.));
#2211=DIRECTION('ref_axis',(-1.,0.,0.));
#2212=DIRECTION('center_axis',(0.,0.,1.));
#2213=DIRECTION('ref_axis',(-1.,0.,0.));
#2214=DIRECTION('center_axis',(0.,0.,1.));
#2215=DIRECTION('ref_axis',(-1.,0.,0.));
#2216=DIRECTION('',(0.,0.,1.));
#2217=DIRECTION('center_axis',(0.,0.,-1.));
#2218=DIRECTION('ref_axis',(-1.,0.,0.));
#2219=DIRECTION('center_axis',(0.,0.,1.));
#2220=DIRECTION('ref_axis',(-1.,0.,0.));
#2221=DIRECTION('center_axis',(0.,0.,1.));
#2222=DIRECTION('ref_axis',(-1.,0.,0.));
#2223=DIRECTION('',(0.,0.,1.));
#2224=DIRECTION('center_axis',(0.,0.,-1.));
#2225=DIRECTION('ref_axis',(-1.,0.,0.));
#2226=DIRECTION('center_axis',(0.,0.,1.));
#2227=DIRECTION('ref_axis',(-1.,0.,0.));
#2228=DIRECTION('center_axis',(0.,0.,1.));
#2229=DIRECTION('ref_axis',(-1.,0.,0.));
#2230=DIRECTION('',(0.,0.,1.));
#2231=DIRECTION('center_axis',(0.,0.,-1.));
#2232=DIRECTION('ref_axis',(-1.,0.,0.));
#2233=DIRECTION('center_axis',(0.,0.,1.));
#2234=DIRECTION('ref_axis',(-1.,0.,0.));
#2235=DIRECTION('center_axis',(0.,0.,1.));
#2236=DIRECTION('ref_axis',(-1.,0.,0.));
#2237=DIRECTION('',(0.,0.,1.));
#2238=DIRECTION('center_axis',(-1.,2.79924044533183E-32,0.));
#2239=DIRECTION('ref_axis',(0.,-0.707106781186547,-0.707106781186547));
#2240=DIRECTION('center_axis',(1.,1.80961769359937E-33,-1.30614473485313E-16));
#2241=DIRECTION('ref_axis',(0.,-0.707106781186547,-0.707106781186547));
#2242=DIRECTION('center_axis',(-1.,-1.80961769359937E-33,1.30614473485313E-16));
#2243=DIRECTION('ref_axis',(0.,-0.707106781186547,-0.707106781186547));
#2244=DIRECTION('center_axis',(1.,-2.79924044533183E-32,0.));
#2245=DIRECTION('ref_axis',(0.,-0.707106781186547,0.707106781186547));
#2246=DIRECTION('center_axis',(-1.,-1.80961769359937E-33,1.30614473485313E-16));
#2247=DIRECTION('ref_axis',(0.,-0.707106781186547,0.707106781186547));
#2248=DIRECTION('center_axis',(1.,1.80961769359937E-33,-1.30614473485313E-16));
#2249=DIRECTION('ref_axis',(0.,-0.707106781186547,0.707106781186547));
#2250=DIRECTION('',(-1.,2.79924044533183E-32,0.));
#2251=DIRECTION('center_axis',(1.,0.,0.));
#2252=DIRECTION('ref_axis',(0.,1.,0.));
#2253=DIRECTION('',(0.,1.,0.));
#2254=DIRECTION('',(0.,0.,1.));
#2255=DIRECTION('',(0.,0.,1.));
#2256=DIRECTION('',(0.,0.,1.));
#2257=DIRECTION('',(0.,0.,1.));
#2258=DIRECTION('',(0.,0.,1.));
#2259=DIRECTION('',(0.,0.,1.));
#2260=DIRECTION('',(0.,0.,1.));
#2261=DIRECTION('',(0.,0.,1.));
#2262=DIRECTION('center_axis',(-0.0119637579829134,-0.999928431686451,0.));
#2263=DIRECTION('ref_axis',(0.999928431686451,-0.0119637579829134,1.64091815198538E-16));
#2264=DIRECTION('',(0.999928431686451,-0.0119637579829134,-1.25112403238859E-16));
#2265=DIRECTION('',(0.,0.,1.));
#2266=DIRECTION('',(0.999928431686451,-0.0119637579829134,1.64091815198538E-16));
#2267=DIRECTION('',(0.,0.,1.));
#2268=DIRECTION('center_axis',(-1.22464679914735E-16,2.22044604925031E-16,
-1.));
#2269=DIRECTION('ref_axis',(-1.,-2.71926214689378E-32,1.22464679914735E-16));
#2270=DIRECTION('',(0.,0.,1.));
#2271=DIRECTION('',(0.,0.,1.));
#2272=DIRECTION('',(0.,0.,1.));
#2273=DIRECTION('center_axis',(-2.59589622150619E-17,-6.90223662676262E-17,
-1.));
#2274=DIRECTION('ref_axis',(-1.,-5.76404750930723E-33,2.59589622150619E-17));
#2275=DIRECTION('',(0.,0.,1.));
#2276=DIRECTION('',(0.,0.,1.));
#2277=DIRECTION('',(0.,0.,1.));
#2278=DIRECTION('',(0.,0.,1.));
#2279=DIRECTION('',(0.,0.,1.));
#2280=DIRECTION('',(0.,0.,1.));
#2281=DIRECTION('',(0.,0.,1.));
#2282=DIRECTION('',(0.,0.,1.));
#2283=DIRECTION('',(0.,0.,1.));
#2284=DIRECTION('',(0.,0.,1.));
#2285=DIRECTION('',(0.,0.,1.));
#2286=DIRECTION('',(0.,0.,1.));
#2287=DIRECTION('',(0.,0.,1.));
#2288=DIRECTION('',(0.,0.,1.));
#2289=DIRECTION('',(0.,0.,1.));
#2290=DIRECTION('center_axis',(-8.26021758421876E-17,-9.01592427650479E-18,
-1.));
#2291=DIRECTION('ref_axis',(-1.,-1.83413675008265E-32,8.26021758421876E-17));
#2292=DIRECTION('center_axis',(-1.22464679914735E-16,2.22044604925031E-16,
-1.));
#2293=DIRECTION('ref_axis',(-1.,-2.71926214689378E-32,1.22464679914735E-16));
#2294=DIRECTION('center_axis',(-1.22464679914735E-16,2.22044604925031E-16,
-1.));
#2295=DIRECTION('ref_axis',(-1.,-2.71926214689378E-32,1.22464679914735E-16));
#2296=DIRECTION('center_axis',(-1.22464679914735E-16,2.22044604925031E-16,
-1.));
#2297=DIRECTION('ref_axis',(-1.,-2.71926214689378E-32,1.22464679914735E-16));
#2298=DIRECTION('center_axis',(1.22464679914735E-16,-4.44089209850063E-16,
1.));
#2299=DIRECTION('ref_axis',(1.,0.,-7.105427357601E-17));
#2300=DIRECTION('center_axis',(1.22464679914735E-16,-4.44089209850063E-16,
1.));
#2301=DIRECTION('ref_axis',(-0.67116565163201,0.741307404569373,4.21884749357559E-16));
#2302=DIRECTION('center_axis',(1.22464679914735E-16,-4.44089209850063E-16,
1.));
#2303=DIRECTION('ref_axis',(-0.12008548931473,0.992763554556694,4.55581813522355E-16));
#2304=DIRECTION('center_axis',(1.22464679914735E-16,-4.44089209850063E-16,
1.));
#2305=DIRECTION('ref_axis',(-0.12008548931473,0.992763554556694,4.55581813522355E-16));
#2306=DIRECTION('center_axis',(1.22464679914735E-16,-4.44089209850063E-16,
1.));
#2307=DIRECTION('ref_axis',(1.,0.,-7.105427357601E-17));
#2308=DIRECTION('center_axis',(1.22464679914735E-16,-4.44089209850063E-16,
1.));
#2309=DIRECTION('ref_axis',(0.707106781186548,-0.707106781186547,-3.99680288865056E-16));
#2310=DIRECTION('center_axis',(1.22464679914735E-16,-4.44089209850063E-16,
1.));
#2311=DIRECTION('ref_axis',(0.140132727772866,-0.990132727772866,-4.56868570375622E-16));
#2312=DIRECTION('',(1.22464679914735E-16,-4.44089209850063E-16,1.));
#2313=DIRECTION('center_axis',(1.22464679914735E-16,-4.44089209850063E-16,
1.));
#2314=DIRECTION('ref_axis',(0.140132727772866,-0.990132727772866,-4.56868570375622E-16));
#2315=DIRECTION('center_axis',(1.22464679914735E-16,-4.44089209850063E-16,
1.));
#2316=DIRECTION('ref_axis',(1.,0.,-7.105427357601E-17));
#2317=DIRECTION('center_axis',(1.22464679914735E-16,-4.44089209850063E-16,
1.));
#2318=DIRECTION('ref_axis',(-0.707106781186547,-0.707106781186548,-2.22044604925031E-16));
#2319=DIRECTION('center_axis',(1.22464679914735E-16,-4.44089209850063E-16,
1.));
#2320=DIRECTION('ref_axis',(-0.990132727772866,-0.140132727772865,5.9024855229022E-17));
#2321=DIRECTION('center_axis',(1.22464679914735E-16,-4.44089209850063E-16,
1.));
#2322=DIRECTION('ref_axis',(-0.990132727772866,-0.140132727772865,5.9024855229022E-17));
#2323=DIRECTION('center_axis',(-1.,0.,0.));
#2324=DIRECTION('ref_axis',(0.,0.,1.));
#2325=DIRECTION('',(0.,4.44089209850063E-16,-1.));
#2326=DIRECTION('',(-2.71926214689378E-32,-1.,-2.22044604925031E-16));
#2327=DIRECTION('',(0.,1.,1.89457854031597E-16));
#2328=DIRECTION('center_axis',(1.22464679914735E-16,-4.44089209850063E-16,
1.));
#2329=DIRECTION('ref_axis',(1.,0.,-7.105427357601E-17));
#2330=DIRECTION('center_axis',(1.22464679914735E-16,-4.44089209850063E-16,
1.));
#2331=DIRECTION('ref_axis',(0.67116565163201,0.741307404569373,2.66453525910038E-16));
#2332=DIRECTION('center_axis',(1.22464679914735E-16,-4.44089209850063E-16,
1.));
#2333=DIRECTION('ref_axis',(0.97008548931473,0.242763554556693,-1.09925338153833E-17));
#2334=DIRECTION('center_axis',(1.22464679914735E-16,-4.44089209850063E-16,
1.));
#2335=DIRECTION('ref_axis',(0.97008548931473,0.242763554556693,-1.09925338153833E-17));
#2336=DIRECTION('center_axis',(-1.22464679914735E-16,2.22044604925031E-16,
-1.));
#2337=DIRECTION('ref_axis',(-1.,-2.71926214689378E-32,1.22464679914735E-16));
#2338=DIRECTION('',(0.,-1.,-2.22044604925031E-16));
#2339=DIRECTION('',(1.,2.71926214689378E-32,-1.22464679914735E-16));
#2340=DIRECTION('',(0.,1.,2.22044604925031E-16));
#2341=DIRECTION('center_axis',(-1.22464679914735E-16,2.22044604925031E-16,
-1.));
#2342=DIRECTION('ref_axis',(-0.707106781186548,-0.707106781186547,0.));
#2343=DIRECTION('',(0.,1.,2.22044604925031E-16));
#2344=DIRECTION('center_axis',(-1.22464679914735E-16,2.22044604925031E-16,
-1.));
#2345=DIRECTION('ref_axis',(-0.707106781186545,0.70710678118655,0.));
#2346=DIRECTION('',(1.,2.71926214689378E-32,-1.22464679914735E-16));
#2347=DIRECTION('center_axis',(-1.22464679914735E-16,2.22044604925031E-16,
-1.));
#2348=DIRECTION('ref_axis',(0.707106781186548,0.707106781186548,0.));
#2349=DIRECTION('',(0.,-1.,-2.22044604925031E-16));
#2350=DIRECTION('center_axis',(-1.22464679914735E-16,2.22044604925031E-16,
-1.));
#2351=DIRECTION('ref_axis',(0.707106781186546,-0.707106781186549,0.));
#2352=DIRECTION('center_axis',(1.22464679914735E-16,-2.22044604925031E-16,
1.));
#2353=DIRECTION('ref_axis',(0.707106781186546,-0.707106781186549,0.));
#2354=DIRECTION('center_axis',(0.,-1.89457854031597E-16,1.));
#2355=DIRECTION('ref_axis',(0.707106781186546,-0.707106781186549,0.));
#2356=DIRECTION('',(1.22464679914735E-16,-2.22044604925031E-16,1.));
#2357=DIRECTION('center_axis',(-1.22464679914735E-16,2.22044604925031E-16,
-1.));
#2358=DIRECTION('ref_axis',(-0.707106781186548,-0.707106781186547,0.));
#2359=DIRECTION('center_axis',(0.,-1.89457854031597E-16,1.));
#2360=DIRECTION('ref_axis',(-0.707106781186548,-0.707106781186547,0.));
#2361=DIRECTION('',(-1.22464679914735E-16,2.22044604925031E-16,-1.));
#2362=DIRECTION('center_axis',(-1.,-2.71926214689378E-32,1.22464679914735E-16));
#2363=DIRECTION('ref_axis',(5.47382212626882E-48,1.,2.22044604925031E-16));
#2364=DIRECTION('',(3.99072601762569E-33,-1.,-1.89457854031597E-16));
#2365=DIRECTION('',(1.22464679914735E-16,-2.22044604925031E-16,1.));
#2366=DIRECTION('center_axis',(-1.,-2.71926214689378E-32,1.22464679914735E-16));
#2367=DIRECTION('ref_axis',(2.71926214689378E-32,1.,4.44089209850063E-16));
#2368=DIRECTION('',(-3.99072601762569E-33,1.,1.89457854031597E-16));
#2369=DIRECTION('',(0.,2.77555756156289E-16,-1.));
#2370=DIRECTION('center_axis',(-2.71926214689378E-32,-1.,-4.44089209850063E-16));
#2371=DIRECTION('ref_axis',(-1.,-2.71926214689378E-32,1.22464679914735E-16));
#2372=DIRECTION('',(-1.,2.71926214689378E-32,5.15185570899848E-48));
#2373=DIRECTION('',(-1.22464679914735E-16,4.44089209850063E-16,-1.));
#2374=DIRECTION('center_axis',(1.,2.71926214689378E-32,-1.22464679914735E-16));
#2375=DIRECTION('ref_axis',(-2.71926214689378E-32,-1.,-4.44089209850063E-16));
#2376=DIRECTION('',(3.99072601762569E-33,-1.,-1.89457854031597E-16));
#2377=DIRECTION('center_axis',(1.,2.71926214689378E-32,-1.22464679914735E-16));
#2378=DIRECTION('ref_axis',(-5.47382212626882E-48,-1.,-2.22044604925031E-16));
#2379=DIRECTION('',(-3.99072601762569E-33,1.,1.89457854031597E-16));
#2380=DIRECTION('',(-1.22464679914735E-16,2.22044604925031E-16,-1.));
#2381=DIRECTION('center_axis',(-1.22464679914735E-16,2.22044604925031E-16,
-1.));
#2382=DIRECTION('ref_axis',(0.707106781186548,0.707106781186548,0.));
#2383=DIRECTION('center_axis',(0.,-1.89457854031597E-16,1.));
#2384=DIRECTION('ref_axis',(0.707106781186548,0.707106781186548,0.));
#2385=DIRECTION('',(1.22464679914735E-16,-2.22044604925031E-16,1.));
#2386=DIRECTION('center_axis',(0.,1.,2.22044604925031E-16));
#2387=DIRECTION('ref_axis',(1.,2.71926214689378E-32,-1.22464679914735E-16));
#2388=DIRECTION('',(-1.,0.,0.));
#2389=DIRECTION('',(-1.22464679914735E-16,2.22044604925031E-16,-1.));
#2390=DIRECTION('center_axis',(1.22464679914735E-16,-2.22044604925031E-16,
1.));
#2391=DIRECTION('ref_axis',(-0.707106781186545,0.70710678118655,0.));
#2392=DIRECTION('center_axis',(0.,-1.89457854031597E-16,1.));
#2393=DIRECTION('ref_axis',(-0.707106781186545,0.70710678118655,0.));
#2394=DIRECTION('center_axis',(0.,-1.89457854031597E-16,1.));
#2395=DIRECTION('ref_axis',(1.,0.,0.));
#2396=CARTESIAN_POINT('',(0.,0.,0.));
#2397=CARTESIAN_POINT('Origin',(-84.1856532931454,15.3,18.4428009145495));
#2398=CARTESIAN_POINT('',(-84.1856532931454,0.300000000000013,22.9528299065047));
#2399=CARTESIAN_POINT('',(-84.1856532931454,0.299999999999998,26.4428009145495));
#2400=CARTESIAN_POINT('',(-84.1856532931454,0.300000000000002,18.4428009145495));
#2401=CARTESIAN_POINT('',(-84.1856532931454,10.2512068865088,26.4428009145495));
#2402=CARTESIAN_POINT('',(-84.1856532931454,4.15,26.4428009145495));
#2403=CARTESIAN_POINT('',(-84.1856532931454,10.2512068865088,22.9528299065047));
#2404=CARTESIAN_POINT('',(-84.1856532931454,10.2512068865088,18.4428009145495));
#2405=CARTESIAN_POINT('',(-84.1856532931454,28.3,22.9528299065047));
#2406=CARTESIAN_POINT('Origin',(-84.1856532931454,0.300000000000014,18.4428009145495));
#2407=CARTESIAN_POINT('',(-72.3948882201493,0.300000000000011,22.9528299065047));
#2408=CARTESIAN_POINT('',(43.6643467068546,0.300000000000011,22.9528299065047));
#2409=CARTESIAN_POINT('',(-72.3948882201492,0.299999999999976,26.4428009145495));
#2410=CARTESIAN_POINT('',(-72.3948882201493,0.300000000000014,18.4428009145495));
#2411=CARTESIAN_POINT('',(5.26434670685459,0.30000000000001,26.4428009145494));
#2412=CARTESIAN_POINT('Origin',(-86.58736307944,-4.55527109113387,18.4428009145495));
#2413=CARTESIAN_POINT('',(-84.1856532931454,10.2512068865088,13.4428009145495));
#2414=CARTESIAN_POINT('',(-72.3948882201493,0.300000000000015,13.4428009145495));
#2415=CARTESIAN_POINT('Origin',(-86.58736307944,-4.55527109113386,13.4428009145495));
#2416=CARTESIAN_POINT('',(-84.1856532931454,10.2512068865088,18.4428009145495));
#2417=CARTESIAN_POINT('Origin',(-86.58736307944,-4.55527109113387,26.4428009145495));
#2418=CARTESIAN_POINT('',(-72.3948882201493,0.300000000000014,18.4428009145495));
#2419=CARTESIAN_POINT('Origin',(-75.6856532931454,7.8,26.4428009145495));
#2420=CARTESIAN_POINT('Origin',(69.4143467068546,0.300000000000016,18.4428009145494));
#2421=CARTESIAN_POINT('',(86.4143467068546,0.300000000000013,22.9528299065047));
#2422=CARTESIAN_POINT('',(86.4143467068546,0.300000000000003,26.4428009145494));
#2423=CARTESIAN_POINT('',(86.4143467068546,0.300000000000006,18.4428009145494));
#2424=CARTESIAN_POINT('',(74.6235816338584,0.299999999999979,26.4428009145494));
#2425=CARTESIAN_POINT('',(82.0643467068546,0.300000000000012,26.4428009145494));
#2426=CARTESIAN_POINT('',(74.6235816338585,0.300000000000015,22.9528299065047));
#2427=CARTESIAN_POINT('',(74.6235816338585,0.300000000000016,18.4428009145494));
#2428=CARTESIAN_POINT('',(43.6643467068546,0.300000000000016,22.9528299065047));
#2429=CARTESIAN_POINT('Origin',(86.4143467068546,0.300000000000002,18.4428009145494));
#2430=CARTESIAN_POINT('',(86.4143467068546,10.2512068865088,22.9528299065047));
#2431=CARTESIAN_POINT('',(86.4143467068546,83.9,22.9528299065047));
#2432=CARTESIAN_POINT('',(86.4143467068546,10.2512068865088,26.4428009145494));
#2433=CARTESIAN_POINT('',(86.4143467068546,10.2512068865088,18.4428009145494));
#2434=CARTESIAN_POINT('',(86.4143467068546,59.75,26.4428009145495));
#2435=CARTESIAN_POINT('Origin',(88.8160564931492,-4.55527109113388,18.4428009145494));
#2436=CARTESIAN_POINT('',(74.6235816338585,0.300000000000016,13.4428009145494));
#2437=CARTESIAN_POINT('',(86.4143467068546,10.2512068865088,13.4428009145494));
#2438=CARTESIAN_POINT('Origin',(88.8160564931492,-4.55527109113388,13.4428009145494));
#2439=CARTESIAN_POINT('',(74.6235816338585,0.300000000000016,18.4428009145494));
#2440=CARTESIAN_POINT('Origin',(88.8160564931492,-4.55527109113389,26.4428009145494));
#2441=CARTESIAN_POINT('',(86.4143467068546,10.2512068865088,18.4428009145494));
#2442=CARTESIAN_POINT('Origin',(77.9143467068546,7.8,26.4428009145494));
#2443=CARTESIAN_POINT('Origin',(86.2143467068546,0.300000000000016,29.9528009145494));
#2444=CARTESIAN_POINT('',(64.2920612511092,0.300000000000014,13.4428009145494));
#2445=CARTESIAN_POINT('Ctrl Pts',(74.6235816338585,0.300000000000016,13.4428009145494));
#2446=CARTESIAN_POINT('Ctrl Pts',(74.6235816338585,0.300000000000016,13.7499105349643));
#2447=CARTESIAN_POINT('Ctrl Pts',(74.5916617350331,0.300000000000016,14.0850398516785));
#2448=CARTESIAN_POINT('Ctrl Pts',(74.4548631114326,0.300000000000016,14.7401684879852));
#2449=CARTESIAN_POINT('Ctrl Pts',(74.3500466109113,0.300000000000016,15.0601807991975));
#2450=CARTESIAN_POINT('Ctrl Pts',(74.1025976593847,0.300000000000016,15.6319632885196));
#2451=CARTESIAN_POINT('Ctrl Pts',(73.9356593461991,0.300000000000016,15.935369786605));
#2452=CARTESIAN_POINT('Ctrl Pts',(73.5404038872625,0.300000000000016,16.4993979730166));
#2453=CARTESIAN_POINT('Ctrl Pts',(73.3121755974005,0.300000000000016,16.7600819238911));
#2454=CARTESIAN_POINT('Ctrl Pts',(72.8547604974447,0.300000000000016,17.1971557719322));
#2455=CARTESIAN_POINT('Ctrl Pts',(72.5832345005235,0.300000000000016,17.4137624723327));
#2456=CARTESIAN_POINT('Ctrl Pts',(72.0014428984861,0.300000000000016,17.7867099306792));
#2457=CARTESIAN_POINT('Ctrl Pts',(71.6912030870964,0.300000000000016,17.9430909248624));
#2458=CARTESIAN_POINT('Ctrl Pts',(71.1008126343696,0.300000000000016,18.179181085376));
#2459=CARTESIAN_POINT('Ctrl Pts',(70.7657633512527,0.300000000000016,18.2803519697042));
#2460=CARTESIAN_POINT('Ctrl Pts',(70.0820831682019,0.300000000000016,18.4121686031738));
#2461=CARTESIAN_POINT('Ctrl Pts',(69.7334496774746,0.300000000000016,18.4428009145494));
#2462=CARTESIAN_POINT('Ctrl Pts',(69.0943238350334,0.300000000000016,18.4428009145494));
#2463=CARTESIAN_POINT('Ctrl Pts',(68.7446884019448,0.300000000000016,18.4119947596277));
#2464=CARTESIAN_POINT('Ctrl Pts',(68.0595638104308,0.300000000000016,18.2782926733635));
#2465=CARTESIAN_POINT('Ctrl Pts',(67.7240831399771,0.300000000000016,18.175353251097));
#2466=CARTESIAN_POINT('Ctrl Pts',(67.1371378159476,0.300000000000016,17.9355042304185));
#2467=CARTESIAN_POINT('Ctrl Pts',(66.8310771239166,0.300000000000016,17.7775574562392));
#2468=CARTESIAN_POINT('Ctrl Pts',(66.2590395991831,0.300000000000016,17.4009335430345));
#2469=CARTESIAN_POINT('Ctrl Pts',(65.993087664165,0.300000000000016,17.1822185893699));
#2470=CARTESIAN_POINT('Ctrl Pts',(65.5495825357927,0.300000000000016,16.7441022989981));
#2471=CARTESIAN_POINT('Ctrl Pts',(65.3305375688831,0.300000000000016,16.4850198976131));
#2472=CARTESIAN_POINT('Ctrl Pts',(64.9524267055268,0.300000000000016,15.9263337455477));
#2473=CARTESIAN_POINT('Ctrl Pts',(64.7933867038261,0.300000000000016,15.626712470108));
#2474=CARTESIAN_POINT('Ctrl Pts',(64.5556074366673,0.300000000000016,15.0587668582359));
#2475=CARTESIAN_POINT('Ctrl Pts',(64.454439641875,0.300000000000016,14.7384491599339));
#2476=CARTESIAN_POINT('Ctrl Pts',(64.3226611926316,0.300000000000016,14.0836358489178));
#2477=CARTESIAN_POINT('Ctrl Pts',(64.2920612511092,0.300000000000016,13.7491380803172));
#2478=CARTESIAN_POINT('Ctrl Pts',(64.2920612511092,0.300000000000016,13.4428009145494));
#2479=CARTESIAN_POINT('',(64.2920612511092,0.300000000000012,4.95280091454945));
#2480=CARTESIAN_POINT('',(64.2920612511092,0.300000000000016,8.44280091454944));
#2481=CARTESIAN_POINT('',(6.3516867842638,0.300000000000017,4.95280091454945));
#2482=CARTESIAN_POINT('',(43.6643467068546,0.300000000000015,4.95280091454945));
#2483=CARTESIAN_POINT('',(6.35168678426378,0.300000000000014,16.9528299065047));
#2484=CARTESIAN_POINT('',(6.3516867842638,0.300000000000016,29.2528009145494));
#2485=CARTESIAN_POINT('',(16.2370629464228,0.300000000000016,16.9528299065047));
#2486=CARTESIAN_POINT('',(43.4757048266387,0.300000000000016,16.9528299065047));
#2487=CARTESIAN_POINT('',(16.2370629464228,0.300000000000012,22.9528299065047));
#2488=CARTESIAN_POINT('',(16.2370629464228,0.300000000000016,23.4528154105271));
#2489=CARTESIAN_POINT('',(43.6643467068546,0.300000000000016,22.9528299065047));
#2490=CARTESIAN_POINT('Origin',(86.4143467068546,111.7,29.9528009145495));
#2491=CARTESIAN_POINT('',(86.4143467068546,100.766809569751,22.9528299065047));
#2492=CARTESIAN_POINT('',(86.4143467068546,83.9,22.9528299065047));
#2493=CARTESIAN_POINT('',(86.4143467068546,100.766809569751,13.4428009145495));
#2494=CARTESIAN_POINT('',(86.4143467068546,100.766809569751,18.4428009145495));
#2495=CARTESIAN_POINT('',(86.4143467068546,90.6602487250476,13.4428009145495));
#2496=CARTESIAN_POINT('Ctrl Pts',(86.4143467068546,100.766809569751,13.4428009145495));
#2497=CARTESIAN_POINT('Ctrl Pts',(86.4143467068546,100.766809569751,13.7498499633612));
#2498=CARTESIAN_POINT('Ctrl Pts',(86.4143467068546,100.736107307474,14.0851193920396));
#2499=CARTESIAN_POINT('Ctrl Pts',(86.4143467068546,100.60395023747,14.7414422708837));
#2500=CARTESIAN_POINT('Ctrl Pts',(86.4143467068546,100.502514004513,15.0624994611254));
#2501=CARTESIAN_POINT('Ctrl Pts',(86.4143467068546,100.264341034836,15.6315139694011));
#2502=CARTESIAN_POINT('Ctrl Pts',(86.4143467068546,100.105186362808,15.9316102621632));
#2503=CARTESIAN_POINT('Ctrl Pts',(86.4143467068546,99.7269628776414,16.4913888533918));
#2504=CARTESIAN_POINT('Ctrl Pts',(86.4143467068546,99.5079218516514,16.7510899261945));
#2505=CARTESIAN_POINT('Ctrl Pts',(86.4143467068546,99.0660389621221,17.188791953797));
#2506=CARTESIAN_POINT('Ctrl Pts',(86.4143467068546,98.8021357937445,17.4068061914992));
#2507=CARTESIAN_POINT('Ctrl Pts',(86.4143467068546,98.2344438227837,17.7826460126119));
#2508=CARTESIAN_POINT('Ctrl Pts',(86.4143467068546,97.9306642460382,17.9404855311188));
#2509=CARTESIAN_POINT('Ctrl Pts',(86.4143467068546,97.3524395634017,18.1781587875481));
#2510=CARTESIAN_POINT('Ctrl Pts',(86.4143467068546,97.0245813392613,18.2797687858996));
#2511=CARTESIAN_POINT('Ctrl Pts',(86.4143467068546,96.354861592695,18.4120918169038));
#2512=CARTESIAN_POINT('Ctrl Pts',(86.4143467068546,96.0129992927976,18.4428009145495));
#2513=CARTESIAN_POINT('Ctrl Pts',(86.4143467068546,95.387751313686,18.4428009145495));
#2514=CARTESIAN_POINT('Ctrl Pts',(86.4143467068546,95.0466936868203,18.4122394139167));
#2515=CARTESIAN_POINT('Ctrl Pts',(86.4143467068546,94.378626195895,18.2801784979737));
#2516=CARTESIAN_POINT('Ctrl Pts',(86.4143467068546,94.0516190798394,18.1786651814887));
#2517=CARTESIAN_POINT('Ctrl Pts',(86.4143467068546,93.4760557555042,17.9413176730141));
#2518=CARTESIAN_POINT('Ctrl Pts',(86.4143467068546,93.1743035793507,17.7839570853736));
#2519=CARTESIAN_POINT('Ctrl Pts',(86.4143467068546,92.6107397763892,17.4092188564745));
#2520=CARTESIAN_POINT('Ctrl Pts',(86.4143467068546,92.3489362985247,17.1918289602732));
#2521=CARTESIAN_POINT('Ctrl Pts',(86.4143467068546,91.9102540204842,16.7549101125635));
#2522=CARTESIAN_POINT('Ctrl Pts',(86.4143467068546,91.6927530063113,16.4953490765258));
#2523=CARTESIAN_POINT('Ctrl Pts',(86.4143467068546,91.3175235447786,15.936142674927));
#2524=CARTESIAN_POINT('Ctrl Pts',(86.4143467068546,91.1598035527511,15.6364916358546));
#2525=CARTESIAN_POINT('Ctrl Pts',(86.4143467068546,90.9231198917591,15.0670990293659));
#2526=CARTESIAN_POINT('Ctrl Pts',(86.4143467068546,90.8221797562155,14.7450074425611));
#2527=CARTESIAN_POINT('Ctrl Pts',(86.4143467068546,90.69074242502,14.0867652534537));
#2528=CARTESIAN_POINT('Ctrl Pts',(86.4143467068546,90.6602487250477,13.750613953141));
#2529=CARTESIAN_POINT('Ctrl Pts',(86.4143467068546,90.6602487250477,13.4428009145495));
#2530=CARTESIAN_POINT('',(86.4143467068546,90.6602487250476,4.95280091454946));
#2531=CARTESIAN_POINT('',(86.4143467068546,90.6602487250476,8.44280091454947));
#2532=CARTESIAN_POINT('',(86.4143467068546,20.3290972975236,4.95280091454946));
#2533=CARTESIAN_POINT('',(86.4143467068546,83.9,4.95280091454946));
#2534=CARTESIAN_POINT('',(86.4143467068546,20.3290972975236,13.4428009145494));
#2535=CARTESIAN_POINT('',(86.4143467068546,20.3290972975236,8.44280091454945));
#2536=CARTESIAN_POINT('Ctrl Pts',(86.4143467068546,20.3290972975236,13.4428009145494));
#2537=CARTESIAN_POINT('Ctrl Pts',(86.4143467068546,20.3290972975236,13.750806503918));
#2538=CARTESIAN_POINT('Ctrl Pts',(86.4143467068546,20.2986176815449,14.0871735420714));
#2539=CARTESIAN_POINT('Ctrl Pts',(86.4143467068546,20.167225862613,14.7458632220121));
#2540=CARTESIAN_POINT('Ctrl Pts',(86.4143467068546,20.0663162196334,15.0681863744464));
#2541=CARTESIAN_POINT('Ctrl Pts',(86.4143467068546,19.8297769142116,15.6377671376111));
#2542=CARTESIAN_POINT('Ctrl Pts',(86.4143467068546,19.6722297790504,15.9374209902764));
#2543=CARTESIAN_POINT('Ctrl Pts',(86.4143467068546,19.2973780565204,16.4966933593022));
#2544=CARTESIAN_POINT('Ctrl Pts',(86.4143467068546,19.0800796616621,16.7563160261616));
#2545=CARTESIAN_POINT('Ctrl Pts',(86.4143467068546,18.6420253881401,17.1930783991375));
#2546=CARTESIAN_POINT('Ctrl Pts',(86.4143467068546,18.3807604179615,17.4102950924175));
#2547=CARTESIAN_POINT('Ctrl Pts',(86.4143467068546,17.8182968937643,17.7847864961657));
#2548=CARTESIAN_POINT('Ctrl Pts',(86.4143467068546,17.5171043097233,17.9420701731032));
#2549=CARTESIAN_POINT('Ctrl Pts',(86.4143467068546,16.9430072028516,18.179094555741));
#2550=CARTESIAN_POINT('Ctrl Pts',(86.4143467068546,16.6170872277511,18.2804234969179));
#2551=CARTESIAN_POINT('Ctrl Pts',(86.4143467068546,15.9512082097004,18.4122715996892));
#2552=CARTESIAN_POINT('Ctrl Pts',(86.4143467068546,15.6112511771988,18.4428009145494));
#2553=CARTESIAN_POINT('Ctrl Pts',(86.4143467068546,14.988202499127,18.4428009145494));
#2554=CARTESIAN_POINT('Ctrl Pts',(86.4143467068546,14.6476598419919,18.4121639937296));
#2555=CARTESIAN_POINT('Ctrl Pts',(86.4143467068546,13.9805783586271,18.2801245556954));
#2556=CARTESIAN_POINT('Ctrl Pts',(86.4143467068546,13.6540389714416,18.1787248725231));
#2557=CARTESIAN_POINT('Ctrl Pts',(86.4143467068546,13.0780054263709,17.9414623578729));
#2558=CARTESIAN_POINT('Ctrl Pts',(86.4143467068546,12.7753377967121,17.78382944606));
#2559=CARTESIAN_POINT('Ctrl Pts',(86.4143467068546,12.2098709220646,17.4085346313889));
#2560=CARTESIAN_POINT('Ctrl Pts',(86.4143467068546,11.9470784626932,17.1908625045571));
#2561=CARTESIAN_POINT('Ctrl Pts',(86.4143467068546,11.5066947808059,16.7535286548646));
#2562=CARTESIAN_POINT('Ctrl Pts',(86.4143467068546,11.2882746011338,16.4938033676401));
#2563=CARTESIAN_POINT('Ctrl Pts',(86.4143467068546,10.9112426247028,15.9341127406241));
#2564=CARTESIAN_POINT('Ctrl Pts',(86.4143467068546,10.7526511156304,15.6341337344308));
#2565=CARTESIAN_POINT('Ctrl Pts',(86.4143467068546,10.515026844843,15.0648293534937));
#2566=CARTESIAN_POINT('Ctrl Pts',(86.4143467068546,10.4137552372674,14.7432609997072));
#2567=CARTESIAN_POINT('Ctrl Pts',(86.4143467068546,10.2818385013178,14.0859720371674));
#2568=CARTESIAN_POINT('Ctrl Pts',(86.4143467068546,10.2512068865088,13.7502487163376));
#2569=CARTESIAN_POINT('Ctrl Pts',(86.4143467068546,10.2512068865088,13.4428009145494));
#2570=CARTESIAN_POINT('Origin',(86.4143467068546,95.7,18.4428009145495));
#2571=CARTESIAN_POINT('',(86.4143467068546,112.7,22.9528299065047));
#2572=CARTESIAN_POINT('',(86.4143467068546,112.7,26.4428009145495));
#2573=CARTESIAN_POINT('',(86.4143467068546,112.7,18.4428009145495));
#2574=CARTESIAN_POINT('',(86.4143467068546,100.766809569751,26.4428009145495));
#2575=CARTESIAN_POINT('',(86.4143467068546,107.95,26.4428009145495));
#2576=CARTESIAN_POINT('',(86.4143467068546,100.766809569751,18.4428009145495));
#2577=CARTESIAN_POINT('',(86.4143467068546,83.9,22.9528299065047));
#2578=CARTESIAN_POINT('Origin',(86.4143467068546,112.7,18.4428009145495));
#2579=CARTESIAN_POINT('',(74.4811562766053,112.7,22.9528299065047));
#2580=CARTESIAN_POINT('',(-41.4356532931454,112.7,22.9528299065047));
#2581=CARTESIAN_POINT('',(74.4811562766053,112.7,26.4428009145495));
#2582=CARTESIAN_POINT('',(74.4811562766053,112.7,18.4428009145495));
#2583=CARTESIAN_POINT('',(-3.03565329314541,112.7,26.4428009145495));
#2584=CARTESIAN_POINT('Origin',(89.2170012623119,115.502654555457,18.4428009145495));
#2585=CARTESIAN_POINT('',(74.4811562766053,112.7,13.4428009145495));
#2586=CARTESIAN_POINT('Origin',(89.2170012623119,115.502654555457,13.4428009145495));
#2587=CARTESIAN_POINT('Origin',(89.2170012623119,115.502654555457,26.4428009145495));
#2588=CARTESIAN_POINT('',(74.4811562766053,112.7,18.4428009145495));
#2589=CARTESIAN_POINT('Origin',(77.9143467068546,104.2,26.4428009145495));
#2590=CARTESIAN_POINT('Origin',(-83.9856532931454,112.7,29.9528009145495));
#2591=CARTESIAN_POINT('',(-72.2524628628962,112.7,22.9528299065047));
#2592=CARTESIAN_POINT('',(-41.4356532931454,112.7,22.9528299065047));
#2593=CARTESIAN_POINT('',(-72.2524628628962,112.7,13.4428009145495));
#2594=CARTESIAN_POINT('',(-72.2524628628962,112.7,18.4428009145495));
#2595=CARTESIAN_POINT('',(-62.145902018193,112.7,13.4428009145495));
#2596=CARTESIAN_POINT('Ctrl Pts',(-72.2524628628962,112.7,13.4428009143344));
#2597=CARTESIAN_POINT('Ctrl Pts',(-72.2524628628967,112.7,13.4554919998562));
#2598=CARTESIAN_POINT('Ctrl Pts',(-72.252413677686,112.69999999972,13.4681830329779));
#2599=CARTESIAN_POINT('Ctrl Pts',(-72.2473134435956,112.69999999972,14.1261685587468));
#2600=CARTESIAN_POINT('Ctrl Pts',(-72.1152060069118,112.7,14.7634440824645));
#2601=CARTESIAN_POINT('Ctrl Pts',(-71.6093003873334,112.7,15.9630212881927));
#2602=CARTESIAN_POINT('Ctrl Pts',(-71.2366089274428,112.699999999469,16.5113370512029));
#2603=CARTESIAN_POINT('Ctrl Pts',(-70.2973382557174,112.699999999469,17.4397385823423));
#2604=CARTESIAN_POINT('Ctrl Pts',(-69.7372885090519,112.699999999931,17.8092773526983));
#2605=CARTESIAN_POINT('Ctrl Pts',(-68.5081907328055,112.699999999931,18.3130322052956));
#2606=CARTESIAN_POINT('Ctrl Pts',(-67.8498923970186,112.7,18.4428009145495));
#2607=CARTESIAN_POINT('Ctrl Pts',(-67.1856532931454,112.7,18.4428009145495));
#2608=CARTESIAN_POINT('Ctrl Pts',(-66.8740283401596,112.7,18.4428009145495));
#2609=CARTESIAN_POINT('Ctrl Pts',(-66.5336422937236,112.7,18.412361276529));
#2610=CARTESIAN_POINT('Ctrl Pts',(-65.86683541607,112.7,18.2808171604416));
#2611=CARTESIAN_POINT('Ctrl Pts',(-65.5404173125402,112.7,18.179698855901));
#2612=CARTESIAN_POINT('Ctrl Pts',(-64.9658165851336,112.7,17.9432698360512));
#2613=CARTESIAN_POINT('Ctrl Pts',(-64.6645096190552,112.7,17.7865079325533));
#2614=CARTESIAN_POINT('Ctrl Pts',(-64.1016099086324,112.7,17.4131560326063));
#2615=CARTESIAN_POINT('Ctrl Pts',(-63.8400252636064,112.7,17.1965538250225));
#2616=CARTESIAN_POINT('Ctrl Pts',(-63.4006587248302,112.7,16.760313624003));
#2617=CARTESIAN_POINT('Ctrl Pts',(-63.1823639399316,112.7,16.5005326537874));
#2618=CARTESIAN_POINT('Ctrl Pts',(-62.8057355815192,112.7,15.9406582314025));
#2619=CARTESIAN_POINT('Ctrl Pts',(-62.6474105116783,112.7,15.6405590588466));
#2620=CARTESIAN_POINT('Ctrl Pts',(-62.4098061158939,112.7,15.0702065666939));
#2621=CARTESIAN_POINT('Ctrl Pts',(-62.3084718271957,112.7,14.747533851703));
#2622=CARTESIAN_POINT('Ctrl Pts',(-62.1765180189557,112.7,14.0880464773586));
#2623=CARTESIAN_POINT('Ctrl Pts',(-62.145902018193,112.7,13.7512311139538));
#2624=CARTESIAN_POINT('Ctrl Pts',(-62.145902018193,112.7,13.4428009145495));
#2625=CARTESIAN_POINT('',(-62.145902018193,112.7,4.95280091454949));
#2626=CARTESIAN_POINT('',(-62.145902018193,112.7,4.95280091454949));
#2627=CARTESIAN_POINT('',(64.3745954319022,112.7,4.95280091454947));
#2628=CARTESIAN_POINT('',(-41.4356532931454,112.7,4.95280091454948));
#2629=CARTESIAN_POINT('',(64.3745954319022,112.7,13.4428009145495));
#2630=CARTESIAN_POINT('',(64.3745954319022,112.7,8.44280091454947));
#2631=CARTESIAN_POINT('Ctrl Pts',(64.3745954319022,112.7,13.4428009145495));
#2632=CARTESIAN_POINT('Ctrl Pts',(64.3745954319022,112.7,13.7512311139537));
#2633=CARTESIAN_POINT('Ctrl Pts',(64.4052114326649,112.7,14.0880464773586));
#2634=CARTESIAN_POINT('Ctrl Pts',(64.5371652409049,112.7,14.7475338517029));
#2635=CARTESIAN_POINT('Ctrl Pts',(64.6384995296031,112.7,15.0702065666939));
#2636=CARTESIAN_POINT('Ctrl Pts',(64.8761039253875,112.7,15.6405590588466));
#2637=CARTESIAN_POINT('Ctrl Pts',(65.0344289952284,112.7,15.9406582314025));
#2638=CARTESIAN_POINT('Ctrl Pts',(65.4110573536408,112.7,16.5005326537874));
#2639=CARTESIAN_POINT('Ctrl Pts',(65.6293521385393,112.7,16.760313624003));
#2640=CARTESIAN_POINT('Ctrl Pts',(66.0687186773155,112.7,17.1965538250225));
#2641=CARTESIAN_POINT('Ctrl Pts',(66.3303033223415,112.7,17.4131560326063));
#2642=CARTESIAN_POINT('Ctrl Pts',(66.8932030327644,112.7,17.7865079325533));
#2643=CARTESIAN_POINT('Ctrl Pts',(67.1945099988427,112.7,17.9432698360512));
#2644=CARTESIAN_POINT('Ctrl Pts',(67.7691107262494,112.7,18.179698855901));
#2645=CARTESIAN_POINT('Ctrl Pts',(68.0955288297792,112.7,18.2808171604416));
#2646=CARTESIAN_POINT('Ctrl Pts',(68.7623357074328,112.7,18.412361276529));
#2647=CARTESIAN_POINT('Ctrl Pts',(69.1027217538688,112.7,18.4428009145495));
#2648=CARTESIAN_POINT('Ctrl Pts',(69.7262965755386,112.7,18.4428009145495));
#2649=CARTESIAN_POINT('Ctrl Pts',(70.0670290721895,112.7,18.4122971748359));
#2650=CARTESIAN_POINT('Ctrl Pts',(70.7346267627441,112.7,18.2808416696074));
#2651=CARTESIAN_POINT('Ctrl Pts',(71.0614927281049,112.7,18.1798938219728));
#2652=CARTESIAN_POINT('Ctrl Pts',(71.6380940146594,112.7,17.943759105281));
#2653=CARTESIAN_POINT('Ctrl Pts',(71.9411213624021,112.7,17.7869228435894));
#2654=CARTESIAN_POINT('Ctrl Pts',(72.507686575564,112.7,17.4134071101137));
#2655=CARTESIAN_POINT('Ctrl Pts',(72.7712153781157,112.7,17.196713891552));
#2656=CARTESIAN_POINT('Ctrl Pts',(73.2142460758343,112.7,16.7601490863051));
#2657=CARTESIAN_POINT('Ctrl Pts',(73.4346266826858,112.7,16.5000764632808));
#2658=CARTESIAN_POINT('Ctrl Pts',(73.8152143393045,112.7,15.9391709603176));
#2659=CARTESIAN_POINT('Ctrl Pts',(73.9753934124754,112.7,15.6383190981055));
#2660=CARTESIAN_POINT('Ctrl Pts',(74.2151193947109,112.7,15.0676934621033));
#2661=CARTESIAN_POINT('Ctrl Pts',(74.3172194367586,112.7,14.7456661074302));
#2662=CARTESIAN_POINT('Ctrl Pts',(74.4502472771803,112.7,14.087262566271));
#2663=CARTESIAN_POINT('Ctrl Pts',(74.4811562766053,112.7,13.750882581671));
#2664=CARTESIAN_POINT('Ctrl Pts',(74.4811562766053,112.7,13.4428009145495));
#2665=CARTESIAN_POINT('Origin',(-67.1856532931454,112.7,18.4428009145495));
#2666=CARTESIAN_POINT('',(-84.1856532931454,112.7,22.9528299065047));
#2667=CARTESIAN_POINT('',(-84.1856532931454,112.7,26.4428009145495));
#2668=CARTESIAN_POINT('',(-84.1856532931454,112.7,18.4428009145495));
#2669=CARTESIAN_POINT('',(-72.2524628628962,112.7,26.4428009145495));
#2670=CARTESIAN_POINT('',(-79.8356532931454,112.7,26.4428009145495));
#2671=CARTESIAN_POINT('',(-72.2524628628962,112.7,18.4428009145495));
#2672=CARTESIAN_POINT('',(-41.4356532931454,112.7,22.9528299065047));
#2673=CARTESIAN_POINT('Origin',(-84.1856532931454,112.7,18.4428009145495));
#2674=CARTESIAN_POINT('',(-84.1856532931454,100.766809569751,22.9528299065047));
#2675=CARTESIAN_POINT('',(-84.1856532931454,28.3,22.9528299065047));
#2676=CARTESIAN_POINT('',(-84.1856532931454,100.766809569751,26.4428009145495));
#2677=CARTESIAN_POINT('',(-84.1856532931454,100.766809569751,18.4428009145495));
#2678=CARTESIAN_POINT('',(-84.1856532931454,52.35,26.4428009145495));
#2679=CARTESIAN_POINT('Origin',(-86.9883078486027,115.502654555457,18.4428009145495));
#2680=CARTESIAN_POINT('',(-84.1856532931454,100.766809569751,13.4428009145495));
#2681=CARTESIAN_POINT('Origin',(-86.9883078486027,115.502654555457,13.4428009145495));
#2682=CARTESIAN_POINT('Origin',(-86.9883078486027,115.502654555457,26.4428009145495));
#2683=CARTESIAN_POINT('',(-84.1856532931454,100.766809569751,18.4428009145495));
#2684=CARTESIAN_POINT('Origin',(-75.6856532931454,104.2,26.4428009145495));
#2685=CARTESIAN_POINT('Origin',(-23.576400182185,0.300000000000015,4.95280091454946));
#2686=CARTESIAN_POINT('',(-27.576400182185,-8.49999999999998,4.95280091454946));
#2687=CARTESIAN_POINT('',(-19.576400182185,-8.49999999999998,4.95280091454946));
#2688=CARTESIAN_POINT('Origin',(-23.576400182185,-8.49999999999999,4.95280091454946));
#2689=CARTESIAN_POINT('',(-27.576400182185,0.300000000000015,4.95280091454946));
#2690=CARTESIAN_POINT('',(-27.576400182185,0.300000000000011,4.95280091454946));
#2691=CARTESIAN_POINT('',(-19.576400182185,0.300000000000015,4.95280091454946));
#2692=CARTESIAN_POINT('Origin',(-23.576400182185,0.300000000000011,4.95280091454946));
#2693=CARTESIAN_POINT('',(-19.576400182185,0.300000000000011,4.95280091454946));
#2694=CARTESIAN_POINT('Origin',(86.2143467068546,0.300000000000011,29.9528009145494));
#2695=CARTESIAN_POINT('',(-14.7629370535772,0.300000000000013,22.9528299065047));
#2696=CARTESIAN_POINT('',(43.6643467068546,0.300000000000011,22.9528299065047));
#2697=CARTESIAN_POINT('',(-14.7629370535772,0.300000000000014,16.9528299065047));
#2698=CARTESIAN_POINT('',(-14.7629370535772,0.300000000000014,23.4528154105271));
#2699=CARTESIAN_POINT('',(-4.0856532931454,0.300000000000014,16.9528299065047));
#2700=CARTESIAN_POINT('',(43.4757048266387,0.300000000000015,16.9528299065047));
#2701=CARTESIAN_POINT('',(-4.08565329314538,0.300000000000017,4.95280091454945));
#2702=CARTESIAN_POINT('',(-4.08565329314539,0.300000000000011,29.2528009145494));
#2703=CARTESIAN_POINT('',(43.6643467068546,0.300000000000019,4.95280091454945));
#2704=CARTESIAN_POINT('',(-62.0633678374001,0.300000000000009,4.95280091454946));
#2705=CARTESIAN_POINT('',(43.6643467068546,0.300000000000019,4.95280091454945));
#2706=CARTESIAN_POINT('',(-62.0633678374,0.300000000000014,13.4428009145495));
#2707=CARTESIAN_POINT('',(-62.0633678374,0.300000000000016,8.44280091454945));
#2708=CARTESIAN_POINT('Ctrl Pts',(-62.0633678374001,0.300000000000015,13.4428009145495));
#2709=CARTESIAN_POINT('Ctrl Pts',(-62.0633678374001,0.300000000000015,13.7491380803172));
#2710=CARTESIAN_POINT('Ctrl Pts',(-62.0939677789225,0.300000000000015,14.0836358489178));
#2711=CARTESIAN_POINT('Ctrl Pts',(-62.2257462281658,0.300000000000015,14.7384491599339));
#2712=CARTESIAN_POINT('Ctrl Pts',(-62.3269140229582,0.300000000000015,15.0587668582359));
#2713=CARTESIAN_POINT('Ctrl Pts',(-62.5646932901169,0.300000000000015,15.626712470108));
#2714=CARTESIAN_POINT('Ctrl Pts',(-62.7237332918176,0.300000000000014,15.9263337455478));
#2715=CARTESIAN_POINT('Ctrl Pts',(-63.1018441551739,0.300000000000014,16.4850198976131));
#2716=CARTESIAN_POINT('Ctrl Pts',(-63.3208891220835,0.300000000000014,16.7441022989981));
#2717=CARTESIAN_POINT('Ctrl Pts',(-63.7643942504558,0.300000000000014,17.1822185893699));
#2718=CARTESIAN_POINT('Ctrl Pts',(-64.0303461854739,0.300000000000014,17.4009335430345));
#2719=CARTESIAN_POINT('Ctrl Pts',(-64.6023837102074,0.300000000000014,17.7775574562393));
#2720=CARTESIAN_POINT('Ctrl Pts',(-64.9084444022384,0.300000000000014,17.9355042304185));
#2721=CARTESIAN_POINT('Ctrl Pts',(-65.4953897262679,0.300000000000014,18.1753532510971));
#2722=CARTESIAN_POINT('Ctrl Pts',(-65.8308703967216,0.300000000000014,18.2782926733635));
#2723=CARTESIAN_POINT('Ctrl Pts',(-66.5159949882356,0.300000000000014,18.4119947596278));
#2724=CARTESIAN_POINT('Ctrl Pts',(-66.8656304213242,0.300000000000014,18.4428009145495));
#2725=CARTESIAN_POINT('Ctrl Pts',(-67.5080883748009,0.300000000000014,18.4428009145495));
#2726=CARTESIAN_POINT('Ctrl Pts',(-67.8603114802603,0.300000000000014,18.4115264628464));
#2727=CARTESIAN_POINT('Ctrl Pts',(-68.5507498700632,0.300000000000014,18.277001047932));
#2728=CARTESIAN_POINT('Ctrl Pts',(-68.8889678135408,0.300000000000014,18.1737637328226));
#2729=CARTESIAN_POINT('Ctrl Pts',(-69.4844901954446,0.300000000000014,17.9329026710642));
#2730=CARTESIAN_POINT('Ctrl Pts',(-69.7970898580191,0.300000000000014,17.7734376799012));
#2731=CARTESIAN_POINT('Ctrl Pts',(-70.3824459125659,0.300000000000014,17.3933265488603));
#2732=CARTESIAN_POINT('Ctrl Pts',(-70.6551750323211,0.300000000000014,17.1726384124998));
#2733=CARTESIAN_POINT('Ctrl Pts',(-71.1089772912295,0.300000000000014,16.7320526129517));
#2734=CARTESIAN_POINT('Ctrl Pts',(-71.3329444680382,0.300000000000014,16.4725427609111));
#2735=CARTESIAN_POINT('Ctrl Pts',(-71.7206479714724,0.300000000000014,15.9120765355238));
#2736=CARTESIAN_POINT('Ctrl Pts',(-71.8842971922727,0.300000000000015,15.6110599115718));
#2737=CARTESIAN_POINT('Ctrl Pts',(-72.1268333581756,0.300000000000015,15.0442895702469));
#2738=CARTESIAN_POINT('Ctrl Pts',(-72.2295667109635,0.300000000000015,14.7272331705797));
#2739=CARTESIAN_POINT('Ctrl Pts',(-72.363624121887,0.300000000000015,14.0784644591578));
#2740=CARTESIAN_POINT('Ctrl Pts',(-72.3948882201493,0.300000000000015,13.7467397591236));
#2741=CARTESIAN_POINT('Ctrl Pts',(-72.3948882201493,0.300000000000015,13.4428009145495));
#2742=CARTESIAN_POINT('Origin',(86.2143467068546,-8.49999999999999,29.9528009145494));
#2743=CARTESIAN_POINT('',(83.2143467068546,-8.49999999999999,4.95280091454944));
#2744=CARTESIAN_POINT('',(43.6643467068546,-8.49999999999998,4.95280091454945));
#2745=CARTESIAN_POINT('',(83.2143467068546,-8.49999999999999,22.9528299065047));
#2746=CARTESIAN_POINT('',(83.2143467068546,-8.49999999999999,29.9528009145494));
#2747=CARTESIAN_POINT('',(-80.9856532931454,-8.49999999999999,22.9528299065047));
#2748=CARTESIAN_POINT('',(43.6643467068546,-8.49999999999999,22.9528299065047));
#2749=CARTESIAN_POINT('',(-80.9856532931454,-8.49999999999999,4.95280091454946));
#2750=CARTESIAN_POINT('',(-80.9856532931454,-8.49999999999999,29.9528009145495));
#2751=CARTESIAN_POINT('',(43.6643467068546,-8.49999999999998,4.95280091454945));
#2752=CARTESIAN_POINT('Origin',(-74.5245105652727,-4.09999999999999,21.4528009145495));
#2753=CARTESIAN_POINT('',(-71.3745105652727,-4.09999999999999,21.4528009145495));
#2754=CARTESIAN_POINT('Origin',(-74.5245105652727,-4.09999999999999,21.4528009145495));
#2755=CARTESIAN_POINT('',(-73.0245105652727,-4.09999999999999,21.4528009145495));
#2756=CARTESIAN_POINT('Origin',(-74.5245105652727,-4.09999999999999,21.4528009145495));
#2757=CARTESIAN_POINT('Origin',(-74.5245105652727,-4.09999999999999,13.2028009145495));
#2758=CARTESIAN_POINT('',(-71.3745105652727,-4.09999999999999,4.95280091454947));
#2759=CARTESIAN_POINT('Origin',(-74.5245105652727,-4.09999999999999,4.95280091454947));
#2760=CARTESIAN_POINT('',(-71.3745105652727,-4.09999999999999,13.2028009145495));
#2761=CARTESIAN_POINT('Origin',(-74.5245105652727,-4.09999999999999,14.9528009145495));
#2762=CARTESIAN_POINT('',(-73.0245105652727,-4.09999999999999,22.9528299065047));
#2763=CARTESIAN_POINT('',(-73.0245105652727,-4.09999999999999,14.9528009145495));
#2764=CARTESIAN_POINT('Origin',(-74.5245105652727,-4.09999999999999,22.9528299065047));
#2765=CARTESIAN_POINT('Origin',(76.7944710693784,116.3,21.4528009145495));
#2766=CARTESIAN_POINT('',(79.9444710693784,116.3,21.4528009145495));
#2767=CARTESIAN_POINT('Origin',(76.7944710693784,116.3,21.4528009145495));
#2768=CARTESIAN_POINT('',(78.2944710693784,116.3,21.4528009145495));
#2769=CARTESIAN_POINT('Origin',(76.7944710693784,116.3,21.4528009145495));
#2770=CARTESIAN_POINT('Origin',(76.7944710693784,116.3,13.2028009145495));
#2771=CARTESIAN_POINT('',(79.9444710693784,116.3,4.95280091454947));
#2772=CARTESIAN_POINT('Origin',(76.7944710693784,116.3,4.95280091454947));
#2773=CARTESIAN_POINT('',(79.9444710693784,116.3,13.2028009145495));
#2774=CARTESIAN_POINT('Origin',(76.7944710693784,116.3,14.9528009145495));
#2775=CARTESIAN_POINT('',(78.2944710693784,116.3,22.9528299065047));
#2776=CARTESIAN_POINT('',(78.2944710693784,116.3,14.9528009145495));
#2777=CARTESIAN_POINT('Origin',(76.7944710693784,116.3,22.9528299065047));
#2778=CARTESIAN_POINT('Origin',(-74.2688351656153,116.3,21.4528009145495));
#2779=CARTESIAN_POINT('',(-71.1188351656153,116.3,21.4528009145495));
#2780=CARTESIAN_POINT('Origin',(-74.2688351656153,116.3,21.4528009145495));
#2781=CARTESIAN_POINT('',(-72.7688351656153,116.3,21.4528009145495));
#2782=CARTESIAN_POINT('Origin',(-74.2688351656153,116.3,21.4528009145495));
#2783=CARTESIAN_POINT('Origin',(-74.2688351656153,116.3,13.2028009145495));
#2784=CARTESIAN_POINT('',(-71.1188351656153,116.3,4.95280091454947));
#2785=CARTESIAN_POINT('Origin',(-74.2688351656153,116.3,4.95280091454947));
#2786=CARTESIAN_POINT('',(-71.1188351656153,116.3,13.2028009145495));
#2787=CARTESIAN_POINT('Origin',(-74.2688351656153,116.3,14.9528009145495));
#2788=CARTESIAN_POINT('',(-72.7688351656153,116.3,22.9528299065047));
#2789=CARTESIAN_POINT('',(-72.7688351656153,116.3,14.9528009145495));
#2790=CARTESIAN_POINT('Origin',(-74.2688351656153,116.3,22.9528299065047));
#2791=CARTESIAN_POINT('Origin',(76.7532039789819,-4.09999999999998,21.4528009145495));
#2792=CARTESIAN_POINT('',(79.9032039789819,-4.09999999999998,21.4528009145495));
#2793=CARTESIAN_POINT('Origin',(76.7532039789819,-4.09999999999998,21.4528009145495));
#2794=CARTESIAN_POINT('',(78.2532039789819,-4.09999999999998,21.4528009145495));
#2795=CARTESIAN_POINT('Origin',(76.7532039789819,-4.09999999999998,21.4528009145495));
#2796=CARTESIAN_POINT('Origin',(76.7532039789819,-4.09999999999998,13.2028009145495));
#2797=CARTESIAN_POINT('',(79.9032039789819,-4.09999999999998,4.95280091454947));
#2798=CARTESIAN_POINT('Origin',(76.7532039789819,-4.09999999999998,4.95280091454947));
#2799=CARTESIAN_POINT('',(79.9032039789819,-4.09999999999998,13.2028009145495));
#2800=CARTESIAN_POINT('Origin',(76.7532039789819,-4.09999999999998,14.9528009145495));
#2801=CARTESIAN_POINT('',(78.2532039789819,-4.09999999999998,22.9528299065047));
#2802=CARTESIAN_POINT('',(78.2532039789819,-4.09999999999998,14.9528009145495));
#2803=CARTESIAN_POINT('Origin',(76.7532039789819,-4.09999999999998,22.9528299065047));
#2804=CARTESIAN_POINT('Origin',(6.35168678426378,0.300000000000016,6.30002899195526));
#2805=CARTESIAN_POINT('',(-4.08565329314541,0.300000000000013,19.4528299065047));
#2806=CARTESIAN_POINT('',(-4.08565329314541,0.300000000000013,20.4528299065047));
#2807=CARTESIAN_POINT('',(-4.08565329314539,0.300000000000011,29.2528009145494));
#2808=CARTESIAN_POINT('',(6.35168678426379,0.300000000000013,19.4528299065047));
#2809=CARTESIAN_POINT('',(3.54437486534328,0.300000000000013,19.4528299065047));
#2810=CARTESIAN_POINT('',(6.35168678426379,0.300000000000013,20.4528299065047));
#2811=CARTESIAN_POINT('',(6.3516867842638,0.300000000000016,29.2528009145494));
#2812=CARTESIAN_POINT('',(3.54437486534328,0.300000000000013,20.4528299065047));
#2813=CARTESIAN_POINT('Origin',(0.737062946422782,13.5246918168822,16.9528299065047));
#2814=CARTESIAN_POINT('',(-14.7629370535772,26.6993836337644,16.9528299065047));
#2815=CARTESIAN_POINT('',(-14.7629370535772,0.300000000000025,16.9528299065047));
#2816=CARTESIAN_POINT('',(16.2370629464228,26.6993836337644,16.9528299065047));
#2817=CARTESIAN_POINT('',(-14.7629370535772,26.6993836337644,16.9528299065047));
#2818=CARTESIAN_POINT('',(16.2370629464228,26.6993836337644,16.9528299065047));
#2819=CARTESIAN_POINT('',(6.35168678426379,2.80000000000001,16.9528299065047));
#2820=CARTESIAN_POINT('',(6.35168678426378,5.91234590844111,16.9528299065047));
#2821=CARTESIAN_POINT('',(-4.08565329314541,2.80000000000001,16.9528299065047));
#2822=CARTESIAN_POINT('',(3.54437486534328,2.80000000000001,16.9528299065047));
#2823=CARTESIAN_POINT('',(-4.08565329314541,6.91234590844111,16.9528299065047));
#2824=CARTESIAN_POINT('',(13.0852621015535,24.1303859901524,16.9528299065047));
#2825=CARTESIAN_POINT('Origin',(11.4352621015535,24.1303859901524,16.9528299065047));
#2826=CARTESIAN_POINT('',(-8.2057005277574,24.1303859901525,16.9528299065047));
#2827=CARTESIAN_POINT('Origin',(-9.8557005277574,24.1303859901525,16.9528299065047));
#2828=CARTESIAN_POINT('',(13.0323506226299,6.47291333154066,16.9528299065047));
#2829=CARTESIAN_POINT('Origin',(11.3823506226299,6.47291333154066,16.9528299065047));
#2830=CARTESIAN_POINT('',(-8.25861200668099,6.47291333154076,16.9528299065047));
#2831=CARTESIAN_POINT('Origin',(-9.90861200668099,6.47291333154076,16.9528299065047));
#2832=CARTESIAN_POINT('Origin',(16.2370629464228,26.6993836337644,16.9528299065047));
#2833=CARTESIAN_POINT('',(-14.7629370535772,26.6993836337644,22.9528299065047));
#2834=CARTESIAN_POINT('',(-14.7629370535772,26.6993836337644,16.9528299065047));
#2835=CARTESIAN_POINT('',(16.2370629464228,26.6993836337644,22.9528299065047));
#2836=CARTESIAN_POINT('',(-14.7629370535772,26.6993836337644,22.9528299065047));
#2837=CARTESIAN_POINT('',(16.2370629464228,26.6993836337644,16.9528299065047));
#2838=CARTESIAN_POINT('Origin',(-14.7629370535772,26.6993836337644,16.9528299065047));
#2839=CARTESIAN_POINT('',(-14.7629370535772,0.300000000000025,22.9528299065047));
#2840=CARTESIAN_POINT('Origin',(-9.90861200668099,6.47291333154076,20.9528299065047));
#2841=CARTESIAN_POINT('',(-8.25861200668099,6.47291333154076,20.9528299065047));
#2842=CARTESIAN_POINT('Origin',(-9.90861200668099,6.47291333154076,20.9528299065047));
#2843=CARTESIAN_POINT('Origin',(-9.90861200668099,6.47291333154076,16.9528299065047));
#2844=CARTESIAN_POINT('',(-8.25861200668099,6.47291333154076,16.9528299065047));
#2845=CARTESIAN_POINT('Origin',(11.3823506226299,6.47291333154066,20.9528299065047));
#2846=CARTESIAN_POINT('',(13.0323506226299,6.47291333154066,20.9528299065047));
#2847=CARTESIAN_POINT('Origin',(11.3823506226299,6.47291333154066,20.9528299065047));
#2848=CARTESIAN_POINT('Origin',(11.3823506226299,6.47291333154066,16.9528299065047));
#2849=CARTESIAN_POINT('',(13.0323506226299,6.47291333154066,16.9528299065047));
#2850=CARTESIAN_POINT('Origin',(-9.8557005277574,24.1303859901525,20.9528299065047));
#2851=CARTESIAN_POINT('',(-8.2057005277574,24.1303859901525,20.9528299065047));
#2852=CARTESIAN_POINT('Origin',(-9.8557005277574,24.1303859901525,20.9528299065047));
#2853=CARTESIAN_POINT('Origin',(-9.8557005277574,24.1303859901525,16.9528299065047));
#2854=CARTESIAN_POINT('',(-8.2057005277574,24.1303859901525,16.9528299065047));
#2855=CARTESIAN_POINT('Origin',(11.4352621015535,24.1303859901524,20.9528299065047));
#2856=CARTESIAN_POINT('',(13.0852621015535,24.1303859901524,20.9528299065047));
#2857=CARTESIAN_POINT('Origin',(11.4352621015535,24.1303859901524,20.9528299065047));
#2858=CARTESIAN_POINT('Origin',(11.4352621015535,24.1303859901524,16.9528299065047));
#2859=CARTESIAN_POINT('',(13.0852621015535,24.1303859901524,16.9528299065047));
#2860=CARTESIAN_POINT('Origin',(3.54437486534328,2.80000000000001,19.4528299065047));
#2861=CARTESIAN_POINT('Origin',(6.35168678426378,2.80000000000001,19.4528299065047));
#2862=CARTESIAN_POINT('Origin',(-4.08565329314541,2.80000000000001,19.4528299065047));
#2863=CARTESIAN_POINT('Origin',(3.54437486534328,2.80000000000001,20.4528299065047));
#2864=CARTESIAN_POINT('',(-4.08565329314541,2.80000000000001,22.9528299065047));
#2865=CARTESIAN_POINT('Origin',(-4.08565329314541,2.80000000000001,20.4528299065047));
#2866=CARTESIAN_POINT('',(6.35168678426379,2.80000000000001,22.9528299065047));
#2867=CARTESIAN_POINT('Origin',(6.35168678426378,2.80000000000001,20.4528299065047));
#2868=CARTESIAN_POINT('',(3.54437486534328,2.80000000000001,22.9528299065047));
#2869=CARTESIAN_POINT('Origin',(16.2370629464228,0.350000000000024,16.9528299065047));
#2870=CARTESIAN_POINT('',(16.2370629464228,26.6993836337644,22.9528299065047));
#2871=CARTESIAN_POINT('Ctrl Pts',(-47.1238316429585,-2.83292299000602,4.95280091454946));
#2872=CARTESIAN_POINT('Ctrl Pts',(-47.1238316429585,-2.83292299000602,5.95280091454946));
#2873=CARTESIAN_POINT('Ctrl Pts',(-47.1227944663659,-2.83269239359994,4.95280091454946));
#2874=CARTESIAN_POINT('Ctrl Pts',(-47.1227944663659,-2.83269239359994,5.95280091454946));
#2875=CARTESIAN_POINT('Ctrl Pts',(-47.1200040337267,-2.83406284006923,4.95280091454946));
#2876=CARTESIAN_POINT('Ctrl Pts',(-47.1200040337267,-2.83406284006923,5.95280091454946));
#2877=CARTESIAN_POINT('Ctrl Pts',(-47.113670043136,-2.84161352101277,4.95280091454946));
#2878=CARTESIAN_POINT('Ctrl Pts',(-47.113670043136,-2.84161352101277,5.95280091454946));
#2879=CARTESIAN_POINT('Ctrl Pts',(-47.1009113942283,-2.86271515893867,4.95280091454946));
#2880=CARTESIAN_POINT('Ctrl Pts',(-47.1009113942283,-2.86271515893867,5.95280091454946));
#2881=CARTESIAN_POINT('Ctrl Pts',(-47.0779099485612,-2.90749336068102,4.95280091454946));
#2882=CARTESIAN_POINT('Ctrl Pts',(-47.0779099485612,-2.90749336068102,5.95280091454946));
#2883=CARTESIAN_POINT('Ctrl Pts',(-47.0484633341598,-2.97022437983652,4.95280091454946));
#2884=CARTESIAN_POINT('Ctrl Pts',(-47.0484633341598,-2.97022437983652,5.95280091454946));
#2885=CARTESIAN_POINT('Ctrl Pts',(-47.0139075648082,-3.04966879797678,4.95280091454946));
#2886=CARTESIAN_POINT('Ctrl Pts',(-47.0139075648082,-3.04966879797678,5.95280091454946));
#2887=CARTESIAN_POINT('Ctrl Pts',(-46.9766916476615,-3.14332925003333,4.95280091454946));
#2888=CARTESIAN_POINT('Ctrl Pts',(-46.9766916476615,-3.14332925003333,5.95280091454946));
#2889=CARTESIAN_POINT('Ctrl Pts',(-46.9404184137521,-3.2473047071228,4.95280091454946));
#2890=CARTESIAN_POINT('Ctrl Pts',(-46.9404184137521,-3.2473047071228,5.95280091454946));
#2891=CARTESIAN_POINT('Ctrl Pts',(-46.9091159307597,-3.35686835261807,4.95280091454946));
#2892=CARTESIAN_POINT('Ctrl Pts',(-46.9091159307597,-3.35686835261807,5.95280091454946));
#2893=CARTESIAN_POINT('Ctrl Pts',(-46.8866915343678,-3.46686489221601,4.95280091454946));
#2894=CARTESIAN_POINT('Ctrl Pts',(-46.8866915343678,-3.46686489221601,5.95280091454946));
#2895=CARTESIAN_POINT('Ctrl Pts',(-46.8762763384746,-3.57217781737427,4.95280091454946));
#2896=CARTESIAN_POINT('Ctrl Pts',(-46.8762763384746,-3.57217781737427,5.95280091454946));
#2897=CARTESIAN_POINT('Ctrl Pts',(-46.8796742684464,-3.66812901683925,4.95280091454946));
#2898=CARTESIAN_POINT('Ctrl Pts',(-46.8796742684464,-3.66812901683925,5.95280091454946));
#2899=CARTESIAN_POINT('Ctrl Pts',(-46.8965389927973,-3.75100283186368,4.95280091454946));
#2900=CARTESIAN_POINT('Ctrl Pts',(-46.8965389927973,-3.75100283186368,5.95280091454946));
#2901=CARTESIAN_POINT('Ctrl Pts',(-46.9247226133583,-3.81804739050756,4.95280091454946));
#2902=CARTESIAN_POINT('Ctrl Pts',(-46.9247226133583,-3.81804739050756,5.95280091454946));
#2903=CARTESIAN_POINT('Ctrl Pts',(-46.9610674618795,-3.86727953897415,4.95280091454946));
#2904=CARTESIAN_POINT('Ctrl Pts',(-46.9610674618795,-3.86727953897415,5.95280091454946));
#2905=CARTESIAN_POINT('Ctrl Pts',(-47.00204488899,-3.8973847224868,4.95280091454946));
#2906=CARTESIAN_POINT('Ctrl Pts',(-47.00204488899,-3.8973847224868,5.95280091454946));
#2907=CARTESIAN_POINT('Ctrl Pts',(-47.044390169176,-3.90760172445674,4.95280091454946));
#2908=CARTESIAN_POINT('Ctrl Pts',(-47.044390169176,-3.90760172445674,5.95280091454946));
#2909=CARTESIAN_POINT('Ctrl Pts',(-47.0858565881884,-3.89766193661542,4.95280091454946));
#2910=CARTESIAN_POINT('Ctrl Pts',(-47.0858565881884,-3.89766193661542,5.95280091454946));
#2911=CARTESIAN_POINT('Ctrl Pts',(-47.1251742102288,-3.86763171315563,4.95280091454946));
#2912=CARTESIAN_POINT('Ctrl Pts',(-47.1251742102288,-3.86763171315563,5.95280091454946));
#2913=CARTESIAN_POINT('Ctrl Pts',(-47.1544172187837,-3.82771604173826,4.95280091454946));
#2914=CARTESIAN_POINT('Ctrl Pts',(-47.1544172187837,-3.82771604173826,5.95280091454946));
#2915=CARTESIAN_POINT('Ctrl Pts',(-47.175027164952,-3.78894846649426,4.95280091454946));
#2916=CARTESIAN_POINT('Ctrl Pts',(-47.175027164952,-3.78894846649426,5.95280091454946));
#2917=CARTESIAN_POINT('Ctrl Pts',(-47.1881815671829,-3.7591945558481,4.95280091454946));
#2918=CARTESIAN_POINT('Ctrl Pts',(-47.1881815671829,-3.7591945558481,5.95280091454946));
#2919=CARTESIAN_POINT('Ctrl Pts',(-47.1946123928442,-3.74334038541047,4.95280091454946));
#2920=CARTESIAN_POINT('Ctrl Pts',(-47.1946123928442,-3.74334038541047,5.95280091454946));
#2921=CARTESIAN_POINT('',(-47.1238316429585,-2.83292299000602,4.95280091454946));
#2922=CARTESIAN_POINT('',(-47.1946123928442,-3.74334038541047,4.95280091454946));
#2923=CARTESIAN_POINT('Ctrl Pts',(-47.1238316429585,-2.83292299000602,4.95280091454946));
#2924=CARTESIAN_POINT('Ctrl Pts',(-47.1227944663659,-2.83269239359994,4.95280091454946));
#2925=CARTESIAN_POINT('Ctrl Pts',(-47.1200040337267,-2.83406284006923,4.95280091454946));
#2926=CARTESIAN_POINT('Ctrl Pts',(-47.113670043136,-2.84161352101277,4.95280091454946));
#2927=CARTESIAN_POINT('Ctrl Pts',(-47.1009113942283,-2.86271515893867,4.95280091454946));
#2928=CARTESIAN_POINT('Ctrl Pts',(-47.0779099485612,-2.90749336068102,4.95280091454946));
#2929=CARTESIAN_POINT('Ctrl Pts',(-47.0484633341598,-2.97022437983652,4.95280091454946));
#2930=CARTESIAN_POINT('Ctrl Pts',(-47.0139075648082,-3.04966879797678,4.95280091454946));
#2931=CARTESIAN_POINT('Ctrl Pts',(-46.9766916476615,-3.14332925003333,4.95280091454946));
#2932=CARTESIAN_POINT('Ctrl Pts',(-46.9404184137521,-3.2473047071228,4.95280091454946));
#2933=CARTESIAN_POINT('Ctrl Pts',(-46.9091159307597,-3.35686835261807,4.95280091454946));
#2934=CARTESIAN_POINT('Ctrl Pts',(-46.8866915343678,-3.46686489221601,4.95280091454946));
#2935=CARTESIAN_POINT('Ctrl Pts',(-46.8762763384746,-3.57217781737427,4.95280091454946));
#2936=CARTESIAN_POINT('Ctrl Pts',(-46.8796742684464,-3.66812901683925,4.95280091454946));
#2937=CARTESIAN_POINT('Ctrl Pts',(-46.8965389927973,-3.75100283186368,4.95280091454946));
#2938=CARTESIAN_POINT('Ctrl Pts',(-46.9247226133583,-3.81804739050756,4.95280091454946));
#2939=CARTESIAN_POINT('Ctrl Pts',(-46.9610674618795,-3.86727953897415,4.95280091454946));
#2940=CARTESIAN_POINT('Ctrl Pts',(-47.00204488899,-3.8973847224868,4.95280091454946));
#2941=CARTESIAN_POINT('Ctrl Pts',(-47.044390169176,-3.90760172445674,4.95280091454946));
#2942=CARTESIAN_POINT('Ctrl Pts',(-47.0858565881884,-3.89766193661542,4.95280091454946));
#2943=CARTESIAN_POINT('Ctrl Pts',(-47.1251742102288,-3.86763171315563,4.95280091454946));
#2944=CARTESIAN_POINT('Ctrl Pts',(-47.1544172187837,-3.82771604173826,4.95280091454946));
#2945=CARTESIAN_POINT('Ctrl Pts',(-47.175027164952,-3.78894846649426,4.95280091454946));
#2946=CARTESIAN_POINT('Ctrl Pts',(-47.1881815671829,-3.7591945558481,4.95280091454946));
#2947=CARTESIAN_POINT('Ctrl Pts',(-47.1946123928442,-3.74334038541047,4.95280091454946));
#2948=CARTESIAN_POINT('',(-47.1238316429585,-2.83292299000602,5.95280091454946));
#2949=CARTESIAN_POINT('',(-47.1238316429585,-2.83292299000602,4.95280091454946));
#2950=CARTESIAN_POINT('',(-47.1946123928442,-3.74334038541047,5.95280091454946));
#2951=CARTESIAN_POINT('Ctrl Pts',(-47.1238316429585,-2.83292299000602,5.95280091454946));
#2952=CARTESIAN_POINT('Ctrl Pts',(-47.1227944663659,-2.83269239359994,5.95280091454946));
#2953=CARTESIAN_POINT('Ctrl Pts',(-47.1200040337267,-2.83406284006923,5.95280091454946));
#2954=CARTESIAN_POINT('Ctrl Pts',(-47.113670043136,-2.84161352101277,5.95280091454946));
#2955=CARTESIAN_POINT('Ctrl Pts',(-47.1009113942283,-2.86271515893867,5.95280091454946));
#2956=CARTESIAN_POINT('Ctrl Pts',(-47.0779099485612,-2.90749336068102,5.95280091454946));
#2957=CARTESIAN_POINT('Ctrl Pts',(-47.0484633341598,-2.97022437983652,5.95280091454946));
#2958=CARTESIAN_POINT('Ctrl Pts',(-47.0139075648082,-3.04966879797678,5.95280091454946));
#2959=CARTESIAN_POINT('Ctrl Pts',(-46.9766916476615,-3.14332925003333,5.95280091454946));
#2960=CARTESIAN_POINT('Ctrl Pts',(-46.9404184137521,-3.2473047071228,5.95280091454946));
#2961=CARTESIAN_POINT('Ctrl Pts',(-46.9091159307597,-3.35686835261807,5.95280091454946));
#2962=CARTESIAN_POINT('Ctrl Pts',(-46.8866915343678,-3.46686489221601,5.95280091454946));
#2963=CARTESIAN_POINT('Ctrl Pts',(-46.8762763384746,-3.57217781737427,5.95280091454946));
#2964=CARTESIAN_POINT('Ctrl Pts',(-46.8796742684464,-3.66812901683925,5.95280091454946));
#2965=CARTESIAN_POINT('Ctrl Pts',(-46.8965389927973,-3.75100283186368,5.95280091454946));
#2966=CARTESIAN_POINT('Ctrl Pts',(-46.9247226133583,-3.81804739050756,5.95280091454946));
#2967=CARTESIAN_POINT('Ctrl Pts',(-46.9610674618795,-3.86727953897415,5.95280091454946));
#2968=CARTESIAN_POINT('Ctrl Pts',(-47.00204488899,-3.8973847224868,5.95280091454946));
#2969=CARTESIAN_POINT('Ctrl Pts',(-47.044390169176,-3.90760172445674,5.95280091454946));
#2970=CARTESIAN_POINT('Ctrl Pts',(-47.0858565881884,-3.89766193661542,5.95280091454946));
#2971=CARTESIAN_POINT('Ctrl Pts',(-47.1251742102288,-3.86763171315563,5.95280091454946));
#2972=CARTESIAN_POINT('Ctrl Pts',(-47.1544172187837,-3.82771604173826,5.95280091454946));
#2973=CARTESIAN_POINT('Ctrl Pts',(-47.175027164952,-3.78894846649426,5.95280091454946));
#2974=CARTESIAN_POINT('Ctrl Pts',(-47.1881815671829,-3.7591945558481,5.95280091454946));
#2975=CARTESIAN_POINT('Ctrl Pts',(-47.1946123928442,-3.74334038541047,5.95280091454946));
#2976=CARTESIAN_POINT('',(-47.1946123928442,-3.74334038541047,4.95280091454946));
#2977=CARTESIAN_POINT('Ctrl Pts',(-47.1946123928442,-3.74334038541047,4.95280091454946));
#2978=CARTESIAN_POINT('Ctrl Pts',(-47.1946123928442,-3.74334038541047,5.95280091454946));
#2979=CARTESIAN_POINT('Ctrl Pts',(-47.1942663743131,-3.72415853821606,4.95280091454946));
#2980=CARTESIAN_POINT('Ctrl Pts',(-47.1942663743131,-3.72415853821606,5.95280091454946));
#2981=CARTESIAN_POINT('Ctrl Pts',(-47.1934811034194,-3.68587970112843,4.95280091454946));
#2982=CARTESIAN_POINT('Ctrl Pts',(-47.1934811034194,-3.68587970112843,5.95280091454946));
#2983=CARTESIAN_POINT('Ctrl Pts',(-47.1920235050074,-3.62871600882446,4.95280091454946));
#2984=CARTESIAN_POINT('Ctrl Pts',(-47.1920235050074,-3.62871600882446,5.95280091454946));
#2985=CARTESIAN_POINT('Ctrl Pts',(-47.1895113719197,-3.55301532931831,4.95280091454946));
#2986=CARTESIAN_POINT('Ctrl Pts',(-47.1895113719197,-3.55301532931831,5.95280091454946));
#2987=CARTESIAN_POINT('Ctrl Pts',(-47.185358950171,-3.45931078992195,4.95280091454946));
#2988=CARTESIAN_POINT('Ctrl Pts',(-47.185358950171,-3.45931078992195,5.95280091454946));
#2989=CARTESIAN_POINT('Ctrl Pts',(-47.180103223473,-3.36661042978099,4.95280091454946));
#2990=CARTESIAN_POINT('Ctrl Pts',(-47.180103223473,-3.36661042978099,5.95280091454946));
#2991=CARTESIAN_POINT('Ctrl Pts',(-47.173653233592,-3.2749970350427,4.95280091454946));
#2992=CARTESIAN_POINT('Ctrl Pts',(-47.173653233592,-3.2749970350427,5.95280091454946));
#2993=CARTESIAN_POINT('Ctrl Pts',(-47.1659576567144,-3.1845173183621,4.95280091454946));
#2994=CARTESIAN_POINT('Ctrl Pts',(-47.1659576567144,-3.1845173183621,5.95280091454946));
#2995=CARTESIAN_POINT('Ctrl Pts',(-47.1570636893059,-3.09512832360356,4.95280091454946));
#2996=CARTESIAN_POINT('Ctrl Pts',(-47.1570636893059,-3.09512832360356,5.95280091454946));
#2997=CARTESIAN_POINT('Ctrl Pts',(-47.1470608930323,-3.00674853570484,4.95280091454946));
#2998=CARTESIAN_POINT('Ctrl Pts',(-47.1470608930323,-3.00674853570484,5.95280091454946));
#2999=CARTESIAN_POINT('Ctrl Pts',(-47.1382439296931,-2.93678623314764,4.95280091454946));
#3000=CARTESIAN_POINT('Ctrl Pts',(-47.1382439296931,-2.93678623314764,5.95280091454946));
#3001=CARTESIAN_POINT('Ctrl Pts',(-47.1312019855815,-2.88470516469779,4.95280091454946));
#3002=CARTESIAN_POINT('Ctrl Pts',(-47.1312019855815,-2.88470516469779,5.95280091454946));
#3003=CARTESIAN_POINT('Ctrl Pts',(-47.1263197006193,-2.85015524815965,4.95280091454946));
#3004=CARTESIAN_POINT('Ctrl Pts',(-47.1263197006193,-2.85015524815965,5.95280091454946));
#3005=CARTESIAN_POINT('Ctrl Pts',(-47.1238316429585,-2.83292299000602,4.95280091454946));
#3006=CARTESIAN_POINT('Ctrl Pts',(-47.1238316429585,-2.83292299000602,5.95280091454946));
#3007=CARTESIAN_POINT('Ctrl Pts',(-47.1946123928442,-3.74334038541047,4.95280091454946));
#3008=CARTESIAN_POINT('Ctrl Pts',(-47.1942663743131,-3.72415853821606,4.95280091454946));
#3009=CARTESIAN_POINT('Ctrl Pts',(-47.1934811034194,-3.68587970112843,4.95280091454946));
#3010=CARTESIAN_POINT('Ctrl Pts',(-47.1920235050074,-3.62871600882446,4.95280091454946));
#3011=CARTESIAN_POINT('Ctrl Pts',(-47.1895113719197,-3.55301532931831,4.95280091454946));
#3012=CARTESIAN_POINT('Ctrl Pts',(-47.185358950171,-3.45931078992195,4.95280091454946));
#3013=CARTESIAN_POINT('Ctrl Pts',(-47.180103223473,-3.36661042978099,4.95280091454946));
#3014=CARTESIAN_POINT('Ctrl Pts',(-47.173653233592,-3.2749970350427,4.95280091454946));
#3015=CARTESIAN_POINT('Ctrl Pts',(-47.1659576567144,-3.1845173183621,4.95280091454946));
#3016=CARTESIAN_POINT('Ctrl Pts',(-47.1570636893059,-3.09512832360356,4.95280091454946));
#3017=CARTESIAN_POINT('Ctrl Pts',(-47.1470608930323,-3.00674853570484,4.95280091454946));
#3018=CARTESIAN_POINT('Ctrl Pts',(-47.1382439296931,-2.93678623314764,4.95280091454946));
#3019=CARTESIAN_POINT('Ctrl Pts',(-47.1312019855815,-2.88470516469779,4.95280091454946));
#3020=CARTESIAN_POINT('Ctrl Pts',(-47.1263197006193,-2.85015524815965,4.95280091454946));
#3021=CARTESIAN_POINT('Ctrl Pts',(-47.1238316429585,-2.83292299000602,4.95280091454946));
#3022=CARTESIAN_POINT('Ctrl Pts',(-47.1946123928442,-3.74334038541047,5.95280091454946));
#3023=CARTESIAN_POINT('Ctrl Pts',(-47.1942663743131,-3.72415853821606,5.95280091454946));
#3024=CARTESIAN_POINT('Ctrl Pts',(-47.1934811034194,-3.68587970112843,5.95280091454946));
#3025=CARTESIAN_POINT('Ctrl Pts',(-47.1920235050074,-3.62871600882446,5.95280091454946));
#3026=CARTESIAN_POINT('Ctrl Pts',(-47.1895113719197,-3.55301532931831,5.95280091454946));
#3027=CARTESIAN_POINT('Ctrl Pts',(-47.185358950171,-3.45931078992195,5.95280091454946));
#3028=CARTESIAN_POINT('Ctrl Pts',(-47.180103223473,-3.36661042978099,5.95280091454946));
#3029=CARTESIAN_POINT('Ctrl Pts',(-47.173653233592,-3.2749970350427,5.95280091454946));
#3030=CARTESIAN_POINT('Ctrl Pts',(-47.1659576567144,-3.1845173183621,5.95280091454946));
#3031=CARTESIAN_POINT('Ctrl Pts',(-47.1570636893059,-3.09512832360356,5.95280091454946));
#3032=CARTESIAN_POINT('Ctrl Pts',(-47.1470608930323,-3.00674853570484,5.95280091454946));
#3033=CARTESIAN_POINT('Ctrl Pts',(-47.1382439296931,-2.93678623314764,5.95280091454946));
#3034=CARTESIAN_POINT('Ctrl Pts',(-47.1312019855815,-2.88470516469779,5.95280091454946));
#3035=CARTESIAN_POINT('Ctrl Pts',(-47.1263197006193,-2.85015524815965,5.95280091454946));
#3036=CARTESIAN_POINT('Ctrl Pts',(-47.1238316429585,-2.83292299000602,5.95280091454946));
#3037=CARTESIAN_POINT('Ctrl Pts',(-46.3444602240735,-7.48826706472813,4.95280091454946));
#3038=CARTESIAN_POINT('Ctrl Pts',(-46.3444602240735,-7.48826706472813,5.95280091454946));
#3039=CARTESIAN_POINT('Ctrl Pts',(-46.3194378644239,-7.52896133634554,4.95280091454946));
#3040=CARTESIAN_POINT('Ctrl Pts',(-46.3194378644239,-7.52896133634554,5.95280091454946));
#3041=CARTESIAN_POINT('Ctrl Pts',(-46.2659560415283,-7.60407995457678,4.95280091454946));
#3042=CARTESIAN_POINT('Ctrl Pts',(-46.2659560415283,-7.60407995457678,5.95280091454946));
#3043=CARTESIAN_POINT('Ctrl Pts',(-46.1754215509338,-7.69794784348468,4.95280091454946));
#3044=CARTESIAN_POINT('Ctrl Pts',(-46.1754215509338,-7.69794784348468,5.95280091454946));
#3045=CARTESIAN_POINT('Ctrl Pts',(-46.0340682409177,-7.78544893310543,4.95280091454946));
#3046=CARTESIAN_POINT('Ctrl Pts',(-46.0340682409177,-7.78544893310543,5.95280091454946));
#3047=CARTESIAN_POINT('Ctrl Pts',(-45.8241049783284,-7.83261222594984,4.95280091454946));
#3048=CARTESIAN_POINT('Ctrl Pts',(-45.8241049783284,-7.83261222594984,5.95280091454946));
#3049=CARTESIAN_POINT('Ctrl Pts',(-45.5845459658132,-7.81963476761161,4.95280091454946));
#3050=CARTESIAN_POINT('Ctrl Pts',(-45.5845459658132,-7.81963476761161,5.95280091454946));
#3051=CARTESIAN_POINT('Ctrl Pts',(-45.3227878807889,-7.75088554447988,4.95280091454946));
#3052=CARTESIAN_POINT('Ctrl Pts',(-45.3227878807889,-7.75088554447988,5.95280091454946));
#3053=CARTESIAN_POINT('Ctrl Pts',(-45.0516126934131,-7.63409548200919,4.95280091454946));
#3054=CARTESIAN_POINT('Ctrl Pts',(-45.0516126934131,-7.63409548200919,5.95280091454946));
#3055=CARTESIAN_POINT('Ctrl Pts',(-44.7894187466157,-7.48057287655182,4.95280091454946));
#3056=CARTESIAN_POINT('Ctrl Pts',(-44.7894187466157,-7.48057287655182,5.95280091454946));
#3057=CARTESIAN_POINT('Ctrl Pts',(-44.556514206717,-7.30308288912341,4.95280091454946));
#3058=CARTESIAN_POINT('Ctrl Pts',(-44.556514206717,-7.30308288912341,5.95280091454946));
#3059=CARTESIAN_POINT('Ctrl Pts',(-44.3722073271814,-7.11420055228689,4.95280091454946));
#3060=CARTESIAN_POINT('Ctrl Pts',(-44.3722073271814,-7.11420055228689,5.95280091454946));
#3061=CARTESIAN_POINT('Ctrl Pts',(-44.2514578885567,-6.92441333906082,4.95280091454946));
#3062=CARTESIAN_POINT('Ctrl Pts',(-44.2514578885567,-6.92441333906082,5.95280091454946));
#3063=CARTESIAN_POINT('Ctrl Pts',(-44.201978473649,-6.74047788063806,4.95280091454946));
#3064=CARTESIAN_POINT('Ctrl Pts',(-44.201978473649,-6.74047788063806,5.95280091454946));
#3065=CARTESIAN_POINT('Ctrl Pts',(-44.2203765592727,-6.56325317942361,4.95280091454946));
#3066=CARTESIAN_POINT('Ctrl Pts',(-44.2203765592727,-6.56325317942361,5.95280091454946));
#3067=CARTESIAN_POINT('Ctrl Pts',(-44.2946970946849,-6.38902933068593,4.95280091454946));
#3068=CARTESIAN_POINT('Ctrl Pts',(-44.2946970946849,-6.38902933068593,5.95280091454946));
#3069=CARTESIAN_POINT('Ctrl Pts',(-44.4084795352183,-6.21168401287424,4.95280091454946));
#3070=CARTESIAN_POINT('Ctrl Pts',(-44.4084795352183,-6.21168401287424,5.95280091454946));
#3071=CARTESIAN_POINT('Ctrl Pts',(-44.5440545499561,-6.02442555031868,4.95280091454946));
#3072=CARTESIAN_POINT('Ctrl Pts',(-44.5440545499561,-6.02442555031868,5.95280091454946));
#3073=CARTESIAN_POINT('Ctrl Pts',(-44.6866507156724,-5.82197964744021,4.95280091454946));
#3074=CARTESIAN_POINT('Ctrl Pts',(-44.6866507156724,-5.82197964744021,5.95280091454946));
#3075=CARTESIAN_POINT('Ctrl Pts',(-44.8264103443792,-5.60163386190121,4.95280091454946));
#3076=CARTESIAN_POINT('Ctrl Pts',(-44.8264103443792,-5.60163386190121,5.95280091454946));
#3077=CARTESIAN_POINT('Ctrl Pts',(-44.9571683808301,-5.36251033873776,4.95280091454946));
#3078=CARTESIAN_POINT('Ctrl Pts',(-44.9571683808301,-5.36251033873776,5.95280091454946));
#3079=CARTESIAN_POINT('Ctrl Pts',(-45.0759875719912,-5.1052556957125,4.95280091454946));
#3080=CARTESIAN_POINT('Ctrl Pts',(-45.0759875719912,-5.1052556957125,5.95280091454946));
#3081=CARTESIAN_POINT('Ctrl Pts',(-45.1824011195258,-4.83156349244035,4.95280091454946));
#3082=CARTESIAN_POINT('Ctrl Pts',(-45.1824011195258,-4.83156349244035,5.95280091454946));
#3083=CARTESIAN_POINT('Ctrl Pts',(-45.2778005803118,-4.54379298756085,4.95280091454946));
#3084=CARTESIAN_POINT('Ctrl Pts',(-45.2778005803118,-4.54379298756085,5.95280091454946));
#3085=CARTESIAN_POINT('Ctrl Pts',(-45.3647509645584,-4.24450306420146,4.95280091454946));
#3086=CARTESIAN_POINT('Ctrl Pts',(-45.3647509645584,-4.24450306420146,5.95280091454946));
#3087=CARTESIAN_POINT('Ctrl Pts',(-45.4465131094401,-3.93644773562123,4.95280091454946));
#3088=CARTESIAN_POINT('Ctrl Pts',(-45.4465131094401,-3.93644773562123,5.95280091454946));
#3089=CARTESIAN_POINT('Ctrl Pts',(-45.5265870420235,-3.62265932337576,4.95280091454946));
#3090=CARTESIAN_POINT('Ctrl Pts',(-45.5265870420235,-3.62265932337576,5.95280091454946));
#3091=CARTESIAN_POINT('Ctrl Pts',(-45.6082637476932,-3.30649805197869,4.95280091454946));
#3092=CARTESIAN_POINT('Ctrl Pts',(-45.6082637476932,-3.30649805197869,5.95280091454946));
#3093=CARTESIAN_POINT('Ctrl Pts',(-45.6941442528748,-2.99172959727445,4.95280091454946));
#3094=CARTESIAN_POINT('Ctrl Pts',(-45.6941442528748,-2.99172959727445,5.95280091454946));
#3095=CARTESIAN_POINT('Ctrl Pts',(-45.785737723532,-2.68256448072496,4.95280091454946));
#3096=CARTESIAN_POINT('Ctrl Pts',(-45.785737723532,-2.68256448072496,5.95280091454946));
#3097=CARTESIAN_POINT('Ctrl Pts',(-45.8828541216195,-2.38378525854175,4.95280091454946));
#3098=CARTESIAN_POINT('Ctrl Pts',(-45.8828541216195,-2.38378525854175,5.95280091454946));
#3099=CARTESIAN_POINT('Ctrl Pts',(-45.9837542342583,-2.10055617122182,4.95280091454946));
#3100=CARTESIAN_POINT('Ctrl Pts',(-45.9837542342583,-2.10055617122182,5.95280091454946));
#3101=CARTESIAN_POINT('Ctrl Pts',(-46.0860169804937,-1.83793070952872,4.95280091454946));
#3102=CARTESIAN_POINT('Ctrl Pts',(-46.0860169804937,-1.83793070952872,5.95280091454946));
#3103=CARTESIAN_POINT('Ctrl Pts',(-46.1871924839998,-1.60044997259241,4.95280091454946));
#3104=CARTESIAN_POINT('Ctrl Pts',(-46.1871924839998,-1.60044997259241,5.95280091454946));
#3105=CARTESIAN_POINT('Ctrl Pts',(-46.2855693591236,-1.39168252125261,4.95280091454946));
#3106=CARTESIAN_POINT('Ctrl Pts',(-46.2855693591236,-1.39168252125261,5.95280091454946));
#3107=CARTESIAN_POINT('Ctrl Pts',(-46.3808310228759,-1.21382670548672,4.95280091454946));
#3108=CARTESIAN_POINT('Ctrl Pts',(-46.3808310228759,-1.21382670548672,5.95280091454946));
#3109=CARTESIAN_POINT('Ctrl Pts',(-46.4749343990884,-1.06716633880352,4.95280091454946));
#3110=CARTESIAN_POINT('Ctrl Pts',(-46.4749343990884,-1.06716633880352,5.95280091454946));
#3111=CARTESIAN_POINT('Ctrl Pts',(-46.5714211544792,-0.950560973686103,
4.95280091454946));
#3112=CARTESIAN_POINT('Ctrl Pts',(-46.5714211544792,-0.950560973686103,
5.95280091454946));
#3113=CARTESIAN_POINT('Ctrl Pts',(-46.6743764202387,-0.862165607974124,
4.95280091454946));
#3114=CARTESIAN_POINT('Ctrl Pts',(-46.6743764202387,-0.862165607974124,
5.95280091454946));
#3115=CARTESIAN_POINT('Ctrl Pts',(-46.7875806290398,-0.800024432803851,
4.95280091454946));
#3116=CARTESIAN_POINT('Ctrl Pts',(-46.7875806290398,-0.800024432803851,
5.95280091454946));
#3117=CARTESIAN_POINT('Ctrl Pts',(-46.9134093008509,-0.762816847239498,
4.95280091454946));
#3118=CARTESIAN_POINT('Ctrl Pts',(-46.9134093008509,-0.762816847239498,
5.95280091454946));
#3119=CARTESIAN_POINT('Ctrl Pts',(-47.025062700974,-0.752444360891203,4.95280091454946));
#3120=CARTESIAN_POINT('Ctrl Pts',(-47.025062700974,-0.752444360891203,5.95280091454946));
#3121=CARTESIAN_POINT('Ctrl Pts',(-47.115145205046,-0.75544427692848,4.95280091454946));
#3122=CARTESIAN_POINT('Ctrl Pts',(-47.115145205046,-0.75544427692848,5.95280091454946));
#3123=CARTESIAN_POINT('Ctrl Pts',(-47.1780154407725,-0.762230598587715,
4.95280091454946));
#3124=CARTESIAN_POINT('Ctrl Pts',(-47.1780154407725,-0.762230598587715,
5.95280091454946));
#3125=CARTESIAN_POINT('Ctrl Pts',(-47.2101544111802,-0.766820327435686,
4.95280091454946));
#3126=CARTESIAN_POINT('Ctrl Pts',(-47.2101544111802,-0.766820327435686,
5.95280091454946));
#3127=CARTESIAN_POINT('',(-46.3444602240735,-7.48826706472813,4.95280091454946));
#3128=CARTESIAN_POINT('',(-47.2101544111802,-0.766820327435686,4.95280091454946));
#3129=CARTESIAN_POINT('Ctrl Pts',(-46.3444602240735,-7.48826706472813,4.95280091454946));
#3130=CARTESIAN_POINT('Ctrl Pts',(-46.3194378644239,-7.52896133634554,4.95280091454946));
#3131=CARTESIAN_POINT('Ctrl Pts',(-46.2659560415283,-7.60407995457678,4.95280091454946));
#3132=CARTESIAN_POINT('Ctrl Pts',(-46.1754215509338,-7.69794784348468,4.95280091454946));
#3133=CARTESIAN_POINT('Ctrl Pts',(-46.0340682409177,-7.78544893310543,4.95280091454946));
#3134=CARTESIAN_POINT('Ctrl Pts',(-45.8241049783284,-7.83261222594984,4.95280091454946));
#3135=CARTESIAN_POINT('Ctrl Pts',(-45.5845459658132,-7.81963476761161,4.95280091454946));
#3136=CARTESIAN_POINT('Ctrl Pts',(-45.3227878807889,-7.75088554447988,4.95280091454946));
#3137=CARTESIAN_POINT('Ctrl Pts',(-45.0516126934131,-7.63409548200919,4.95280091454946));
#3138=CARTESIAN_POINT('Ctrl Pts',(-44.7894187466157,-7.48057287655182,4.95280091454946));
#3139=CARTESIAN_POINT('Ctrl Pts',(-44.556514206717,-7.30308288912341,4.95280091454946));
#3140=CARTESIAN_POINT('Ctrl Pts',(-44.3722073271814,-7.11420055228689,4.95280091454946));
#3141=CARTESIAN_POINT('Ctrl Pts',(-44.2514578885567,-6.92441333906082,4.95280091454946));
#3142=CARTESIAN_POINT('Ctrl Pts',(-44.201978473649,-6.74047788063806,4.95280091454946));
#3143=CARTESIAN_POINT('Ctrl Pts',(-44.2203765592727,-6.56325317942361,4.95280091454946));
#3144=CARTESIAN_POINT('Ctrl Pts',(-44.2946970946849,-6.38902933068593,4.95280091454946));
#3145=CARTESIAN_POINT('Ctrl Pts',(-44.4084795352183,-6.21168401287424,4.95280091454946));
#3146=CARTESIAN_POINT('Ctrl Pts',(-44.5440545499561,-6.02442555031868,4.95280091454946));
#3147=CARTESIAN_POINT('Ctrl Pts',(-44.6866507156724,-5.82197964744021,4.95280091454946));
#3148=CARTESIAN_POINT('Ctrl Pts',(-44.8264103443792,-5.60163386190121,4.95280091454946));
#3149=CARTESIAN_POINT('Ctrl Pts',(-44.9571683808301,-5.36251033873776,4.95280091454946));
#3150=CARTESIAN_POINT('Ctrl Pts',(-45.0759875719912,-5.1052556957125,4.95280091454946));
#3151=CARTESIAN_POINT('Ctrl Pts',(-45.1824011195258,-4.83156349244035,4.95280091454946));
#3152=CARTESIAN_POINT('Ctrl Pts',(-45.2778005803118,-4.54379298756085,4.95280091454946));
#3153=CARTESIAN_POINT('Ctrl Pts',(-45.3647509645584,-4.24450306420146,4.95280091454946));
#3154=CARTESIAN_POINT('Ctrl Pts',(-45.4465131094401,-3.93644773562123,4.95280091454946));
#3155=CARTESIAN_POINT('Ctrl Pts',(-45.5265870420235,-3.62265932337576,4.95280091454946));
#3156=CARTESIAN_POINT('Ctrl Pts',(-45.6082637476932,-3.30649805197869,4.95280091454946));
#3157=CARTESIAN_POINT('Ctrl Pts',(-45.6941442528748,-2.99172959727445,4.95280091454946));
#3158=CARTESIAN_POINT('Ctrl Pts',(-45.785737723532,-2.68256448072496,4.95280091454946));
#3159=CARTESIAN_POINT('Ctrl Pts',(-45.8828541216195,-2.38378525854175,4.95280091454946));
#3160=CARTESIAN_POINT('Ctrl Pts',(-45.9837542342583,-2.10055617122182,4.95280091454946));
#3161=CARTESIAN_POINT('Ctrl Pts',(-46.0860169804937,-1.83793070952872,4.95280091454946));
#3162=CARTESIAN_POINT('Ctrl Pts',(-46.1871924839998,-1.60044997259241,4.95280091454946));
#3163=CARTESIAN_POINT('Ctrl Pts',(-46.2855693591236,-1.39168252125261,4.95280091454946));
#3164=CARTESIAN_POINT('Ctrl Pts',(-46.3808310228759,-1.21382670548672,4.95280091454946));
#3165=CARTESIAN_POINT('Ctrl Pts',(-46.4749343990884,-1.06716633880352,4.95280091454946));
#3166=CARTESIAN_POINT('Ctrl Pts',(-46.5714211544792,-0.950560973686103,
4.95280091454946));
#3167=CARTESIAN_POINT('Ctrl Pts',(-46.6743764202387,-0.862165607974124,
4.95280091454946));
#3168=CARTESIAN_POINT('Ctrl Pts',(-46.7875806290398,-0.800024432803851,
4.95280091454946));
#3169=CARTESIAN_POINT('Ctrl Pts',(-46.9134093008509,-0.762816847239498,
4.95280091454946));
#3170=CARTESIAN_POINT('Ctrl Pts',(-47.025062700974,-0.752444360891203,4.95280091454946));
#3171=CARTESIAN_POINT('Ctrl Pts',(-47.115145205046,-0.75544427692848,4.95280091454946));
#3172=CARTESIAN_POINT('Ctrl Pts',(-47.1780154407725,-0.762230598587715,
4.95280091454946));
#3173=CARTESIAN_POINT('Ctrl Pts',(-47.2101544111802,-0.766820327435686,
4.95280091454946));
#3174=CARTESIAN_POINT('',(-46.3444602240735,-7.48826706472813,5.95280091454946));
#3175=CARTESIAN_POINT('',(-46.3444602240735,-7.48826706472813,4.95280091454946));
#3176=CARTESIAN_POINT('',(-47.2101544111802,-0.766820327435686,5.95280091454946));
#3177=CARTESIAN_POINT('Ctrl Pts',(-46.3444602240735,-7.48826706472813,5.95280091454946));
#3178=CARTESIAN_POINT('Ctrl Pts',(-46.3194378644239,-7.52896133634554,5.95280091454946));
#3179=CARTESIAN_POINT('Ctrl Pts',(-46.2659560415283,-7.60407995457678,5.95280091454946));
#3180=CARTESIAN_POINT('Ctrl Pts',(-46.1754215509338,-7.69794784348468,5.95280091454946));
#3181=CARTESIAN_POINT('Ctrl Pts',(-46.0340682409177,-7.78544893310543,5.95280091454946));
#3182=CARTESIAN_POINT('Ctrl Pts',(-45.8241049783284,-7.83261222594984,5.95280091454946));
#3183=CARTESIAN_POINT('Ctrl Pts',(-45.5845459658132,-7.81963476761161,5.95280091454946));
#3184=CARTESIAN_POINT('Ctrl Pts',(-45.3227878807889,-7.75088554447988,5.95280091454946));
#3185=CARTESIAN_POINT('Ctrl Pts',(-45.0516126934131,-7.63409548200919,5.95280091454946));
#3186=CARTESIAN_POINT('Ctrl Pts',(-44.7894187466157,-7.48057287655182,5.95280091454946));
#3187=CARTESIAN_POINT('Ctrl Pts',(-44.556514206717,-7.30308288912341,5.95280091454946));
#3188=CARTESIAN_POINT('Ctrl Pts',(-44.3722073271814,-7.11420055228689,5.95280091454946));
#3189=CARTESIAN_POINT('Ctrl Pts',(-44.2514578885567,-6.92441333906082,5.95280091454946));
#3190=CARTESIAN_POINT('Ctrl Pts',(-44.201978473649,-6.74047788063806,5.95280091454946));
#3191=CARTESIAN_POINT('Ctrl Pts',(-44.2203765592727,-6.56325317942361,5.95280091454946));
#3192=CARTESIAN_POINT('Ctrl Pts',(-44.2946970946849,-6.38902933068593,5.95280091454946));
#3193=CARTESIAN_POINT('Ctrl Pts',(-44.4084795352183,-6.21168401287424,5.95280091454946));
#3194=CARTESIAN_POINT('Ctrl Pts',(-44.5440545499561,-6.02442555031868,5.95280091454946));
#3195=CARTESIAN_POINT('Ctrl Pts',(-44.6866507156724,-5.82197964744021,5.95280091454946));
#3196=CARTESIAN_POINT('Ctrl Pts',(-44.8264103443792,-5.60163386190121,5.95280091454946));
#3197=CARTESIAN_POINT('Ctrl Pts',(-44.9571683808301,-5.36251033873776,5.95280091454946));
#3198=CARTESIAN_POINT('Ctrl Pts',(-45.0759875719912,-5.1052556957125,5.95280091454946));
#3199=CARTESIAN_POINT('Ctrl Pts',(-45.1824011195258,-4.83156349244035,5.95280091454946));
#3200=CARTESIAN_POINT('Ctrl Pts',(-45.2778005803118,-4.54379298756085,5.95280091454946));
#3201=CARTESIAN_POINT('Ctrl Pts',(-45.3647509645584,-4.24450306420146,5.95280091454946));
#3202=CARTESIAN_POINT('Ctrl Pts',(-45.4465131094401,-3.93644773562123,5.95280091454946));
#3203=CARTESIAN_POINT('Ctrl Pts',(-45.5265870420235,-3.62265932337576,5.95280091454946));
#3204=CARTESIAN_POINT('Ctrl Pts',(-45.6082637476932,-3.30649805197869,5.95280091454946));
#3205=CARTESIAN_POINT('Ctrl Pts',(-45.6941442528748,-2.99172959727445,5.95280091454946));
#3206=CARTESIAN_POINT('Ctrl Pts',(-45.785737723532,-2.68256448072496,5.95280091454946));
#3207=CARTESIAN_POINT('Ctrl Pts',(-45.8828541216195,-2.38378525854175,5.95280091454946));
#3208=CARTESIAN_POINT('Ctrl Pts',(-45.9837542342583,-2.10055617122182,5.95280091454946));
#3209=CARTESIAN_POINT('Ctrl Pts',(-46.0860169804937,-1.83793070952872,5.95280091454946));
#3210=CARTESIAN_POINT('Ctrl Pts',(-46.1871924839998,-1.60044997259241,5.95280091454946));
#3211=CARTESIAN_POINT('Ctrl Pts',(-46.2855693591236,-1.39168252125261,5.95280091454946));
#3212=CARTESIAN_POINT('Ctrl Pts',(-46.3808310228759,-1.21382670548672,5.95280091454946));
#3213=CARTESIAN_POINT('Ctrl Pts',(-46.4749343990884,-1.06716633880352,5.95280091454946));
#3214=CARTESIAN_POINT('Ctrl Pts',(-46.5714211544792,-0.950560973686103,
5.95280091454946));
#3215=CARTESIAN_POINT('Ctrl Pts',(-46.6743764202387,-0.862165607974124,
5.95280091454946));
#3216=CARTESIAN_POINT('Ctrl Pts',(-46.7875806290398,-0.800024432803851,
5.95280091454946));
#3217=CARTESIAN_POINT('Ctrl Pts',(-46.9134093008509,-0.762816847239498,
5.95280091454946));
#3218=CARTESIAN_POINT('Ctrl Pts',(-47.025062700974,-0.752444360891203,5.95280091454946));
#3219=CARTESIAN_POINT('Ctrl Pts',(-47.115145205046,-0.75544427692848,5.95280091454946));
#3220=CARTESIAN_POINT('Ctrl Pts',(-47.1780154407725,-0.762230598587715,
5.95280091454946));
#3221=CARTESIAN_POINT('Ctrl Pts',(-47.2101544111802,-0.766820327435686,
5.95280091454946));
#3222=CARTESIAN_POINT('',(-47.2101544111802,-0.766820327435686,4.95280091454946));
#3223=CARTESIAN_POINT('Ctrl Pts',(-46.7667500714426,-4.91229899577626,4.95280091454946));
#3224=CARTESIAN_POINT('Ctrl Pts',(-46.7667500714426,-4.91229899577626,5.95280091454946));
#3225=CARTESIAN_POINT('Ctrl Pts',(-46.7568143802604,-4.97480576064281,4.95280091454946));
#3226=CARTESIAN_POINT('Ctrl Pts',(-46.7568143802604,-4.97480576064281,5.95280091454946));
#3227=CARTESIAN_POINT('Ctrl Pts',(-46.7370707655505,-5.09887705249923,4.95280091454946));
#3228=CARTESIAN_POINT('Ctrl Pts',(-46.7370707655505,-5.09887705249923,5.95280091454946));
#3229=CARTESIAN_POINT('Ctrl Pts',(-46.7078386252066,-5.28215743331272,4.95280091454946));
#3230=CARTESIAN_POINT('Ctrl Pts',(-46.7078386252066,-5.28215743331272,5.95280091454946));
#3231=CARTESIAN_POINT('Ctrl Pts',(-46.6696417966546,-5.52078380122581,4.95280091454946));
#3232=CARTESIAN_POINT('Ctrl Pts',(-46.6696417966546,-5.52078380122581,5.95280091454946));
#3233=CARTESIAN_POINT('Ctrl Pts',(-46.6232848911737,-5.80882245396874,4.95280091454946));
#3234=CARTESIAN_POINT('Ctrl Pts',(-46.6232848911737,-5.80882245396874,5.95280091454946));
#3235=CARTESIAN_POINT('Ctrl Pts',(-46.578448860179,-6.08564523561894,4.95280091454946));
#3236=CARTESIAN_POINT('Ctrl Pts',(-46.578448860179,-6.08564523561894,5.95280091454946));
#3237=CARTESIAN_POINT('Ctrl Pts',(-46.5352702169818,-6.35024541242748,4.95280091454946));
#3238=CARTESIAN_POINT('Ctrl Pts',(-46.5352702169818,-6.35024541242748,5.95280091454946));
#3239=CARTESIAN_POINT('Ctrl Pts',(-46.4938446630895,-6.60191722219294,4.95280091454946));
#3240=CARTESIAN_POINT('Ctrl Pts',(-46.4938446630895,-6.60191722219294,5.95280091454946));
#3241=CARTESIAN_POINT('Ctrl Pts',(-46.4541333695768,-6.84094701351807,4.95280091454946));
#3242=CARTESIAN_POINT('Ctrl Pts',(-46.4541333695768,-6.84094701351807,5.95280091454946));
#3243=CARTESIAN_POINT('Ctrl Pts',(-46.416019381683,-7.06819728334794,4.95280091454946));
#3244=CARTESIAN_POINT('Ctrl Pts',(-46.416019381683,-7.06819728334794,5.95280091454946));
#3245=CARTESIAN_POINT('Ctrl Pts',(-46.3867075631285,-7.24130008103361,4.95280091454946));
#3246=CARTESIAN_POINT('Ctrl Pts',(-46.3867075631285,-7.24130008103361,5.95280091454946));
#3247=CARTESIAN_POINT('Ctrl Pts',(-46.3653458573479,-7.36653899970242,4.95280091454946));
#3248=CARTESIAN_POINT('Ctrl Pts',(-46.3653458573479,-7.36653899970242,5.95280091454946));
#3249=CARTESIAN_POINT('Ctrl Pts',(-46.3513767616692,-7.44802540950424,4.95280091454946));
#3250=CARTESIAN_POINT('Ctrl Pts',(-46.3513767616692,-7.44802540950424,5.95280091454946));
#3251=CARTESIAN_POINT('Ctrl Pts',(-46.3444602240735,-7.48826706472813,4.95280091454946));
#3252=CARTESIAN_POINT('Ctrl Pts',(-46.3444602240735,-7.48826706472813,5.95280091454946));
#3253=CARTESIAN_POINT('',(-46.7667500714426,-4.91229899577626,4.95280091454946));
#3254=CARTESIAN_POINT('Ctrl Pts',(-46.7667500714426,-4.91229899577626,4.95280091454946));
#3255=CARTESIAN_POINT('Ctrl Pts',(-46.7568143802604,-4.97480576064281,4.95280091454946));
#3256=CARTESIAN_POINT('Ctrl Pts',(-46.7370707655505,-5.09887705249923,4.95280091454946));
#3257=CARTESIAN_POINT('Ctrl Pts',(-46.7078386252066,-5.28215743331272,4.95280091454946));
#3258=CARTESIAN_POINT('Ctrl Pts',(-46.6696417966546,-5.52078380122581,4.95280091454946));
#3259=CARTESIAN_POINT('Ctrl Pts',(-46.6232848911737,-5.80882245396874,4.95280091454946));
#3260=CARTESIAN_POINT('Ctrl Pts',(-46.578448860179,-6.08564523561894,4.95280091454946));
#3261=CARTESIAN_POINT('Ctrl Pts',(-46.5352702169818,-6.35024541242748,4.95280091454946));
#3262=CARTESIAN_POINT('Ctrl Pts',(-46.4938446630895,-6.60191722219294,4.95280091454946));
#3263=CARTESIAN_POINT('Ctrl Pts',(-46.4541333695768,-6.84094701351807,4.95280091454946));
#3264=CARTESIAN_POINT('Ctrl Pts',(-46.416019381683,-7.06819728334794,4.95280091454946));
#3265=CARTESIAN_POINT('Ctrl Pts',(-46.3867075631285,-7.24130008103361,4.95280091454946));
#3266=CARTESIAN_POINT('Ctrl Pts',(-46.3653458573479,-7.36653899970242,4.95280091454946));
#3267=CARTESIAN_POINT('Ctrl Pts',(-46.3513767616692,-7.44802540950424,4.95280091454946));
#3268=CARTESIAN_POINT('Ctrl Pts',(-46.3444602240735,-7.48826706472813,4.95280091454946));
#3269=CARTESIAN_POINT('',(-46.7667500714426,-4.91229899577626,5.95280091454946));
#3270=CARTESIAN_POINT('',(-46.7667500714426,-4.91229899577626,4.95280091454946));
#3271=CARTESIAN_POINT('Ctrl Pts',(-46.7667500714426,-4.91229899577626,5.95280091454946));
#3272=CARTESIAN_POINT('Ctrl Pts',(-46.7568143802604,-4.97480576064281,5.95280091454946));
#3273=CARTESIAN_POINT('Ctrl Pts',(-46.7370707655505,-5.09887705249923,5.95280091454946));
#3274=CARTESIAN_POINT('Ctrl Pts',(-46.7078386252066,-5.28215743331272,5.95280091454946));
#3275=CARTESIAN_POINT('Ctrl Pts',(-46.6696417966546,-5.52078380122581,5.95280091454946));
#3276=CARTESIAN_POINT('Ctrl Pts',(-46.6232848911737,-5.80882245396874,5.95280091454946));
#3277=CARTESIAN_POINT('Ctrl Pts',(-46.578448860179,-6.08564523561894,5.95280091454946));
#3278=CARTESIAN_POINT('Ctrl Pts',(-46.5352702169818,-6.35024541242748,5.95280091454946));
#3279=CARTESIAN_POINT('Ctrl Pts',(-46.4938446630895,-6.60191722219294,5.95280091454946));
#3280=CARTESIAN_POINT('Ctrl Pts',(-46.4541333695768,-6.84094701351807,5.95280091454946));
#3281=CARTESIAN_POINT('Ctrl Pts',(-46.416019381683,-7.06819728334794,5.95280091454946));
#3282=CARTESIAN_POINT('Ctrl Pts',(-46.3867075631285,-7.24130008103361,5.95280091454946));
#3283=CARTESIAN_POINT('Ctrl Pts',(-46.3653458573479,-7.36653899970242,5.95280091454946));
#3284=CARTESIAN_POINT('Ctrl Pts',(-46.3513767616692,-7.44802540950424,5.95280091454946));
#3285=CARTESIAN_POINT('Ctrl Pts',(-46.3444602240735,-7.48826706472813,5.95280091454946));
#3286=CARTESIAN_POINT('Ctrl Pts',(-47.0764292928467,-4.82804558057592,4.95280091454946));
#3287=CARTESIAN_POINT('Ctrl Pts',(-47.0764292928467,-4.82804558057592,5.95280091454946));
#3288=CARTESIAN_POINT('Ctrl Pts',(-47.0646459832799,-4.82649026020673,4.95280091454946));
#3289=CARTESIAN_POINT('Ctrl Pts',(-47.0646459832799,-4.82649026020673,5.95280091454946));
#3290=CARTESIAN_POINT('Ctrl Pts',(-47.0415627969198,-4.82365986761135,4.95280091454946));
#3291=CARTESIAN_POINT('Ctrl Pts',(-47.0415627969198,-4.82365986761135,5.95280091454946));
#3292=CARTESIAN_POINT('Ctrl Pts',(-47.0083882498924,-4.82025498499821,4.95280091454946));
#3293=CARTESIAN_POINT('Ctrl Pts',(-47.0083882498924,-4.82025498499821,5.95280091454946));
#3294=CARTESIAN_POINT('Ctrl Pts',(-46.9671042728179,-4.81742454641978,4.95280091454946));
#3295=CARTESIAN_POINT('Ctrl Pts',(-46.9671042728179,-4.81742454641978,5.95280091454946));
#3296=CARTESIAN_POINT('Ctrl Pts',(-46.9207515278816,-4.81693123735283,4.95280091454946));
#3297=CARTESIAN_POINT('Ctrl Pts',(-46.9207515278816,-4.81693123735283,5.95280091454946));
#3298=CARTESIAN_POINT('Ctrl Pts',(-46.8801360113722,-4.81976382527862,4.95280091454946));
#3299=CARTESIAN_POINT('Ctrl Pts',(-46.8801360113722,-4.81976382527862,5.95280091454946));
#3300=CARTESIAN_POINT('Ctrl Pts',(-46.8457508657918,-4.82620818710705,4.95280091454946));
#3301=CARTESIAN_POINT('Ctrl Pts',(-46.8457508657918,-4.82620818710705,5.95280091454946));
#3302=CARTESIAN_POINT('Ctrl Pts',(-46.8179093795619,-4.83644593753215,4.95280091454946));
#3303=CARTESIAN_POINT('Ctrl Pts',(-46.8179093795619,-4.83644593753215,5.95280091454946));
#3304=CARTESIAN_POINT('Ctrl Pts',(-46.7964115835059,-4.85036115352213,4.95280091454946));
#3305=CARTESIAN_POINT('Ctrl Pts',(-46.7964115835059,-4.85036115352213,5.95280091454946));
#3306=CARTESIAN_POINT('Ctrl Pts',(-46.7808028519391,-4.86769028652757,4.95280091454946));
#3307=CARTESIAN_POINT('Ctrl Pts',(-46.7808028519391,-4.86769028652757,5.95280091454946));
#3308=CARTESIAN_POINT('Ctrl Pts',(-46.7726529194011,-4.88406780177689,4.95280091454946));
#3309=CARTESIAN_POINT('Ctrl Pts',(-46.7726529194011,-4.88406780177689,5.95280091454946));
#3310=CARTESIAN_POINT('Ctrl Pts',(-46.7688268049643,-4.89767633681039,4.95280091454946));
#3311=CARTESIAN_POINT('Ctrl Pts',(-46.7688268049643,-4.89767633681039,5.95280091454946));
#3312=CARTESIAN_POINT('Ctrl Pts',(-46.7672757063045,-4.90732819176514,4.95280091454946));
#3313=CARTESIAN_POINT('Ctrl Pts',(-46.7672757063045,-4.90732819176514,5.95280091454946));
#3314=CARTESIAN_POINT('Ctrl Pts',(-46.7667500714426,-4.91229899577626,4.95280091454946));
#3315=CARTESIAN_POINT('Ctrl Pts',(-46.7667500714426,-4.91229899577626,5.95280091454946));
#3316=CARTESIAN_POINT('',(-47.0764292928467,-4.82804558057592,4.95280091454946));
#3317=CARTESIAN_POINT('Ctrl Pts',(-47.0764292928467,-4.82804558057592,4.95280091454946));
#3318=CARTESIAN_POINT('Ctrl Pts',(-47.0646459832799,-4.82649026020673,4.95280091454946));
#3319=CARTESIAN_POINT('Ctrl Pts',(-47.0415627969198,-4.82365986761135,4.95280091454946));
#3320=CARTESIAN_POINT('Ctrl Pts',(-47.0083882498924,-4.82025498499821,4.95280091454946));
#3321=CARTESIAN_POINT('Ctrl Pts',(-46.9671042728179,-4.81742454641978,4.95280091454946));
#3322=CARTESIAN_POINT('Ctrl Pts',(-46.9207515278816,-4.81693123735283,4.95280091454946));
#3323=CARTESIAN_POINT('Ctrl Pts',(-46.8801360113722,-4.81976382527862,4.95280091454946));
#3324=CARTESIAN_POINT('Ctrl Pts',(-46.8457508657918,-4.82620818710705,4.95280091454946));
#3325=CARTESIAN_POINT('Ctrl Pts',(-46.8179093795619,-4.83644593753215,4.95280091454946));
#3326=CARTESIAN_POINT('Ctrl Pts',(-46.7964115835059,-4.85036115352213,4.95280091454946));
#3327=CARTESIAN_POINT('Ctrl Pts',(-46.7808028519391,-4.86769028652757,4.95280091454946));
#3328=CARTESIAN_POINT('Ctrl Pts',(-46.7726529194011,-4.88406780177689,4.95280091454946));
#3329=CARTESIAN_POINT('Ctrl Pts',(-46.7688268049643,-4.89767633681039,4.95280091454946));
#3330=CARTESIAN_POINT('Ctrl Pts',(-46.7672757063045,-4.90732819176514,4.95280091454946));
#3331=CARTESIAN_POINT('Ctrl Pts',(-46.7667500714426,-4.91229899577626,4.95280091454946));
#3332=CARTESIAN_POINT('',(-47.0764292928467,-4.82804558057592,5.95280091454946));
#3333=CARTESIAN_POINT('',(-47.0764292928467,-4.82804558057592,4.95280091454946));
#3334=CARTESIAN_POINT('Ctrl Pts',(-47.0764292928467,-4.82804558057592,5.95280091454946));
#3335=CARTESIAN_POINT('Ctrl Pts',(-47.0646459832799,-4.82649026020673,5.95280091454946));
#3336=CARTESIAN_POINT('Ctrl Pts',(-47.0415627969198,-4.82365986761135,5.95280091454946));
#3337=CARTESIAN_POINT('Ctrl Pts',(-47.0083882498924,-4.82025498499821,5.95280091454946));
#3338=CARTESIAN_POINT('Ctrl Pts',(-46.9671042728179,-4.81742454641978,5.95280091454946));
#3339=CARTESIAN_POINT('Ctrl Pts',(-46.9207515278816,-4.81693123735283,5.95280091454946));
#3340=CARTESIAN_POINT('Ctrl Pts',(-46.8801360113722,-4.81976382527862,5.95280091454946));
#3341=CARTESIAN_POINT('Ctrl Pts',(-46.8457508657918,-4.82620818710705,5.95280091454946));
#3342=CARTESIAN_POINT('Ctrl Pts',(-46.8179093795619,-4.83644593753215,5.95280091454946));
#3343=CARTESIAN_POINT('Ctrl Pts',(-46.7964115835059,-4.85036115352213,5.95280091454946));
#3344=CARTESIAN_POINT('Ctrl Pts',(-46.7808028519391,-4.86769028652757,5.95280091454946));
#3345=CARTESIAN_POINT('Ctrl Pts',(-46.7726529194011,-4.88406780177689,5.95280091454946));
#3346=CARTESIAN_POINT('Ctrl Pts',(-46.7688268049643,-4.89767633681039,5.95280091454946));
#3347=CARTESIAN_POINT('Ctrl Pts',(-46.7672757063045,-4.90732819176514,5.95280091454946));
#3348=CARTESIAN_POINT('Ctrl Pts',(-46.7667500714426,-4.91229899577626,5.95280091454946));
#3349=CARTESIAN_POINT('Ctrl Pts',(-49.4834814228509,-6.82667963718313,4.95280091454946));
#3350=CARTESIAN_POINT('Ctrl Pts',(-49.4834814228509,-6.82667963718313,5.95280091454946));
#3351=CARTESIAN_POINT('Ctrl Pts',(-49.4812662460028,-6.84044920756371,4.95280091454946));
#3352=CARTESIAN_POINT('Ctrl Pts',(-49.4812662460028,-6.84044920756371,5.95280091454946));
#3353=CARTESIAN_POINT('Ctrl Pts',(-49.4733523323635,-6.86855146840823,4.95280091454946));
#3354=CARTESIAN_POINT('Ctrl Pts',(-49.4733523323635,-6.86855146840823,5.95280091454946));
#3355=CARTESIAN_POINT('Ctrl Pts',(-49.4510304730275,-6.91239446162216,4.95280091454946));
#3356=CARTESIAN_POINT('Ctrl Pts',(-49.4510304730275,-6.91239446162216,5.95280091454946));
#3357=CARTESIAN_POINT('Ctrl Pts',(-49.4003308392798,-6.97423502015079,4.95280091454946));
#3358=CARTESIAN_POINT('Ctrl Pts',(-49.4003308392798,-6.97423502015079,5.95280091454946));
#3359=CARTESIAN_POINT('Ctrl Pts',(-49.3024539446095,-7.05676600156421,4.95280091454946));
#3360=CARTESIAN_POINT('Ctrl Pts',(-49.3024539446095,-7.05676600156421,5.95280091454946));
#3361=CARTESIAN_POINT('Ctrl Pts',(-49.1716907562343,-7.14319837619208,4.95280091454946));
#3362=CARTESIAN_POINT('Ctrl Pts',(-49.1716907562343,-7.14319837619208,5.95280091454946));
#3363=CARTESIAN_POINT('Ctrl Pts',(-49.0114876969494,-7.23088894627746,4.95280091454946));
#3364=CARTESIAN_POINT('Ctrl Pts',(-49.0114876969494,-7.23088894627746,5.95280091454946));
#3365=CARTESIAN_POINT('Ctrl Pts',(-48.8280905442139,-7.31521014410459,4.95280091454946));
#3366=CARTESIAN_POINT('Ctrl Pts',(-48.8280905442139,-7.31521014410459,5.95280091454946));
#3367=CARTESIAN_POINT('Ctrl Pts',(-48.6300905493459,-7.38998596701925,4.95280091454946));
#3368=CARTESIAN_POINT('Ctrl Pts',(-48.6300905493459,-7.38998596701925,5.95280091454946));
#3369=CARTESIAN_POINT('Ctrl Pts',(-48.4270266201506,-7.44866409080463,4.95280091454946));
#3370=CARTESIAN_POINT('Ctrl Pts',(-48.4270266201506,-7.44866409080463,5.95280091454946));
#3371=CARTESIAN_POINT('Ctrl Pts',(-48.228284945994,-7.48526173713165,4.95280091454946));
#3372=CARTESIAN_POINT('Ctrl Pts',(-48.228284945994,-7.48526173713165,5.95280091454946));
#3373=CARTESIAN_POINT('Ctrl Pts',(-48.0418705053578,-7.49541874616398,4.95280091454946));
#3374=CARTESIAN_POINT('Ctrl Pts',(-48.0418705053578,-7.49541874616398,5.95280091454946));
#3375=CARTESIAN_POINT('Ctrl Pts',(-47.873244895474,-7.47739934738167,4.95280091454946));
#3376=CARTESIAN_POINT('Ctrl Pts',(-47.873244895474,-7.47739934738167,5.95280091454946));
#3377=CARTESIAN_POINT('Ctrl Pts',(-47.7240624596662,-7.43319474092913,4.95280091454946));
#3378=CARTESIAN_POINT('Ctrl Pts',(-47.7240624596662,-7.43319474092913,5.95280091454946));
#3379=CARTESIAN_POINT('Ctrl Pts',(-47.593332437943,-7.36709860880269,4.95280091454946));
#3380=CARTESIAN_POINT('Ctrl Pts',(-47.593332437943,-7.36709860880269,5.95280091454946));
#3381=CARTESIAN_POINT('Ctrl Pts',(-47.4786507338849,-7.2841995455536,4.95280091454946));
#3382=CARTESIAN_POINT('Ctrl Pts',(-47.4786507338849,-7.2841995455536,5.95280091454946));
#3383=CARTESIAN_POINT('Ctrl Pts',(-47.3773538933966,-7.18896989630518,4.95280091454946));
#3384=CARTESIAN_POINT('Ctrl Pts',(-47.3773538933966,-7.18896989630518,5.95280091454946));
#3385=CARTESIAN_POINT('Ctrl Pts',(-47.287780262341,-7.0836950235211,4.95280091454946));
#3386=CARTESIAN_POINT('Ctrl Pts',(-47.287780262341,-7.0836950235211,5.95280091454946));
#3387=CARTESIAN_POINT('Ctrl Pts',(-47.2102462943819,-6.96731368857861,4.95280091454946));
#3388=CARTESIAN_POINT('Ctrl Pts',(-47.2102462943819,-6.96731368857861,5.95280091454946));
#3389=CARTESIAN_POINT('Ctrl Pts',(-47.146096323738,-6.83706488585771,4.95280091454946));
#3390=CARTESIAN_POINT('Ctrl Pts',(-47.146096323738,-6.83706488585771,5.95280091454946));
#3391=CARTESIAN_POINT('Ctrl Pts',(-47.0969265764804,-6.68988814188283,4.95280091454946));
#3392=CARTESIAN_POINT('Ctrl Pts',(-47.0969265764804,-6.68988814188283,5.95280091454946));
#3393=CARTESIAN_POINT('Ctrl Pts',(-47.0638003955025,-6.52381217380848,4.95280091454946));
#3394=CARTESIAN_POINT('Ctrl Pts',(-47.0638003955025,-6.52381217380848,5.95280091454946));
#3395=CARTESIAN_POINT('Ctrl Pts',(-47.0463256582596,-6.33960361339455,4.95280091454946));
#3396=CARTESIAN_POINT('Ctrl Pts',(-47.0463256582596,-6.33960361339455,5.95280091454946));
#3397=CARTESIAN_POINT('Ctrl Pts',(-47.0422255099395,-6.14151635887248,4.95280091454946));
#3398=CARTESIAN_POINT('Ctrl Pts',(-47.0422255099395,-6.14151635887248,5.95280091454946));
#3399=CARTESIAN_POINT('Ctrl Pts',(-47.0480874258924,-5.93590703796017,4.95280091454946));
#3400=CARTESIAN_POINT('Ctrl Pts',(-47.0480874258924,-5.93590703796017,5.95280091454946));
#3401=CARTESIAN_POINT('Ctrl Pts',(-47.0598538668405,-5.73031715437006,4.95280091454946));
#3402=CARTESIAN_POINT('Ctrl Pts',(-47.0598538668405,-5.73031715437006,5.95280091454946));
#3403=CARTESIAN_POINT('Ctrl Pts',(-47.0734268464155,-5.53234574581363,4.95280091454946));
#3404=CARTESIAN_POINT('Ctrl Pts',(-47.0734268464155,-5.53234574581363,5.95280091454946));
#3405=CARTESIAN_POINT('Ctrl Pts',(-47.0851762002768,-5.34869925974316,4.95280091454946));
#3406=CARTESIAN_POINT('Ctrl Pts',(-47.0851762002768,-5.34869925974316,5.95280091454946));
#3407=CARTESIAN_POINT('Ctrl Pts',(-47.0926046122787,-5.1839437919193,4.95280091454946));
#3408=CARTESIAN_POINT('Ctrl Pts',(-47.0926046122787,-5.1839437919193,5.95280091454946));
#3409=CARTESIAN_POINT('Ctrl Pts',(-47.0942818245926,-5.04064198539169,4.95280091454946));
#3410=CARTESIAN_POINT('Ctrl Pts',(-47.0942818245926,-5.04064198539169,5.95280091454946));
#3411=CARTESIAN_POINT('Ctrl Pts',(-47.0904649553213,-4.94412641218892,4.95280091454946));
#3412=CARTESIAN_POINT('Ctrl Pts',(-47.0904649553213,-4.94412641218892,5.95280091454946));
#3413=CARTESIAN_POINT('Ctrl Pts',(-47.0846092052481,-4.88207399762482,4.95280091454946));
#3414=CARTESIAN_POINT('Ctrl Pts',(-47.0846092052481,-4.88207399762482,5.95280091454946));
#3415=CARTESIAN_POINT('Ctrl Pts',(-47.0793772711654,-4.84529087765642,4.95280091454946));
#3416=CARTESIAN_POINT('Ctrl Pts',(-47.0793772711654,-4.84529087765642,5.95280091454946));
#3417=CARTESIAN_POINT('Ctrl Pts',(-47.0764292928467,-4.82804558057592,4.95280091454946));
#3418=CARTESIAN_POINT('Ctrl Pts',(-47.0764292928467,-4.82804558057592,5.95280091454946));
#3419=CARTESIAN_POINT('',(-49.4834814228509,-6.82667963718313,4.95280091454946));
#3420=CARTESIAN_POINT('Ctrl Pts',(-49.4834814228509,-6.82667963718313,4.95280091454946));
#3421=CARTESIAN_POINT('Ctrl Pts',(-49.4812662460028,-6.84044920756371,4.95280091454946));
#3422=CARTESIAN_POINT('Ctrl Pts',(-49.4733523323635,-6.86855146840823,4.95280091454946));
#3423=CARTESIAN_POINT('Ctrl Pts',(-49.4510304730275,-6.91239446162216,4.95280091454946));
#3424=CARTESIAN_POINT('Ctrl Pts',(-49.4003308392798,-6.97423502015079,4.95280091454946));
#3425=CARTESIAN_POINT('Ctrl Pts',(-49.3024539446095,-7.05676600156421,4.95280091454946));
#3426=CARTESIAN_POINT('Ctrl Pts',(-49.1716907562343,-7.14319837619208,4.95280091454946));
#3427=CARTESIAN_POINT('Ctrl Pts',(-49.0114876969494,-7.23088894627746,4.95280091454946));
#3428=CARTESIAN_POINT('Ctrl Pts',(-48.8280905442139,-7.31521014410459,4.95280091454946));
#3429=CARTESIAN_POINT('Ctrl Pts',(-48.6300905493459,-7.38998596701925,4.95280091454946));
#3430=CARTESIAN_POINT('Ctrl Pts',(-48.4270266201506,-7.44866409080463,4.95280091454946));
#3431=CARTESIAN_POINT('Ctrl Pts',(-48.228284945994,-7.48526173713165,4.95280091454946));
#3432=CARTESIAN_POINT('Ctrl Pts',(-48.0418705053578,-7.49541874616398,4.95280091454946));
#3433=CARTESIAN_POINT('Ctrl Pts',(-47.873244895474,-7.47739934738167,4.95280091454946));
#3434=CARTESIAN_POINT('Ctrl Pts',(-47.7240624596662,-7.43319474092913,4.95280091454946));
#3435=CARTESIAN_POINT('Ctrl Pts',(-47.593332437943,-7.36709860880269,4.95280091454946));
#3436=CARTESIAN_POINT('Ctrl Pts',(-47.4786507338849,-7.2841995455536,4.95280091454946));
#3437=CARTESIAN_POINT('Ctrl Pts',(-47.3773538933966,-7.18896989630518,4.95280091454946));
#3438=CARTESIAN_POINT('Ctrl Pts',(-47.287780262341,-7.0836950235211,4.95280091454946));
#3439=CARTESIAN_POINT('Ctrl Pts',(-47.2102462943819,-6.96731368857861,4.95280091454946));
#3440=CARTESIAN_POINT('Ctrl Pts',(-47.146096323738,-6.83706488585771,4.95280091454946));
#3441=CARTESIAN_POINT('Ctrl Pts',(-47.0969265764804,-6.68988814188283,4.95280091454946));
#3442=CARTESIAN_POINT('Ctrl Pts',(-47.0638003955025,-6.52381217380848,4.95280091454946));
#3443=CARTESIAN_POINT('Ctrl Pts',(-47.0463256582596,-6.33960361339455,4.95280091454946));
#3444=CARTESIAN_POINT('Ctrl Pts',(-47.0422255099395,-6.14151635887248,4.95280091454946));
#3445=CARTESIAN_POINT('Ctrl Pts',(-47.0480874258924,-5.93590703796017,4.95280091454946));
#3446=CARTESIAN_POINT('Ctrl Pts',(-47.0598538668405,-5.73031715437006,4.95280091454946));
#3447=CARTESIAN_POINT('Ctrl Pts',(-47.0734268464155,-5.53234574581363,4.95280091454946));
#3448=CARTESIAN_POINT('Ctrl Pts',(-47.0851762002768,-5.34869925974316,4.95280091454946));
#3449=CARTESIAN_POINT('Ctrl Pts',(-47.0926046122787,-5.1839437919193,4.95280091454946));
#3450=CARTESIAN_POINT('Ctrl Pts',(-47.0942818245926,-5.04064198539169,4.95280091454946));
#3451=CARTESIAN_POINT('Ctrl Pts',(-47.0904649553213,-4.94412641218892,4.95280091454946));
#3452=CARTESIAN_POINT('Ctrl Pts',(-47.0846092052481,-4.88207399762482,4.95280091454946));
#3453=CARTESIAN_POINT('Ctrl Pts',(-47.0793772711654,-4.84529087765642,4.95280091454946));
#3454=CARTESIAN_POINT('Ctrl Pts',(-47.0764292928467,-4.82804558057592,4.95280091454946));
#3455=CARTESIAN_POINT('',(-49.4834814228509,-6.82667963718313,5.95280091454946));
#3456=CARTESIAN_POINT('',(-49.4834814228509,-6.82667963718313,4.95280091454946));
#3457=CARTESIAN_POINT('Ctrl Pts',(-49.4834814228509,-6.82667963718313,5.95280091454946));
#3458=CARTESIAN_POINT('Ctrl Pts',(-49.4812662460028,-6.84044920756371,5.95280091454946));
#3459=CARTESIAN_POINT('Ctrl Pts',(-49.4733523323635,-6.86855146840823,5.95280091454946));
#3460=CARTESIAN_POINT('Ctrl Pts',(-49.4510304730275,-6.91239446162216,5.95280091454946));
#3461=CARTESIAN_POINT('Ctrl Pts',(-49.4003308392798,-6.97423502015079,5.95280091454946));
#3462=CARTESIAN_POINT('Ctrl Pts',(-49.3024539446095,-7.05676600156421,5.95280091454946));
#3463=CARTESIAN_POINT('Ctrl Pts',(-49.1716907562343,-7.14319837619208,5.95280091454946));
#3464=CARTESIAN_POINT('Ctrl Pts',(-49.0114876969494,-7.23088894627746,5.95280091454946));
#3465=CARTESIAN_POINT('Ctrl Pts',(-48.8280905442139,-7.31521014410459,5.95280091454946));
#3466=CARTESIAN_POINT('Ctrl Pts',(-48.6300905493459,-7.38998596701925,5.95280091454946));
#3467=CARTESIAN_POINT('Ctrl Pts',(-48.4270266201506,-7.44866409080463,5.95280091454946));
#3468=CARTESIAN_POINT('Ctrl Pts',(-48.228284945994,-7.48526173713165,5.95280091454946));
#3469=CARTESIAN_POINT('Ctrl Pts',(-48.0418705053578,-7.49541874616398,5.95280091454946));
#3470=CARTESIAN_POINT('Ctrl Pts',(-47.873244895474,-7.47739934738167,5.95280091454946));
#3471=CARTESIAN_POINT('Ctrl Pts',(-47.7240624596662,-7.43319474092913,5.95280091454946));
#3472=CARTESIAN_POINT('Ctrl Pts',(-47.593332437943,-7.36709860880269,5.95280091454946));
#3473=CARTESIAN_POINT('Ctrl Pts',(-47.4786507338849,-7.2841995455536,5.95280091454946));
#3474=CARTESIAN_POINT('Ctrl Pts',(-47.3773538933966,-7.18896989630518,5.95280091454946));
#3475=CARTESIAN_POINT('Ctrl Pts',(-47.287780262341,-7.0836950235211,5.95280091454946));
#3476=CARTESIAN_POINT('Ctrl Pts',(-47.2102462943819,-6.96731368857861,5.95280091454946));
#3477=CARTESIAN_POINT('Ctrl Pts',(-47.146096323738,-6.83706488585771,5.95280091454946));
#3478=CARTESIAN_POINT('Ctrl Pts',(-47.0969265764804,-6.68988814188283,5.95280091454946));
#3479=CARTESIAN_POINT('Ctrl Pts',(-47.0638003955025,-6.52381217380848,5.95280091454946));
#3480=CARTESIAN_POINT('Ctrl Pts',(-47.0463256582596,-6.33960361339455,5.95280091454946));
#3481=CARTESIAN_POINT('Ctrl Pts',(-47.0422255099395,-6.14151635887248,5.95280091454946));
#3482=CARTESIAN_POINT('Ctrl Pts',(-47.0480874258924,-5.93590703796017,5.95280091454946));
#3483=CARTESIAN_POINT('Ctrl Pts',(-47.0598538668405,-5.73031715437006,5.95280091454946));
#3484=CARTESIAN_POINT('Ctrl Pts',(-47.0734268464155,-5.53234574581363,5.95280091454946));
#3485=CARTESIAN_POINT('Ctrl Pts',(-47.0851762002768,-5.34869925974316,5.95280091454946));
#3486=CARTESIAN_POINT('Ctrl Pts',(-47.0926046122787,-5.1839437919193,5.95280091454946));
#3487=CARTESIAN_POINT('Ctrl Pts',(-47.0942818245926,-5.04064198539169,5.95280091454946));
#3488=CARTESIAN_POINT('Ctrl Pts',(-47.0904649553213,-4.94412641218892,5.95280091454946));
#3489=CARTESIAN_POINT('Ctrl Pts',(-47.0846092052481,-4.88207399762482,5.95280091454946));
#3490=CARTESIAN_POINT('Ctrl Pts',(-47.0793772711654,-4.84529087765642,5.95280091454946));
#3491=CARTESIAN_POINT('Ctrl Pts',(-47.0764292928467,-4.82804558057592,5.95280091454946));
#3492=CARTESIAN_POINT('Ctrl Pts',(-50.7982104809936,-6.96533147040265,4.95280091454946));
#3493=CARTESIAN_POINT('Ctrl Pts',(-50.7982104809936,-6.96533147040265,5.95280091454946));
#3494=CARTESIAN_POINT('Ctrl Pts',(-50.7612047505437,-6.96602497355418,4.95280091454946));
#3495=CARTESIAN_POINT('Ctrl Pts',(-50.7612047505437,-6.96602497355418,5.95280091454946));
#3496=CARTESIAN_POINT('Ctrl Pts',(-50.6881099740742,-6.96711530552376,4.95280091454946));
#3497=CARTESIAN_POINT('Ctrl Pts',(-50.6881099740742,-6.96711530552376,5.95280091454946));
#3498=CARTESIAN_POINT('Ctrl Pts',(-50.5812177048795,-6.96786083154177,4.95280091454946));
#3499=CARTESIAN_POINT('Ctrl Pts',(-50.5812177048795,-6.96786083154177,5.95280091454946));
#3500=CARTESIAN_POINT('Ctrl Pts',(-50.4442863167251,-6.96704519732623,4.95280091454946));
#3501=CARTESIAN_POINT('Ctrl Pts',(-50.4442863167251,-6.96704519732623,5.95280091454946));
#3502=CARTESIAN_POINT('Ctrl Pts',(-50.2830903003865,-6.96279955559962,4.95280091454946));
#3503=CARTESIAN_POINT('Ctrl Pts',(-50.2830903003865,-6.96279955559962,5.95280091454946));
#3504=CARTESIAN_POINT('Ctrl Pts',(-50.1328137022662,-6.95501997022256,4.95280091454946));
#3505=CARTESIAN_POINT('Ctrl Pts',(-50.1328137022662,-6.95501997022256,5.95280091454946));
#3506=CARTESIAN_POINT('Ctrl Pts',(-49.9944466494051,-6.94338599800828,4.95280091454946));
#3507=CARTESIAN_POINT('Ctrl Pts',(-49.9944466494051,-6.94338599800828,5.95280091454946));
#3508=CARTESIAN_POINT('Ctrl Pts',(-49.8686972862338,-6.92766845618643,4.95280091454946));
#3509=CARTESIAN_POINT('Ctrl Pts',(-49.8686972862338,-6.92766845618643,5.95280091454946));
#3510=CARTESIAN_POINT('Ctrl Pts',(-49.7553124577052,-6.9079492754643,4.95280091454946));
#3511=CARTESIAN_POINT('Ctrl Pts',(-49.7553124577052,-6.9079492754643,5.95280091454946));
#3512=CARTESIAN_POINT('Ctrl Pts',(-49.6534591109128,-6.88449806379696,4.95280091454946));
#3513=CARTESIAN_POINT('Ctrl Pts',(-49.6534591109128,-6.88449806379696,5.95280091454946));
#3514=CARTESIAN_POINT('Ctrl Pts',(-49.5804960304153,-6.86297982526292,4.95280091454946));
#3515=CARTESIAN_POINT('Ctrl Pts',(-49.5804960304153,-6.86297982526292,5.95280091454946));
#3516=CARTESIAN_POINT('Ctrl Pts',(-49.5302688677344,-6.84538634370222,4.95280091454946));
#3517=CARTESIAN_POINT('Ctrl Pts',(-49.5302688677344,-6.84538634370222,5.95280091454946));
#3518=CARTESIAN_POINT('Ctrl Pts',(-49.4987496472175,-6.83302122693715,4.95280091454946));
#3519=CARTESIAN_POINT('Ctrl Pts',(-49.4987496472175,-6.83302122693715,5.95280091454946));
#3520=CARTESIAN_POINT('Ctrl Pts',(-49.4834814228509,-6.82667963718313,4.95280091454946));
#3521=CARTESIAN_POINT('Ctrl Pts',(-49.4834814228509,-6.82667963718313,5.95280091454946));
#3522=CARTESIAN_POINT('',(-50.7982104809936,-6.96533147040265,4.95280091454946));
#3523=CARTESIAN_POINT('Ctrl Pts',(-50.7982104809936,-6.96533147040265,4.95280091454946));
#3524=CARTESIAN_POINT('Ctrl Pts',(-50.7612047505437,-6.96602497355418,4.95280091454946));
#3525=CARTESIAN_POINT('Ctrl Pts',(-50.6881099740742,-6.96711530552376,4.95280091454946));
#3526=CARTESIAN_POINT('Ctrl Pts',(-50.5812177048795,-6.96786083154177,4.95280091454946));
#3527=CARTESIAN_POINT('Ctrl Pts',(-50.4442863167251,-6.96704519732623,4.95280091454946));
#3528=CARTESIAN_POINT('Ctrl Pts',(-50.2830903003865,-6.96279955559962,4.95280091454946));
#3529=CARTESIAN_POINT('Ctrl Pts',(-50.1328137022662,-6.95501997022256,4.95280091454946));
#3530=CARTESIAN_POINT('Ctrl Pts',(-49.9944466494051,-6.94338599800828,4.95280091454946));
#3531=CARTESIAN_POINT('Ctrl Pts',(-49.8686972862338,-6.92766845618643,4.95280091454946));
#3532=CARTESIAN_POINT('Ctrl Pts',(-49.7553124577052,-6.9079492754643,4.95280091454946));
#3533=CARTESIAN_POINT('Ctrl Pts',(-49.6534591109128,-6.88449806379696,4.95280091454946));
#3534=CARTESIAN_POINT('Ctrl Pts',(-49.5804960304153,-6.86297982526292,4.95280091454946));
#3535=CARTESIAN_POINT('Ctrl Pts',(-49.5302688677344,-6.84538634370222,4.95280091454946));
#3536=CARTESIAN_POINT('Ctrl Pts',(-49.4987496472175,-6.83302122693715,4.95280091454946));
#3537=CARTESIAN_POINT('Ctrl Pts',(-49.4834814228509,-6.82667963718313,4.95280091454946));
#3538=CARTESIAN_POINT('',(-50.7982104809936,-6.96533147040265,5.95280091454946));
#3539=CARTESIAN_POINT('',(-50.7982104809936,-6.96533147040265,4.95280091454946));
#3540=CARTESIAN_POINT('Ctrl Pts',(-50.7982104809936,-6.96533147040265,5.95280091454946));
#3541=CARTESIAN_POINT('Ctrl Pts',(-50.7612047505437,-6.96602497355418,5.95280091454946));
#3542=CARTESIAN_POINT('Ctrl Pts',(-50.6881099740742,-6.96711530552376,5.95280091454946));
#3543=CARTESIAN_POINT('Ctrl Pts',(-50.5812177048795,-6.96786083154177,5.95280091454946));
#3544=CARTESIAN_POINT('Ctrl Pts',(-50.4442863167251,-6.96704519732623,5.95280091454946));
#3545=CARTESIAN_POINT('Ctrl Pts',(-50.2830903003865,-6.96279955559962,5.95280091454946));
#3546=CARTESIAN_POINT('Ctrl Pts',(-50.1328137022662,-6.95501997022256,5.95280091454946));
#3547=CARTESIAN_POINT('Ctrl Pts',(-49.9944466494051,-6.94338599800828,5.95280091454946));
#3548=CARTESIAN_POINT('Ctrl Pts',(-49.8686972862338,-6.92766845618643,5.95280091454946));
#3549=CARTESIAN_POINT('Ctrl Pts',(-49.7553124577052,-6.9079492754643,5.95280091454946));
#3550=CARTESIAN_POINT('Ctrl Pts',(-49.6534591109128,-6.88449806379696,5.95280091454946));
#3551=CARTESIAN_POINT('Ctrl Pts',(-49.5804960304153,-6.86297982526292,5.95280091454946));
#3552=CARTESIAN_POINT('Ctrl Pts',(-49.5302688677344,-6.84538634370222,5.95280091454946));
#3553=CARTESIAN_POINT('Ctrl Pts',(-49.4987496472175,-6.83302122693715,5.95280091454946));
#3554=CARTESIAN_POINT('Ctrl Pts',(-49.4834814228509,-6.82667963718313,5.95280091454946));
#3555=CARTESIAN_POINT('Origin',(-52.7175178372864,-6.94236769821869,4.95280091454946));
#3556=CARTESIAN_POINT('',(-52.7175178372864,-6.94236769821869,4.95280091454946));
#3557=CARTESIAN_POINT('',(-26.1825229087615,-7.25984867719965,4.95280091454946));
#3558=CARTESIAN_POINT('',(-52.7175178372864,-6.94236769821869,5.95280091454946));
#3559=CARTESIAN_POINT('',(-52.7175178372864,-6.94236769821869,4.95280091454946));
#3560=CARTESIAN_POINT('',(-50.7982104809936,-6.96533147040265,5.95280091454946));
#3561=CARTESIAN_POINT('Ctrl Pts',(-48.7078757365162,-5.57810932179498,4.95280091454946));
#3562=CARTESIAN_POINT('Ctrl Pts',(-48.7078757365162,-5.57810932179498,5.95280091454946));
#3563=CARTESIAN_POINT('Ctrl Pts',(-48.7360393519531,-5.63444657476221,4.95280091454946));
#3564=CARTESIAN_POINT('Ctrl Pts',(-48.7360393519531,-5.63444657476221,5.95280091454946));
#3565=CARTESIAN_POINT('Ctrl Pts',(-48.7900084330029,-5.74067559807641,4.95280091454946));
#3566=CARTESIAN_POINT('Ctrl Pts',(-48.7900084330029,-5.74067559807641,5.95280091454946));
#3567=CARTESIAN_POINT('Ctrl Pts',(-48.8638876180534,-5.88068269993289,4.95280091454946));
#3568=CARTESIAN_POINT('Ctrl Pts',(-48.8638876180534,-5.88068269993289,5.95280091454946));
#3569=CARTESIAN_POINT('Ctrl Pts',(-48.9482423089693,-6.02868063855353,4.95280091454946));
#3570=CARTESIAN_POINT('Ctrl Pts',(-48.9482423089693,-6.02868063855353,5.95280091454946));
#3571=CARTESIAN_POINT('Ctrl Pts',(-49.0304332726813,-6.14966255453921,4.95280091454946));
#3572=CARTESIAN_POINT('Ctrl Pts',(-49.0304332726813,-6.14966255453921,5.95280091454946));
#3573=CARTESIAN_POINT('Ctrl Pts',(-49.09038618408,-6.20802332008266,4.95280091454946));
#3574=CARTESIAN_POINT('Ctrl Pts',(-49.09038618408,-6.20802332008266,5.95280091454946));
#3575=CARTESIAN_POINT('Ctrl Pts',(-49.1301481434535,-6.20659552759033,4.95280091454946));
#3576=CARTESIAN_POINT('Ctrl Pts',(-49.1301481434535,-6.20659552759033,5.95280091454946));
#3577=CARTESIAN_POINT('Ctrl Pts',(-49.1531366339932,-6.15012721642199,4.95280091454946));
#3578=CARTESIAN_POINT('Ctrl Pts',(-49.1531366339932,-6.15012721642199,5.95280091454946));
#3579=CARTESIAN_POINT('Ctrl Pts',(-49.1645148957468,-6.04580128656707,4.95280091454946));
#3580=CARTESIAN_POINT('Ctrl Pts',(-49.1645148957468,-6.04580128656707,5.95280091454946));
#3581=CARTESIAN_POINT('Ctrl Pts',(-49.1702723253465,-5.90245175857221,4.95280091454946));
#3582=CARTESIAN_POINT('Ctrl Pts',(-49.1702723253465,-5.90245175857221,5.95280091454946));
#3583=CARTESIAN_POINT('Ctrl Pts',(-49.1762122964719,-5.7297107692815,4.95280091454946));
#3584=CARTESIAN_POINT('Ctrl Pts',(-49.1762122964719,-5.7297107692815,5.95280091454946));
#3585=CARTESIAN_POINT('Ctrl Pts',(-49.18705892442,-5.53722148043253,4.95280091454946));
#3586=CARTESIAN_POINT('Ctrl Pts',(-49.18705892442,-5.53722148043253,5.95280091454946));
#3587=CARTESIAN_POINT('Ctrl Pts',(-49.2053102553082,-5.33372797406636,4.95280091454946));
#3588=CARTESIAN_POINT('Ctrl Pts',(-49.2053102553082,-5.33372797406636,5.95280091454946));
#3589=CARTESIAN_POINT('Ctrl Pts',(-49.2309548955144,-5.1265726254917,4.95280091454946));
#3590=CARTESIAN_POINT('Ctrl Pts',(-49.2309548955144,-5.1265726254917,5.95280091454946));
#3591=CARTESIAN_POINT('Ctrl Pts',(-49.2622390857102,-4.92168502610389,4.95280091454946));
#3592=CARTESIAN_POINT('Ctrl Pts',(-49.2622390857102,-4.92168502610389,5.95280091454946));
#3593=CARTESIAN_POINT('Ctrl Pts',(-49.2961638012515,-4.72344597399778,4.95280091454946));
#3594=CARTESIAN_POINT('Ctrl Pts',(-49.2961638012515,-4.72344597399778,5.95280091454946));
#3595=CARTESIAN_POINT('Ctrl Pts',(-49.3290926081663,-4.53459894955794,4.95280091454946));
#3596=CARTESIAN_POINT('Ctrl Pts',(-49.3290926081663,-4.53459894955794,5.95280091454946));
#3597=CARTESIAN_POINT('Ctrl Pts',(-49.3573073242138,-4.3561458654364,4.95280091454946));
#3598=CARTESIAN_POINT('Ctrl Pts',(-49.3573073242138,-4.3561458654364,5.95280091454946));
#3599=CARTESIAN_POINT('Ctrl Pts',(-49.377596228169,-4.1872354357777,4.95280091454946));
#3600=CARTESIAN_POINT('Ctrl Pts',(-49.377596228169,-4.1872354357777,5.95280091454946));
#3601=CARTESIAN_POINT('Ctrl Pts',(-49.3877995447747,-4.02509159062882,4.95280091454946));
#3602=CARTESIAN_POINT('Ctrl Pts',(-49.3877995447747,-4.02509159062882,5.95280091454946));
#3603=CARTESIAN_POINT('Ctrl Pts',(-49.3867345902122,-3.86585016372739,4.95280091454946));
#3604=CARTESIAN_POINT('Ctrl Pts',(-49.3867345902122,-3.86585016372739,5.95280091454946));
#3605=CARTESIAN_POINT('Ctrl Pts',(-49.3741464372346,-3.70533221842103,4.95280091454946));
#3606=CARTESIAN_POINT('Ctrl Pts',(-49.3741464372346,-3.70533221842103,5.95280091454946));
#3607=CARTESIAN_POINT('Ctrl Pts',(-49.3506549488378,-3.5398796003787,4.95280091454946));
#3608=CARTESIAN_POINT('Ctrl Pts',(-49.3506549488378,-3.5398796003787,5.95280091454946));
#3609=CARTESIAN_POINT('Ctrl Pts',(-49.3176916319123,-3.36707611276676,4.95280091454946));
#3610=CARTESIAN_POINT('Ctrl Pts',(-49.3176916319123,-3.36707611276676,5.95280091454946));
#3611=CARTESIAN_POINT('Ctrl Pts',(-49.2774718345239,-3.1867376074945,4.95280091454946));
#3612=CARTESIAN_POINT('Ctrl Pts',(-49.2774718345239,-3.1867376074945,5.95280091454946));
#3613=CARTESIAN_POINT('Ctrl Pts',(-49.2328206227587,-3.00084661567977,4.95280091454946));
#3614=CARTESIAN_POINT('Ctrl Pts',(-49.2328206227587,-3.00084661567977,5.95280091454946));
#3615=CARTESIAN_POINT('Ctrl Pts',(-49.1868778750465,-2.81264896186364,4.95280091454946));
#3616=CARTESIAN_POINT('Ctrl Pts',(-49.1868778750465,-2.81264896186364,5.95280091454946));
#3617=CARTESIAN_POINT('Ctrl Pts',(-49.142845803725,-2.62600873862819,4.95280091454946));
#3618=CARTESIAN_POINT('Ctrl Pts',(-49.142845803725,-2.62600873862819,5.95280091454946));
#3619=CARTESIAN_POINT('Ctrl Pts',(-49.1037029290957,-2.44462152850534,4.95280091454946));
#3620=CARTESIAN_POINT('Ctrl Pts',(-49.1037029290957,-2.44462152850534,5.95280091454946));
#3621=CARTESIAN_POINT('Ctrl Pts',(-49.0719698026106,-2.27137170802517,4.95280091454946));
#3622=CARTESIAN_POINT('Ctrl Pts',(-49.0719698026106,-2.27137170802517,5.95280091454946));
#3623=CARTESIAN_POINT('Ctrl Pts',(-49.0493601969548,-2.10742260301227,4.95280091454946));
#3624=CARTESIAN_POINT('Ctrl Pts',(-49.0493601969548,-2.10742260301227,5.95280091454946));
#3625=CARTESIAN_POINT('Ctrl Pts',(-49.0368295283226,-1.95219821980216,4.95280091454946));
#3626=CARTESIAN_POINT('Ctrl Pts',(-49.0368295283226,-1.95219821980216,5.95280091454946));
#3627=CARTESIAN_POINT('Ctrl Pts',(-49.0350540690531,-1.80433930192681,4.95280091454946));
#3628=CARTESIAN_POINT('Ctrl Pts',(-49.0350540690531,-1.80433930192681,5.95280091454946));
#3629=CARTESIAN_POINT('Ctrl Pts',(-49.0448222034738,-1.66243845409617,4.95280091454946));
#3630=CARTESIAN_POINT('Ctrl Pts',(-49.0448222034738,-1.66243845409617,5.95280091454946));
#3631=CARTESIAN_POINT('Ctrl Pts',(-49.0674077671754,-1.52579195031701,4.95280091454946));
#3632=CARTESIAN_POINT('Ctrl Pts',(-49.0674077671754,-1.52579195031701,5.95280091454946));
#3633=CARTESIAN_POINT('Ctrl Pts',(-49.1050795819769,-1.39531930336795,4.95280091454946));
#3634=CARTESIAN_POINT('Ctrl Pts',(-49.1050795819769,-1.39531930336795,5.95280091454946));
#3635=CARTESIAN_POINT('Ctrl Pts',(-49.1611372060743,-1.27384515317363,4.95280091454946));
#3636=CARTESIAN_POINT('Ctrl Pts',(-49.1611372060743,-1.27384515317363,5.95280091454946));
#3637=CARTESIAN_POINT('Ctrl Pts',(-49.2388489374273,-1.1648741468444,4.95280091454946));
#3638=CARTESIAN_POINT('Ctrl Pts',(-49.2388489374273,-1.1648741468444,5.95280091454946));
#3639=CARTESIAN_POINT('Ctrl Pts',(-49.3405607937209,-1.07161128637816,4.95280091454946));
#3640=CARTESIAN_POINT('Ctrl Pts',(-49.3405607937209,-1.07161128637816,5.95280091454946));
#3641=CARTESIAN_POINT('Ctrl Pts',(-49.4668368929002,-0.996001091032776,
4.95280091454946));
#3642=CARTESIAN_POINT('Ctrl Pts',(-49.4668368929002,-0.996001091032776,
5.95280091454946));
#3643=CARTESIAN_POINT('Ctrl Pts',(-49.6153356713993,-0.937466478831221,
4.95280091454946));
#3644=CARTESIAN_POINT('Ctrl Pts',(-49.6153356713993,-0.937466478831221,
5.95280091454946));
#3645=CARTESIAN_POINT('Ctrl Pts',(-49.7811111196798,-0.893307074445927,
4.95280091454946));
#3646=CARTESIAN_POINT('Ctrl Pts',(-49.7811111196798,-0.893307074445927,
5.95280091454946));
#3647=CARTESIAN_POINT('Ctrl Pts',(-49.9576058893479,-0.859903339005597,
4.95280091454946));
#3648=CARTESIAN_POINT('Ctrl Pts',(-49.9576058893479,-0.859903339005597,
5.95280091454946));
#3649=CARTESIAN_POINT('Ctrl Pts',(-50.137428317092,-0.833674597765237,4.95280091454946));
#3650=CARTESIAN_POINT('Ctrl Pts',(-50.137428317092,-0.833674597765237,5.95280091454946));
#3651=CARTESIAN_POINT('Ctrl Pts',(-50.313209177387,-0.812116633230901,4.95280091454946));
#3652=CARTESIAN_POINT('Ctrl Pts',(-50.313209177387,-0.812116633230901,5.95280091454946));
#3653=CARTESIAN_POINT('Ctrl Pts',(-50.4784464646233,-0.794858850959421,
4.95280091454946));
#3654=CARTESIAN_POINT('Ctrl Pts',(-50.4784464646233,-0.794858850959421,
5.95280091454946));
#3655=CARTESIAN_POINT('Ctrl Pts',(-50.628291921274,-0.784563779169601,4.95280091454946));
#3656=CARTESIAN_POINT('Ctrl Pts',(-50.628291921274,-0.784563779169601,5.95280091454946));
#3657=CARTESIAN_POINT('Ctrl Pts',(-50.7593260675992,-0.785575372650834,
4.95280091454946));
#3658=CARTESIAN_POINT('Ctrl Pts',(-50.7593260675992,-0.785575372650834,
5.95280091454946));
#3659=CARTESIAN_POINT('Ctrl Pts',(-50.8693951764097,-0.802658435262525,
4.95280091454946));
#3660=CARTESIAN_POINT('Ctrl Pts',(-50.8693951764097,-0.802658435262525,
5.95280091454946));
#3661=CARTESIAN_POINT('Ctrl Pts',(-50.9574332650096,-0.839808133759543,
4.95280091454946));
#3662=CARTESIAN_POINT('Ctrl Pts',(-50.9574332650096,-0.839808133759543,
5.95280091454946));
#3663=CARTESIAN_POINT('Ctrl Pts',(-51.0232722436125,-0.898780321826951,
4.95280091454946));
#3664=CARTESIAN_POINT('Ctrl Pts',(-51.0232722436125,-0.898780321826951,
5.95280091454946));
#3665=CARTESIAN_POINT('Ctrl Pts',(-51.0675263963548,-0.978630364377174,
4.95280091454946));
#3666=CARTESIAN_POINT('Ctrl Pts',(-51.0675263963548,-0.978630364377174,
5.95280091454946));
#3667=CARTESIAN_POINT('Ctrl Pts',(-51.0916063469666,-1.07677067036796,4.95280091454946));
#3668=CARTESIAN_POINT('Ctrl Pts',(-51.0916063469666,-1.07677067036796,5.95280091454946));
#3669=CARTESIAN_POINT('Ctrl Pts',(-51.0976869012896,-1.18964168941356,4.95280091454946));
#3670=CARTESIAN_POINT('Ctrl Pts',(-51.0976869012896,-1.18964168941356,5.95280091454946));
#3671=CARTESIAN_POINT('Ctrl Pts',(-51.088730662097,-1.31358676875837,4.95280091454946));
#3672=CARTESIAN_POINT('Ctrl Pts',(-51.088730662097,-1.31358676875837,5.95280091454946));
#3673=CARTESIAN_POINT('Ctrl Pts',(-51.0681697587723,-1.44524656121138,4.95280091454946));
#3674=CARTESIAN_POINT('Ctrl Pts',(-51.0681697587723,-1.44524656121138,5.95280091454946));
#3675=CARTESIAN_POINT('Ctrl Pts',(-51.0395093295545,-1.58191107658014,4.95280091454946));
#3676=CARTESIAN_POINT('Ctrl Pts',(-51.0395093295545,-1.58191107658014,5.95280091454946));
#3677=CARTESIAN_POINT('Ctrl Pts',(-51.0059778024536,-1.72185353398006,4.95280091454946));
#3678=CARTESIAN_POINT('Ctrl Pts',(-51.0059778024536,-1.72185353398006,5.95280091454946));
#3679=CARTESIAN_POINT('Ctrl Pts',(-50.9701114785311,-1.86474373608606,4.95280091454946));
#3680=CARTESIAN_POINT('Ctrl Pts',(-50.9701114785311,-1.86474373608606,5.95280091454946));
#3681=CARTESIAN_POINT('Ctrl Pts',(-50.9335098034493,-2.01180653621406,4.95280091454946));
#3682=CARTESIAN_POINT('Ctrl Pts',(-50.9335098034493,-2.01180653621406,5.95280091454946));
#3683=CARTESIAN_POINT('Ctrl Pts',(-50.8971495696398,-2.16510686595532,4.95280091454946));
#3684=CARTESIAN_POINT('Ctrl Pts',(-50.8971495696398,-2.16510686595532,5.95280091454946));
#3685=CARTESIAN_POINT('Ctrl Pts',(-50.8616044717804,-2.32698587109763,4.95280091454946));
#3686=CARTESIAN_POINT('Ctrl Pts',(-50.8616044717804,-2.32698587109763,5.95280091454946));
#3687=CARTESIAN_POINT('Ctrl Pts',(-50.8273066376562,-2.49942549741458,4.95280091454946));
#3688=CARTESIAN_POINT('Ctrl Pts',(-50.8273066376562,-2.49942549741458,5.95280091454946));
#3689=CARTESIAN_POINT('Ctrl Pts',(-50.7947784006023,-2.68347214089861,4.95280091454946));
#3690=CARTESIAN_POINT('Ctrl Pts',(-50.7947784006023,-2.68347214089861,5.95280091454946));
#3691=CARTESIAN_POINT('Ctrl Pts',(-50.7649081056999,-2.87855823809985,4.95280091454946));
#3692=CARTESIAN_POINT('Ctrl Pts',(-50.7649081056999,-2.87855823809985,5.95280091454946));
#3693=CARTESIAN_POINT('Ctrl Pts',(-50.7388405052652,-3.08275747125526,4.95280091454946));
#3694=CARTESIAN_POINT('Ctrl Pts',(-50.7388405052652,-3.08275747125526,5.95280091454946));
#3695=CARTESIAN_POINT('Ctrl Pts',(-50.7178152355732,-3.29316368109306,4.95280091454946));
#3696=CARTESIAN_POINT('Ctrl Pts',(-50.7178152355732,-3.29316368109306,5.95280091454946));
#3697=CARTESIAN_POINT('Ctrl Pts',(-50.7030272415284,-3.50622269672427,4.95280091454946));
#3698=CARTESIAN_POINT('Ctrl Pts',(-50.7030272415284,-3.50622269672427,5.95280091454946));
#3699=CARTESIAN_POINT('Ctrl Pts',(-50.695469872806,-3.71808997232044,4.95280091454946));
#3700=CARTESIAN_POINT('Ctrl Pts',(-50.695469872806,-3.71808997232044,5.95280091454946));
#3701=CARTESIAN_POINT('Ctrl Pts',(-50.6958040905608,-3.92496200359226,4.95280091454946));
#3702=CARTESIAN_POINT('Ctrl Pts',(-50.6958040905608,-3.92496200359226,5.95280091454946));
#3703=CARTESIAN_POINT('Ctrl Pts',(-50.7041708794491,-4.12345498382963,4.95280091454946));
#3704=CARTESIAN_POINT('Ctrl Pts',(-50.7041708794491,-4.12345498382963,5.95280091454946));
#3705=CARTESIAN_POINT('Ctrl Pts',(-50.720176746603,-4.31084631601948,4.95280091454946));
#3706=CARTESIAN_POINT('Ctrl Pts',(-50.720176746603,-4.31084631601948,5.95280091454946));
#3707=CARTESIAN_POINT('Ctrl Pts',(-50.7433123103976,-4.48499185586514,4.95280091454946));
#3708=CARTESIAN_POINT('Ctrl Pts',(-50.7433123103976,-4.48499185586514,5.95280091454946));
#3709=CARTESIAN_POINT('Ctrl Pts',(-50.7732685741187,-4.64430395983647,4.95280091454946));
#3710=CARTESIAN_POINT('Ctrl Pts',(-50.7732685741187,-4.64430395983647,5.95280091454946));
#3711=CARTESIAN_POINT('Ctrl Pts',(-50.8103308292959,-4.78771156949343,4.95280091454946));
#3712=CARTESIAN_POINT('Ctrl Pts',(-50.8103308292959,-4.78771156949343,5.95280091454946));
#3713=CARTESIAN_POINT('Ctrl Pts',(-50.8556545462924,-4.91461476592695,4.95280091454946));
#3714=CARTESIAN_POINT('Ctrl Pts',(-50.8556545462924,-4.91461476592695,5.95280091454946));
#3715=CARTESIAN_POINT('Ctrl Pts',(-50.9118063428824,-5.02487610793099,4.95280091454946));
#3716=CARTESIAN_POINT('Ctrl Pts',(-50.9118063428824,-5.02487610793099,5.95280091454946));
#3717=CARTESIAN_POINT('Ctrl Pts',(-50.9821984724855,-5.11863420141548,4.95280091454946));
#3718=CARTESIAN_POINT('Ctrl Pts',(-50.9821984724855,-5.11863420141548,5.95280091454946));
#3719=CARTESIAN_POINT('Ctrl Pts',(-51.0697096233666,-5.19596923436927,4.95280091454946));
#3720=CARTESIAN_POINT('Ctrl Pts',(-51.0697096233666,-5.19596923436927,5.95280091454946));
#3721=CARTESIAN_POINT('Ctrl Pts',(-51.1756692462265,-5.25665537359338,4.95280091454946));
#3722=CARTESIAN_POINT('Ctrl Pts',(-51.1756692462265,-5.25665537359338,5.95280091454946));
#3723=CARTESIAN_POINT('Ctrl Pts',(-51.2984146995738,-5.29978016413588,4.95280091454946));
#3724=CARTESIAN_POINT('Ctrl Pts',(-51.2984146995738,-5.29978016413588,5.95280091454946));
#3725=CARTESIAN_POINT('Ctrl Pts',(-51.4329136749158,-5.32373074145698,4.95280091454946));
#3726=CARTESIAN_POINT('Ctrl Pts',(-51.4329136749158,-5.32373074145698,5.95280091454946));
#3727=CARTESIAN_POINT('Ctrl Pts',(-51.5727940636309,-5.32702722638712,4.95280091454946));
#3728=CARTESIAN_POINT('Ctrl Pts',(-51.5727940636309,-5.32702722638712,5.95280091454946));
#3729=CARTESIAN_POINT('Ctrl Pts',(-51.7120097371293,-5.30902853989797,4.95280091454946));
#3730=CARTESIAN_POINT('Ctrl Pts',(-51.7120097371293,-5.30902853989797,5.95280091454946));
#3731=CARTESIAN_POINT('Ctrl Pts',(-51.8464392865496,-5.27061279087718,4.95280091454946));
#3732=CARTESIAN_POINT('Ctrl Pts',(-51.8464392865496,-5.27061279087718,5.95280091454946));
#3733=CARTESIAN_POINT('Ctrl Pts',(-51.976040642424,-5.21506003791892,4.95280091454946));
#3734=CARTESIAN_POINT('Ctrl Pts',(-51.976040642424,-5.21506003791892,5.95280091454946));
#3735=CARTESIAN_POINT('Ctrl Pts',(-52.1041137938405,-5.14787813574552,4.95280091454946));
#3736=CARTESIAN_POINT('Ctrl Pts',(-52.1041137938405,-5.14787813574552,5.95280091454946));
#3737=CARTESIAN_POINT('Ctrl Pts',(-52.2351135332879,-5.07607212729635,4.95280091454946));
#3738=CARTESIAN_POINT('Ctrl Pts',(-52.2351135332879,-5.07607212729635,5.95280091454946));
#3739=CARTESIAN_POINT('Ctrl Pts',(-52.372810917428,-5.00759462493982,4.95280091454946));
#3740=CARTESIAN_POINT('Ctrl Pts',(-52.372810917428,-5.00759462493982,5.95280091454946));
#3741=CARTESIAN_POINT('Ctrl Pts',(-52.5185475151692,-4.95070917337036,4.95280091454946));
#3742=CARTESIAN_POINT('Ctrl Pts',(-52.5185475151692,-4.95070917337036,5.95280091454946));
#3743=CARTESIAN_POINT('Ctrl Pts',(-52.6688526750755,-4.91342244305154,4.95280091454946));
#3744=CARTESIAN_POINT('Ctrl Pts',(-52.6688526750755,-4.91342244305154,5.95280091454946));
#3745=CARTESIAN_POINT('Ctrl Pts',(-52.8162744263384,-4.9027378381237,4.95280091454946));
#3746=CARTESIAN_POINT('Ctrl Pts',(-52.8162744263384,-4.9027378381237,5.95280091454946));
#3747=CARTESIAN_POINT('Ctrl Pts',(-52.9519694083408,-4.92384183706565,4.95280091454946));
#3748=CARTESIAN_POINT('Ctrl Pts',(-52.9519694083408,-4.92384183706565,5.95280091454946));
#3749=CARTESIAN_POINT('Ctrl Pts',(-53.0677921578404,-4.97928101127921,4.95280091454946));
#3750=CARTESIAN_POINT('Ctrl Pts',(-53.0677921578404,-4.97928101127921,5.95280091454946));
#3751=CARTESIAN_POINT('Ctrl Pts',(-53.1584885961114,-5.06820537032041,4.95280091454946));
#3752=CARTESIAN_POINT('Ctrl Pts',(-53.1584885961114,-5.06820537032041,5.95280091454946));
#3753=CARTESIAN_POINT('Ctrl Pts',(-53.2241219264594,-5.18541104502274,4.95280091454946));
#3754=CARTESIAN_POINT('Ctrl Pts',(-53.2241219264594,-5.18541104502274,5.95280091454946));
#3755=CARTESIAN_POINT('Ctrl Pts',(-53.2685561571137,-5.32285959568074,4.95280091454946));
#3756=CARTESIAN_POINT('Ctrl Pts',(-53.2685561571137,-5.32285959568074,5.95280091454946));
#3757=CARTESIAN_POINT('Ctrl Pts',(-53.2974652899467,-5.47149229549147,4.95280091454946));
#3758=CARTESIAN_POINT('Ctrl Pts',(-53.2974652899467,-5.47149229549147,5.95280091454946));
#3759=CARTESIAN_POINT('Ctrl Pts',(-53.3165645070792,-5.62288705043021,4.95280091454946));
#3760=CARTESIAN_POINT('Ctrl Pts',(-53.3165645070792,-5.62288705043021,5.95280091454946));
#3761=CARTESIAN_POINT('Ctrl Pts',(-53.3296327557412,-5.77109961631568,4.95280091454946));
#3762=CARTESIAN_POINT('Ctrl Pts',(-53.3296327557412,-5.77109961631568,5.95280091454946));
#3763=CARTESIAN_POINT('Ctrl Pts',(-53.3369584528278,-5.91408523998044,4.95280091454946));
#3764=CARTESIAN_POINT('Ctrl Pts',(-53.3369584528278,-5.91408523998044,5.95280091454946));
#3765=CARTESIAN_POINT('Ctrl Pts',(-53.3366944555626,-6.05215702840437,4.95280091454946));
#3766=CARTESIAN_POINT('Ctrl Pts',(-53.3366944555626,-6.05215702840437,5.95280091454946));
#3767=CARTESIAN_POINT('Ctrl Pts',(-53.3259671565999,-6.18668882690234,4.95280091454946));
#3768=CARTESIAN_POINT('Ctrl Pts',(-53.3259671565999,-6.18668882690234,5.95280091454946));
#3769=CARTESIAN_POINT('Ctrl Pts',(-53.3020101347353,-6.3188111817864,4.95280091454946));
#3770=CARTESIAN_POINT('Ctrl Pts',(-53.3020101347353,-6.3188111817864,5.95280091454946));
#3771=CARTESIAN_POINT('Ctrl Pts',(-53.2634495148836,-6.4479075927223,4.95280091454946));
#3772=CARTESIAN_POINT('Ctrl Pts',(-53.2634495148836,-6.4479075927223,5.95280091454946));
#3773=CARTESIAN_POINT('Ctrl Pts',(-53.211006667959,-6.57084278268862,4.95280091454946));
#3774=CARTESIAN_POINT('Ctrl Pts',(-53.211006667959,-6.57084278268862,5.95280091454946));
#3775=CARTESIAN_POINT('Ctrl Pts',(-53.1466032600636,-6.68317892888582,4.95280091454946));
#3776=CARTESIAN_POINT('Ctrl Pts',(-53.1466032600636,-6.68317892888582,5.95280091454946));
#3777=CARTESIAN_POINT('Ctrl Pts',(-53.0727456633957,-6.78005036903262,4.95280091454946));
#3778=CARTESIAN_POINT('Ctrl Pts',(-53.0727456633957,-6.78005036903262,5.95280091454946));
#3779=CARTESIAN_POINT('Ctrl Pts',(-52.9918430803088,-6.85710681069682,4.95280091454946));
#3780=CARTESIAN_POINT('Ctrl Pts',(-52.9918430803088,-6.85710681069682,5.95280091454946));
#3781=CARTESIAN_POINT('Ctrl Pts',(-52.9054414998554,-6.91159743399935,4.95280091454946));
#3782=CARTESIAN_POINT('Ctrl Pts',(-52.9054414998554,-6.91159743399935,5.95280091454946));
#3783=CARTESIAN_POINT('Ctrl Pts',(-52.8325184014481,-6.93607602852067,4.95280091454946));
#3784=CARTESIAN_POINT('Ctrl Pts',(-52.8325184014481,-6.93607602852067,5.95280091454946));
#3785=CARTESIAN_POINT('Ctrl Pts',(-52.7758045988752,-6.9434806317935,4.95280091454946));
#3786=CARTESIAN_POINT('Ctrl Pts',(-52.7758045988752,-6.9434806317935,5.95280091454946));
#3787=CARTESIAN_POINT('Ctrl Pts',(-52.7370965457371,-6.94354989656284,4.95280091454946));
#3788=CARTESIAN_POINT('Ctrl Pts',(-52.7370965457371,-6.94354989656284,5.95280091454946));
#3789=CARTESIAN_POINT('Ctrl Pts',(-52.7175178372864,-6.94236769821869,4.95280091454946));
#3790=CARTESIAN_POINT('Ctrl Pts',(-52.7175178372864,-6.94236769821869,5.95280091454946));
#3791=CARTESIAN_POINT('',(-48.7078757365162,-5.57810932179498,4.95280091454946));
#3792=CARTESIAN_POINT('Ctrl Pts',(-48.7078757365162,-5.57810932179498,4.95280091454946));
#3793=CARTESIAN_POINT('Ctrl Pts',(-48.7360393519531,-5.63444657476221,4.95280091454946));
#3794=CARTESIAN_POINT('Ctrl Pts',(-48.7900084330029,-5.74067559807641,4.95280091454946));
#3795=CARTESIAN_POINT('Ctrl Pts',(-48.8638876180534,-5.88068269993289,4.95280091454946));
#3796=CARTESIAN_POINT('Ctrl Pts',(-48.9482423089693,-6.02868063855353,4.95280091454946));
#3797=CARTESIAN_POINT('Ctrl Pts',(-49.0304332726813,-6.14966255453921,4.95280091454946));
#3798=CARTESIAN_POINT('Ctrl Pts',(-49.09038618408,-6.20802332008266,4.95280091454946));
#3799=CARTESIAN_POINT('Ctrl Pts',(-49.1301481434535,-6.20659552759033,4.95280091454946));
#3800=CARTESIAN_POINT('Ctrl Pts',(-49.1531366339932,-6.15012721642199,4.95280091454946));
#3801=CARTESIAN_POINT('Ctrl Pts',(-49.1645148957468,-6.04580128656707,4.95280091454946));
#3802=CARTESIAN_POINT('Ctrl Pts',(-49.1702723253465,-5.90245175857221,4.95280091454946));
#3803=CARTESIAN_POINT('Ctrl Pts',(-49.1762122964719,-5.7297107692815,4.95280091454946));
#3804=CARTESIAN_POINT('Ctrl Pts',(-49.18705892442,-5.53722148043253,4.95280091454946));
#3805=CARTESIAN_POINT('Ctrl Pts',(-49.2053102553082,-5.33372797406636,4.95280091454946));
#3806=CARTESIAN_POINT('Ctrl Pts',(-49.2309548955144,-5.1265726254917,4.95280091454946));
#3807=CARTESIAN_POINT('Ctrl Pts',(-49.2622390857102,-4.92168502610389,4.95280091454946));
#3808=CARTESIAN_POINT('Ctrl Pts',(-49.2961638012515,-4.72344597399778,4.95280091454946));
#3809=CARTESIAN_POINT('Ctrl Pts',(-49.3290926081663,-4.53459894955794,4.95280091454946));
#3810=CARTESIAN_POINT('Ctrl Pts',(-49.3573073242138,-4.3561458654364,4.95280091454946));
#3811=CARTESIAN_POINT('Ctrl Pts',(-49.377596228169,-4.1872354357777,4.95280091454946));
#3812=CARTESIAN_POINT('Ctrl Pts',(-49.3877995447747,-4.02509159062882,4.95280091454946));
#3813=CARTESIAN_POINT('Ctrl Pts',(-49.3867345902122,-3.86585016372739,4.95280091454946));
#3814=CARTESIAN_POINT('Ctrl Pts',(-49.3741464372346,-3.70533221842103,4.95280091454946));
#3815=CARTESIAN_POINT('Ctrl Pts',(-49.3506549488378,-3.5398796003787,4.95280091454946));
#3816=CARTESIAN_POINT('Ctrl Pts',(-49.3176916319123,-3.36707611276676,4.95280091454946));
#3817=CARTESIAN_POINT('Ctrl Pts',(-49.2774718345239,-3.1867376074945,4.95280091454946));
#3818=CARTESIAN_POINT('Ctrl Pts',(-49.2328206227587,-3.00084661567977,4.95280091454946));
#3819=CARTESIAN_POINT('Ctrl Pts',(-49.1868778750465,-2.81264896186364,4.95280091454946));
#3820=CARTESIAN_POINT('Ctrl Pts',(-49.142845803725,-2.62600873862819,4.95280091454946));
#3821=CARTESIAN_POINT('Ctrl Pts',(-49.1037029290957,-2.44462152850534,4.95280091454946));
#3822=CARTESIAN_POINT('Ctrl Pts',(-49.0719698026106,-2.27137170802517,4.95280091454946));
#3823=CARTESIAN_POINT('Ctrl Pts',(-49.0493601969548,-2.10742260301227,4.95280091454946));
#3824=CARTESIAN_POINT('Ctrl Pts',(-49.0368295283226,-1.95219821980216,4.95280091454946));
#3825=CARTESIAN_POINT('Ctrl Pts',(-49.0350540690531,-1.80433930192681,4.95280091454946));
#3826=CARTESIAN_POINT('Ctrl Pts',(-49.0448222034738,-1.66243845409617,4.95280091454946));
#3827=CARTESIAN_POINT('Ctrl Pts',(-49.0674077671754,-1.52579195031701,4.95280091454946));
#3828=CARTESIAN_POINT('Ctrl Pts',(-49.1050795819769,-1.39531930336795,4.95280091454946));
#3829=CARTESIAN_POINT('Ctrl Pts',(-49.1611372060743,-1.27384515317363,4.95280091454946));
#3830=CARTESIAN_POINT('Ctrl Pts',(-49.2388489374273,-1.1648741468444,4.95280091454946));
#3831=CARTESIAN_POINT('Ctrl Pts',(-49.3405607937209,-1.07161128637816,4.95280091454946));
#3832=CARTESIAN_POINT('Ctrl Pts',(-49.4668368929002,-0.996001091032776,
4.95280091454946));
#3833=CARTESIAN_POINT('Ctrl Pts',(-49.6153356713993,-0.937466478831221,
4.95280091454946));
#3834=CARTESIAN_POINT('Ctrl Pts',(-49.7811111196798,-0.893307074445927,
4.95280091454946));
#3835=CARTESIAN_POINT('Ctrl Pts',(-49.9576058893479,-0.859903339005597,
4.95280091454946));
#3836=CARTESIAN_POINT('Ctrl Pts',(-50.137428317092,-0.833674597765237,4.95280091454946));
#3837=CARTESIAN_POINT('Ctrl Pts',(-50.313209177387,-0.812116633230901,4.95280091454946));
#3838=CARTESIAN_POINT('Ctrl Pts',(-50.4784464646233,-0.794858850959421,
4.95280091454946));
#3839=CARTESIAN_POINT('Ctrl Pts',(-50.628291921274,-0.784563779169601,4.95280091454946));
#3840=CARTESIAN_POINT('Ctrl Pts',(-50.7593260675992,-0.785575372650834,
4.95280091454946));
#3841=CARTESIAN_POINT('Ctrl Pts',(-50.8693951764097,-0.802658435262525,
4.95280091454946));
#3842=CARTESIAN_POINT('Ctrl Pts',(-50.9574332650096,-0.839808133759543,
4.95280091454946));
#3843=CARTESIAN_POINT('Ctrl Pts',(-51.0232722436125,-0.898780321826951,
4.95280091454946));
#3844=CARTESIAN_POINT('Ctrl Pts',(-51.0675263963548,-0.978630364377174,
4.95280091454946));
#3845=CARTESIAN_POINT('Ctrl Pts',(-51.0916063469666,-1.07677067036796,4.95280091454946));
#3846=CARTESIAN_POINT('Ctrl Pts',(-51.0976869012896,-1.18964168941356,4.95280091454946));
#3847=CARTESIAN_POINT('Ctrl Pts',(-51.088730662097,-1.31358676875837,4.95280091454946));
#3848=CARTESIAN_POINT('Ctrl Pts',(-51.0681697587723,-1.44524656121138,4.95280091454946));
#3849=CARTESIAN_POINT('Ctrl Pts',(-51.0395093295545,-1.58191107658014,4.95280091454946));
#3850=CARTESIAN_POINT('Ctrl Pts',(-51.0059778024536,-1.72185353398006,4.95280091454946));
#3851=CARTESIAN_POINT('Ctrl Pts',(-50.9701114785311,-1.86474373608606,4.95280091454946));
#3852=CARTESIAN_POINT('Ctrl Pts',(-50.9335098034493,-2.01180653621406,4.95280091454946));
#3853=CARTESIAN_POINT('Ctrl Pts',(-50.8971495696398,-2.16510686595532,4.95280091454946));
#3854=CARTESIAN_POINT('Ctrl Pts',(-50.8616044717804,-2.32698587109763,4.95280091454946));
#3855=CARTESIAN_POINT('Ctrl Pts',(-50.8273066376562,-2.49942549741458,4.95280091454946));
#3856=CARTESIAN_POINT('Ctrl Pts',(-50.7947784006023,-2.68347214089861,4.95280091454946));
#3857=CARTESIAN_POINT('Ctrl Pts',(-50.7649081056999,-2.87855823809985,4.95280091454946));
#3858=CARTESIAN_POINT('Ctrl Pts',(-50.7388405052652,-3.08275747125526,4.95280091454946));
#3859=CARTESIAN_POINT('Ctrl Pts',(-50.7178152355732,-3.29316368109306,4.95280091454946));
#3860=CARTESIAN_POINT('Ctrl Pts',(-50.7030272415284,-3.50622269672427,4.95280091454946));
#3861=CARTESIAN_POINT('Ctrl Pts',(-50.695469872806,-3.71808997232044,4.95280091454946));
#3862=CARTESIAN_POINT('Ctrl Pts',(-50.6958040905608,-3.92496200359226,4.95280091454946));
#3863=CARTESIAN_POINT('Ctrl Pts',(-50.7041708794491,-4.12345498382963,4.95280091454946));
#3864=CARTESIAN_POINT('Ctrl Pts',(-50.720176746603,-4.31084631601948,4.95280091454946));
#3865=CARTESIAN_POINT('Ctrl Pts',(-50.7433123103976,-4.48499185586514,4.95280091454946));
#3866=CARTESIAN_POINT('Ctrl Pts',(-50.7732685741187,-4.64430395983647,4.95280091454946));
#3867=CARTESIAN_POINT('Ctrl Pts',(-50.8103308292959,-4.78771156949343,4.95280091454946));
#3868=CARTESIAN_POINT('Ctrl Pts',(-50.8556545462924,-4.91461476592695,4.95280091454946));
#3869=CARTESIAN_POINT('Ctrl Pts',(-50.9118063428824,-5.02487610793099,4.95280091454946));
#3870=CARTESIAN_POINT('Ctrl Pts',(-50.9821984724855,-5.11863420141548,4.95280091454946));
#3871=CARTESIAN_POINT('Ctrl Pts',(-51.0697096233666,-5.19596923436927,4.95280091454946));
#3872=CARTESIAN_POINT('Ctrl Pts',(-51.1756692462265,-5.25665537359338,4.95280091454946));
#3873=CARTESIAN_POINT('Ctrl Pts',(-51.2984146995738,-5.29978016413588,4.95280091454946));
#3874=CARTESIAN_POINT('Ctrl Pts',(-51.4329136749158,-5.32373074145698,4.95280091454946));
#3875=CARTESIAN_POINT('Ctrl Pts',(-51.5727940636309,-5.32702722638712,4.95280091454946));
#3876=CARTESIAN_POINT('Ctrl Pts',(-51.7120097371293,-5.30902853989797,4.95280091454946));
#3877=CARTESIAN_POINT('Ctrl Pts',(-51.8464392865496,-5.27061279087718,4.95280091454946));
#3878=CARTESIAN_POINT('Ctrl Pts',(-51.976040642424,-5.21506003791892,4.95280091454946));
#3879=CARTESIAN_POINT('Ctrl Pts',(-52.1041137938405,-5.14787813574552,4.95280091454946));
#3880=CARTESIAN_POINT('Ctrl Pts',(-52.2351135332879,-5.07607212729635,4.95280091454946));
#3881=CARTESIAN_POINT('Ctrl Pts',(-52.372810917428,-5.00759462493982,4.95280091454946));
#3882=CARTESIAN_POINT('Ctrl Pts',(-52.5185475151692,-4.95070917337036,4.95280091454946));
#3883=CARTESIAN_POINT('Ctrl Pts',(-52.6688526750755,-4.91342244305154,4.95280091454946));
#3884=CARTESIAN_POINT('Ctrl Pts',(-52.8162744263384,-4.9027378381237,4.95280091454946));
#3885=CARTESIAN_POINT('Ctrl Pts',(-52.9519694083408,-4.92384183706565,4.95280091454946));
#3886=CARTESIAN_POINT('Ctrl Pts',(-53.0677921578404,-4.97928101127921,4.95280091454946));
#3887=CARTESIAN_POINT('Ctrl Pts',(-53.1584885961114,-5.06820537032041,4.95280091454946));
#3888=CARTESIAN_POINT('Ctrl Pts',(-53.2241219264594,-5.18541104502274,4.95280091454946));
#3889=CARTESIAN_POINT('Ctrl Pts',(-53.2685561571137,-5.32285959568074,4.95280091454946));
#3890=CARTESIAN_POINT('Ctrl Pts',(-53.2974652899467,-5.47149229549147,4.95280091454946));
#3891=CARTESIAN_POINT('Ctrl Pts',(-53.3165645070792,-5.62288705043021,4.95280091454946));
#3892=CARTESIAN_POINT('Ctrl Pts',(-53.3296327557412,-5.77109961631568,4.95280091454946));
#3893=CARTESIAN_POINT('Ctrl Pts',(-53.3369584528278,-5.91408523998044,4.95280091454946));
#3894=CARTESIAN_POINT('Ctrl Pts',(-53.3366944555626,-6.05215702840437,4.95280091454946));
#3895=CARTESIAN_POINT('Ctrl Pts',(-53.3259671565999,-6.18668882690234,4.95280091454946));
#3896=CARTESIAN_POINT('Ctrl Pts',(-53.3020101347353,-6.3188111817864,4.95280091454946));
#3897=CARTESIAN_POINT('Ctrl Pts',(-53.2634495148836,-6.4479075927223,4.95280091454946));
#3898=CARTESIAN_POINT('Ctrl Pts',(-53.211006667959,-6.57084278268862,4.95280091454946));
#3899=CARTESIAN_POINT('Ctrl Pts',(-53.1466032600636,-6.68317892888582,4.95280091454946));
#3900=CARTESIAN_POINT('Ctrl Pts',(-53.0727456633957,-6.78005036903262,4.95280091454946));
#3901=CARTESIAN_POINT('Ctrl Pts',(-52.9918430803088,-6.85710681069682,4.95280091454946));
#3902=CARTESIAN_POINT('Ctrl Pts',(-52.9054414998554,-6.91159743399935,4.95280091454946));
#3903=CARTESIAN_POINT('Ctrl Pts',(-52.8325184014481,-6.93607602852067,4.95280091454946));
#3904=CARTESIAN_POINT('Ctrl Pts',(-52.7758045988752,-6.9434806317935,4.95280091454946));
#3905=CARTESIAN_POINT('Ctrl Pts',(-52.7370965457371,-6.94354989656284,4.95280091454946));
#3906=CARTESIAN_POINT('Ctrl Pts',(-52.7175178372864,-6.94236769821869,4.95280091454946));
#3907=CARTESIAN_POINT('',(-48.7078757365162,-5.57810932179498,5.95280091454946));
#3908=CARTESIAN_POINT('',(-48.7078757365162,-5.57810932179498,4.95280091454946));
#3909=CARTESIAN_POINT('Ctrl Pts',(-48.7078757365162,-5.57810932179498,5.95280091454946));
#3910=CARTESIAN_POINT('Ctrl Pts',(-48.7360393519531,-5.63444657476221,5.95280091454946));
#3911=CARTESIAN_POINT('Ctrl Pts',(-48.7900084330029,-5.74067559807641,5.95280091454946));
#3912=CARTESIAN_POINT('Ctrl Pts',(-48.8638876180534,-5.88068269993289,5.95280091454946));
#3913=CARTESIAN_POINT('Ctrl Pts',(-48.9482423089693,-6.02868063855353,5.95280091454946));
#3914=CARTESIAN_POINT('Ctrl Pts',(-49.0304332726813,-6.14966255453921,5.95280091454946));
#3915=CARTESIAN_POINT('Ctrl Pts',(-49.09038618408,-6.20802332008266,5.95280091454946));
#3916=CARTESIAN_POINT('Ctrl Pts',(-49.1301481434535,-6.20659552759033,5.95280091454946));
#3917=CARTESIAN_POINT('Ctrl Pts',(-49.1531366339932,-6.15012721642199,5.95280091454946));
#3918=CARTESIAN_POINT('Ctrl Pts',(-49.1645148957468,-6.04580128656707,5.95280091454946));
#3919=CARTESIAN_POINT('Ctrl Pts',(-49.1702723253465,-5.90245175857221,5.95280091454946));
#3920=CARTESIAN_POINT('Ctrl Pts',(-49.1762122964719,-5.7297107692815,5.95280091454946));
#3921=CARTESIAN_POINT('Ctrl Pts',(-49.18705892442,-5.53722148043253,5.95280091454946));
#3922=CARTESIAN_POINT('Ctrl Pts',(-49.2053102553082,-5.33372797406636,5.95280091454946));
#3923=CARTESIAN_POINT('Ctrl Pts',(-49.2309548955144,-5.1265726254917,5.95280091454946));
#3924=CARTESIAN_POINT('Ctrl Pts',(-49.2622390857102,-4.92168502610389,5.95280091454946));
#3925=CARTESIAN_POINT('Ctrl Pts',(-49.2961638012515,-4.72344597399778,5.95280091454946));
#3926=CARTESIAN_POINT('Ctrl Pts',(-49.3290926081663,-4.53459894955794,5.95280091454946));
#3927=CARTESIAN_POINT('Ctrl Pts',(-49.3573073242138,-4.3561458654364,5.95280091454946));
#3928=CARTESIAN_POINT('Ctrl Pts',(-49.377596228169,-4.1872354357777,5.95280091454946));
#3929=CARTESIAN_POINT('Ctrl Pts',(-49.3877995447747,-4.02509159062882,5.95280091454946));
#3930=CARTESIAN_POINT('Ctrl Pts',(-49.3867345902122,-3.86585016372739,5.95280091454946));
#3931=CARTESIAN_POINT('Ctrl Pts',(-49.3741464372346,-3.70533221842103,5.95280091454946));
#3932=CARTESIAN_POINT('Ctrl Pts',(-49.3506549488378,-3.5398796003787,5.95280091454946));
#3933=CARTESIAN_POINT('Ctrl Pts',(-49.3176916319123,-3.36707611276676,5.95280091454946));
#3934=CARTESIAN_POINT('Ctrl Pts',(-49.2774718345239,-3.1867376074945,5.95280091454946));
#3935=CARTESIAN_POINT('Ctrl Pts',(-49.2328206227587,-3.00084661567977,5.95280091454946));
#3936=CARTESIAN_POINT('Ctrl Pts',(-49.1868778750465,-2.81264896186364,5.95280091454946));
#3937=CARTESIAN_POINT('Ctrl Pts',(-49.142845803725,-2.62600873862819,5.95280091454946));
#3938=CARTESIAN_POINT('Ctrl Pts',(-49.1037029290957,-2.44462152850534,5.95280091454946));
#3939=CARTESIAN_POINT('Ctrl Pts',(-49.0719698026106,-2.27137170802517,5.95280091454946));
#3940=CARTESIAN_POINT('Ctrl Pts',(-49.0493601969548,-2.10742260301227,5.95280091454946));
#3941=CARTESIAN_POINT('Ctrl Pts',(-49.0368295283226,-1.95219821980216,5.95280091454946));
#3942=CARTESIAN_POINT('Ctrl Pts',(-49.0350540690531,-1.80433930192681,5.95280091454946));
#3943=CARTESIAN_POINT('Ctrl Pts',(-49.0448222034738,-1.66243845409617,5.95280091454946));
#3944=CARTESIAN_POINT('Ctrl Pts',(-49.0674077671754,-1.52579195031701,5.95280091454946));
#3945=CARTESIAN_POINT('Ctrl Pts',(-49.1050795819769,-1.39531930336795,5.95280091454946));
#3946=CARTESIAN_POINT('Ctrl Pts',(-49.1611372060743,-1.27384515317363,5.95280091454946));
#3947=CARTESIAN_POINT('Ctrl Pts',(-49.2388489374273,-1.1648741468444,5.95280091454946));
#3948=CARTESIAN_POINT('Ctrl Pts',(-49.3405607937209,-1.07161128637816,5.95280091454946));
#3949=CARTESIAN_POINT('Ctrl Pts',(-49.4668368929002,-0.996001091032776,
5.95280091454946));
#3950=CARTESIAN_POINT('Ctrl Pts',(-49.6153356713993,-0.937466478831221,
5.95280091454946));
#3951=CARTESIAN_POINT('Ctrl Pts',(-49.7811111196798,-0.893307074445927,
5.95280091454946));
#3952=CARTESIAN_POINT('Ctrl Pts',(-49.9576058893479,-0.859903339005597,
5.95280091454946));
#3953=CARTESIAN_POINT('Ctrl Pts',(-50.137428317092,-0.833674597765237,5.95280091454946));
#3954=CARTESIAN_POINT('Ctrl Pts',(-50.313209177387,-0.812116633230901,5.95280091454946));
#3955=CARTESIAN_POINT('Ctrl Pts',(-50.4784464646233,-0.794858850959421,
5.95280091454946));
#3956=CARTESIAN_POINT('Ctrl Pts',(-50.628291921274,-0.784563779169601,5.95280091454946));
#3957=CARTESIAN_POINT('Ctrl Pts',(-50.7593260675992,-0.785575372650834,
5.95280091454946));
#3958=CARTESIAN_POINT('Ctrl Pts',(-50.8693951764097,-0.802658435262525,
5.95280091454946));
#3959=CARTESIAN_POINT('Ctrl Pts',(-50.9574332650096,-0.839808133759543,
5.95280091454946));
#3960=CARTESIAN_POINT('Ctrl Pts',(-51.0232722436125,-0.898780321826951,
5.95280091454946));
#3961=CARTESIAN_POINT('Ctrl Pts',(-51.0675263963548,-0.978630364377174,
5.95280091454946));
#3962=CARTESIAN_POINT('Ctrl Pts',(-51.0916063469666,-1.07677067036796,5.95280091454946));
#3963=CARTESIAN_POINT('Ctrl Pts',(-51.0976869012896,-1.18964168941356,5.95280091454946));
#3964=CARTESIAN_POINT('Ctrl Pts',(-51.088730662097,-1.31358676875837,5.95280091454946));
#3965=CARTESIAN_POINT('Ctrl Pts',(-51.0681697587723,-1.44524656121138,5.95280091454946));
#3966=CARTESIAN_POINT('Ctrl Pts',(-51.0395093295545,-1.58191107658014,5.95280091454946));
#3967=CARTESIAN_POINT('Ctrl Pts',(-51.0059778024536,-1.72185353398006,5.95280091454946));
#3968=CARTESIAN_POINT('Ctrl Pts',(-50.9701114785311,-1.86474373608606,5.95280091454946));
#3969=CARTESIAN_POINT('Ctrl Pts',(-50.9335098034493,-2.01180653621406,5.95280091454946));
#3970=CARTESIAN_POINT('Ctrl Pts',(-50.8971495696398,-2.16510686595532,5.95280091454946));
#3971=CARTESIAN_POINT('Ctrl Pts',(-50.8616044717804,-2.32698587109763,5.95280091454946));
#3972=CARTESIAN_POINT('Ctrl Pts',(-50.8273066376562,-2.49942549741458,5.95280091454946));
#3973=CARTESIAN_POINT('Ctrl Pts',(-50.7947784006023,-2.68347214089861,5.95280091454946));
#3974=CARTESIAN_POINT('Ctrl Pts',(-50.7649081056999,-2.87855823809985,5.95280091454946));
#3975=CARTESIAN_POINT('Ctrl Pts',(-50.7388405052652,-3.08275747125526,5.95280091454946));
#3976=CARTESIAN_POINT('Ctrl Pts',(-50.7178152355732,-3.29316368109306,5.95280091454946));
#3977=CARTESIAN_POINT('Ctrl Pts',(-50.7030272415284,-3.50622269672427,5.95280091454946));
#3978=CARTESIAN_POINT('Ctrl Pts',(-50.695469872806,-3.71808997232044,5.95280091454946));
#3979=CARTESIAN_POINT('Ctrl Pts',(-50.6958040905608,-3.92496200359226,5.95280091454946));
#3980=CARTESIAN_POINT('Ctrl Pts',(-50.7041708794491,-4.12345498382963,5.95280091454946));
#3981=CARTESIAN_POINT('Ctrl Pts',(-50.720176746603,-4.31084631601948,5.95280091454946));
#3982=CARTESIAN_POINT('Ctrl Pts',(-50.7433123103976,-4.48499185586514,5.95280091454946));
#3983=CARTESIAN_POINT('Ctrl Pts',(-50.7732685741187,-4.64430395983647,5.95280091454946));
#3984=CARTESIAN_POINT('Ctrl Pts',(-50.8103308292959,-4.78771156949343,5.95280091454946));
#3985=CARTESIAN_POINT('Ctrl Pts',(-50.8556545462924,-4.91461476592695,5.95280091454946));
#3986=CARTESIAN_POINT('Ctrl Pts',(-50.9118063428824,-5.02487610793099,5.95280091454946));
#3987=CARTESIAN_POINT('Ctrl Pts',(-50.9821984724855,-5.11863420141548,5.95280091454946));
#3988=CARTESIAN_POINT('Ctrl Pts',(-51.0697096233666,-5.19596923436927,5.95280091454946));
#3989=CARTESIAN_POINT('Ctrl Pts',(-51.1756692462265,-5.25665537359338,5.95280091454946));
#3990=CARTESIAN_POINT('Ctrl Pts',(-51.2984146995738,-5.29978016413588,5.95280091454946));
#3991=CARTESIAN_POINT('Ctrl Pts',(-51.4329136749158,-5.32373074145698,5.95280091454946));
#3992=CARTESIAN_POINT('Ctrl Pts',(-51.5727940636309,-5.32702722638712,5.95280091454946));
#3993=CARTESIAN_POINT('Ctrl Pts',(-51.7120097371293,-5.30902853989797,5.95280091454946));
#3994=CARTESIAN_POINT('Ctrl Pts',(-51.8464392865496,-5.27061279087718,5.95280091454946));
#3995=CARTESIAN_POINT('Ctrl Pts',(-51.976040642424,-5.21506003791892,5.95280091454946));
#3996=CARTESIAN_POINT('Ctrl Pts',(-52.1041137938405,-5.14787813574552,5.95280091454946));
#3997=CARTESIAN_POINT('Ctrl Pts',(-52.2351135332879,-5.07607212729635,5.95280091454946));
#3998=CARTESIAN_POINT('Ctrl Pts',(-52.372810917428,-5.00759462493982,5.95280091454946));
#3999=CARTESIAN_POINT('Ctrl Pts',(-52.5185475151692,-4.95070917337036,5.95280091454946));
#4000=CARTESIAN_POINT('Ctrl Pts',(-52.6688526750755,-4.91342244305154,5.95280091454946));
#4001=CARTESIAN_POINT('Ctrl Pts',(-52.8162744263384,-4.9027378381237,5.95280091454946));
#4002=CARTESIAN_POINT('Ctrl Pts',(-52.9519694083408,-4.92384183706565,5.95280091454946));
#4003=CARTESIAN_POINT('Ctrl Pts',(-53.0677921578404,-4.97928101127921,5.95280091454946));
#4004=CARTESIAN_POINT('Ctrl Pts',(-53.1584885961114,-5.06820537032041,5.95280091454946));
#4005=CARTESIAN_POINT('Ctrl Pts',(-53.2241219264594,-5.18541104502274,5.95280091454946));
#4006=CARTESIAN_POINT('Ctrl Pts',(-53.2685561571137,-5.32285959568074,5.95280091454946));
#4007=CARTESIAN_POINT('Ctrl Pts',(-53.2974652899467,-5.47149229549147,5.95280091454946));
#4008=CARTESIAN_POINT('Ctrl Pts',(-53.3165645070792,-5.62288705043021,5.95280091454946));
#4009=CARTESIAN_POINT('Ctrl Pts',(-53.3296327557412,-5.77109961631568,5.95280091454946));
#4010=CARTESIAN_POINT('Ctrl Pts',(-53.3369584528278,-5.91408523998044,5.95280091454946));
#4011=CARTESIAN_POINT('Ctrl Pts',(-53.3366944555626,-6.05215702840437,5.95280091454946));
#4012=CARTESIAN_POINT('Ctrl Pts',(-53.3259671565999,-6.18668882690234,5.95280091454946));
#4013=CARTESIAN_POINT('Ctrl Pts',(-53.3020101347353,-6.3188111817864,5.95280091454946));
#4014=CARTESIAN_POINT('Ctrl Pts',(-53.2634495148836,-6.4479075927223,5.95280091454946));
#4015=CARTESIAN_POINT('Ctrl Pts',(-53.211006667959,-6.57084278268862,5.95280091454946));
#4016=CARTESIAN_POINT('Ctrl Pts',(-53.1466032600636,-6.68317892888582,5.95280091454946));
#4017=CARTESIAN_POINT('Ctrl Pts',(-53.0727456633957,-6.78005036903262,5.95280091454946));
#4018=CARTESIAN_POINT('Ctrl Pts',(-52.9918430803088,-6.85710681069682,5.95280091454946));
#4019=CARTESIAN_POINT('Ctrl Pts',(-52.9054414998554,-6.91159743399935,5.95280091454946));
#4020=CARTESIAN_POINT('Ctrl Pts',(-52.8325184014481,-6.93607602852067,5.95280091454946));
#4021=CARTESIAN_POINT('Ctrl Pts',(-52.7758045988752,-6.9434806317935,5.95280091454946));
#4022=CARTESIAN_POINT('Ctrl Pts',(-52.7370965457371,-6.94354989656284,5.95280091454946));
#4023=CARTESIAN_POINT('Ctrl Pts',(-52.7175178372864,-6.94236769821869,5.95280091454946));
#4024=CARTESIAN_POINT('Ctrl Pts',(-47.2101544111802,-0.766820327435686,
4.95280091454946));
#4025=CARTESIAN_POINT('Ctrl Pts',(-47.2101544111802,-0.766820327435686,
5.95280091454946));
#4026=CARTESIAN_POINT('Ctrl Pts',(-47.204763724231,-0.760418033830051,4.95280091454946));
#4027=CARTESIAN_POINT('Ctrl Pts',(-47.204763724231,-0.760418033830051,5.95280091454946));
#4028=CARTESIAN_POINT('Ctrl Pts',(-47.1979780415552,-0.750361573185264,
4.95280091454946));
#4029=CARTESIAN_POINT('Ctrl Pts',(-47.1979780415552,-0.750361573185264,
5.95280091454946));
#4030=CARTESIAN_POINT('Ctrl Pts',(-47.199785151527,-0.7435204684334,4.95280091454946));
#4031=CARTESIAN_POINT('Ctrl Pts',(-47.199785151527,-0.7435204684334,5.95280091454946));
#4032=CARTESIAN_POINT('Ctrl Pts',(-47.2262218239104,-0.750922918841577,
4.95280091454946));
#4033=CARTESIAN_POINT('Ctrl Pts',(-47.2262218239104,-0.750922918841577,
5.95280091454946));
#4034=CARTESIAN_POINT('Ctrl Pts',(-47.2979667682916,-0.78714268841385,4.95280091454946));
#4035=CARTESIAN_POINT('Ctrl Pts',(-47.2979667682916,-0.78714268841385,5.95280091454946));
#4036=CARTESIAN_POINT('Ctrl Pts',(-47.4041583646303,-0.848432363063956,
4.95280091454946));
#4037=CARTESIAN_POINT('Ctrl Pts',(-47.4041583646303,-0.848432363063956,
5.95280091454946));
#4038=CARTESIAN_POINT('Ctrl Pts',(-47.535465370126,-0.930499379465308,4.95280091454946));
#4039=CARTESIAN_POINT('Ctrl Pts',(-47.535465370126,-0.930499379465308,5.95280091454946));
#4040=CARTESIAN_POINT('Ctrl Pts',(-47.6789214624957,-1.02757017316328,4.95280091454946));
#4041=CARTESIAN_POINT('Ctrl Pts',(-47.6789214624957,-1.02757017316328,5.95280091454946));
#4042=CARTESIAN_POINT('Ctrl Pts',(-47.8206995886012,-1.13402668739045,4.95280091454946));
#4043=CARTESIAN_POINT('Ctrl Pts',(-47.8206995886012,-1.13402668739045,5.95280091454946));
#4044=CARTESIAN_POINT('Ctrl Pts',(-47.9485143568135,-1.24586236071374,4.95280091454946));
#4045=CARTESIAN_POINT('Ctrl Pts',(-47.9485143568135,-1.24586236071374,5.95280091454946));
#4046=CARTESIAN_POINT('Ctrl Pts',(-48.0540185380389,-1.3620876167626,4.95280091454946));
#4047=CARTESIAN_POINT('Ctrl Pts',(-48.0540185380389,-1.3620876167626,5.95280091454946));
#4048=CARTESIAN_POINT('Ctrl Pts',(-48.1356672003319,-1.48652304280573,4.95280091454946));
#4049=CARTESIAN_POINT('Ctrl Pts',(-48.1356672003319,-1.48652304280573,5.95280091454946));
#4050=CARTESIAN_POINT('Ctrl Pts',(-48.1971119707314,-1.62604064596238,4.95280091454946));
#4051=CARTESIAN_POINT('Ctrl Pts',(-48.1971119707314,-1.62604064596238,5.95280091454946));
#4052=CARTESIAN_POINT('Ctrl Pts',(-48.2448699154351,-1.78823321714084,4.95280091454946));
#4053=CARTESIAN_POINT('Ctrl Pts',(-48.2448699154351,-1.78823321714084,5.95280091454946));
#4054=CARTESIAN_POINT('Ctrl Pts',(-48.286247103404,-1.97925217081889,4.95280091454946));
#4055=CARTESIAN_POINT('Ctrl Pts',(-48.286247103404,-1.97925217081889,5.95280091454946));
#4056=CARTESIAN_POINT('Ctrl Pts',(-48.3272375684533,-2.20165303217518,4.95280091454946));
#4057=CARTESIAN_POINT('Ctrl Pts',(-48.3272375684533,-2.20165303217518,5.95280091454946));
#4058=CARTESIAN_POINT('Ctrl Pts',(-48.3702459714194,-2.45196953056035,4.95280091454946));
#4059=CARTESIAN_POINT('Ctrl Pts',(-48.3702459714194,-2.45196953056035,5.95280091454946));
#4060=CARTESIAN_POINT('Ctrl Pts',(-48.4148263034778,-2.7222328003721,4.95280091454946));
#4061=CARTESIAN_POINT('Ctrl Pts',(-48.4148263034778,-2.7222328003721,5.95280091454946));
#4062=CARTESIAN_POINT('Ctrl Pts',(-48.4586961932447,-3.00184425333386,4.95280091454946));
#4063=CARTESIAN_POINT('Ctrl Pts',(-48.4586961932447,-3.00184425333386,5.95280091454946));
#4064=CARTESIAN_POINT('Ctrl Pts',(-48.4986194485259,-3.27926079395714,4.95280091454946));
#4065=CARTESIAN_POINT('Ctrl Pts',(-48.4986194485259,-3.27926079395714,5.95280091454946));
#4066=CARTESIAN_POINT('Ctrl Pts',(-48.5313715079396,-3.54381848167193,4.95280091454946));
#4067=CARTESIAN_POINT('Ctrl Pts',(-48.5313715079396,-3.54381848167193,5.95280091454946));
#4068=CARTESIAN_POINT('Ctrl Pts',(-48.554582659373,-3.78732906073076,4.95280091454946));
#4069=CARTESIAN_POINT('Ctrl Pts',(-48.554582659373,-3.78732906073076,5.95280091454946));
#4070=CARTESIAN_POINT('Ctrl Pts',(-48.5678484820653,-4.00620825230184,4.95280091454946));
#4071=CARTESIAN_POINT('Ctrl Pts',(-48.5678484820653,-4.00620825230184,5.95280091454946));
#4072=CARTESIAN_POINT('Ctrl Pts',(-48.5729732459882,-4.20187946810197,4.95280091454946));
#4073=CARTESIAN_POINT('Ctrl Pts',(-48.5729732459882,-4.20187946810197,5.95280091454946));
#4074=CARTESIAN_POINT('Ctrl Pts',(-48.5730938810682,-4.37894554438371,4.95280091454946));
#4075=CARTESIAN_POINT('Ctrl Pts',(-48.5730938810682,-4.37894554438371,5.95280091454946));
#4076=CARTESIAN_POINT('Ctrl Pts',(-48.5720894555536,-4.5439348386987,4.95280091454946));
#4077=CARTESIAN_POINT('Ctrl Pts',(-48.5720894555536,-4.5439348386987,5.95280091454946));
#4078=CARTESIAN_POINT('Ctrl Pts',(-48.5738969731361,-4.7038637613284,4.95280091454946));
#4079=CARTESIAN_POINT('Ctrl Pts',(-48.5738969731361,-4.7038637613284,5.95280091454946));
#4080=CARTESIAN_POINT('Ctrl Pts',(-48.5818370774838,-4.86482286249759,4.95280091454946));
#4081=CARTESIAN_POINT('Ctrl Pts',(-48.5818370774838,-4.86482286249759,5.95280091454946));
#4082=CARTESIAN_POINT('Ctrl Pts',(-48.5980272088561,-5.0307403121062,4.95280091454946));
#4083=CARTESIAN_POINT('Ctrl Pts',(-48.5980272088561,-5.0307403121062,5.95280091454946));
#4084=CARTESIAN_POINT('Ctrl Pts',(-48.6236980419375,-5.20394809109732,4.95280091454946));
#4085=CARTESIAN_POINT('Ctrl Pts',(-48.6236980419375,-5.20394809109732,5.95280091454946));
#4086=CARTESIAN_POINT('Ctrl Pts',(-48.6522720700922,-5.34923992573439,4.95280091454946));
#4087=CARTESIAN_POINT('Ctrl Pts',(-48.6522720700922,-5.34923992573439,5.95280091454946));
#4088=CARTESIAN_POINT('Ctrl Pts',(-48.6782923191262,-5.46214630433512,4.95280091454946));
#4089=CARTESIAN_POINT('Ctrl Pts',(-48.6782923191262,-5.46214630433512,5.95280091454946));
#4090=CARTESIAN_POINT('Ctrl Pts',(-48.6976752447851,-5.539163867861,4.95280091454946));
#4091=CARTESIAN_POINT('Ctrl Pts',(-48.6976752447851,-5.539163867861,5.95280091454946));
#4092=CARTESIAN_POINT('Ctrl Pts',(-48.7078757365162,-5.57810932179498,4.95280091454946));
#4093=CARTESIAN_POINT('Ctrl Pts',(-48.7078757365162,-5.57810932179498,5.95280091454946));
#4094=CARTESIAN_POINT('Ctrl Pts',(-47.2101544111802,-0.766820327435686,
4.95280091454946));
#4095=CARTESIAN_POINT('Ctrl Pts',(-47.204763724231,-0.760418033830051,4.95280091454946));
#4096=CARTESIAN_POINT('Ctrl Pts',(-47.1979780415552,-0.750361573185264,
4.95280091454946));
#4097=CARTESIAN_POINT('Ctrl Pts',(-47.199785151527,-0.7435204684334,4.95280091454946));
#4098=CARTESIAN_POINT('Ctrl Pts',(-47.2262218239104,-0.750922918841577,
4.95280091454946));
#4099=CARTESIAN_POINT('Ctrl Pts',(-47.2979667682916,-0.78714268841385,4.95280091454946));
#4100=CARTESIAN_POINT('Ctrl Pts',(-47.4041583646303,-0.848432363063956,
4.95280091454946));
#4101=CARTESIAN_POINT('Ctrl Pts',(-47.535465370126,-0.930499379465308,4.95280091454946));
#4102=CARTESIAN_POINT('Ctrl Pts',(-47.6789214624957,-1.02757017316328,4.95280091454946));
#4103=CARTESIAN_POINT('Ctrl Pts',(-47.8206995886012,-1.13402668739045,4.95280091454946));
#4104=CARTESIAN_POINT('Ctrl Pts',(-47.9485143568135,-1.24586236071374,4.95280091454946));
#4105=CARTESIAN_POINT('Ctrl Pts',(-48.0540185380389,-1.3620876167626,4.95280091454946));
#4106=CARTESIAN_POINT('Ctrl Pts',(-48.1356672003319,-1.48652304280573,4.95280091454946));
#4107=CARTESIAN_POINT('Ctrl Pts',(-48.1971119707314,-1.62604064596238,4.95280091454946));
#4108=CARTESIAN_POINT('Ctrl Pts',(-48.2448699154351,-1.78823321714084,4.95280091454946));
#4109=CARTESIAN_POINT('Ctrl Pts',(-48.286247103404,-1.97925217081889,4.95280091454946));
#4110=CARTESIAN_POINT('Ctrl Pts',(-48.3272375684533,-2.20165303217518,4.95280091454946));
#4111=CARTESIAN_POINT('Ctrl Pts',(-48.3702459714194,-2.45196953056035,4.95280091454946));
#4112=CARTESIAN_POINT('Ctrl Pts',(-48.4148263034778,-2.7222328003721,4.95280091454946));
#4113=CARTESIAN_POINT('Ctrl Pts',(-48.4586961932447,-3.00184425333386,4.95280091454946));
#4114=CARTESIAN_POINT('Ctrl Pts',(-48.4986194485259,-3.27926079395714,4.95280091454946));
#4115=CARTESIAN_POINT('Ctrl Pts',(-48.5313715079396,-3.54381848167193,4.95280091454946));
#4116=CARTESIAN_POINT('Ctrl Pts',(-48.554582659373,-3.78732906073076,4.95280091454946));
#4117=CARTESIAN_POINT('Ctrl Pts',(-48.5678484820653,-4.00620825230184,4.95280091454946));
#4118=CARTESIAN_POINT('Ctrl Pts',(-48.5729732459882,-4.20187946810197,4.95280091454946));
#4119=CARTESIAN_POINT('Ctrl Pts',(-48.5730938810682,-4.37894554438371,4.95280091454946));
#4120=CARTESIAN_POINT('Ctrl Pts',(-48.5720894555536,-4.5439348386987,4.95280091454946));
#4121=CARTESIAN_POINT('Ctrl Pts',(-48.5738969731361,-4.7038637613284,4.95280091454946));
#4122=CARTESIAN_POINT('Ctrl Pts',(-48.5818370774838,-4.86482286249759,4.95280091454946));
#4123=CARTESIAN_POINT('Ctrl Pts',(-48.5980272088561,-5.0307403121062,4.95280091454946));
#4124=CARTESIAN_POINT('Ctrl Pts',(-48.6236980419375,-5.20394809109732,4.95280091454946));
#4125=CARTESIAN_POINT('Ctrl Pts',(-48.6522720700922,-5.34923992573439,4.95280091454946));
#4126=CARTESIAN_POINT('Ctrl Pts',(-48.6782923191262,-5.46214630433512,4.95280091454946));
#4127=CARTESIAN_POINT('Ctrl Pts',(-48.6976752447851,-5.539163867861,4.95280091454946));
#4128=CARTESIAN_POINT('Ctrl Pts',(-48.7078757365162,-5.57810932179498,4.95280091454946));
#4129=CARTESIAN_POINT('Ctrl Pts',(-47.2101544111802,-0.766820327435686,
5.95280091454946));
#4130=CARTESIAN_POINT('Ctrl Pts',(-47.204763724231,-0.760418033830051,5.95280091454946));
#4131=CARTESIAN_POINT('Ctrl Pts',(-47.1979780415552,-0.750361573185264,
5.95280091454946));
#4132=CARTESIAN_POINT('Ctrl Pts',(-47.199785151527,-0.7435204684334,5.95280091454946));
#4133=CARTESIAN_POINT('Ctrl Pts',(-47.2262218239104,-0.750922918841577,
5.95280091454946));
#4134=CARTESIAN_POINT('Ctrl Pts',(-47.2979667682916,-0.78714268841385,5.95280091454946));
#4135=CARTESIAN_POINT('Ctrl Pts',(-47.4041583646303,-0.848432363063956,
5.95280091454946));
#4136=CARTESIAN_POINT('Ctrl Pts',(-47.535465370126,-0.930499379465308,5.95280091454946));
#4137=CARTESIAN_POINT('Ctrl Pts',(-47.6789214624957,-1.02757017316328,5.95280091454946));
#4138=CARTESIAN_POINT('Ctrl Pts',(-47.8206995886012,-1.13402668739045,5.95280091454946));
#4139=CARTESIAN_POINT('Ctrl Pts',(-47.9485143568135,-1.24586236071374,5.95280091454946));
#4140=CARTESIAN_POINT('Ctrl Pts',(-48.0540185380389,-1.3620876167626,5.95280091454946));
#4141=CARTESIAN_POINT('Ctrl Pts',(-48.1356672003319,-1.48652304280573,5.95280091454946));
#4142=CARTESIAN_POINT('Ctrl Pts',(-48.1971119707314,-1.62604064596238,5.95280091454946));
#4143=CARTESIAN_POINT('Ctrl Pts',(-48.2448699154351,-1.78823321714084,5.95280091454946));
#4144=CARTESIAN_POINT('Ctrl Pts',(-48.286247103404,-1.97925217081889,5.95280091454946));
#4145=CARTESIAN_POINT('Ctrl Pts',(-48.3272375684533,-2.20165303217518,5.95280091454946));
#4146=CARTESIAN_POINT('Ctrl Pts',(-48.3702459714194,-2.45196953056035,5.95280091454946));
#4147=CARTESIAN_POINT('Ctrl Pts',(-48.4148263034778,-2.7222328003721,5.95280091454946));
#4148=CARTESIAN_POINT('Ctrl Pts',(-48.4586961932447,-3.00184425333386,5.95280091454946));
#4149=CARTESIAN_POINT('Ctrl Pts',(-48.4986194485259,-3.27926079395714,5.95280091454946));
#4150=CARTESIAN_POINT('Ctrl Pts',(-48.5313715079396,-3.54381848167193,5.95280091454946));
#4151=CARTESIAN_POINT('Ctrl Pts',(-48.554582659373,-3.78732906073076,5.95280091454946));
#4152=CARTESIAN_POINT('Ctrl Pts',(-48.5678484820653,-4.00620825230184,5.95280091454946));
#4153=CARTESIAN_POINT('Ctrl Pts',(-48.5729732459882,-4.20187946810197,5.95280091454946));
#4154=CARTESIAN_POINT('Ctrl Pts',(-48.5730938810682,-4.37894554438371,5.95280091454946));
#4155=CARTESIAN_POINT('Ctrl Pts',(-48.5720894555536,-4.5439348386987,5.95280091454946));
#4156=CARTESIAN_POINT('Ctrl Pts',(-48.5738969731361,-4.7038637613284,5.95280091454946));
#4157=CARTESIAN_POINT('Ctrl Pts',(-48.5818370774838,-4.86482286249759,5.95280091454946));
#4158=CARTESIAN_POINT('Ctrl Pts',(-48.5980272088561,-5.0307403121062,5.95280091454946));
#4159=CARTESIAN_POINT('Ctrl Pts',(-48.6236980419375,-5.20394809109732,5.95280091454946));
#4160=CARTESIAN_POINT('Ctrl Pts',(-48.6522720700922,-5.34923992573439,5.95280091454946));
#4161=CARTESIAN_POINT('Ctrl Pts',(-48.6782923191262,-5.46214630433512,5.95280091454946));
#4162=CARTESIAN_POINT('Ctrl Pts',(-48.6976752447851,-5.539163867861,5.95280091454946));
#4163=CARTESIAN_POINT('Ctrl Pts',(-48.7078757365162,-5.57810932179498,5.95280091454946));
#4164=CARTESIAN_POINT('Origin',(-48.7694684632384,-4.28806634719162,5.95280091454946));
#4165=CARTESIAN_POINT('Ctrl Pts',(-43.3593436136547,-2.68426127139241,4.95280091454946));
#4166=CARTESIAN_POINT('Ctrl Pts',(-43.3593436136547,-2.68426127139241,5.95280091454946));
#4167=CARTESIAN_POINT('Ctrl Pts',(-43.3307386499312,-2.68119347089256,4.95280091454946));
#4168=CARTESIAN_POINT('Ctrl Pts',(-43.3307386499312,-2.68119347089256,5.95280091454946));
#4169=CARTESIAN_POINT('Ctrl Pts',(-43.2749834955532,-2.67816672041582,4.95280091454946));
#4170=CARTESIAN_POINT('Ctrl Pts',(-43.2749834955532,-2.67816672041582,5.95280091454946));
#4171=CARTESIAN_POINT('Ctrl Pts',(-43.195715101169,-2.68295388801615,4.95280091454946));
#4172=CARTESIAN_POINT('Ctrl Pts',(-43.195715101169,-2.68295388801615,5.95280091454946));
#4173=CARTESIAN_POINT('Ctrl Pts',(-43.099261102083,-2.70809095606589,4.95280091454946));
#4174=CARTESIAN_POINT('Ctrl Pts',(-43.099261102083,-2.70809095606589,5.95280091454946));
#4175=CARTESIAN_POINT('Ctrl Pts',(-42.9972081050777,-2.77021870264969,4.95280091454946));
#4176=CARTESIAN_POINT('Ctrl Pts',(-42.9972081050777,-2.77021870264969,5.95280091454946));
#4177=CARTESIAN_POINT('Ctrl Pts',(-42.9179439116649,-2.86021723649186,4.95280091454946));
#4178=CARTESIAN_POINT('Ctrl Pts',(-42.9179439116649,-2.86021723649186,5.95280091454946));
#4179=CARTESIAN_POINT('Ctrl Pts',(-42.8662131729348,-2.97181966450444,4.95280091454946));
#4180=CARTESIAN_POINT('Ctrl Pts',(-42.8662131729348,-2.97181966450444,5.95280091454946));
#4181=CARTESIAN_POINT('Ctrl Pts',(-42.8465342823865,-3.093362726625,4.95280091454946));
#4182=CARTESIAN_POINT('Ctrl Pts',(-42.8465342823865,-3.093362726625,5.95280091454946));
#4183=CARTESIAN_POINT('Ctrl Pts',(-42.8625383221953,-3.20863894727275,4.95280091454946));
#4184=CARTESIAN_POINT('Ctrl Pts',(-42.8625383221953,-3.20863894727275,5.95280091454946));
#4185=CARTESIAN_POINT('Ctrl Pts',(-42.9163162278547,-3.30123763896142,4.95280091454946));
#4186=CARTESIAN_POINT('Ctrl Pts',(-42.9163162278547,-3.30123763896142,5.95280091454946));
#4187=CARTESIAN_POINT('Ctrl Pts',(-43.0078006255923,-3.35782949975843,4.95280091454946));
#4188=CARTESIAN_POINT('Ctrl Pts',(-43.0078006255923,-3.35782949975843,5.95280091454946));
#4189=CARTESIAN_POINT('Ctrl Pts',(-43.1340241871527,-3.37223626592773,4.95280091454946));
#4190=CARTESIAN_POINT('Ctrl Pts',(-43.1340241871527,-3.37223626592773,5.95280091454946));
#4191=CARTESIAN_POINT('Ctrl Pts',(-43.2887095254997,-3.3481664170646,4.95280091454946));
#4192=CARTESIAN_POINT('Ctrl Pts',(-43.2887095254997,-3.3481664170646,5.95280091454946));
#4193=CARTESIAN_POINT('Ctrl Pts',(-43.4636363599464,-3.29585516038868,4.95280091454946));
#4194=CARTESIAN_POINT('Ctrl Pts',(-43.4636363599464,-3.29585516038868,5.95280091454946));
#4195=CARTESIAN_POINT('Ctrl Pts',(-43.6497439889695,-3.22954040737407,4.95280091454946));
#4196=CARTESIAN_POINT('Ctrl Pts',(-43.6497439889695,-3.22954040737407,5.95280091454946));
#4197=CARTESIAN_POINT('Ctrl Pts',(-43.8383863913548,-3.16454057018313,4.95280091454946));
#4198=CARTESIAN_POINT('Ctrl Pts',(-43.8383863913548,-3.16454057018313,5.95280091454946));
#4199=CARTESIAN_POINT('Ctrl Pts',(-44.0223921623115,-3.11473470222026,4.95280091454946));
#4200=CARTESIAN_POINT('Ctrl Pts',(-44.0223921623115,-3.11473470222026,5.95280091454946));
#4201=CARTESIAN_POINT('Ctrl Pts',(-44.1975391431269,-3.08930440103235,4.95280091454946));
#4202=CARTESIAN_POINT('Ctrl Pts',(-44.1975391431269,-3.08930440103235,5.95280091454946));
#4203=CARTESIAN_POINT('Ctrl Pts',(-44.3622510485017,-3.0925599255617,4.95280091454946));
#4204=CARTESIAN_POINT('Ctrl Pts',(-44.3622510485017,-3.0925599255617,5.95280091454946));
#4205=CARTESIAN_POINT('Ctrl Pts',(-44.5163554879493,-3.12539843420561,4.95280091454946));
#4206=CARTESIAN_POINT('Ctrl Pts',(-44.5163554879493,-3.12539843420561,5.95280091454946));
#4207=CARTESIAN_POINT('Ctrl Pts',(-44.660109230824,-3.1862669683342,4.95280091454946));
#4208=CARTESIAN_POINT('Ctrl Pts',(-44.660109230824,-3.1862669683342,5.95280091454946));
#4209=CARTESIAN_POINT('Ctrl Pts',(-44.7931832475191,-3.27226107499221,4.95280091454946));
#4210=CARTESIAN_POINT('Ctrl Pts',(-44.7931832475191,-3.27226107499221,5.95280091454946));
#4211=CARTESIAN_POINT('Ctrl Pts',(-44.9135050478186,-3.38028931745491,4.95280091454946));
#4212=CARTESIAN_POINT('Ctrl Pts',(-44.9135050478186,-3.38028931745491,5.95280091454946));
#4213=CARTESIAN_POINT('Ctrl Pts',(-45.0166604241812,-3.50778399726177,4.95280091454946));
#4214=CARTESIAN_POINT('Ctrl Pts',(-45.0166604241812,-3.50778399726177,5.95280091454946));
#4215=CARTESIAN_POINT('Ctrl Pts',(-45.0970750911056,-3.65190301743366,4.95280091454946));
#4216=CARTESIAN_POINT('Ctrl Pts',(-45.0970750911056,-3.65190301743366,5.95280091454946));
#4217=CARTESIAN_POINT('Ctrl Pts',(-45.1488744110858,-3.80900711605463,4.95280091454946));
#4218=CARTESIAN_POINT('Ctrl Pts',(-45.1488744110858,-3.80900711605463,5.95280091454946));
#4219=CARTESIAN_POINT('Ctrl Pts',(-45.1668783784933,-3.9740057405271,4.95280091454946));
#4220=CARTESIAN_POINT('Ctrl Pts',(-45.1668783784933,-3.9740057405271,5.95280091454946));
#4221=CARTESIAN_POINT('Ctrl Pts',(-45.147521598821,-4.13979553220611,4.95280091454946));
#4222=CARTESIAN_POINT('Ctrl Pts',(-45.147521598821,-4.13979553220611,5.95280091454946));
#4223=CARTESIAN_POINT('Ctrl Pts',(-45.0898702568984,-4.29653509000294,4.95280091454946));
#4224=CARTESIAN_POINT('Ctrl Pts',(-45.0898702568984,-4.29653509000294,5.95280091454946));
#4225=CARTESIAN_POINT('Ctrl Pts',(-44.9953819668104,-4.43331717470198,4.95280091454946));
#4226=CARTESIAN_POINT('Ctrl Pts',(-44.9953819668104,-4.43331717470198,5.95280091454946));
#4227=CARTESIAN_POINT('Ctrl Pts',(-44.8675945582792,-4.53993953243513,4.95280091454946));
#4228=CARTESIAN_POINT('Ctrl Pts',(-44.8675945582792,-4.53993953243513,5.95280091454946));
#4229=CARTESIAN_POINT('Ctrl Pts',(-44.7118602897568,-4.60873305280856,4.95280091454946));
#4230=CARTESIAN_POINT('Ctrl Pts',(-44.7118602897568,-4.60873305280856,5.95280091454946));
#4231=CARTESIAN_POINT('Ctrl Pts',(-44.5350521456509,-4.63616992704547,4.95280091454946));
#4232=CARTESIAN_POINT('Ctrl Pts',(-44.5350521456509,-4.63616992704547,5.95280091454946));
#4233=CARTESIAN_POINT('Ctrl Pts',(-44.3453402502988,-4.62510793906937,4.95280091454946));
#4234=CARTESIAN_POINT('Ctrl Pts',(-44.3453402502988,-4.62510793906937,5.95280091454946));
#4235=CARTESIAN_POINT('Ctrl Pts',(-44.151679904889,-4.58396793511177,4.95280091454946));
#4236=CARTESIAN_POINT('Ctrl Pts',(-44.151679904889,-4.58396793511177,5.95280091454946));
#4237=CARTESIAN_POINT('Ctrl Pts',(-43.9631665919558,-4.52450934836629,4.95280091454946));
#4238=CARTESIAN_POINT('Ctrl Pts',(-43.9631665919558,-4.52450934836629,5.95280091454946));
#4239=CARTESIAN_POINT('Ctrl Pts',(-43.7884419890779,-4.46008671925265,4.95280091454946));
#4240=CARTESIAN_POINT('Ctrl Pts',(-43.7884419890779,-4.46008671925265,5.95280091454946));
#4241=CARTESIAN_POINT('Ctrl Pts',(-43.6350614449251,-4.40367872464898,4.95280091454946));
#4242=CARTESIAN_POINT('Ctrl Pts',(-43.6350614449251,-4.40367872464898,5.95280091454946));
#4243=CARTESIAN_POINT('Ctrl Pts',(-43.5089106575848,-4.3661054047333,4.95280091454946));
#4244=CARTESIAN_POINT('Ctrl Pts',(-43.5089106575848,-4.3661054047333,5.95280091454946));
#4245=CARTESIAN_POINT('Ctrl Pts',(-43.4134937971913,-4.35391978335456,4.95280091454946));
#4246=CARTESIAN_POINT('Ctrl Pts',(-43.4134937971913,-4.35391978335456,5.95280091454946));
#4247=CARTESIAN_POINT('Ctrl Pts',(-43.3630707322186,-4.36700870961309,4.95280091454946));
#4248=CARTESIAN_POINT('Ctrl Pts',(-43.3630707322186,-4.36700870961309,5.95280091454946));
#4249=CARTESIAN_POINT('Ctrl Pts',(-43.3400486394187,-4.39012475336605,4.95280091454946));
#4250=CARTESIAN_POINT('Ctrl Pts',(-43.3400486394187,-4.39012475336605,5.95280091454946));
#4251=CARTESIAN_POINT('Ctrl Pts',(-43.3312691680419,-4.41143939927039,4.95280091454946));
#4252=CARTESIAN_POINT('Ctrl Pts',(-43.3312691680419,-4.41143939927039,5.95280091454946));
#4253=CARTESIAN_POINT('Ctrl Pts',(-43.3285216011956,-4.42357275920984,4.95280091454946));
#4254=CARTESIAN_POINT('Ctrl Pts',(-43.3285216011956,-4.42357275920984,5.95280091454946));
#4255=CARTESIAN_POINT('',(-43.3593436136547,-2.68426127139241,4.95280091454946));
#4256=CARTESIAN_POINT('',(-43.3285216011956,-4.42357275920984,4.95280091454946));
#4257=CARTESIAN_POINT('Ctrl Pts',(-43.3593436136547,-2.68426127139241,4.95280091454946));
#4258=CARTESIAN_POINT('Ctrl Pts',(-43.3307386499312,-2.68119347089256,4.95280091454946));
#4259=CARTESIAN_POINT('Ctrl Pts',(-43.2749834955532,-2.67816672041582,4.95280091454946));
#4260=CARTESIAN_POINT('Ctrl Pts',(-43.195715101169,-2.68295388801615,4.95280091454946));
#4261=CARTESIAN_POINT('Ctrl Pts',(-43.099261102083,-2.70809095606589,4.95280091454946));
#4262=CARTESIAN_POINT('Ctrl Pts',(-42.9972081050777,-2.77021870264969,4.95280091454946));
#4263=CARTESIAN_POINT('Ctrl Pts',(-42.9179439116649,-2.86021723649186,4.95280091454946));
#4264=CARTESIAN_POINT('Ctrl Pts',(-42.8662131729348,-2.97181966450444,4.95280091454946));
#4265=CARTESIAN_POINT('Ctrl Pts',(-42.8465342823865,-3.093362726625,4.95280091454946));
#4266=CARTESIAN_POINT('Ctrl Pts',(-42.8625383221953,-3.20863894727275,4.95280091454946));
#4267=CARTESIAN_POINT('Ctrl Pts',(-42.9163162278547,-3.30123763896142,4.95280091454946));
#4268=CARTESIAN_POINT('Ctrl Pts',(-43.0078006255923,-3.35782949975843,4.95280091454946));
#4269=CARTESIAN_POINT('Ctrl Pts',(-43.1340241871527,-3.37223626592773,4.95280091454946));
#4270=CARTESIAN_POINT('Ctrl Pts',(-43.2887095254997,-3.3481664170646,4.95280091454946));
#4271=CARTESIAN_POINT('Ctrl Pts',(-43.4636363599464,-3.29585516038868,4.95280091454946));
#4272=CARTESIAN_POINT('Ctrl Pts',(-43.6497439889695,-3.22954040737407,4.95280091454946));
#4273=CARTESIAN_POINT('Ctrl Pts',(-43.8383863913548,-3.16454057018313,4.95280091454946));
#4274=CARTESIAN_POINT('Ctrl Pts',(-44.0223921623115,-3.11473470222026,4.95280091454946));
#4275=CARTESIAN_POINT('Ctrl Pts',(-44.1975391431269,-3.08930440103235,4.95280091454946));
#4276=CARTESIAN_POINT('Ctrl Pts',(-44.3622510485017,-3.0925599255617,4.95280091454946));
#4277=CARTESIAN_POINT('Ctrl Pts',(-44.5163554879493,-3.12539843420561,4.95280091454946));
#4278=CARTESIAN_POINT('Ctrl Pts',(-44.660109230824,-3.1862669683342,4.95280091454946));
#4279=CARTESIAN_POINT('Ctrl Pts',(-44.7931832475191,-3.27226107499221,4.95280091454946));
#4280=CARTESIAN_POINT('Ctrl Pts',(-44.9135050478186,-3.38028931745491,4.95280091454946));
#4281=CARTESIAN_POINT('Ctrl Pts',(-45.0166604241812,-3.50778399726177,4.95280091454946));
#4282=CARTESIAN_POINT('Ctrl Pts',(-45.0970750911056,-3.65190301743366,4.95280091454946));
#4283=CARTESIAN_POINT('Ctrl Pts',(-45.1488744110858,-3.80900711605463,4.95280091454946));
#4284=CARTESIAN_POINT('Ctrl Pts',(-45.1668783784933,-3.9740057405271,4.95280091454946));
#4285=CARTESIAN_POINT('Ctrl Pts',(-45.147521598821,-4.13979553220611,4.95280091454946));
#4286=CARTESIAN_POINT('Ctrl Pts',(-45.0898702568984,-4.29653509000294,4.95280091454946));
#4287=CARTESIAN_POINT('Ctrl Pts',(-44.9953819668104,-4.43331717470198,4.95280091454946));
#4288=CARTESIAN_POINT('Ctrl Pts',(-44.8675945582792,-4.53993953243513,4.95280091454946));
#4289=CARTESIAN_POINT('Ctrl Pts',(-44.7118602897568,-4.60873305280856,4.95280091454946));
#4290=CARTESIAN_POINT('Ctrl Pts',(-44.5350521456509,-4.63616992704547,4.95280091454946));
#4291=CARTESIAN_POINT('Ctrl Pts',(-44.3453402502988,-4.62510793906937,4.95280091454946));
#4292=CARTESIAN_POINT('Ctrl Pts',(-44.151679904889,-4.58396793511177,4.95280091454946));
#4293=CARTESIAN_POINT('Ctrl Pts',(-43.9631665919558,-4.52450934836629,4.95280091454946));
#4294=CARTESIAN_POINT('Ctrl Pts',(-43.7884419890779,-4.46008671925265,4.95280091454946));
#4295=CARTESIAN_POINT('Ctrl Pts',(-43.6350614449251,-4.40367872464898,4.95280091454946));
#4296=CARTESIAN_POINT('Ctrl Pts',(-43.5089106575848,-4.3661054047333,4.95280091454946));
#4297=CARTESIAN_POINT('Ctrl Pts',(-43.4134937971913,-4.35391978335456,4.95280091454946));
#4298=CARTESIAN_POINT('Ctrl Pts',(-43.3630707322186,-4.36700870961309,4.95280091454946));
#4299=CARTESIAN_POINT('Ctrl Pts',(-43.3400486394187,-4.39012475336605,4.95280091454946));
#4300=CARTESIAN_POINT('Ctrl Pts',(-43.3312691680419,-4.41143939927039,4.95280091454946));
#4301=CARTESIAN_POINT('Ctrl Pts',(-43.3285216011956,-4.42357275920984,4.95280091454946));
#4302=CARTESIAN_POINT('',(-43.3593436136547,-2.68426127139241,5.95280091454946));
#4303=CARTESIAN_POINT('',(-43.3593436136547,-2.68426127139241,4.95280091454946));
#4304=CARTESIAN_POINT('',(-43.3285216011956,-4.42357275920984,5.95280091454946));
#4305=CARTESIAN_POINT('Ctrl Pts',(-43.3593436136547,-2.68426127139241,5.95280091454946));
#4306=CARTESIAN_POINT('Ctrl Pts',(-43.3307386499312,-2.68119347089256,5.95280091454946));
#4307=CARTESIAN_POINT('Ctrl Pts',(-43.2749834955532,-2.67816672041582,5.95280091454946));
#4308=CARTESIAN_POINT('Ctrl Pts',(-43.195715101169,-2.68295388801615,5.95280091454946));
#4309=CARTESIAN_POINT('Ctrl Pts',(-43.099261102083,-2.70809095606589,5.95280091454946));
#4310=CARTESIAN_POINT('Ctrl Pts',(-42.9972081050777,-2.77021870264969,5.95280091454946));
#4311=CARTESIAN_POINT('Ctrl Pts',(-42.9179439116649,-2.86021723649186,5.95280091454946));
#4312=CARTESIAN_POINT('Ctrl Pts',(-42.8662131729348,-2.97181966450444,5.95280091454946));
#4313=CARTESIAN_POINT('Ctrl Pts',(-42.8465342823865,-3.093362726625,5.95280091454946));
#4314=CARTESIAN_POINT('Ctrl Pts',(-42.8625383221953,-3.20863894727275,5.95280091454946));
#4315=CARTESIAN_POINT('Ctrl Pts',(-42.9163162278547,-3.30123763896142,5.95280091454946));
#4316=CARTESIAN_POINT('Ctrl Pts',(-43.0078006255923,-3.35782949975843,5.95280091454946));
#4317=CARTESIAN_POINT('Ctrl Pts',(-43.1340241871527,-3.37223626592773,5.95280091454946));
#4318=CARTESIAN_POINT('Ctrl Pts',(-43.2887095254997,-3.3481664170646,5.95280091454946));
#4319=CARTESIAN_POINT('Ctrl Pts',(-43.4636363599464,-3.29585516038868,5.95280091454946));
#4320=CARTESIAN_POINT('Ctrl Pts',(-43.6497439889695,-3.22954040737407,5.95280091454946));
#4321=CARTESIAN_POINT('Ctrl Pts',(-43.8383863913548,-3.16454057018313,5.95280091454946));
#4322=CARTESIAN_POINT('Ctrl Pts',(-44.0223921623115,-3.11473470222026,5.95280091454946));
#4323=CARTESIAN_POINT('Ctrl Pts',(-44.1975391431269,-3.08930440103235,5.95280091454946));
#4324=CARTESIAN_POINT('Ctrl Pts',(-44.3622510485017,-3.0925599255617,5.95280091454946));
#4325=CARTESIAN_POINT('Ctrl Pts',(-44.5163554879493,-3.12539843420561,5.95280091454946));
#4326=CARTESIAN_POINT('Ctrl Pts',(-44.660109230824,-3.1862669683342,5.95280091454946));
#4327=CARTESIAN_POINT('Ctrl Pts',(-44.7931832475191,-3.27226107499221,5.95280091454946));
#4328=CARTESIAN_POINT('Ctrl Pts',(-44.9135050478186,-3.38028931745491,5.95280091454946));
#4329=CARTESIAN_POINT('Ctrl Pts',(-45.0166604241812,-3.50778399726177,5.95280091454946));
#4330=CARTESIAN_POINT('Ctrl Pts',(-45.0970750911056,-3.65190301743366,5.95280091454946));
#4331=CARTESIAN_POINT('Ctrl Pts',(-45.1488744110858,-3.80900711605463,5.95280091454946));
#4332=CARTESIAN_POINT('Ctrl Pts',(-45.1668783784933,-3.9740057405271,5.95280091454946));
#4333=CARTESIAN_POINT('Ctrl Pts',(-45.147521598821,-4.13979553220611,5.95280091454946));
#4334=CARTESIAN_POINT('Ctrl Pts',(-45.0898702568984,-4.29653509000294,5.95280091454946));
#4335=CARTESIAN_POINT('Ctrl Pts',(-44.9953819668104,-4.43331717470198,5.95280091454946));
#4336=CARTESIAN_POINT('Ctrl Pts',(-44.8675945582792,-4.53993953243513,5.95280091454946));
#4337=CARTESIAN_POINT('Ctrl Pts',(-44.7118602897568,-4.60873305280856,5.95280091454946));
#4338=CARTESIAN_POINT('Ctrl Pts',(-44.5350521456509,-4.63616992704547,5.95280091454946));
#4339=CARTESIAN_POINT('Ctrl Pts',(-44.3453402502988,-4.62510793906937,5.95280091454946));
#4340=CARTESIAN_POINT('Ctrl Pts',(-44.151679904889,-4.58396793511177,5.95280091454946));
#4341=CARTESIAN_POINT('Ctrl Pts',(-43.9631665919558,-4.52450934836629,5.95280091454946));
#4342=CARTESIAN_POINT('Ctrl Pts',(-43.7884419890779,-4.46008671925265,5.95280091454946));
#4343=CARTESIAN_POINT('Ctrl Pts',(-43.6350614449251,-4.40367872464898,5.95280091454946));
#4344=CARTESIAN_POINT('Ctrl Pts',(-43.5089106575848,-4.3661054047333,5.95280091454946));
#4345=CARTESIAN_POINT('Ctrl Pts',(-43.4134937971913,-4.35391978335456,5.95280091454946));
#4346=CARTESIAN_POINT('Ctrl Pts',(-43.3630707322186,-4.36700870961309,5.95280091454946));
#4347=CARTESIAN_POINT('Ctrl Pts',(-43.3400486394187,-4.39012475336605,5.95280091454946));
#4348=CARTESIAN_POINT('Ctrl Pts',(-43.3312691680419,-4.41143939927039,5.95280091454946));
#4349=CARTESIAN_POINT('Ctrl Pts',(-43.3285216011956,-4.42357275920984,5.95280091454946));
#4350=CARTESIAN_POINT('',(-43.3285216011956,-4.42357275920984,4.95280091454946));
#4351=CARTESIAN_POINT('Ctrl Pts',(-41.7780685677992,-5.47658952223351,4.95280091454946));
#4352=CARTESIAN_POINT('Ctrl Pts',(-41.7780685677992,-5.47658952223351,5.95280091454946));
#4353=CARTESIAN_POINT('Ctrl Pts',(-41.7807788450886,-5.43831867812844,4.95280091454946));
#4354=CARTESIAN_POINT('Ctrl Pts',(-41.7807788450886,-5.43831867812844,5.95280091454946));
#4355=CARTESIAN_POINT('Ctrl Pts',(-41.7859360152586,-5.36089400078529,4.95280091454946));
#4356=CARTESIAN_POINT('Ctrl Pts',(-41.7859360152586,-5.36089400078529,5.95280091454946));
#4357=CARTESIAN_POINT('Ctrl Pts',(-41.7928816691853,-5.24210796972442,4.95280091454946));
#4358=CARTESIAN_POINT('Ctrl Pts',(-41.7928816691853,-5.24210796972442,5.95280091454946));
#4359=CARTESIAN_POINT('Ctrl Pts',(-41.800560618228,-5.0784247163902,4.95280091454946));
#4360=CARTESIAN_POINT('Ctrl Pts',(-41.800560618228,-5.0784247163902,5.95280091454946));
#4361=CARTESIAN_POINT('Ctrl Pts',(-41.8074385275819,-4.86509034642606,4.95280091454946));
#4362=CARTESIAN_POINT('Ctrl Pts',(-41.8074385275819,-4.86509034642606,5.95280091454946));
#4363=CARTESIAN_POINT('Ctrl Pts',(-41.8113471647236,-4.64339505579519,4.95280091454946));
#4364=CARTESIAN_POINT('Ctrl Pts',(-41.8113471647236,-4.64339505579519,5.95280091454946));
#4365=CARTESIAN_POINT('Ctrl Pts',(-41.8118134073963,-4.41409740191366,4.95280091454946));
#4366=CARTESIAN_POINT('Ctrl Pts',(-41.8118134073963,-4.41409740191366,5.95280091454946));
#4367=CARTESIAN_POINT('Ctrl Pts',(-41.8080234559286,-4.17852323301568,4.95280091454946));
#4368=CARTESIAN_POINT('Ctrl Pts',(-41.8080234559286,-4.17852323301568,5.95280091454946));
#4369=CARTESIAN_POINT('Ctrl Pts',(-41.7988702439063,-3.93859390091559,4.95280091454946));
#4370=CARTESIAN_POINT('Ctrl Pts',(-41.7988702439063,-3.93859390091559,5.95280091454946));
#4371=CARTESIAN_POINT('Ctrl Pts',(-41.7835078714285,-3.69638809577331,4.95280091454946));
#4372=CARTESIAN_POINT('Ctrl Pts',(-41.7835078714285,-3.69638809577331,5.95280091454946));
#4373=CARTESIAN_POINT('Ctrl Pts',(-41.7618264078099,-3.45377796285601,4.95280091454946));
#4374=CARTESIAN_POINT('Ctrl Pts',(-41.7618264078099,-3.45377796285601,5.95280091454946));
#4375=CARTESIAN_POINT('Ctrl Pts',(-41.7349468426215,-3.21204896261267,4.95280091454946));
#4376=CARTESIAN_POINT('Ctrl Pts',(-41.7349468426215,-3.21204896261267,5.95280091454946));
#4377=CARTESIAN_POINT('Ctrl Pts',(-41.7057429893754,-2.97149412338797,4.95280091454946));
#4378=CARTESIAN_POINT('Ctrl Pts',(-41.7057429893754,-2.97149412338797,5.95280091454946));
#4379=CARTESIAN_POINT('Ctrl Pts',(-41.6792668733652,-2.73110558956296,4.95280091454946));
#4380=CARTESIAN_POINT('Ctrl Pts',(-41.6792668733652,-2.73110558956296,5.95280091454946));
#4381=CARTESIAN_POINT('Ctrl Pts',(-41.6619735340939,-2.48947449071483,4.95280091454946));
#4382=CARTESIAN_POINT('Ctrl Pts',(-41.6619735340939,-2.48947449071483,5.95280091454946));
#4383=CARTESIAN_POINT('Ctrl Pts',(-41.6610398449069,-2.24558930424087,4.95280091454946));
#4384=CARTESIAN_POINT('Ctrl Pts',(-41.6610398449069,-2.24558930424087,5.95280091454946));
#4385=CARTESIAN_POINT('Ctrl Pts',(-41.6836447831135,-1.99969798407747,4.95280091454946));
#4386=CARTESIAN_POINT('Ctrl Pts',(-41.6836447831135,-1.99969798407747,5.95280091454946));
#4387=CARTESIAN_POINT('Ctrl Pts',(-41.7362787873101,-1.75409011393735,4.95280091454946));
#4388=CARTESIAN_POINT('Ctrl Pts',(-41.7362787873101,-1.75409011393735,5.95280091454946));
#4389=CARTESIAN_POINT('Ctrl Pts',(-41.8240041919155,-1.51406953824129,4.95280091454946));
#4390=CARTESIAN_POINT('Ctrl Pts',(-41.8240041919155,-1.51406953824129,5.95280091454946));
#4391=CARTESIAN_POINT('Ctrl Pts',(-41.9501897381975,-1.28695643661452,4.95280091454946));
#4392=CARTESIAN_POINT('Ctrl Pts',(-41.9501897381975,-1.28695643661452,5.95280091454946));
#4393=CARTESIAN_POINT('Ctrl Pts',(-42.116307494606,-1.08089251173037,4.95280091454946));
#4394=CARTESIAN_POINT('Ctrl Pts',(-42.116307494606,-1.08089251173037,5.95280091454946));
#4395=CARTESIAN_POINT('Ctrl Pts',(-42.3216755651903,-0.903666721307816,
4.95280091454946));
#4396=CARTESIAN_POINT('Ctrl Pts',(-42.3216755651903,-0.903666721307816,
5.95280091454946));
#4397=CARTESIAN_POINT('Ctrl Pts',(-42.5632702471399,-0.761650681318056,
4.95280091454946));
#4398=CARTESIAN_POINT('Ctrl Pts',(-42.5632702471399,-0.761650681318056,
5.95280091454946));
#4399=CARTESIAN_POINT('Ctrl Pts',(-42.8353615686023,-0.658386960124184,
4.95280091454946));
#4400=CARTESIAN_POINT('Ctrl Pts',(-42.8353615686023,-0.658386960124184,
5.95280091454946));
#4401=CARTESIAN_POINT('Ctrl Pts',(-43.1297856962728,-0.594548169264088,
4.95280091454946));
#4402=CARTESIAN_POINT('Ctrl Pts',(-43.1297856962728,-0.594548169264088,
5.95280091454946));
#4403=CARTESIAN_POINT('Ctrl Pts',(-43.4367649494408,-0.569097402832521,
4.95280091454946));
#4404=CARTESIAN_POINT('Ctrl Pts',(-43.4367649494408,-0.569097402832521,
5.95280091454946));
#4405=CARTESIAN_POINT('Ctrl Pts',(-43.7455590083863,-0.580068135453573,
4.95280091454946));
#4406=CARTESIAN_POINT('Ctrl Pts',(-43.7455590083863,-0.580068135453573,
5.95280091454946));
#4407=CARTESIAN_POINT('Ctrl Pts',(-44.0451980627591,-0.62556786228303,4.95280091454946));
#4408=CARTESIAN_POINT('Ctrl Pts',(-44.0451980627591,-0.62556786228303,5.95280091454946));
#4409=CARTESIAN_POINT('Ctrl Pts',(-44.3251390902114,-0.704513864384506,
4.95280091454946));
#4410=CARTESIAN_POINT('Ctrl Pts',(-44.3251390902114,-0.704513864384506,
5.95280091454946));
#4411=CARTESIAN_POINT('Ctrl Pts',(-44.576056592982,-0.817909671882338,4.95280091454946));
#4412=CARTESIAN_POINT('Ctrl Pts',(-44.576056592982,-0.817909671882338,5.95280091454946));
#4413=CARTESIAN_POINT('Ctrl Pts',(-44.7901160499711,-0.96794588466173,4.95280091454946));
#4414=CARTESIAN_POINT('Ctrl Pts',(-44.7901160499711,-0.96794588466173,5.95280091454946));
#4415=CARTESIAN_POINT('Ctrl Pts',(-44.960928543248,-1.15579655682836,4.95280091454946));
#4416=CARTESIAN_POINT('Ctrl Pts',(-44.960928543248,-1.15579655682836,5.95280091454946));
#4417=CARTESIAN_POINT('Ctrl Pts',(-45.0836001941219,-1.3796845719564,4.95280091454946));
#4418=CARTESIAN_POINT('Ctrl Pts',(-45.0836001941219,-1.3796845719564,5.95280091454946));
#4419=CARTESIAN_POINT('Ctrl Pts',(-45.1547639426664,-1.63308904642008,4.95280091454946));
#4420=CARTESIAN_POINT('Ctrl Pts',(-45.1547639426664,-1.63308904642008,5.95280091454946));
#4421=CARTESIAN_POINT('Ctrl Pts',(-45.1725910897615,-1.90224634338951,4.95280091454946));
#4422=CARTESIAN_POINT('Ctrl Pts',(-45.1725910897615,-1.90224634338951,5.95280091454946));
#4423=CARTESIAN_POINT('Ctrl Pts',(-45.1369299229974,-2.16596345152805,4.95280091454946));
#4424=CARTESIAN_POINT('Ctrl Pts',(-45.1369299229974,-2.16596345152805,5.95280091454946));
#4425=CARTESIAN_POINT('Ctrl Pts',(-45.0497248785084,-2.40100574127148,4.95280091454946));
#4426=CARTESIAN_POINT('Ctrl Pts',(-45.0497248785084,-2.40100574127148,5.95280091454946));
#4427=CARTESIAN_POINT('Ctrl Pts',(-44.91543334115,-2.58657521527654,4.95280091454946));
#4428=CARTESIAN_POINT('Ctrl Pts',(-44.91543334115,-2.58657521527654,5.95280091454946));
#4429=CARTESIAN_POINT('Ctrl Pts',(-44.7413582964003,-2.70876012365108,4.95280091454946));
#4430=CARTESIAN_POINT('Ctrl Pts',(-44.7413582964003,-2.70876012365108,5.95280091454946));
#4431=CARTESIAN_POINT('Ctrl Pts',(-44.5382546969278,-2.76595516353911,4.95280091454946));
#4432=CARTESIAN_POINT('Ctrl Pts',(-44.5382546969278,-2.76595516353911,5.95280091454946));
#4433=CARTESIAN_POINT('Ctrl Pts',(-44.3201145143431,-2.77092082204098,4.95280091454946));
#4434=CARTESIAN_POINT('Ctrl Pts',(-44.3201145143431,-2.77092082204098,5.95280091454946));
#4435=CARTESIAN_POINT('Ctrl Pts',(-44.1018460927693,-2.74384018799338,4.95280091454946));
#4436=CARTESIAN_POINT('Ctrl Pts',(-44.1018460927693,-2.74384018799338,5.95280091454946));
#4437=CARTESIAN_POINT('Ctrl Pts',(-43.897226062312,-2.70678613332877,4.95280091454946));
#4438=CARTESIAN_POINT('Ctrl Pts',(-43.897226062312,-2.70678613332877,5.95280091454946));
#4439=CARTESIAN_POINT('Ctrl Pts',(-43.7170030234249,-2.67827331364594,4.95280091454946));
#4440=CARTESIAN_POINT('Ctrl Pts',(-43.7170030234249,-2.67827331364594,5.95280091454946));
#4441=CARTESIAN_POINT('Ctrl Pts',(-43.5662778650417,-2.66620055926138,4.95280091454946));
#4442=CARTESIAN_POINT('Ctrl Pts',(-43.5662778650417,-2.66620055926138,5.95280091454946));
#4443=CARTESIAN_POINT('Ctrl Pts',(-43.4695450746114,-2.66855118024158,4.95280091454946));
#4444=CARTESIAN_POINT('Ctrl Pts',(-43.4695450746114,-2.66855118024158,5.95280091454946));
#4445=CARTESIAN_POINT('Ctrl Pts',(-43.4096749580372,-2.67497979181764,4.95280091454946));
#4446=CARTESIAN_POINT('Ctrl Pts',(-43.4096749580372,-2.67497979181764,5.95280091454946));
#4447=CARTESIAN_POINT('Ctrl Pts',(-43.3752121472075,-2.6808954353318,4.95280091454946));
#4448=CARTESIAN_POINT('Ctrl Pts',(-43.3752121472075,-2.6808954353318,5.95280091454946));
#4449=CARTESIAN_POINT('Ctrl Pts',(-43.3593436136547,-2.68426127139241,4.95280091454946));
#4450=CARTESIAN_POINT('Ctrl Pts',(-43.3593436136547,-2.68426127139241,5.95280091454946));
#4451=CARTESIAN_POINT('',(-41.7780685677992,-5.47658952223351,4.95280091454946));
#4452=CARTESIAN_POINT('Ctrl Pts',(-41.7780685677992,-5.47658952223351,4.95280091454946));
#4453=CARTESIAN_POINT('Ctrl Pts',(-41.7807788450886,-5.43831867812844,4.95280091454946));
#4454=CARTESIAN_POINT('Ctrl Pts',(-41.7859360152586,-5.36089400078529,4.95280091454946));
#4455=CARTESIAN_POINT('Ctrl Pts',(-41.7928816691853,-5.24210796972442,4.95280091454946));
#4456=CARTESIAN_POINT('Ctrl Pts',(-41.800560618228,-5.0784247163902,4.95280091454946));
#4457=CARTESIAN_POINT('Ctrl Pts',(-41.8074385275819,-4.86509034642606,4.95280091454946));
#4458=CARTESIAN_POINT('Ctrl Pts',(-41.8113471647236,-4.64339505579519,4.95280091454946));
#4459=CARTESIAN_POINT('Ctrl Pts',(-41.8118134073963,-4.41409740191366,4.95280091454946));
#4460=CARTESIAN_POINT('Ctrl Pts',(-41.8080234559286,-4.17852323301568,4.95280091454946));
#4461=CARTESIAN_POINT('Ctrl Pts',(-41.7988702439063,-3.93859390091559,4.95280091454946));
#4462=CARTESIAN_POINT('Ctrl Pts',(-41.7835078714285,-3.69638809577331,4.95280091454946));
#4463=CARTESIAN_POINT('Ctrl Pts',(-41.7618264078099,-3.45377796285601,4.95280091454946));
#4464=CARTESIAN_POINT('Ctrl Pts',(-41.7349468426215,-3.21204896261267,4.95280091454946));
#4465=CARTESIAN_POINT('Ctrl Pts',(-41.7057429893754,-2.97149412338797,4.95280091454946));
#4466=CARTESIAN_POINT('Ctrl Pts',(-41.6792668733652,-2.73110558956296,4.95280091454946));
#4467=CARTESIAN_POINT('Ctrl Pts',(-41.6619735340939,-2.48947449071483,4.95280091454946));
#4468=CARTESIAN_POINT('Ctrl Pts',(-41.6610398449069,-2.24558930424087,4.95280091454946));
#4469=CARTESIAN_POINT('Ctrl Pts',(-41.6836447831135,-1.99969798407747,4.95280091454946));
#4470=CARTESIAN_POINT('Ctrl Pts',(-41.7362787873101,-1.75409011393735,4.95280091454946));
#4471=CARTESIAN_POINT('Ctrl Pts',(-41.8240041919155,-1.51406953824129,4.95280091454946));
#4472=CARTESIAN_POINT('Ctrl Pts',(-41.9501897381975,-1.28695643661452,4.95280091454946));
#4473=CARTESIAN_POINT('Ctrl Pts',(-42.116307494606,-1.08089251173037,4.95280091454946));
#4474=CARTESIAN_POINT('Ctrl Pts',(-42.3216755651903,-0.903666721307816,
4.95280091454946));
#4475=CARTESIAN_POINT('Ctrl Pts',(-42.5632702471399,-0.761650681318056,
4.95280091454946));
#4476=CARTESIAN_POINT('Ctrl Pts',(-42.8353615686023,-0.658386960124184,
4.95280091454946));
#4477=CARTESIAN_POINT('Ctrl Pts',(-43.1297856962728,-0.594548169264088,
4.95280091454946));
#4478=CARTESIAN_POINT('Ctrl Pts',(-43.4367649494408,-0.569097402832521,
4.95280091454946));
#4479=CARTESIAN_POINT('Ctrl Pts',(-43.7455590083863,-0.580068135453573,
4.95280091454946));
#4480=CARTESIAN_POINT('Ctrl Pts',(-44.0451980627591,-0.62556786228303,4.95280091454946));
#4481=CARTESIAN_POINT('Ctrl Pts',(-44.3251390902114,-0.704513864384506,
4.95280091454946));
#4482=CARTESIAN_POINT('Ctrl Pts',(-44.576056592982,-0.817909671882338,4.95280091454946));
#4483=CARTESIAN_POINT('Ctrl Pts',(-44.7901160499711,-0.96794588466173,4.95280091454946));
#4484=CARTESIAN_POINT('Ctrl Pts',(-44.960928543248,-1.15579655682836,4.95280091454946));
#4485=CARTESIAN_POINT('Ctrl Pts',(-45.0836001941219,-1.3796845719564,4.95280091454946));
#4486=CARTESIAN_POINT('Ctrl Pts',(-45.1547639426664,-1.63308904642008,4.95280091454946));
#4487=CARTESIAN_POINT('Ctrl Pts',(-45.1725910897615,-1.90224634338951,4.95280091454946));
#4488=CARTESIAN_POINT('Ctrl Pts',(-45.1369299229974,-2.16596345152805,4.95280091454946));
#4489=CARTESIAN_POINT('Ctrl Pts',(-45.0497248785084,-2.40100574127148,4.95280091454946));
#4490=CARTESIAN_POINT('Ctrl Pts',(-44.91543334115,-2.58657521527654,4.95280091454946));
#4491=CARTESIAN_POINT('Ctrl Pts',(-44.7413582964003,-2.70876012365108,4.95280091454946));
#4492=CARTESIAN_POINT('Ctrl Pts',(-44.5382546969278,-2.76595516353911,4.95280091454946));
#4493=CARTESIAN_POINT('Ctrl Pts',(-44.3201145143431,-2.77092082204098,4.95280091454946));
#4494=CARTESIAN_POINT('Ctrl Pts',(-44.1018460927693,-2.74384018799338,4.95280091454946));
#4495=CARTESIAN_POINT('Ctrl Pts',(-43.897226062312,-2.70678613332877,4.95280091454946));
#4496=CARTESIAN_POINT('Ctrl Pts',(-43.7170030234249,-2.67827331364594,4.95280091454946));
#4497=CARTESIAN_POINT('Ctrl Pts',(-43.5662778650417,-2.66620055926138,4.95280091454946));
#4498=CARTESIAN_POINT('Ctrl Pts',(-43.4695450746114,-2.66855118024158,4.95280091454946));
#4499=CARTESIAN_POINT('Ctrl Pts',(-43.4096749580372,-2.67497979181764,4.95280091454946));
#4500=CARTESIAN_POINT('Ctrl Pts',(-43.3752121472075,-2.6808954353318,4.95280091454946));
#4501=CARTESIAN_POINT('Ctrl Pts',(-43.3593436136547,-2.68426127139241,4.95280091454946));
#4502=CARTESIAN_POINT('',(-41.7780685677992,-5.47658952223351,5.95280091454946));
#4503=CARTESIAN_POINT('',(-41.7780685677992,-5.47658952223351,4.95280091454946));
#4504=CARTESIAN_POINT('Ctrl Pts',(-41.7780685677992,-5.47658952223351,5.95280091454946));
#4505=CARTESIAN_POINT('Ctrl Pts',(-41.7807788450886,-5.43831867812844,5.95280091454946));
#4506=CARTESIAN_POINT('Ctrl Pts',(-41.7859360152586,-5.36089400078529,5.95280091454946));
#4507=CARTESIAN_POINT('Ctrl Pts',(-41.7928816691853,-5.24210796972442,5.95280091454946));
#4508=CARTESIAN_POINT('Ctrl Pts',(-41.800560618228,-5.0784247163902,5.95280091454946));
#4509=CARTESIAN_POINT('Ctrl Pts',(-41.8074385275819,-4.86509034642606,5.95280091454946));
#4510=CARTESIAN_POINT('Ctrl Pts',(-41.8113471647236,-4.64339505579519,5.95280091454946));
#4511=CARTESIAN_POINT('Ctrl Pts',(-41.8118134073963,-4.41409740191366,5.95280091454946));
#4512=CARTESIAN_POINT('Ctrl Pts',(-41.8080234559286,-4.17852323301568,5.95280091454946));
#4513=CARTESIAN_POINT('Ctrl Pts',(-41.7988702439063,-3.93859390091559,5.95280091454946));
#4514=CARTESIAN_POINT('Ctrl Pts',(-41.7835078714285,-3.69638809577331,5.95280091454946));
#4515=CARTESIAN_POINT('Ctrl Pts',(-41.7618264078099,-3.45377796285601,5.95280091454946));
#4516=CARTESIAN_POINT('Ctrl Pts',(-41.7349468426215,-3.21204896261267,5.95280091454946));
#4517=CARTESIAN_POINT('Ctrl Pts',(-41.7057429893754,-2.97149412338797,5.95280091454946));
#4518=CARTESIAN_POINT('Ctrl Pts',(-41.6792668733652,-2.73110558956296,5.95280091454946));
#4519=CARTESIAN_POINT('Ctrl Pts',(-41.6619735340939,-2.48947449071483,5.95280091454946));
#4520=CARTESIAN_POINT('Ctrl Pts',(-41.6610398449069,-2.24558930424087,5.95280091454946));
#4521=CARTESIAN_POINT('Ctrl Pts',(-41.6836447831135,-1.99969798407747,5.95280091454946));
#4522=CARTESIAN_POINT('Ctrl Pts',(-41.7362787873101,-1.75409011393735,5.95280091454946));
#4523=CARTESIAN_POINT('Ctrl Pts',(-41.8240041919155,-1.51406953824129,5.95280091454946));
#4524=CARTESIAN_POINT('Ctrl Pts',(-41.9501897381975,-1.28695643661452,5.95280091454946));
#4525=CARTESIAN_POINT('Ctrl Pts',(-42.116307494606,-1.08089251173037,5.95280091454946));
#4526=CARTESIAN_POINT('Ctrl Pts',(-42.3216755651903,-0.903666721307816,
5.95280091454946));
#4527=CARTESIAN_POINT('Ctrl Pts',(-42.5632702471399,-0.761650681318056,
5.95280091454946));
#4528=CARTESIAN_POINT('Ctrl Pts',(-42.8353615686023,-0.658386960124184,
5.95280091454946));
#4529=CARTESIAN_POINT('Ctrl Pts',(-43.1297856962728,-0.594548169264088,
5.95280091454946));
#4530=CARTESIAN_POINT('Ctrl Pts',(-43.4367649494408,-0.569097402832521,
5.95280091454946));
#4531=CARTESIAN_POINT('Ctrl Pts',(-43.7455590083863,-0.580068135453573,
5.95280091454946));
#4532=CARTESIAN_POINT('Ctrl Pts',(-44.0451980627591,-0.62556786228303,5.95280091454946));
#4533=CARTESIAN_POINT('Ctrl Pts',(-44.3251390902114,-0.704513864384506,
5.95280091454946));
#4534=CARTESIAN_POINT('Ctrl Pts',(-44.576056592982,-0.817909671882338,5.95280091454946));
#4535=CARTESIAN_POINT('Ctrl Pts',(-44.7901160499711,-0.96794588466173,5.95280091454946));
#4536=CARTESIAN_POINT('Ctrl Pts',(-44.960928543248,-1.15579655682836,5.95280091454946));
#4537=CARTESIAN_POINT('Ctrl Pts',(-45.0836001941219,-1.3796845719564,5.95280091454946));
#4538=CARTESIAN_POINT('Ctrl Pts',(-45.1547639426664,-1.63308904642008,5.95280091454946));
#4539=CARTESIAN_POINT('Ctrl Pts',(-45.1725910897615,-1.90224634338951,5.95280091454946));
#4540=CARTESIAN_POINT('Ctrl Pts',(-45.1369299229974,-2.16596345152805,5.95280091454946));
#4541=CARTESIAN_POINT('Ctrl Pts',(-45.0497248785084,-2.40100574127148,5.95280091454946));
#4542=CARTESIAN_POINT('Ctrl Pts',(-44.91543334115,-2.58657521527654,5.95280091454946));
#4543=CARTESIAN_POINT('Ctrl Pts',(-44.7413582964003,-2.70876012365108,5.95280091454946));
#4544=CARTESIAN_POINT('Ctrl Pts',(-44.5382546969278,-2.76595516353911,5.95280091454946));
#4545=CARTESIAN_POINT('Ctrl Pts',(-44.3201145143431,-2.77092082204098,5.95280091454946));
#4546=CARTESIAN_POINT('Ctrl Pts',(-44.1018460927693,-2.74384018799338,5.95280091454946));
#4547=CARTESIAN_POINT('Ctrl Pts',(-43.897226062312,-2.70678613332877,5.95280091454946));
#4548=CARTESIAN_POINT('Ctrl Pts',(-43.7170030234249,-2.67827331364594,5.95280091454946));
#4549=CARTESIAN_POINT('Ctrl Pts',(-43.5662778650417,-2.66620055926138,5.95280091454946));
#4550=CARTESIAN_POINT('Ctrl Pts',(-43.4695450746114,-2.66855118024158,5.95280091454946));
#4551=CARTESIAN_POINT('Ctrl Pts',(-43.4096749580372,-2.67497979181764,5.95280091454946));
#4552=CARTESIAN_POINT('Ctrl Pts',(-43.3752121472075,-2.6808954353318,5.95280091454946));
#4553=CARTESIAN_POINT('Ctrl Pts',(-43.3593436136547,-2.68426127139241,5.95280091454946));
#4554=CARTESIAN_POINT('Ctrl Pts',(-43.3285216011956,-4.42357275920984,4.95280091454946));
#4555=CARTESIAN_POINT('Ctrl Pts',(-43.3285216011956,-4.42357275920984,5.95280091454946));
#4556=CARTESIAN_POINT('Ctrl Pts',(-43.3258346205486,-4.42779515736933,4.95280091454946));
#4557=CARTESIAN_POINT('Ctrl Pts',(-43.3258346205486,-4.42779515736933,5.95280091454946));
#4558=CARTESIAN_POINT('Ctrl Pts',(-43.3204162783992,-4.43863925696712,4.95280091454946));
#4559=CARTESIAN_POINT('Ctrl Pts',(-43.3204162783992,-4.43863925696712,5.95280091454946));
#4560=CARTESIAN_POINT('Ctrl Pts',(-43.3121533580317,-4.46210117912539,4.95280091454946));
#4561=CARTESIAN_POINT('Ctrl Pts',(-43.3121533580317,-4.46210117912539,5.95280091454946));
#4562=CARTESIAN_POINT('Ctrl Pts',(-43.3026072275222,-4.50864824244353,4.95280091454946));
#4563=CARTESIAN_POINT('Ctrl Pts',(-43.3026072275222,-4.50864824244353,5.95280091454946));
#4564=CARTESIAN_POINT('Ctrl Pts',(-43.3016331302979,-4.59558968805459,4.95280091454946));
#4565=CARTESIAN_POINT('Ctrl Pts',(-43.3016331302979,-4.59558968805459,5.95280091454946));
#4566=CARTESIAN_POINT('Ctrl Pts',(-43.3203082433191,-4.71304908679982,4.95280091454946));
#4567=CARTESIAN_POINT('Ctrl Pts',(-43.3203082433191,-4.71304908679982,5.95280091454946));
#4568=CARTESIAN_POINT('Ctrl Pts',(-43.3623995464835,-4.85746409390362,4.95280091454946));
#4569=CARTESIAN_POINT('Ctrl Pts',(-43.3623995464835,-4.85746409390362,5.95280091454946));
#4570=CARTESIAN_POINT('Ctrl Pts',(-43.4258547514724,-5.02011261208976,4.95280091454946));
#4571=CARTESIAN_POINT('Ctrl Pts',(-43.4258547514724,-5.02011261208976,5.95280091454946));
#4572=CARTESIAN_POINT('Ctrl Pts',(-43.505253634147,-5.19035440832051,4.95280091454946));
#4573=CARTESIAN_POINT('Ctrl Pts',(-43.505253634147,-5.19035440832051,5.95280091454946));
#4574=CARTESIAN_POINT('Ctrl Pts',(-43.5933598874191,-5.35812240885635,4.95280091454946));
#4575=CARTESIAN_POINT('Ctrl Pts',(-43.5933598874191,-5.35812240885635,5.95280091454946));
#4576=CARTESIAN_POINT('Ctrl Pts',(-43.6828603430545,-5.51640755759872,4.95280091454946));
#4577=CARTESIAN_POINT('Ctrl Pts',(-43.6828603430545,-5.51640755759872,5.95280091454946));
#4578=CARTESIAN_POINT('Ctrl Pts',(-43.7684381501621,-5.66454214326361,4.95280091454946));
#4579=CARTESIAN_POINT('Ctrl Pts',(-43.7684381501621,-5.66454214326361,5.95280091454946));
#4580=CARTESIAN_POINT('Ctrl Pts',(-43.8466269877537,-5.80727447548843,4.95280091454946));
#4581=CARTESIAN_POINT('Ctrl Pts',(-43.8466269877537,-5.80727447548843,5.95280091454946));
#4582=CARTESIAN_POINT('Ctrl Pts',(-43.9144606593569,-5.95161066619901,4.95280091454946));
#4583=CARTESIAN_POINT('Ctrl Pts',(-43.9144606593569,-5.95161066619901,5.95280091454946));
#4584=CARTESIAN_POINT('Ctrl Pts',(-43.9684359002704,-6.10426779108641,4.95280091454946));
#4585=CARTESIAN_POINT('Ctrl Pts',(-43.9684359002704,-6.10426779108641,5.95280091454946));
#4586=CARTESIAN_POINT('Ctrl Pts',(-44.0035002147998,-6.26910330109666,4.95280091454946));
#4587=CARTESIAN_POINT('Ctrl Pts',(-44.0035002147998,-6.26910330109666,5.95280091454946));
#4588=CARTESIAN_POINT('Ctrl Pts',(-44.0116242778033,-6.44395709555825,4.95280091454946));
#4589=CARTESIAN_POINT('Ctrl Pts',(-44.0116242778033,-6.44395709555825,5.95280091454946));
#4590=CARTESIAN_POINT('Ctrl Pts',(-43.9832903297906,-6.6217703495376,4.95280091454946));
#4591=CARTESIAN_POINT('Ctrl Pts',(-43.9832903297906,-6.6217703495376,5.95280091454946));
#4592=CARTESIAN_POINT('Ctrl Pts',(-43.909780280207,-6.79291287257752,4.95280091454946));
#4593=CARTESIAN_POINT('Ctrl Pts',(-43.909780280207,-6.79291287257752,5.95280091454946));
#4594=CARTESIAN_POINT('Ctrl Pts',(-43.7852847613343,-6.9471403686546,4.95280091454946));
#4595=CARTESIAN_POINT('Ctrl Pts',(-43.7852847613343,-6.9471403686546,5.95280091454946));
#4596=CARTESIAN_POINT('Ctrl Pts',(-43.6089108359777,-7.07557435357833,4.95280091454946));
#4597=CARTESIAN_POINT('Ctrl Pts',(-43.6089108359777,-7.07557435357833,5.95280091454946));
#4598=CARTESIAN_POINT('Ctrl Pts',(-43.3872681380135,-7.17300580950545,4.95280091454946));
#4599=CARTESIAN_POINT('Ctrl Pts',(-43.3872681380135,-7.17300580950545,5.95280091454946));
#4600=CARTESIAN_POINT('Ctrl Pts',(-43.1329606358641,-7.23756124649789,4.95280091454946));
#4601=CARTESIAN_POINT('Ctrl Pts',(-43.1329606358641,-7.23756124649789,5.95280091454946));
#4602=CARTESIAN_POINT('Ctrl Pts',(-42.8620650685236,-7.26971143983023,4.95280091454946));
#4603=CARTESIAN_POINT('Ctrl Pts',(-42.8620650685236,-7.26971143983023,5.95280091454946));
#4604=CARTESIAN_POINT('Ctrl Pts',(-42.5920240168372,-7.27153472128561,4.95280091454946));
#4605=CARTESIAN_POINT('Ctrl Pts',(-42.5920240168372,-7.27153472128561,5.95280091454946));
#4606=CARTESIAN_POINT('Ctrl Pts',(-42.3392844074376,-7.24586156134398,4.95280091454946));
#4607=CARTESIAN_POINT('Ctrl Pts',(-42.3392844074376,-7.24586156134398,5.95280091454946));
#4608=CARTESIAN_POINT('Ctrl Pts',(-42.1172641708028,-7.19554021340514,4.95280091454946));
#4609=CARTESIAN_POINT('Ctrl Pts',(-42.1172641708028,-7.19554021340514,5.95280091454946));
#4610=CARTESIAN_POINT('Ctrl Pts',(-41.9336068484423,-7.12250172014245,4.95280091454946));
#4611=CARTESIAN_POINT('Ctrl Pts',(-41.9336068484423,-7.12250172014245,5.95280091454946));
#4612=CARTESIAN_POINT('Ctrl Pts',(-41.7904716919927,-7.02767283246108,4.95280091454946));
#4613=CARTESIAN_POINT('Ctrl Pts',(-41.7904716919927,-7.02767283246108,5.95280091454946));
#4614=CARTESIAN_POINT('Ctrl Pts',(-41.6864122102802,-6.9113324420577,4.95280091454946));
#4615=CARTESIAN_POINT('Ctrl Pts',(-41.6864122102802,-6.9113324420577,5.95280091454946));
#4616=CARTESIAN_POINT('Ctrl Pts',(-41.6177751246499,-6.7733365004657,4.95280091454946));
#4617=CARTESIAN_POINT('Ctrl Pts',(-41.6177751246499,-6.7733365004657,5.95280091454946));
#4618=CARTESIAN_POINT('Ctrl Pts',(-41.5801950181259,-6.61338171745465,4.95280091454946));
#4619=CARTESIAN_POINT('Ctrl Pts',(-41.5801950181259,-6.61338171745465,5.95280091454946));
#4620=CARTESIAN_POINT('Ctrl Pts',(-41.5702517318432,-6.43129364897802,4.95280091454946));
#4621=CARTESIAN_POINT('Ctrl Pts',(-41.5702517318432,-6.43129364897802,5.95280091454946));
#4622=CARTESIAN_POINT('Ctrl Pts',(-41.585654235843,-6.22704722542244,4.95280091454946));
#4623=CARTESIAN_POINT('Ctrl Pts',(-41.585654235843,-6.22704722542244,5.95280091454946));
#4624=CARTESIAN_POINT('Ctrl Pts',(-41.6249305951324,-6.00069627205825,4.95280091454946));
#4625=CARTESIAN_POINT('Ctrl Pts',(-41.6249305951324,-6.00069627205825,5.95280091454946));
#4626=CARTESIAN_POINT('Ctrl Pts',(-41.674814974024,-5.8020086850598,4.95280091454946));
#4627=CARTESIAN_POINT('Ctrl Pts',(-41.674814974024,-5.8020086850598,5.95280091454946));
#4628=CARTESIAN_POINT('Ctrl Pts',(-41.7224656763175,-5.64312970027258,4.95280091454946));
#4629=CARTESIAN_POINT('Ctrl Pts',(-41.7224656763175,-5.64312970027258,5.95280091454946));
#4630=CARTESIAN_POINT('Ctrl Pts',(-41.7587769256408,-5.53283255372419,4.95280091454946));
#4631=CARTESIAN_POINT('Ctrl Pts',(-41.7587769256408,-5.53283255372419,5.95280091454946));
#4632=CARTESIAN_POINT('Ctrl Pts',(-41.7780685677992,-5.47658952223351,4.95280091454946));
#4633=CARTESIAN_POINT('Ctrl Pts',(-41.7780685677992,-5.47658952223351,5.95280091454946));
#4634=CARTESIAN_POINT('Ctrl Pts',(-43.3285216011956,-4.42357275920984,4.95280091454946));
#4635=CARTESIAN_POINT('Ctrl Pts',(-43.3258346205486,-4.42779515736933,4.95280091454946));
#4636=CARTESIAN_POINT('Ctrl Pts',(-43.3204162783992,-4.43863925696712,4.95280091454946));
#4637=CARTESIAN_POINT('Ctrl Pts',(-43.3121533580317,-4.46210117912539,4.95280091454946));
#4638=CARTESIAN_POINT('Ctrl Pts',(-43.3026072275222,-4.50864824244353,4.95280091454946));
#4639=CARTESIAN_POINT('Ctrl Pts',(-43.3016331302979,-4.59558968805459,4.95280091454946));
#4640=CARTESIAN_POINT('Ctrl Pts',(-43.3203082433191,-4.71304908679982,4.95280091454946));
#4641=CARTESIAN_POINT('Ctrl Pts',(-43.3623995464835,-4.85746409390362,4.95280091454946));
#4642=CARTESIAN_POINT('Ctrl Pts',(-43.4258547514724,-5.02011261208976,4.95280091454946));
#4643=CARTESIAN_POINT('Ctrl Pts',(-43.505253634147,-5.19035440832051,4.95280091454946));
#4644=CARTESIAN_POINT('Ctrl Pts',(-43.5933598874191,-5.35812240885635,4.95280091454946));
#4645=CARTESIAN_POINT('Ctrl Pts',(-43.6828603430545,-5.51640755759872,4.95280091454946));
#4646=CARTESIAN_POINT('Ctrl Pts',(-43.7684381501621,-5.66454214326361,4.95280091454946));
#4647=CARTESIAN_POINT('Ctrl Pts',(-43.8466269877537,-5.80727447548843,4.95280091454946));
#4648=CARTESIAN_POINT('Ctrl Pts',(-43.9144606593569,-5.95161066619901,4.95280091454946));
#4649=CARTESIAN_POINT('Ctrl Pts',(-43.9684359002704,-6.10426779108641,4.95280091454946));
#4650=CARTESIAN_POINT('Ctrl Pts',(-44.0035002147998,-6.26910330109666,4.95280091454946));
#4651=CARTESIAN_POINT('Ctrl Pts',(-44.0116242778033,-6.44395709555825,4.95280091454946));
#4652=CARTESIAN_POINT('Ctrl Pts',(-43.9832903297906,-6.6217703495376,4.95280091454946));
#4653=CARTESIAN_POINT('Ctrl Pts',(-43.909780280207,-6.79291287257752,4.95280091454946));
#4654=CARTESIAN_POINT('Ctrl Pts',(-43.7852847613343,-6.9471403686546,4.95280091454946));
#4655=CARTESIAN_POINT('Ctrl Pts',(-43.6089108359777,-7.07557435357833,4.95280091454946));
#4656=CARTESIAN_POINT('Ctrl Pts',(-43.3872681380135,-7.17300580950545,4.95280091454946));
#4657=CARTESIAN_POINT('Ctrl Pts',(-43.1329606358641,-7.23756124649789,4.95280091454946));
#4658=CARTESIAN_POINT('Ctrl Pts',(-42.8620650685236,-7.26971143983023,4.95280091454946));
#4659=CARTESIAN_POINT('Ctrl Pts',(-42.5920240168372,-7.27153472128561,4.95280091454946));
#4660=CARTESIAN_POINT('Ctrl Pts',(-42.3392844074376,-7.24586156134398,4.95280091454946));
#4661=CARTESIAN_POINT('Ctrl Pts',(-42.1172641708028,-7.19554021340514,4.95280091454946));
#4662=CARTESIAN_POINT('Ctrl Pts',(-41.9336068484423,-7.12250172014245,4.95280091454946));
#4663=CARTESIAN_POINT('Ctrl Pts',(-41.7904716919927,-7.02767283246108,4.95280091454946));
#4664=CARTESIAN_POINT('Ctrl Pts',(-41.6864122102802,-6.9113324420577,4.95280091454946));
#4665=CARTESIAN_POINT('Ctrl Pts',(-41.6177751246499,-6.7733365004657,4.95280091454946));
#4666=CARTESIAN_POINT('Ctrl Pts',(-41.5801950181259,-6.61338171745465,4.95280091454946));
#4667=CARTESIAN_POINT('Ctrl Pts',(-41.5702517318432,-6.43129364897802,4.95280091454946));
#4668=CARTESIAN_POINT('Ctrl Pts',(-41.585654235843,-6.22704722542244,4.95280091454946));
#4669=CARTESIAN_POINT('Ctrl Pts',(-41.6249305951324,-6.00069627205825,4.95280091454946));
#4670=CARTESIAN_POINT('Ctrl Pts',(-41.674814974024,-5.8020086850598,4.95280091454946));
#4671=CARTESIAN_POINT('Ctrl Pts',(-41.7224656763175,-5.64312970027258,4.95280091454946));
#4672=CARTESIAN_POINT('Ctrl Pts',(-41.7587769256408,-5.53283255372419,4.95280091454946));
#4673=CARTESIAN_POINT('Ctrl Pts',(-41.7780685677992,-5.47658952223351,4.95280091454946));
#4674=CARTESIAN_POINT('Ctrl Pts',(-43.3285216011956,-4.42357275920984,5.95280091454946));
#4675=CARTESIAN_POINT('Ctrl Pts',(-43.3258346205486,-4.42779515736933,5.95280091454946));
#4676=CARTESIAN_POINT('Ctrl Pts',(-43.3204162783992,-4.43863925696712,5.95280091454946));
#4677=CARTESIAN_POINT('Ctrl Pts',(-43.3121533580317,-4.46210117912539,5.95280091454946));
#4678=CARTESIAN_POINT('Ctrl Pts',(-43.3026072275222,-4.50864824244353,5.95280091454946));
#4679=CARTESIAN_POINT('Ctrl Pts',(-43.3016331302979,-4.59558968805459,5.95280091454946));
#4680=CARTESIAN_POINT('Ctrl Pts',(-43.3203082433191,-4.71304908679982,5.95280091454946));
#4681=CARTESIAN_POINT('Ctrl Pts',(-43.3623995464835,-4.85746409390362,5.95280091454946));
#4682=CARTESIAN_POINT('Ctrl Pts',(-43.4258547514724,-5.02011261208976,5.95280091454946));
#4683=CARTESIAN_POINT('Ctrl Pts',(-43.505253634147,-5.19035440832051,5.95280091454946));
#4684=CARTESIAN_POINT('Ctrl Pts',(-43.5933598874191,-5.35812240885635,5.95280091454946));
#4685=CARTESIAN_POINT('Ctrl Pts',(-43.6828603430545,-5.51640755759872,5.95280091454946));
#4686=CARTESIAN_POINT('Ctrl Pts',(-43.7684381501621,-5.66454214326361,5.95280091454946));
#4687=CARTESIAN_POINT('Ctrl Pts',(-43.8466269877537,-5.80727447548843,5.95280091454946));
#4688=CARTESIAN_POINT('Ctrl Pts',(-43.9144606593569,-5.95161066619901,5.95280091454946));
#4689=CARTESIAN_POINT('Ctrl Pts',(-43.9684359002704,-6.10426779108641,5.95280091454946));
#4690=CARTESIAN_POINT('Ctrl Pts',(-44.0035002147998,-6.26910330109666,5.95280091454946));
#4691=CARTESIAN_POINT('Ctrl Pts',(-44.0116242778033,-6.44395709555825,5.95280091454946));
#4692=CARTESIAN_POINT('Ctrl Pts',(-43.9832903297906,-6.6217703495376,5.95280091454946));
#4693=CARTESIAN_POINT('Ctrl Pts',(-43.909780280207,-6.79291287257752,5.95280091454946));
#4694=CARTESIAN_POINT('Ctrl Pts',(-43.7852847613343,-6.9471403686546,5.95280091454946));
#4695=CARTESIAN_POINT('Ctrl Pts',(-43.6089108359777,-7.07557435357833,5.95280091454946));
#4696=CARTESIAN_POINT('Ctrl Pts',(-43.3872681380135,-7.17300580950545,5.95280091454946));
#4697=CARTESIAN_POINT('Ctrl Pts',(-43.1329606358641,-7.23756124649789,5.95280091454946));
#4698=CARTESIAN_POINT('Ctrl Pts',(-42.8620650685236,-7.26971143983023,5.95280091454946));
#4699=CARTESIAN_POINT('Ctrl Pts',(-42.5920240168372,-7.27153472128561,5.95280091454946));
#4700=CARTESIAN_POINT('Ctrl Pts',(-42.3392844074376,-7.24586156134398,5.95280091454946));
#4701=CARTESIAN_POINT('Ctrl Pts',(-42.1172641708028,-7.19554021340514,5.95280091454946));
#4702=CARTESIAN_POINT('Ctrl Pts',(-41.9336068484423,-7.12250172014245,5.95280091454946));
#4703=CARTESIAN_POINT('Ctrl Pts',(-41.7904716919927,-7.02767283246108,5.95280091454946));
#4704=CARTESIAN_POINT('Ctrl Pts',(-41.6864122102802,-6.9113324420577,5.95280091454946));
#4705=CARTESIAN_POINT('Ctrl Pts',(-41.6177751246499,-6.7733365004657,5.95280091454946));
#4706=CARTESIAN_POINT('Ctrl Pts',(-41.5801950181259,-6.61338171745465,5.95280091454946));
#4707=CARTESIAN_POINT('Ctrl Pts',(-41.5702517318432,-6.43129364897802,5.95280091454946));
#4708=CARTESIAN_POINT('Ctrl Pts',(-41.585654235843,-6.22704722542244,5.95280091454946));
#4709=CARTESIAN_POINT('Ctrl Pts',(-41.6249305951324,-6.00069627205825,5.95280091454946));
#4710=CARTESIAN_POINT('Ctrl Pts',(-41.674814974024,-5.8020086850598,5.95280091454946));
#4711=CARTESIAN_POINT('Ctrl Pts',(-41.7224656763175,-5.64312970027258,5.95280091454946));
#4712=CARTESIAN_POINT('Ctrl Pts',(-41.7587769256408,-5.53283255372419,5.95280091454946));
#4713=CARTESIAN_POINT('Ctrl Pts',(-41.7780685677992,-5.47658952223351,5.95280091454946));
#4714=CARTESIAN_POINT('Origin',(-43.3714214108023,-3.92031606205906,5.95280091454946));
#4715=CARTESIAN_POINT('Ctrl Pts',(-59.1361183067362,-3.82818338346123,4.95280091454946));
#4716=CARTESIAN_POINT('Ctrl Pts',(-59.1361183067362,-3.82818338346123,5.95280091454946));
#4717=CARTESIAN_POINT('Ctrl Pts',(-59.1371789446737,-3.84559784334697,4.95280091454946));
#4718=CARTESIAN_POINT('Ctrl Pts',(-59.1371789446737,-3.84559784334697,5.95280091454946));
#4719=CARTESIAN_POINT('Ctrl Pts',(-59.140458815159,-3.87921229386456,4.95280091454946));
#4720=CARTESIAN_POINT('Ctrl Pts',(-59.140458815159,-3.87921229386456,5.95280091454946));
#4721=CARTESIAN_POINT('Ctrl Pts',(-59.1489510314044,-3.92583706439083,4.95280091454946));
#4722=CARTESIAN_POINT('Ctrl Pts',(-59.1489510314044,-3.92583706439083,5.95280091454946));
#4723=CARTESIAN_POINT('Ctrl Pts',(-59.1679641871723,-3.98060533804939,4.95280091454946));
#4724=CARTESIAN_POINT('Ctrl Pts',(-59.1679641871723,-3.98060533804939,5.95280091454946));
#4725=CARTESIAN_POINT('Ctrl Pts',(-59.2062381099221,-4.03944390593141,4.95280091454946));
#4726=CARTESIAN_POINT('Ctrl Pts',(-59.2062381099221,-4.03944390593141,5.95280091454946));
#4727=CARTESIAN_POINT('Ctrl Pts',(-59.2605578158196,-4.09165744969908,4.95280091454946));
#4728=CARTESIAN_POINT('Ctrl Pts',(-59.2605578158196,-4.09165744969908,5.95280091454946));
#4729=CARTESIAN_POINT('Ctrl Pts',(-59.3318590776064,-4.13886611178511,4.95280091454946));
#4730=CARTESIAN_POINT('Ctrl Pts',(-59.3318590776064,-4.13886611178511,5.95280091454946));
#4731=CARTESIAN_POINT('Ctrl Pts',(-59.4199480585043,-4.1789937164628,4.95280091454946));
#4732=CARTESIAN_POINT('Ctrl Pts',(-59.4199480585043,-4.1789937164628,5.95280091454946));
#4733=CARTESIAN_POINT('Ctrl Pts',(-59.5232432478078,-4.20631046925439,4.95280091454946));
#4734=CARTESIAN_POINT('Ctrl Pts',(-59.5232432478078,-4.20631046925439,5.95280091454946));
#4735=CARTESIAN_POINT('Ctrl Pts',(-59.6388089297603,-4.21388659681771,4.95280091454946));
#4736=CARTESIAN_POINT('Ctrl Pts',(-59.6388089297603,-4.21388659681771,5.95280091454946));
#4737=CARTESIAN_POINT('Ctrl Pts',(-59.7622862038561,-4.19545534100381,4.95280091454946));
#4738=CARTESIAN_POINT('Ctrl Pts',(-59.7622862038561,-4.19545534100381,5.95280091454946));
#4739=CARTESIAN_POINT('Ctrl Pts',(-59.8878980856417,-4.14738441839085,4.95280091454946));
#4740=CARTESIAN_POINT('Ctrl Pts',(-59.8878980856417,-4.14738441839085,5.95280091454946));
#4741=CARTESIAN_POINT('Ctrl Pts',(-60.0083228525802,-4.07093124580844,4.95280091454946));
#4742=CARTESIAN_POINT('Ctrl Pts',(-60.0083228525802,-4.07093124580844,5.95280091454946));
#4743=CARTESIAN_POINT('Ctrl Pts',(-60.114908334932,-3.97340249039872,4.95280091454946));
#4744=CARTESIAN_POINT('Ctrl Pts',(-60.114908334932,-3.97340249039872,5.95280091454946));
#4745=CARTESIAN_POINT('Ctrl Pts',(-60.1991309038465,-3.86512846819847,4.95280091454946));
#4746=CARTESIAN_POINT('Ctrl Pts',(-60.1991309038465,-3.86512846819847,5.95280091454946));
#4747=CARTESIAN_POINT('Ctrl Pts',(-60.2538122360829,-3.75719958650069,4.95280091454946));
#4748=CARTESIAN_POINT('Ctrl Pts',(-60.2538122360829,-3.75719958650069,5.95280091454946));
#4749=CARTESIAN_POINT('Ctrl Pts',(-60.2745271458633,-3.65876255472761,4.95280091454946));
#4750=CARTESIAN_POINT('Ctrl Pts',(-60.2745271458633,-3.65876255472761,5.95280091454946));
#4751=CARTESIAN_POINT('Ctrl Pts',(-60.260733672221,-3.57483976634426,4.95280091454946));
#4752=CARTESIAN_POINT('Ctrl Pts',(-60.260733672221,-3.57483976634426,5.95280091454946));
#4753=CARTESIAN_POINT('Ctrl Pts',(-60.2175684432949,-3.50304587632066,4.95280091454946));
#4754=CARTESIAN_POINT('Ctrl Pts',(-60.2175684432949,-3.50304587632066,5.95280091454946));
#4755=CARTESIAN_POINT('Ctrl Pts',(-60.1545844454648,-3.43530975453894,4.95280091454946));
#4756=CARTESIAN_POINT('Ctrl Pts',(-60.1545844454648,-3.43530975453894,5.95280091454946));
#4757=CARTESIAN_POINT('Ctrl Pts',(-60.0831452502251,-3.36177520841178,4.95280091454946));
#4758=CARTESIAN_POINT('Ctrl Pts',(-60.0831452502251,-3.36177520841178,5.95280091454946));
#4759=CARTESIAN_POINT('Ctrl Pts',(-60.0141521787618,-3.27419363181838,4.95280091454946));
#4760=CARTESIAN_POINT('Ctrl Pts',(-60.0141521787618,-3.27419363181838,5.95280091454946));
#4761=CARTESIAN_POINT('Ctrl Pts',(-59.9558672040293,-3.1690992695209,4.95280091454946));
#4762=CARTESIAN_POINT('Ctrl Pts',(-59.9558672040293,-3.1690992695209,5.95280091454946));
#4763=CARTESIAN_POINT('Ctrl Pts',(-59.9111003734477,-3.05218176108073,4.95280091454946));
#4764=CARTESIAN_POINT('Ctrl Pts',(-59.9111003734477,-3.05218176108073,5.95280091454946));
#4765=CARTESIAN_POINT('Ctrl Pts',(-59.8777053248619,-2.93653402596672,4.95280091454946));
#4766=CARTESIAN_POINT('Ctrl Pts',(-59.8777053248619,-2.93653402596672,5.95280091454946));
#4767=CARTESIAN_POINT('Ctrl Pts',(-59.8506554198546,-2.83803648591909,4.95280091454946));
#4768=CARTESIAN_POINT('Ctrl Pts',(-59.8506554198546,-2.83803648591909,5.95280091454946));
#4769=CARTESIAN_POINT('Ctrl Pts',(-59.8236674277321,-2.77144788421079,4.95280091454946));
#4770=CARTESIAN_POINT('Ctrl Pts',(-59.8236674277321,-2.77144788421079,5.95280091454946));
#4771=CARTESIAN_POINT('Ctrl Pts',(-59.7908669981682,-2.74668037263131,4.95280091454946));
#4772=CARTESIAN_POINT('Ctrl Pts',(-59.7908669981682,-2.74668037263131,5.95280091454946));
#4773=CARTESIAN_POINT('Ctrl Pts',(-59.7487787985845,-2.7637885743746,4.95280091454946));
#4774=CARTESIAN_POINT('Ctrl Pts',(-59.7487787985845,-2.7637885743746,5.95280091454946));
#4775=CARTESIAN_POINT('Ctrl Pts',(-59.6966807256198,-2.81370886825113,4.95280091454946));
#4776=CARTESIAN_POINT('Ctrl Pts',(-59.6966807256198,-2.81370886825113,5.95280091454946));
#4777=CARTESIAN_POINT('Ctrl Pts',(-59.6357011212595,-2.88344535613848,4.95280091454946));
#4778=CARTESIAN_POINT('Ctrl Pts',(-59.6357011212595,-2.88344535613848,5.95280091454946));
#4779=CARTESIAN_POINT('Ctrl Pts',(-59.568305808907,-2.95973412133161,4.95280091454946));
#4780=CARTESIAN_POINT('Ctrl Pts',(-59.568305808907,-2.95973412133161,5.95280091454946));
#4781=CARTESIAN_POINT('Ctrl Pts',(-59.4976046984964,-3.03377201157685,4.95280091454946));
#4782=CARTESIAN_POINT('Ctrl Pts',(-59.4976046984964,-3.03377201157685,5.95280091454946));
#4783=CARTESIAN_POINT('Ctrl Pts',(-59.4268216613174,-3.10414919385869,4.95280091454946));
#4784=CARTESIAN_POINT('Ctrl Pts',(-59.4268216613174,-3.10414919385869,5.95280091454946));
#4785=CARTESIAN_POINT('Ctrl Pts',(-59.3591133900439,-3.17380238869523,4.95280091454946));
#4786=CARTESIAN_POINT('Ctrl Pts',(-59.3591133900439,-3.17380238869523,5.95280091454946));
#4787=CARTESIAN_POINT('Ctrl Pts',(-59.2973382744903,-3.24783180887707,4.95280091454946));
#4788=CARTESIAN_POINT('Ctrl Pts',(-59.2973382744903,-3.24783180887707,5.95280091454946));
#4789=CARTESIAN_POINT('Ctrl Pts',(-59.2438529047442,-3.33106533901932,4.95280091454946));
#4790=CARTESIAN_POINT('Ctrl Pts',(-59.2438529047442,-3.33106533901932,5.95280091454946));
#4791=CARTESIAN_POINT('Ctrl Pts',(-59.2002718602566,-3.4255644756207,4.95280091454946));
#4792=CARTESIAN_POINT('Ctrl Pts',(-59.2002718602566,-3.4255644756207,5.95280091454946));
#4793=CARTESIAN_POINT('Ctrl Pts',(-59.1673063761524,-3.52863763503578,4.95280091454946));
#4794=CARTESIAN_POINT('Ctrl Pts',(-59.1673063761524,-3.52863763503578,5.95280091454946));
#4795=CARTESIAN_POINT('Ctrl Pts',(-59.1451409834087,-3.63487443189078,4.95280091454946));
#4796=CARTESIAN_POINT('Ctrl Pts',(-59.1451409834087,-3.63487443189078,5.95280091454946));
#4797=CARTESIAN_POINT('Ctrl Pts',(-59.1360301227524,-3.7171705407487,4.95280091454946));
#4798=CARTESIAN_POINT('Ctrl Pts',(-59.1360301227524,-3.7171705407487,5.95280091454946));
#4799=CARTESIAN_POINT('Ctrl Pts',(-59.1340949875337,-3.77472553455012,4.95280091454946));
#4800=CARTESIAN_POINT('Ctrl Pts',(-59.1340949875337,-3.77472553455012,5.95280091454946));
#4801=CARTESIAN_POINT('Ctrl Pts',(-59.1350576687986,-3.81076892357549,4.95280091454946));
#4802=CARTESIAN_POINT('Ctrl Pts',(-59.1350576687986,-3.81076892357549,5.95280091454946));
#4803=CARTESIAN_POINT('Ctrl Pts',(-59.1361183067362,-3.82818338346123,4.95280091454946));
#4804=CARTESIAN_POINT('Ctrl Pts',(-59.1361183067362,-3.82818338346123,5.95280091454946));
#4805=CARTESIAN_POINT('',(-59.1361183067362,-3.82818338346123,4.95280091454946));
#4806=CARTESIAN_POINT('Ctrl Pts',(-59.1361183067362,-3.82818338346123,4.95280091454946));
#4807=CARTESIAN_POINT('Ctrl Pts',(-59.1371789446737,-3.84559784334697,4.95280091454946));
#4808=CARTESIAN_POINT('Ctrl Pts',(-59.140458815159,-3.87921229386456,4.95280091454946));
#4809=CARTESIAN_POINT('Ctrl Pts',(-59.1489510314044,-3.92583706439083,4.95280091454946));
#4810=CARTESIAN_POINT('Ctrl Pts',(-59.1679641871723,-3.98060533804939,4.95280091454946));
#4811=CARTESIAN_POINT('Ctrl Pts',(-59.2062381099221,-4.03944390593141,4.95280091454946));
#4812=CARTESIAN_POINT('Ctrl Pts',(-59.2605578158196,-4.09165744969908,4.95280091454946));
#4813=CARTESIAN_POINT('Ctrl Pts',(-59.3318590776064,-4.13886611178511,4.95280091454946));
#4814=CARTESIAN_POINT('Ctrl Pts',(-59.4199480585043,-4.1789937164628,4.95280091454946));
#4815=CARTESIAN_POINT('Ctrl Pts',(-59.5232432478078,-4.20631046925439,4.95280091454946));
#4816=CARTESIAN_POINT('Ctrl Pts',(-59.6388089297603,-4.21388659681771,4.95280091454946));
#4817=CARTESIAN_POINT('Ctrl Pts',(-59.7622862038561,-4.19545534100381,4.95280091454946));
#4818=CARTESIAN_POINT('Ctrl Pts',(-59.8878980856417,-4.14738441839085,4.95280091454946));
#4819=CARTESIAN_POINT('Ctrl Pts',(-60.0083228525802,-4.07093124580844,4.95280091454946));
#4820=CARTESIAN_POINT('Ctrl Pts',(-60.114908334932,-3.97340249039872,4.95280091454946));
#4821=CARTESIAN_POINT('Ctrl Pts',(-60.1991309038465,-3.86512846819847,4.95280091454946));
#4822=CARTESIAN_POINT('Ctrl Pts',(-60.2538122360829,-3.75719958650069,4.95280091454946));
#4823=CARTESIAN_POINT('Ctrl Pts',(-60.2745271458633,-3.65876255472761,4.95280091454946));
#4824=CARTESIAN_POINT('Ctrl Pts',(-60.260733672221,-3.57483976634426,4.95280091454946));
#4825=CARTESIAN_POINT('Ctrl Pts',(-60.2175684432949,-3.50304587632066,4.95280091454946));
#4826=CARTESIAN_POINT('Ctrl Pts',(-60.1545844454648,-3.43530975453894,4.95280091454946));
#4827=CARTESIAN_POINT('Ctrl Pts',(-60.0831452502251,-3.36177520841178,4.95280091454946));
#4828=CARTESIAN_POINT('Ctrl Pts',(-60.0141521787618,-3.27419363181838,4.95280091454946));
#4829=CARTESIAN_POINT('Ctrl Pts',(-59.9558672040293,-3.1690992695209,4.95280091454946));
#4830=CARTESIAN_POINT('Ctrl Pts',(-59.9111003734477,-3.05218176108073,4.95280091454946));
#4831=CARTESIAN_POINT('Ctrl Pts',(-59.8777053248619,-2.93653402596672,4.95280091454946));
#4832=CARTESIAN_POINT('Ctrl Pts',(-59.8506554198546,-2.83803648591909,4.95280091454946));
#4833=CARTESIAN_POINT('Ctrl Pts',(-59.8236674277321,-2.77144788421079,4.95280091454946));
#4834=CARTESIAN_POINT('Ctrl Pts',(-59.7908669981682,-2.74668037263131,4.95280091454946));
#4835=CARTESIAN_POINT('Ctrl Pts',(-59.7487787985845,-2.7637885743746,4.95280091454946));
#4836=CARTESIAN_POINT('Ctrl Pts',(-59.6966807256198,-2.81370886825113,4.95280091454946));
#4837=CARTESIAN_POINT('Ctrl Pts',(-59.6357011212595,-2.88344535613848,4.95280091454946));
#4838=CARTESIAN_POINT('Ctrl Pts',(-59.568305808907,-2.95973412133161,4.95280091454946));
#4839=CARTESIAN_POINT('Ctrl Pts',(-59.4976046984964,-3.03377201157685,4.95280091454946));
#4840=CARTESIAN_POINT('Ctrl Pts',(-59.4268216613174,-3.10414919385869,4.95280091454946));
#4841=CARTESIAN_POINT('Ctrl Pts',(-59.3591133900439,-3.17380238869523,4.95280091454946));
#4842=CARTESIAN_POINT('Ctrl Pts',(-59.2973382744903,-3.24783180887707,4.95280091454946));
#4843=CARTESIAN_POINT('Ctrl Pts',(-59.2438529047442,-3.33106533901932,4.95280091454946));
#4844=CARTESIAN_POINT('Ctrl Pts',(-59.2002718602566,-3.4255644756207,4.95280091454946));
#4845=CARTESIAN_POINT('Ctrl Pts',(-59.1673063761524,-3.52863763503578,4.95280091454946));
#4846=CARTESIAN_POINT('Ctrl Pts',(-59.1451409834087,-3.63487443189078,4.95280091454946));
#4847=CARTESIAN_POINT('Ctrl Pts',(-59.1360301227524,-3.7171705407487,4.95280091454946));
#4848=CARTESIAN_POINT('Ctrl Pts',(-59.1340949875337,-3.77472553455012,4.95280091454946));
#4849=CARTESIAN_POINT('Ctrl Pts',(-59.1350576687986,-3.81076892357549,4.95280091454946));
#4850=CARTESIAN_POINT('Ctrl Pts',(-59.1361183067362,-3.82818338346123,4.95280091454946));
#4851=CARTESIAN_POINT('',(-59.1361183067362,-3.82818338346123,5.95280091454946));
#4852=CARTESIAN_POINT('',(-59.1361183067362,-3.82818338346123,4.95280091454946));
#4853=CARTESIAN_POINT('Ctrl Pts',(-59.1361183067362,-3.82818338346123,5.95280091454946));
#4854=CARTESIAN_POINT('Ctrl Pts',(-59.1371789446737,-3.84559784334697,5.95280091454946));
#4855=CARTESIAN_POINT('Ctrl Pts',(-59.140458815159,-3.87921229386456,5.95280091454946));
#4856=CARTESIAN_POINT('Ctrl Pts',(-59.1489510314044,-3.92583706439083,5.95280091454946));
#4857=CARTESIAN_POINT('Ctrl Pts',(-59.1679641871723,-3.98060533804939,5.95280091454946));
#4858=CARTESIAN_POINT('Ctrl Pts',(-59.2062381099221,-4.03944390593141,5.95280091454946));
#4859=CARTESIAN_POINT('Ctrl Pts',(-59.2605578158196,-4.09165744969908,5.95280091454946));
#4860=CARTESIAN_POINT('Ctrl Pts',(-59.3318590776064,-4.13886611178511,5.95280091454946));
#4861=CARTESIAN_POINT('Ctrl Pts',(-59.4199480585043,-4.1789937164628,5.95280091454946));
#4862=CARTESIAN_POINT('Ctrl Pts',(-59.5232432478078,-4.20631046925439,5.95280091454946));
#4863=CARTESIAN_POINT('Ctrl Pts',(-59.6388089297603,-4.21388659681771,5.95280091454946));
#4864=CARTESIAN_POINT('Ctrl Pts',(-59.7622862038561,-4.19545534100381,5.95280091454946));
#4865=CARTESIAN_POINT('Ctrl Pts',(-59.8878980856417,-4.14738441839085,5.95280091454946));
#4866=CARTESIAN_POINT('Ctrl Pts',(-60.0083228525802,-4.07093124580844,5.95280091454946));
#4867=CARTESIAN_POINT('Ctrl Pts',(-60.114908334932,-3.97340249039872,5.95280091454946));
#4868=CARTESIAN_POINT('Ctrl Pts',(-60.1991309038465,-3.86512846819847,5.95280091454946));
#4869=CARTESIAN_POINT('Ctrl Pts',(-60.2538122360829,-3.75719958650069,5.95280091454946));
#4870=CARTESIAN_POINT('Ctrl Pts',(-60.2745271458633,-3.65876255472761,5.95280091454946));
#4871=CARTESIAN_POINT('Ctrl Pts',(-60.260733672221,-3.57483976634426,5.95280091454946));
#4872=CARTESIAN_POINT('Ctrl Pts',(-60.2175684432949,-3.50304587632066,5.95280091454946));
#4873=CARTESIAN_POINT('Ctrl Pts',(-60.1545844454648,-3.43530975453894,5.95280091454946));
#4874=CARTESIAN_POINT('Ctrl Pts',(-60.0831452502251,-3.36177520841178,5.95280091454946));
#4875=CARTESIAN_POINT('Ctrl Pts',(-60.0141521787618,-3.27419363181838,5.95280091454946));
#4876=CARTESIAN_POINT('Ctrl Pts',(-59.9558672040293,-3.1690992695209,5.95280091454946));
#4877=CARTESIAN_POINT('Ctrl Pts',(-59.9111003734477,-3.05218176108073,5.95280091454946));
#4878=CARTESIAN_POINT('Ctrl Pts',(-59.8777053248619,-2.93653402596672,5.95280091454946));
#4879=CARTESIAN_POINT('Ctrl Pts',(-59.8506554198546,-2.83803648591909,5.95280091454946));
#4880=CARTESIAN_POINT('Ctrl Pts',(-59.8236674277321,-2.77144788421079,5.95280091454946));
#4881=CARTESIAN_POINT('Ctrl Pts',(-59.7908669981682,-2.74668037263131,5.95280091454946));
#4882=CARTESIAN_POINT('Ctrl Pts',(-59.7487787985845,-2.7637885743746,5.95280091454946));
#4883=CARTESIAN_POINT('Ctrl Pts',(-59.6966807256198,-2.81370886825113,5.95280091454946));
#4884=CARTESIAN_POINT('Ctrl Pts',(-59.6357011212595,-2.88344535613848,5.95280091454946));
#4885=CARTESIAN_POINT('Ctrl Pts',(-59.568305808907,-2.95973412133161,5.95280091454946));
#4886=CARTESIAN_POINT('Ctrl Pts',(-59.4976046984964,-3.03377201157685,5.95280091454946));
#4887=CARTESIAN_POINT('Ctrl Pts',(-59.4268216613174,-3.10414919385869,5.95280091454946));
#4888=CARTESIAN_POINT('Ctrl Pts',(-59.3591133900439,-3.17380238869523,5.95280091454946));
#4889=CARTESIAN_POINT('Ctrl Pts',(-59.2973382744903,-3.24783180887707,5.95280091454946));
#4890=CARTESIAN_POINT('Ctrl Pts',(-59.2438529047442,-3.33106533901932,5.95280091454946));
#4891=CARTESIAN_POINT('Ctrl Pts',(-59.2002718602566,-3.4255644756207,5.95280091454946));
#4892=CARTESIAN_POINT('Ctrl Pts',(-59.1673063761524,-3.52863763503578,5.95280091454946));
#4893=CARTESIAN_POINT('Ctrl Pts',(-59.1451409834087,-3.63487443189078,5.95280091454946));
#4894=CARTESIAN_POINT('Ctrl Pts',(-59.1360301227524,-3.7171705407487,5.95280091454946));
#4895=CARTESIAN_POINT('Ctrl Pts',(-59.1340949875337,-3.77472553455012,5.95280091454946));
#4896=CARTESIAN_POINT('Ctrl Pts',(-59.1350576687986,-3.81076892357549,5.95280091454946));
#4897=CARTESIAN_POINT('Ctrl Pts',(-59.1361183067362,-3.82818338346123,5.95280091454946));
#4898=CARTESIAN_POINT('Ctrl Pts',(-66.6300748674102,-1.52664565605374,4.95280091454946));
#4899=CARTESIAN_POINT('Ctrl Pts',(-66.6300748674102,-1.52664565605374,5.95280091454946));
#4900=CARTESIAN_POINT('Ctrl Pts',(-66.6299596279056,-1.52253192745167,4.95280091454946));
#4901=CARTESIAN_POINT('Ctrl Pts',(-66.6299596279056,-1.52253192745167,5.95280091454946));
#4902=CARTESIAN_POINT('Ctrl Pts',(-66.6297698159466,-1.51843944279227,4.95280091454946));
#4903=CARTESIAN_POINT('Ctrl Pts',(-66.6297698159466,-1.51843944279227,5.95280091454946));
#4904=CARTESIAN_POINT('Ctrl Pts',(-66.6295054313492,-1.51436820199062,4.95280091454946));
#4905=CARTESIAN_POINT('Ctrl Pts',(-66.6295054313492,-1.51436820199062,5.95280091454946));
#4906=CARTESIAN_POINT('Ctrl Pts',(-66.6291664736019,-1.51031820513661,4.95280091454946));
#4907=CARTESIAN_POINT('Ctrl Pts',(-66.6291664736019,-1.51031820513661,5.95280091454946));
#4908=CARTESIAN_POINT('Ctrl Pts',(-66.628752943959,-1.50628945322798,4.95280091454946));
#4909=CARTESIAN_POINT('Ctrl Pts',(-66.628752943959,-1.50628945322798,5.95280091454946));
#4910=CARTESIAN_POINT('',(-66.6300748674102,-1.52664565605376,4.95280091454946));
#4911=CARTESIAN_POINT('',(-66.628752943959,-1.50628945322798,4.95280091454946));
#4912=CARTESIAN_POINT('Ctrl Pts',(-66.6300748674102,-1.52664565605374,4.95280091454946));
#4913=CARTESIAN_POINT('Ctrl Pts',(-66.6299596279056,-1.52253192745167,4.95280091454946));
#4914=CARTESIAN_POINT('Ctrl Pts',(-66.6297698159466,-1.51843944279227,4.95280091454946));
#4915=CARTESIAN_POINT('Ctrl Pts',(-66.6295054313492,-1.51436820199062,4.95280091454946));
#4916=CARTESIAN_POINT('Ctrl Pts',(-66.6291664736019,-1.51031820513661,4.95280091454946));
#4917=CARTESIAN_POINT('Ctrl Pts',(-66.628752943959,-1.50628945322798,4.95280091454946));
#4918=CARTESIAN_POINT('',(-66.6300748674102,-1.52664565605376,5.95280091454946));
#4919=CARTESIAN_POINT('',(-66.6300748674102,-1.52664565605376,4.95280091454946));
#4920=CARTESIAN_POINT('',(-66.628752943959,-1.50628945322798,5.95280091454946));
#4921=CARTESIAN_POINT('Ctrl Pts',(-66.6300748674102,-1.52664565605374,5.95280091454946));
#4922=CARTESIAN_POINT('Ctrl Pts',(-66.6299596279056,-1.52253192745167,5.95280091454946));
#4923=CARTESIAN_POINT('Ctrl Pts',(-66.6297698159466,-1.51843944279227,5.95280091454946));
#4924=CARTESIAN_POINT('Ctrl Pts',(-66.6295054313492,-1.51436820199062,5.95280091454946));
#4925=CARTESIAN_POINT('Ctrl Pts',(-66.6291664736019,-1.51031820513661,5.95280091454946));
#4926=CARTESIAN_POINT('Ctrl Pts',(-66.628752943959,-1.50628945322798,5.95280091454946));
#4927=CARTESIAN_POINT('',(-66.628752943959,-1.50628945322798,4.95280091454946));
#4928=CARTESIAN_POINT('Ctrl Pts',(-66.628752943959,-1.50628945322798,4.95280091454946));
#4929=CARTESIAN_POINT('Ctrl Pts',(-66.628752943959,-1.50628945322798,5.95280091454946));
#4930=CARTESIAN_POINT('Ctrl Pts',(-66.6289883350592,-1.51034377177526,4.95280091454946));
#4931=CARTESIAN_POINT('Ctrl Pts',(-66.6289883350592,-1.51034377177526,5.95280091454946));
#4932=CARTESIAN_POINT('Ctrl Pts',(-66.6292382231122,-1.51440655143118,4.95280091454946));
#4933=CARTESIAN_POINT('Ctrl Pts',(-66.6292382231122,-1.51440655143118,5.95280091454946));
#4934=CARTESIAN_POINT('Ctrl Pts',(-66.6295026079143,-1.51847779204271,4.95280091454946));
#4935=CARTESIAN_POINT('Ctrl Pts',(-66.6295026079143,-1.51847779204271,5.95280091454946));
#4936=CARTESIAN_POINT('Ctrl Pts',(-66.6297814893496,-1.52255749357078,4.95280091454946));
#4937=CARTESIAN_POINT('Ctrl Pts',(-66.6297814893496,-1.52255749357078,5.95280091454946));
#4938=CARTESIAN_POINT('Ctrl Pts',(-66.6300748674102,-1.52664565605376,4.95280091454946));
#4939=CARTESIAN_POINT('Ctrl Pts',(-66.6300748674102,-1.52664565605376,5.95280091454946));
#4940=CARTESIAN_POINT('Ctrl Pts',(-66.628752943959,-1.50628945322798,4.95280091454946));
#4941=CARTESIAN_POINT('Ctrl Pts',(-66.6289883350591,-1.51034377177526,4.95280091454946));
#4942=CARTESIAN_POINT('Ctrl Pts',(-66.6292382231122,-1.51440655143118,4.95280091454946));
#4943=CARTESIAN_POINT('Ctrl Pts',(-66.6295026079143,-1.51847779204271,4.95280091454946));
#4944=CARTESIAN_POINT('Ctrl Pts',(-66.6297814893496,-1.52255749357078,4.95280091454946));
#4945=CARTESIAN_POINT('Ctrl Pts',(-66.6300748674102,-1.52664565605376,4.95280091454946));
#4946=CARTESIAN_POINT('Ctrl Pts',(-66.628752943959,-1.50628945322798,5.95280091454946));
#4947=CARTESIAN_POINT('Ctrl Pts',(-66.6289883350591,-1.51034377177526,5.95280091454946));
#4948=CARTESIAN_POINT('Ctrl Pts',(-66.6292382231122,-1.51440655143118,5.95280091454946));
#4949=CARTESIAN_POINT('Ctrl Pts',(-66.6295026079143,-1.51847779204271,5.95280091454946));
#4950=CARTESIAN_POINT('Ctrl Pts',(-66.6297814893496,-1.52255749357078,5.95280091454946));
#4951=CARTESIAN_POINT('Ctrl Pts',(-66.6300748674102,-1.52664565605376,5.95280091454946));
#4952=CARTESIAN_POINT('Ctrl Pts',(-62.0443642412634,-3.95501489692127,4.95280091454946));
#4953=CARTESIAN_POINT('Ctrl Pts',(-62.0443642412634,-3.95501489692127,5.95280091454946));
#4954=CARTESIAN_POINT('Ctrl Pts',(-62.0512958389532,-3.93110175860402,4.95280091454946));
#4955=CARTESIAN_POINT('Ctrl Pts',(-62.0512958389532,-3.93110175860402,5.95280091454946));
#4956=CARTESIAN_POINT('Ctrl Pts',(-62.0651202911474,-3.8827678391455,4.95280091454946));
#4957=CARTESIAN_POINT('Ctrl Pts',(-62.0651202911474,-3.8827678391455,5.95280091454946));
#4958=CARTESIAN_POINT('Ctrl Pts',(-62.0857407245514,-3.80874416626401,4.95280091454946));
#4959=CARTESIAN_POINT('Ctrl Pts',(-62.0857407245514,-3.80874416626401,5.95280091454946));
#4960=CARTESIAN_POINT('Ctrl Pts',(-62.1130022013293,-3.70699816834183,4.95280091454946));
#4961=CARTESIAN_POINT('Ctrl Pts',(-62.1130022013293,-3.70699816834183,5.95280091454946));
#4962=CARTESIAN_POINT('Ctrl Pts',(-62.1467976662649,-3.57457073040532,4.95280091454946));
#4963=CARTESIAN_POINT('Ctrl Pts',(-62.1467976662649,-3.57457073040532,5.95280091454946));
#4964=CARTESIAN_POINT('Ctrl Pts',(-62.1806331378941,-3.43639056845119,4.95280091454946));
#4965=CARTESIAN_POINT('Ctrl Pts',(-62.1806331378941,-3.43639056845119,5.95280091454946));
#4966=CARTESIAN_POINT('Ctrl Pts',(-62.2151478946371,-3.29148789062851,4.95280091454946));
#4967=CARTESIAN_POINT('Ctrl Pts',(-62.2151478946371,-3.29148789062851,5.95280091454946));
#4968=CARTESIAN_POINT('Ctrl Pts',(-62.251419130599,-3.13816096380493,4.95280091454946));
#4969=CARTESIAN_POINT('Ctrl Pts',(-62.251419130599,-3.13816096380493,5.95280091454946));
#4970=CARTESIAN_POINT('Ctrl Pts',(-62.2910031799926,-2.97436411515943,4.95280091454946));
#4971=CARTESIAN_POINT('Ctrl Pts',(-62.2910031799926,-2.97436411515943,5.95280091454946));
#4972=CARTESIAN_POINT('Ctrl Pts',(-62.3359235014485,-2.79844537648617,4.95280091454946));
#4973=CARTESIAN_POINT('Ctrl Pts',(-62.3359235014485,-2.79844537648617,5.95280091454946));
#4974=CARTESIAN_POINT('Ctrl Pts',(-62.3886906863483,-2.60980838517652,4.95280091454946));
#4975=CARTESIAN_POINT('Ctrl Pts',(-62.3886906863483,-2.60980838517652,5.95280091454946));
#4976=CARTESIAN_POINT('Ctrl Pts',(-62.4522765522286,-2.40953741159299,4.95280091454946));
#4977=CARTESIAN_POINT('Ctrl Pts',(-62.4522765522286,-2.40953741159299,5.95280091454946));
#4978=CARTESIAN_POINT('Ctrl Pts',(-62.5301893868111,-2.20120924287378,4.95280091454946));
#4979=CARTESIAN_POINT('Ctrl Pts',(-62.5301893868111,-2.20120924287378,5.95280091454946));
#4980=CARTESIAN_POINT('Ctrl Pts',(-62.6262149667632,-1.99102114456698,4.95280091454946));
#4981=CARTESIAN_POINT('Ctrl Pts',(-62.6262149667632,-1.99102114456698,5.95280091454946));
#4982=CARTESIAN_POINT('Ctrl Pts',(-62.7436751988209,-1.78692497538938,4.95280091454946));
#4983=CARTESIAN_POINT('Ctrl Pts',(-62.7436751988209,-1.78692497538938,5.95280091454946));
#4984=CARTESIAN_POINT('Ctrl Pts',(-62.8848117246367,-1.59800577128689,4.95280091454946));
#4985=CARTESIAN_POINT('Ctrl Pts',(-62.8848117246367,-1.59800577128689,5.95280091454946));
#4986=CARTESIAN_POINT('Ctrl Pts',(-63.0500993512411,-1.4337627677149,4.95280091454946));
#4987=CARTESIAN_POINT('Ctrl Pts',(-63.0500993512411,-1.4337627677149,5.95280091454946));
#4988=CARTESIAN_POINT('Ctrl Pts',(-63.237629069199,-1.30343403939115,4.95280091454946));
#4989=CARTESIAN_POINT('Ctrl Pts',(-63.237629069199,-1.30343403939115,5.95280091454946));
#4990=CARTESIAN_POINT('Ctrl Pts',(-63.4423575984877,-1.21529964768663,4.95280091454946));
#4991=CARTESIAN_POINT('Ctrl Pts',(-63.4423575984877,-1.21529964768663,5.95280091454946));
#4992=CARTESIAN_POINT('Ctrl Pts',(-63.6557104273127,-1.17599805604961,4.95280091454946));
#4993=CARTESIAN_POINT('Ctrl Pts',(-63.6557104273127,-1.17599805604961,5.95280091454946));
#4994=CARTESIAN_POINT('Ctrl Pts',(-63.8671253689815,-1.18980384125803,4.95280091454946));
#4995=CARTESIAN_POINT('Ctrl Pts',(-63.8671253689815,-1.18980384125803,5.95280091454946));
#4996=CARTESIAN_POINT('Ctrl Pts',(-64.0653294960154,-1.25795417960536,4.95280091454946));
#4997=CARTESIAN_POINT('Ctrl Pts',(-64.0653294960154,-1.25795417960536,5.95280091454946));
#4998=CARTESIAN_POINT('Ctrl Pts',(-64.2397695460712,-1.37785838441529,4.95280091454946));
#4999=CARTESIAN_POINT('Ctrl Pts',(-64.2397695460712,-1.37785838441529,5.95280091454946));
#5000=CARTESIAN_POINT('Ctrl Pts',(-64.3818588323401,-1.54256652452648,4.95280091454946));
#5001=CARTESIAN_POINT('Ctrl Pts',(-64.3818588323401,-1.54256652452648,5.95280091454946));
#5002=CARTESIAN_POINT('Ctrl Pts',(-64.4865999697327,-1.73958702185164,4.95280091454946));
#5003=CARTESIAN_POINT('Ctrl Pts',(-64.4865999697327,-1.73958702185164,5.95280091454946));
#5004=CARTESIAN_POINT('Ctrl Pts',(-64.5528158275976,-1.95221549213451,4.95280091454946));
#5005=CARTESIAN_POINT('Ctrl Pts',(-64.5528158275976,-1.95221549213451,5.95280091454946));
#5006=CARTESIAN_POINT('Ctrl Pts',(-64.5822268275035,-2.16297870835723,4.95280091454946));
#5007=CARTESIAN_POINT('Ctrl Pts',(-64.5822268275035,-2.16297870835723,5.95280091454946));
#5008=CARTESIAN_POINT('Ctrl Pts',(-64.5788615658643,-2.35644973762766,4.95280091454946));
#5009=CARTESIAN_POINT('Ctrl Pts',(-64.5788615658643,-2.35644973762766,5.95280091454946));
#5010=CARTESIAN_POINT('Ctrl Pts',(-64.5483294858263,-2.52238104638723,4.95280091454946));
#5011=CARTESIAN_POINT('Ctrl Pts',(-64.5483294858263,-2.52238104638723,5.95280091454946));
#5012=CARTESIAN_POINT('Ctrl Pts',(-64.4971669140771,-2.65857136714166,4.95280091454946));
#5013=CARTESIAN_POINT('Ctrl Pts',(-64.4971669140771,-2.65857136714166,5.95280091454946));
#5014=CARTESIAN_POINT('Ctrl Pts',(-64.4321213088908,-2.77423152038616,4.95280091454946));
#5015=CARTESIAN_POINT('Ctrl Pts',(-64.4321213088908,-2.77423152038616,5.95280091454946));
#5016=CARTESIAN_POINT('Ctrl Pts',(-64.3602005275057,-2.88524079627685,4.95280091454946));
#5017=CARTESIAN_POINT('Ctrl Pts',(-64.3602005275057,-2.88524079627685,5.95280091454946));
#5018=CARTESIAN_POINT('Ctrl Pts',(-64.2888165543601,-3.0085951127723,4.95280091454946));
#5019=CARTESIAN_POINT('Ctrl Pts',(-64.2888165543601,-3.0085951127723,5.95280091454946));
#5020=CARTESIAN_POINT('Ctrl Pts',(-64.2258097922763,-3.15762200372943,4.95280091454946));
#5021=CARTESIAN_POINT('Ctrl Pts',(-64.2258097922763,-3.15762200372943,5.95280091454946));
#5022=CARTESIAN_POINT('Ctrl Pts',(-64.1797288712315,-3.33574879784478,4.95280091454946));
#5023=CARTESIAN_POINT('Ctrl Pts',(-64.1797288712315,-3.33574879784478,5.95280091454946));
#5024=CARTESIAN_POINT('Ctrl Pts',(-64.1592597278104,-3.53495431222693,4.95280091454946));
#5025=CARTESIAN_POINT('Ctrl Pts',(-64.1592597278104,-3.53495431222693,5.95280091454946));
#5026=CARTESIAN_POINT('Ctrl Pts',(-64.1715407599195,-3.74040555190573,4.95280091454946));
#5027=CARTESIAN_POINT('Ctrl Pts',(-64.1715407599195,-3.74040555190573,5.95280091454946));
#5028=CARTESIAN_POINT('Ctrl Pts',(-64.2207271693264,-3.93357324289341,4.95280091454946));
#5029=CARTESIAN_POINT('Ctrl Pts',(-64.2207271693264,-3.93357324289341,5.95280091454946));
#5030=CARTESIAN_POINT('Ctrl Pts',(-64.3065049338411,-4.09591342022764,4.95280091454946));
#5031=CARTESIAN_POINT('Ctrl Pts',(-64.3065049338411,-4.09591342022764,5.95280091454946));
#5032=CARTESIAN_POINT('Ctrl Pts',(-64.4224925962419,-4.21240781087405,4.95280091454946));
#5033=CARTESIAN_POINT('Ctrl Pts',(-64.4224925962419,-4.21240781087405,5.95280091454946));
#5034=CARTESIAN_POINT('Ctrl Pts',(-64.5550465491554,-4.27487527966231,4.95280091454946));
#5035=CARTESIAN_POINT('Ctrl Pts',(-64.5550465491554,-4.27487527966231,5.95280091454946));
#5036=CARTESIAN_POINT('Ctrl Pts',(-64.6873319050019,-4.28086308724234,4.95280091454946));
#5037=CARTESIAN_POINT('Ctrl Pts',(-64.6873319050019,-4.28086308724234,5.95280091454946));
#5038=CARTESIAN_POINT('Ctrl Pts',(-64.8030943437083,-4.2328561581462,4.95280091454946));
#5039=CARTESIAN_POINT('Ctrl Pts',(-64.8030943437083,-4.2328561581462,5.95280091454946));
#5040=CARTESIAN_POINT('Ctrl Pts',(-64.8904377778709,-4.137363508796,4.95280091454946));
#5041=CARTESIAN_POINT('Ctrl Pts',(-64.8904377778709,-4.137363508796,5.95280091454946));
#5042=CARTESIAN_POINT('Ctrl Pts',(-64.9458891087112,-4.00408734989315,4.95280091454946));
#5043=CARTESIAN_POINT('Ctrl Pts',(-64.9458891087112,-4.00408734989315,5.95280091454946));
#5044=CARTESIAN_POINT('Ctrl Pts',(-64.9723466724364,-3.84444524142307,4.95280091454946));
#5045=CARTESIAN_POINT('Ctrl Pts',(-64.9723466724364,-3.84444524142307,5.95280091454946));
#5046=CARTESIAN_POINT('Ctrl Pts',(-64.9765570805148,-3.67001482235867,4.95280091454946));
#5047=CARTESIAN_POINT('Ctrl Pts',(-64.9765570805148,-3.67001482235867,5.95280091454946));
#5048=CARTESIAN_POINT('Ctrl Pts',(-64.9668785386398,-3.49109604175029,4.95280091454946));
#5049=CARTESIAN_POINT('Ctrl Pts',(-64.9668785386398,-3.49109604175029,5.95280091454946));
#5050=CARTESIAN_POINT('Ctrl Pts',(-64.9506724181771,-3.3150143022064,4.95280091454946));
#5051=CARTESIAN_POINT('Ctrl Pts',(-64.9506724181771,-3.3150143022064,5.95280091454946));
#5052=CARTESIAN_POINT('Ctrl Pts',(-64.9326686651802,-3.14519911219031,4.95280091454946));
#5053=CARTESIAN_POINT('Ctrl Pts',(-64.9326686651802,-3.14519911219031,5.95280091454946));
#5054=CARTESIAN_POINT('Ctrl Pts',(-64.9157989888788,-2.98228941874907,4.95280091454946));
#5055=CARTESIAN_POINT('Ctrl Pts',(-64.9157989888788,-2.98228941874907,5.95280091454946));
#5056=CARTESIAN_POINT('Ctrl Pts',(-64.901567076531,-2.82485884858803,4.95280091454946));
#5057=CARTESIAN_POINT('Ctrl Pts',(-64.901567076531,-2.82485884858803,5.95280091454946));
#5058=CARTESIAN_POINT('Ctrl Pts',(-64.8905996433437,-2.67027969910774,4.95280091454946));
#5059=CARTESIAN_POINT('Ctrl Pts',(-64.8905996433437,-2.67027969910774,5.95280091454946));
#5060=CARTESIAN_POINT('Ctrl Pts',(-64.8831197497348,-2.51554629716559,4.95280091454946));
#5061=CARTESIAN_POINT('Ctrl Pts',(-64.8831197497348,-2.51554629716559,5.95280091454946));
#5062=CARTESIAN_POINT('Ctrl Pts',(-64.8794464735021,-2.35804551443802,4.95280091454946));
#5063=CARTESIAN_POINT('Ctrl Pts',(-64.8794464735021,-2.35804551443802,5.95280091454946));
#5064=CARTESIAN_POINT('Ctrl Pts',(-64.8804112075523,-2.1960590464091,4.95280091454946));
#5065=CARTESIAN_POINT('Ctrl Pts',(-64.8804112075523,-2.1960590464091,5.95280091454946));
#5066=CARTESIAN_POINT('Ctrl Pts',(-64.8878449756843,-2.02936599110238,4.95280091454946));
#5067=CARTESIAN_POINT('Ctrl Pts',(-64.8878449756843,-2.02936599110238,5.95280091454946));
#5068=CARTESIAN_POINT('Ctrl Pts',(-64.904930421118,-1.85971040635262,4.95280091454946));
#5069=CARTESIAN_POINT('Ctrl Pts',(-64.904930421118,-1.85971040635262,5.95280091454946));
#5070=CARTESIAN_POINT('Ctrl Pts',(-64.9368725645644,-1.69156172208108,4.95280091454946));
#5071=CARTESIAN_POINT('Ctrl Pts',(-64.9368725645644,-1.69156172208108,5.95280091454946));
#5072=CARTESIAN_POINT('Ctrl Pts',(-64.9905332203575,-1.53194172889059,4.95280091454946));
#5073=CARTESIAN_POINT('Ctrl Pts',(-64.9905332203575,-1.53194172889059,5.95280091454946));
#5074=CARTESIAN_POINT('Ctrl Pts',(-65.0725067411302,-1.38883283194087,4.95280091454946));
#5075=CARTESIAN_POINT('Ctrl Pts',(-65.0725067411302,-1.38883283194087,5.95280091454946));
#5076=CARTESIAN_POINT('Ctrl Pts',(-65.1874632503042,-1.26985653177657,4.95280091454946));
#5077=CARTESIAN_POINT('Ctrl Pts',(-65.1874632503042,-1.26985653177657,5.95280091454946));
#5078=CARTESIAN_POINT('Ctrl Pts',(-65.3365904221886,-1.18097807957285,4.95280091454946));
#5079=CARTESIAN_POINT('Ctrl Pts',(-65.3365904221886,-1.18097807957285,5.95280091454946));
#5080=CARTESIAN_POINT('Ctrl Pts',(-65.515479270498,-1.12486792091149,4.95280091454946));
#5081=CARTESIAN_POINT('Ctrl Pts',(-65.515479270498,-1.12486792091149,5.95280091454946));
#5082=CARTESIAN_POINT('Ctrl Pts',(-65.7142634600701,-1.1007169631628,4.95280091454946));
#5083=CARTESIAN_POINT('Ctrl Pts',(-65.7142634600701,-1.1007169631628,5.95280091454946));
#5084=CARTESIAN_POINT('Ctrl Pts',(-65.9200022153453,-1.10551085358234,4.95280091454946));
#5085=CARTESIAN_POINT('Ctrl Pts',(-65.9200022153453,-1.10551085358234,5.95280091454946));
#5086=CARTESIAN_POINT('Ctrl Pts',(-66.1184586485978,-1.13490772816752,4.95280091454946));
#5087=CARTESIAN_POINT('Ctrl Pts',(-66.1184586485978,-1.13490772816752,5.95280091454946));
#5088=CARTESIAN_POINT('Ctrl Pts',(-66.2960946218952,-1.1842630662636,4.95280091454946));
#5089=CARTESIAN_POINT('Ctrl Pts',(-66.2960946218952,-1.1842630662636,5.95280091454946));
#5090=CARTESIAN_POINT('Ctrl Pts',(-66.442039256006,-1.24962031496746,4.95280091454946));
#5091=CARTESIAN_POINT('Ctrl Pts',(-66.442039256006,-1.24962031496746,5.95280091454946));
#5092=CARTESIAN_POINT('Ctrl Pts',(-66.5458333167912,-1.32566463013659,4.95280091454946));
#5093=CARTESIAN_POINT('Ctrl Pts',(-66.5458333167912,-1.32566463013659,5.95280091454946));
#5094=CARTESIAN_POINT('Ctrl Pts',(-66.5980498188257,-1.39496112714213,4.95280091454946));
#5095=CARTESIAN_POINT('Ctrl Pts',(-66.5980498188257,-1.39496112714213,5.95280091454946));
#5096=CARTESIAN_POINT('Ctrl Pts',(-66.6198580342692,-1.45085869846289,4.95280091454946));
#5097=CARTESIAN_POINT('Ctrl Pts',(-66.6198580342692,-1.45085869846289,5.95280091454946));
#5098=CARTESIAN_POINT('Ctrl Pts',(-66.6269638756562,-1.48885971762405,4.95280091454946));
#5099=CARTESIAN_POINT('Ctrl Pts',(-66.6269638756562,-1.48885971762405,5.95280091454946));
#5100=CARTESIAN_POINT('Ctrl Pts',(-66.628752943959,-1.50628945322797,4.95280091454946));
#5101=CARTESIAN_POINT('Ctrl Pts',(-66.628752943959,-1.50628945322797,5.95280091454946));
#5102=CARTESIAN_POINT('',(-62.0443642412634,-3.95501489692127,4.95280091454946));
#5103=CARTESIAN_POINT('Ctrl Pts',(-62.0443642412634,-3.95501489692127,4.95280091454946));
#5104=CARTESIAN_POINT('Ctrl Pts',(-62.0512958389532,-3.93110175860402,4.95280091454946));
#5105=CARTESIAN_POINT('Ctrl Pts',(-62.0651202911474,-3.8827678391455,4.95280091454946));
#5106=CARTESIAN_POINT('Ctrl Pts',(-62.0857407245514,-3.80874416626401,4.95280091454946));
#5107=CARTESIAN_POINT('Ctrl Pts',(-62.1130022013293,-3.70699816834183,4.95280091454946));
#5108=CARTESIAN_POINT('Ctrl Pts',(-62.1467976662649,-3.57457073040532,4.95280091454946));
#5109=CARTESIAN_POINT('Ctrl Pts',(-62.1806331378941,-3.43639056845119,4.95280091454946));
#5110=CARTESIAN_POINT('Ctrl Pts',(-62.2151478946371,-3.29148789062851,4.95280091454946));
#5111=CARTESIAN_POINT('Ctrl Pts',(-62.251419130599,-3.13816096380493,4.95280091454946));
#5112=CARTESIAN_POINT('Ctrl Pts',(-62.2910031799926,-2.97436411515943,4.95280091454946));
#5113=CARTESIAN_POINT('Ctrl Pts',(-62.3359235014485,-2.79844537648617,4.95280091454946));
#5114=CARTESIAN_POINT('Ctrl Pts',(-62.3886906863483,-2.60980838517652,4.95280091454946));
#5115=CARTESIAN_POINT('Ctrl Pts',(-62.4522765522286,-2.40953741159299,4.95280091454946));
#5116=CARTESIAN_POINT('Ctrl Pts',(-62.5301893868111,-2.20120924287378,4.95280091454946));
#5117=CARTESIAN_POINT('Ctrl Pts',(-62.6262149667632,-1.99102114456698,4.95280091454946));
#5118=CARTESIAN_POINT('Ctrl Pts',(-62.7436751988209,-1.78692497538938,4.95280091454946));
#5119=CARTESIAN_POINT('Ctrl Pts',(-62.8848117246367,-1.59800577128689,4.95280091454946));
#5120=CARTESIAN_POINT('Ctrl Pts',(-63.0500993512411,-1.4337627677149,4.95280091454946));
#5121=CARTESIAN_POINT('Ctrl Pts',(-63.237629069199,-1.30343403939115,4.95280091454946));
#5122=CARTESIAN_POINT('Ctrl Pts',(-63.4423575984877,-1.21529964768663,4.95280091454946));
#5123=CARTESIAN_POINT('Ctrl Pts',(-63.6557104273127,-1.17599805604961,4.95280091454946));
#5124=CARTESIAN_POINT('Ctrl Pts',(-63.8671253689815,-1.18980384125803,4.95280091454946));
#5125=CARTESIAN_POINT('Ctrl Pts',(-64.0653294960154,-1.25795417960536,4.95280091454946));
#5126=CARTESIAN_POINT('Ctrl Pts',(-64.2397695460712,-1.37785838441529,4.95280091454946));
#5127=CARTESIAN_POINT('Ctrl Pts',(-64.3818588323401,-1.54256652452648,4.95280091454946));
#5128=CARTESIAN_POINT('Ctrl Pts',(-64.4865999697327,-1.73958702185164,4.95280091454946));
#5129=CARTESIAN_POINT('Ctrl Pts',(-64.5528158275976,-1.95221549213451,4.95280091454946));
#5130=CARTESIAN_POINT('Ctrl Pts',(-64.5822268275035,-2.16297870835723,4.95280091454946));
#5131=CARTESIAN_POINT('Ctrl Pts',(-64.5788615658643,-2.35644973762766,4.95280091454946));
#5132=CARTESIAN_POINT('Ctrl Pts',(-64.5483294858263,-2.52238104638723,4.95280091454946));
#5133=CARTESIAN_POINT('Ctrl Pts',(-64.4971669140771,-2.65857136714166,4.95280091454946));
#5134=CARTESIAN_POINT('Ctrl Pts',(-64.4321213088908,-2.77423152038616,4.95280091454946));
#5135=CARTESIAN_POINT('Ctrl Pts',(-64.3602005275057,-2.88524079627685,4.95280091454946));
#5136=CARTESIAN_POINT('Ctrl Pts',(-64.2888165543601,-3.0085951127723,4.95280091454946));
#5137=CARTESIAN_POINT('Ctrl Pts',(-64.2258097922763,-3.15762200372943,4.95280091454946));
#5138=CARTESIAN_POINT('Ctrl Pts',(-64.1797288712315,-3.33574879784478,4.95280091454946));
#5139=CARTESIAN_POINT('Ctrl Pts',(-64.1592597278104,-3.53495431222693,4.95280091454946));
#5140=CARTESIAN_POINT('Ctrl Pts',(-64.1715407599195,-3.74040555190573,4.95280091454946));
#5141=CARTESIAN_POINT('Ctrl Pts',(-64.2207271693264,-3.93357324289341,4.95280091454946));
#5142=CARTESIAN_POINT('Ctrl Pts',(-64.3065049338411,-4.09591342022764,4.95280091454946));
#5143=CARTESIAN_POINT('Ctrl Pts',(-64.4224925962419,-4.21240781087405,4.95280091454946));
#5144=CARTESIAN_POINT('Ctrl Pts',(-64.5550465491554,-4.27487527966231,4.95280091454946));
#5145=CARTESIAN_POINT('Ctrl Pts',(-64.6873319050019,-4.28086308724234,4.95280091454946));
#5146=CARTESIAN_POINT('Ctrl Pts',(-64.8030943437083,-4.2328561581462,4.95280091454946));
#5147=CARTESIAN_POINT('Ctrl Pts',(-64.8904377778709,-4.137363508796,4.95280091454946));
#5148=CARTESIAN_POINT('Ctrl Pts',(-64.9458891087112,-4.00408734989315,4.95280091454946));
#5149=CARTESIAN_POINT('Ctrl Pts',(-64.9723466724364,-3.84444524142307,4.95280091454946));
#5150=CARTESIAN_POINT('Ctrl Pts',(-64.9765570805148,-3.67001482235867,4.95280091454946));
#5151=CARTESIAN_POINT('Ctrl Pts',(-64.9668785386398,-3.49109604175029,4.95280091454946));
#5152=CARTESIAN_POINT('Ctrl Pts',(-64.9506724181771,-3.3150143022064,4.95280091454946));
#5153=CARTESIAN_POINT('Ctrl Pts',(-64.9326686651802,-3.14519911219031,4.95280091454946));
#5154=CARTESIAN_POINT('Ctrl Pts',(-64.9157989888788,-2.98228941874907,4.95280091454946));
#5155=CARTESIAN_POINT('Ctrl Pts',(-64.901567076531,-2.82485884858803,4.95280091454946));
#5156=CARTESIAN_POINT('Ctrl Pts',(-64.8905996433437,-2.67027969910774,4.95280091454946));
#5157=CARTESIAN_POINT('Ctrl Pts',(-64.8831197497348,-2.51554629716559,4.95280091454946));
#5158=CARTESIAN_POINT('Ctrl Pts',(-64.8794464735021,-2.35804551443802,4.95280091454946));
#5159=CARTESIAN_POINT('Ctrl Pts',(-64.8804112075523,-2.1960590464091,4.95280091454946));
#5160=CARTESIAN_POINT('Ctrl Pts',(-64.8878449756843,-2.02936599110238,4.95280091454946));
#5161=CARTESIAN_POINT('Ctrl Pts',(-64.904930421118,-1.85971040635262,4.95280091454946));
#5162=CARTESIAN_POINT('Ctrl Pts',(-64.9368725645644,-1.69156172208108,4.95280091454946));
#5163=CARTESIAN_POINT('Ctrl Pts',(-64.9905332203575,-1.53194172889059,4.95280091454946));
#5164=CARTESIAN_POINT('Ctrl Pts',(-65.0725067411302,-1.38883283194087,4.95280091454946));
#5165=CARTESIAN_POINT('Ctrl Pts',(-65.1874632503042,-1.26985653177657,4.95280091454946));
#5166=CARTESIAN_POINT('Ctrl Pts',(-65.3365904221886,-1.18097807957285,4.95280091454946));
#5167=CARTESIAN_POINT('Ctrl Pts',(-65.515479270498,-1.12486792091149,4.95280091454946));
#5168=CARTESIAN_POINT('Ctrl Pts',(-65.7142634600701,-1.1007169631628,4.95280091454946));
#5169=CARTESIAN_POINT('Ctrl Pts',(-65.9200022153453,-1.10551085358234,4.95280091454946));
#5170=CARTESIAN_POINT('Ctrl Pts',(-66.1184586485978,-1.13490772816752,4.95280091454946));
#5171=CARTESIAN_POINT('Ctrl Pts',(-66.2960946218952,-1.1842630662636,4.95280091454946));
#5172=CARTESIAN_POINT('Ctrl Pts',(-66.442039256006,-1.24962031496746,4.95280091454946));
#5173=CARTESIAN_POINT('Ctrl Pts',(-66.5458333167912,-1.32566463013659,4.95280091454946));
#5174=CARTESIAN_POINT('Ctrl Pts',(-66.5980498188257,-1.39496112714213,4.95280091454946));
#5175=CARTESIAN_POINT('Ctrl Pts',(-66.6198580342692,-1.45085869846289,4.95280091454946));
#5176=CARTESIAN_POINT('Ctrl Pts',(-66.6269638756562,-1.48885971762405,4.95280091454946));
#5177=CARTESIAN_POINT('Ctrl Pts',(-66.628752943959,-1.50628945322797,4.95280091454946));
#5178=CARTESIAN_POINT('',(-62.0443642412634,-3.95501489692127,5.95280091454946));
#5179=CARTESIAN_POINT('',(-62.0443642412634,-3.95501489692127,4.95280091454946));
#5180=CARTESIAN_POINT('Ctrl Pts',(-62.0443642412634,-3.95501489692127,5.95280091454946));
#5181=CARTESIAN_POINT('Ctrl Pts',(-62.0512958389532,-3.93110175860402,5.95280091454946));
#5182=CARTESIAN_POINT('Ctrl Pts',(-62.0651202911474,-3.8827678391455,5.95280091454946));
#5183=CARTESIAN_POINT('Ctrl Pts',(-62.0857407245514,-3.80874416626401,5.95280091454946));
#5184=CARTESIAN_POINT('Ctrl Pts',(-62.1130022013293,-3.70699816834183,5.95280091454946));
#5185=CARTESIAN_POINT('Ctrl Pts',(-62.1467976662649,-3.57457073040532,5.95280091454946));
#5186=CARTESIAN_POINT('Ctrl Pts',(-62.1806331378941,-3.43639056845119,5.95280091454946));
#5187=CARTESIAN_POINT('Ctrl Pts',(-62.2151478946371,-3.29148789062851,5.95280091454946));
#5188=CARTESIAN_POINT('Ctrl Pts',(-62.251419130599,-3.13816096380493,5.95280091454946));
#5189=CARTESIAN_POINT('Ctrl Pts',(-62.2910031799926,-2.97436411515943,5.95280091454946));
#5190=CARTESIAN_POINT('Ctrl Pts',(-62.3359235014485,-2.79844537648617,5.95280091454946));
#5191=CARTESIAN_POINT('Ctrl Pts',(-62.3886906863483,-2.60980838517652,5.95280091454946));
#5192=CARTESIAN_POINT('Ctrl Pts',(-62.4522765522286,-2.40953741159299,5.95280091454946));
#5193=CARTESIAN_POINT('Ctrl Pts',(-62.5301893868111,-2.20120924287378,5.95280091454946));
#5194=CARTESIAN_POINT('Ctrl Pts',(-62.6262149667632,-1.99102114456698,5.95280091454946));
#5195=CARTESIAN_POINT('Ctrl Pts',(-62.7436751988209,-1.78692497538938,5.95280091454946));
#5196=CARTESIAN_POINT('Ctrl Pts',(-62.8848117246367,-1.59800577128689,5.95280091454946));
#5197=CARTESIAN_POINT('Ctrl Pts',(-63.0500993512411,-1.4337627677149,5.95280091454946));
#5198=CARTESIAN_POINT('Ctrl Pts',(-63.237629069199,-1.30343403939115,5.95280091454946));
#5199=CARTESIAN_POINT('Ctrl Pts',(-63.4423575984877,-1.21529964768663,5.95280091454946));
#5200=CARTESIAN_POINT('Ctrl Pts',(-63.6557104273127,-1.17599805604961,5.95280091454946));
#5201=CARTESIAN_POINT('Ctrl Pts',(-63.8671253689815,-1.18980384125803,5.95280091454946));
#5202=CARTESIAN_POINT('Ctrl Pts',(-64.0653294960154,-1.25795417960536,5.95280091454946));
#5203=CARTESIAN_POINT('Ctrl Pts',(-64.2397695460712,-1.37785838441529,5.95280091454946));
#5204=CARTESIAN_POINT('Ctrl Pts',(-64.3818588323401,-1.54256652452648,5.95280091454946));
#5205=CARTESIAN_POINT('Ctrl Pts',(-64.4865999697327,-1.73958702185164,5.95280091454946));
#5206=CARTESIAN_POINT('Ctrl Pts',(-64.5528158275976,-1.95221549213451,5.95280091454946));
#5207=CARTESIAN_POINT('Ctrl Pts',(-64.5822268275035,-2.16297870835723,5.95280091454946));
#5208=CARTESIAN_POINT('Ctrl Pts',(-64.5788615658643,-2.35644973762766,5.95280091454946));
#5209=CARTESIAN_POINT('Ctrl Pts',(-64.5483294858263,-2.52238104638723,5.95280091454946));
#5210=CARTESIAN_POINT('Ctrl Pts',(-64.4971669140771,-2.65857136714166,5.95280091454946));
#5211=CARTESIAN_POINT('Ctrl Pts',(-64.4321213088908,-2.77423152038616,5.95280091454946));
#5212=CARTESIAN_POINT('Ctrl Pts',(-64.3602005275057,-2.88524079627685,5.95280091454946));
#5213=CARTESIAN_POINT('Ctrl Pts',(-64.2888165543601,-3.0085951127723,5.95280091454946));
#5214=CARTESIAN_POINT('Ctrl Pts',(-64.2258097922763,-3.15762200372943,5.95280091454946));
#5215=CARTESIAN_POINT('Ctrl Pts',(-64.1797288712315,-3.33574879784478,5.95280091454946));
#5216=CARTESIAN_POINT('Ctrl Pts',(-64.1592597278104,-3.53495431222693,5.95280091454946));
#5217=CARTESIAN_POINT('Ctrl Pts',(-64.1715407599195,-3.74040555190573,5.95280091454946));
#5218=CARTESIAN_POINT('Ctrl Pts',(-64.2207271693264,-3.93357324289341,5.95280091454946));
#5219=CARTESIAN_POINT('Ctrl Pts',(-64.3065049338411,-4.09591342022764,5.95280091454946));
#5220=CARTESIAN_POINT('Ctrl Pts',(-64.4224925962419,-4.21240781087405,5.95280091454946));
#5221=CARTESIAN_POINT('Ctrl Pts',(-64.5550465491554,-4.27487527966231,5.95280091454946));
#5222=CARTESIAN_POINT('Ctrl Pts',(-64.6873319050019,-4.28086308724234,5.95280091454946));
#5223=CARTESIAN_POINT('Ctrl Pts',(-64.8030943437083,-4.2328561581462,5.95280091454946));
#5224=CARTESIAN_POINT('Ctrl Pts',(-64.8904377778709,-4.137363508796,5.95280091454946));
#5225=CARTESIAN_POINT('Ctrl Pts',(-64.9458891087112,-4.00408734989315,5.95280091454946));
#5226=CARTESIAN_POINT('Ctrl Pts',(-64.9723466724364,-3.84444524142307,5.95280091454946));
#5227=CARTESIAN_POINT('Ctrl Pts',(-64.9765570805148,-3.67001482235867,5.95280091454946));
#5228=CARTESIAN_POINT('Ctrl Pts',(-64.9668785386398,-3.49109604175029,5.95280091454946));
#5229=CARTESIAN_POINT('Ctrl Pts',(-64.9506724181771,-3.3150143022064,5.95280091454946));
#5230=CARTESIAN_POINT('Ctrl Pts',(-64.9326686651802,-3.14519911219031,5.95280091454946));
#5231=CARTESIAN_POINT('Ctrl Pts',(-64.9157989888788,-2.98228941874907,5.95280091454946));
#5232=CARTESIAN_POINT('Ctrl Pts',(-64.901567076531,-2.82485884858803,5.95280091454946));
#5233=CARTESIAN_POINT('Ctrl Pts',(-64.8905996433437,-2.67027969910774,5.95280091454946));
#5234=CARTESIAN_POINT('Ctrl Pts',(-64.8831197497348,-2.51554629716559,5.95280091454946));
#5235=CARTESIAN_POINT('Ctrl Pts',(-64.8794464735021,-2.35804551443802,5.95280091454946));
#5236=CARTESIAN_POINT('Ctrl Pts',(-64.8804112075523,-2.1960590464091,5.95280091454946));
#5237=CARTESIAN_POINT('Ctrl Pts',(-64.8878449756843,-2.02936599110238,5.95280091454946));
#5238=CARTESIAN_POINT('Ctrl Pts',(-64.904930421118,-1.85971040635262,5.95280091454946));
#5239=CARTESIAN_POINT('Ctrl Pts',(-64.9368725645644,-1.69156172208108,5.95280091454946));
#5240=CARTESIAN_POINT('Ctrl Pts',(-64.9905332203575,-1.53194172889059,5.95280091454946));
#5241=CARTESIAN_POINT('Ctrl Pts',(-65.0725067411302,-1.38883283194087,5.95280091454946));
#5242=CARTESIAN_POINT('Ctrl Pts',(-65.1874632503042,-1.26985653177657,5.95280091454946));
#5243=CARTESIAN_POINT('Ctrl Pts',(-65.3365904221886,-1.18097807957285,5.95280091454946));
#5244=CARTESIAN_POINT('Ctrl Pts',(-65.515479270498,-1.12486792091149,5.95280091454946));
#5245=CARTESIAN_POINT('Ctrl Pts',(-65.7142634600701,-1.1007169631628,5.95280091454946));
#5246=CARTESIAN_POINT('Ctrl Pts',(-65.9200022153453,-1.10551085358234,5.95280091454946));
#5247=CARTESIAN_POINT('Ctrl Pts',(-66.1184586485978,-1.13490772816752,5.95280091454946));
#5248=CARTESIAN_POINT('Ctrl Pts',(-66.2960946218952,-1.1842630662636,5.95280091454946));
#5249=CARTESIAN_POINT('Ctrl Pts',(-66.442039256006,-1.24962031496746,5.95280091454946));
#5250=CARTESIAN_POINT('Ctrl Pts',(-66.5458333167912,-1.32566463013659,5.95280091454946));
#5251=CARTESIAN_POINT('Ctrl Pts',(-66.5980498188257,-1.39496112714213,5.95280091454946));
#5252=CARTESIAN_POINT('Ctrl Pts',(-66.6198580342692,-1.45085869846289,5.95280091454946));
#5253=CARTESIAN_POINT('Ctrl Pts',(-66.6269638756562,-1.48885971762405,5.95280091454946));
#5254=CARTESIAN_POINT('Ctrl Pts',(-66.628752943959,-1.50628945322797,5.95280091454946));
#5255=CARTESIAN_POINT('',(-66.628752943959,-1.50628945322798,4.95280091454946));
#5256=CARTESIAN_POINT('Ctrl Pts',(-61.7198193821484,-3.16961055689102,4.95280091454946));
#5257=CARTESIAN_POINT('Ctrl Pts',(-61.7198193821484,-3.16961055689102,5.95280091454946));
#5258=CARTESIAN_POINT('Ctrl Pts',(-61.7031788191722,-3.16917579813037,4.95280091454946));
#5259=CARTESIAN_POINT('Ctrl Pts',(-61.7031788191722,-3.16917579813037,5.95280091454946));
#5260=CARTESIAN_POINT('Ctrl Pts',(-61.6736219740779,-3.17081427420407,4.95280091454946));
#5261=CARTESIAN_POINT('Ctrl Pts',(-61.6736219740779,-3.17081427420407,5.95280091454946));
#5262=CARTESIAN_POINT('Ctrl Pts',(-61.6404585281535,-3.18079483926705,4.95280091454946));
#5263=CARTESIAN_POINT('Ctrl Pts',(-61.6404585281535,-3.18079483926705,5.95280091454946));
#5264=CARTESIAN_POINT('Ctrl Pts',(-61.6186335899498,-3.20918503613244,4.95280091454946));
#5265=CARTESIAN_POINT('Ctrl Pts',(-61.6186335899498,-3.20918503613244,5.95280091454946));
#5266=CARTESIAN_POINT('Ctrl Pts',(-61.6272434662077,-3.26847621944248,4.95280091454946));
#5267=CARTESIAN_POINT('Ctrl Pts',(-61.6272434662077,-3.26847621944248,5.95280091454946));
#5268=CARTESIAN_POINT('Ctrl Pts',(-61.6672006060634,-3.34746817925995,4.95280091454946));
#5269=CARTESIAN_POINT('Ctrl Pts',(-61.6672006060634,-3.34746817925995,5.95280091454946));
#5270=CARTESIAN_POINT('Ctrl Pts',(-61.7287325873429,-3.4373393370824,4.95280091454946));
#5271=CARTESIAN_POINT('Ctrl Pts',(-61.7287325873429,-3.4373393370824,5.95280091454946));
#5272=CARTESIAN_POINT('Ctrl Pts',(-61.7995741712265,-3.52794924946553,4.95280091454946));
#5273=CARTESIAN_POINT('Ctrl Pts',(-61.7995741712265,-3.52794924946553,5.95280091454946));
#5274=CARTESIAN_POINT('Ctrl Pts',(-61.8682701411133,-3.6118495961735,4.95280091454946));
#5275=CARTESIAN_POINT('Ctrl Pts',(-61.8682701411133,-3.6118495961735,5.95280091454946));
#5276=CARTESIAN_POINT('Ctrl Pts',(-61.9274484883995,-3.6883261312575,4.95280091454946));
#5277=CARTESIAN_POINT('Ctrl Pts',(-61.9274484883995,-3.6883261312575,5.95280091454946));
#5278=CARTESIAN_POINT('Ctrl Pts',(-61.9736788327122,-3.76208352283085,4.95280091454946));
#5279=CARTESIAN_POINT('Ctrl Pts',(-61.9736788327122,-3.76208352283085,5.95280091454946));
#5280=CARTESIAN_POINT('Ctrl Pts',(-62.0051209239028,-3.8312566280155,4.95280091454946));
#5281=CARTESIAN_POINT('Ctrl Pts',(-62.0051209239028,-3.8312566280155,5.95280091454946));
#5282=CARTESIAN_POINT('Ctrl Pts',(-62.0264318755809,-3.89247213507009,4.95280091454946));
#5283=CARTESIAN_POINT('Ctrl Pts',(-62.0264318755809,-3.89247213507009,5.95280091454946));
#5284=CARTESIAN_POINT('Ctrl Pts',(-62.0392178901345,-3.93613456679988,4.95280091454946));
#5285=CARTESIAN_POINT('Ctrl Pts',(-62.0392178901345,-3.93613456679988,5.95280091454946));
#5286=CARTESIAN_POINT('Ctrl Pts',(-62.0443642412633,-3.95501489692096,4.95280091454946));
#5287=CARTESIAN_POINT('Ctrl Pts',(-62.0443642412633,-3.95501489692096,5.95280091454946));
#5288=CARTESIAN_POINT('',(-61.7198193821484,-3.16961055689102,4.95280091454946));
#5289=CARTESIAN_POINT('Ctrl Pts',(-61.7198193821484,-3.16961055689102,4.95280091454946));
#5290=CARTESIAN_POINT('Ctrl Pts',(-61.7031788191722,-3.16917579813037,4.95280091454946));
#5291=CARTESIAN_POINT('Ctrl Pts',(-61.6736219740779,-3.17081427420407,4.95280091454946));
#5292=CARTESIAN_POINT('Ctrl Pts',(-61.6404585281535,-3.18079483926705,4.95280091454946));
#5293=CARTESIAN_POINT('Ctrl Pts',(-61.6186335899498,-3.20918503613244,4.95280091454946));
#5294=CARTESIAN_POINT('Ctrl Pts',(-61.6272434662077,-3.26847621944248,4.95280091454946));
#5295=CARTESIAN_POINT('Ctrl Pts',(-61.6672006060634,-3.34746817925995,4.95280091454946));
#5296=CARTESIAN_POINT('Ctrl Pts',(-61.7287325873429,-3.4373393370824,4.95280091454946));
#5297=CARTESIAN_POINT('Ctrl Pts',(-61.7995741712265,-3.52794924946553,4.95280091454946));
#5298=CARTESIAN_POINT('Ctrl Pts',(-61.8682701411133,-3.6118495961735,4.95280091454946));
#5299=CARTESIAN_POINT('Ctrl Pts',(-61.9274484883995,-3.6883261312575,4.95280091454946));
#5300=CARTESIAN_POINT('Ctrl Pts',(-61.9736788327122,-3.76208352283085,4.95280091454946));
#5301=CARTESIAN_POINT('Ctrl Pts',(-62.0051209239028,-3.8312566280155,4.95280091454946));
#5302=CARTESIAN_POINT('Ctrl Pts',(-62.0264318755809,-3.89247213507009,4.95280091454946));
#5303=CARTESIAN_POINT('Ctrl Pts',(-62.0392178901345,-3.93613456679988,4.95280091454946));
#5304=CARTESIAN_POINT('Ctrl Pts',(-62.0443642412633,-3.95501489692096,4.95280091454946));
#5305=CARTESIAN_POINT('',(-61.7198193821484,-3.16961055689102,5.95280091454946));
#5306=CARTESIAN_POINT('',(-61.7198193821484,-3.16961055689102,4.95280091454946));
#5307=CARTESIAN_POINT('Ctrl Pts',(-61.7198193821484,-3.16961055689102,5.95280091454946));
#5308=CARTESIAN_POINT('Ctrl Pts',(-61.7031788191722,-3.16917579813037,5.95280091454946));
#5309=CARTESIAN_POINT('Ctrl Pts',(-61.6736219740779,-3.17081427420407,5.95280091454946));
#5310=CARTESIAN_POINT('Ctrl Pts',(-61.6404585281535,-3.18079483926705,5.95280091454946));
#5311=CARTESIAN_POINT('Ctrl Pts',(-61.6186335899498,-3.20918503613244,5.95280091454946));
#5312=CARTESIAN_POINT('Ctrl Pts',(-61.6272434662077,-3.26847621944248,5.95280091454946));
#5313=CARTESIAN_POINT('Ctrl Pts',(-61.6672006060634,-3.34746817925995,5.95280091454946));
#5314=CARTESIAN_POINT('Ctrl Pts',(-61.7287325873429,-3.4373393370824,5.95280091454946));
#5315=CARTESIAN_POINT('Ctrl Pts',(-61.7995741712265,-3.52794924946553,5.95280091454946));
#5316=CARTESIAN_POINT('Ctrl Pts',(-61.8682701411133,-3.6118495961735,5.95280091454946));
#5317=CARTESIAN_POINT('Ctrl Pts',(-61.9274484883995,-3.6883261312575,5.95280091454946));
#5318=CARTESIAN_POINT('Ctrl Pts',(-61.9736788327122,-3.76208352283085,5.95280091454946));
#5319=CARTESIAN_POINT('Ctrl Pts',(-62.0051209239028,-3.8312566280155,5.95280091454946));
#5320=CARTESIAN_POINT('Ctrl Pts',(-62.0264318755809,-3.89247213507009,5.95280091454946));
#5321=CARTESIAN_POINT('Ctrl Pts',(-62.0392178901345,-3.93613456679988,5.95280091454946));
#5322=CARTESIAN_POINT('Ctrl Pts',(-62.0443642412633,-3.95501489692096,5.95280091454946));
#5323=CARTESIAN_POINT('Ctrl Pts',(-57.5620013953619,-4.8348590873132,4.95280091454946));
#5324=CARTESIAN_POINT('Ctrl Pts',(-57.5620013953619,-4.8348590873132,5.95280091454946));
#5325=CARTESIAN_POINT('Ctrl Pts',(-57.5565541371184,-4.8119434174246,4.95280091454946));
#5326=CARTESIAN_POINT('Ctrl Pts',(-57.5565541371184,-4.8119434174246,5.95280091454946));
#5327=CARTESIAN_POINT('Ctrl Pts',(-57.547059423167,-4.76354483462363,4.95280091454946));
#5328=CARTESIAN_POINT('Ctrl Pts',(-57.547059423167,-4.76354483462363,5.95280091454946));
#5329=CARTESIAN_POINT('Ctrl Pts',(-57.5370167021573,-4.683245418648,4.95280091454946));
#5330=CARTESIAN_POINT('Ctrl Pts',(-57.5370167021573,-4.683245418648,5.95280091454946));
#5331=CARTESIAN_POINT('Ctrl Pts',(-57.5320408200334,-4.56074691458856,4.95280091454946));
#5332=CARTESIAN_POINT('Ctrl Pts',(-57.5320408200334,-4.56074691458856,5.95280091454946));
#5333=CARTESIAN_POINT('Ctrl Pts',(-57.5396388136986,-4.3827744746149,4.95280091454946));
#5334=CARTESIAN_POINT('Ctrl Pts',(-57.5396388136986,-4.3827744746149,5.95280091454946));
#5335=CARTESIAN_POINT('Ctrl Pts',(-57.5602895560771,-4.1828261625172,4.95280091454946));
#5336=CARTESIAN_POINT('Ctrl Pts',(-57.5602895560771,-4.1828261625172,5.95280091454946));
#5337=CARTESIAN_POINT('Ctrl Pts',(-57.5923237756002,-3.96693543581111,4.95280091454946));
#5338=CARTESIAN_POINT('Ctrl Pts',(-57.5923237756002,-3.96693543581111,5.95280091454946));
#5339=CARTESIAN_POINT('Ctrl Pts',(-57.6328829955794,-3.74525501677819,4.95280091454946));
#5340=CARTESIAN_POINT('Ctrl Pts',(-57.6328829955794,-3.74525501677819,5.95280091454946));
#5341=CARTESIAN_POINT('Ctrl Pts',(-57.6789224928839,-3.52895539983059,4.95280091454946));
#5342=CARTESIAN_POINT('Ctrl Pts',(-57.6789224928839,-3.52895539983059,5.95280091454946));
#5343=CARTESIAN_POINT('Ctrl Pts',(-57.7282273565668,-3.32704292953487,4.95280091454946));
#5344=CARTESIAN_POINT('Ctrl Pts',(-57.7282273565668,-3.32704292953487,5.95280091454946));
#5345=CARTESIAN_POINT('Ctrl Pts',(-57.7802999176519,-3.14367273315564,4.95280091454946));
#5346=CARTESIAN_POINT('Ctrl Pts',(-57.7802999176519,-3.14367273315564,5.95280091454946));
#5347=CARTESIAN_POINT('Ctrl Pts',(-57.8376185301655,-2.97406667481662,4.95280091454946));
#5348=CARTESIAN_POINT('Ctrl Pts',(-57.8376185301655,-2.97406667481662,5.95280091454946));
#5349=CARTESIAN_POINT('Ctrl Pts',(-57.9054859394658,-2.80576138458698,4.95280091454946));
#5350=CARTESIAN_POINT('Ctrl Pts',(-57.9054859394658,-2.80576138458698,5.95280091454946));
#5351=CARTESIAN_POINT('Ctrl Pts',(-57.9906407782943,-2.62464104423464,4.95280091454946));
#5352=CARTESIAN_POINT('Ctrl Pts',(-57.9906407782943,-2.62464104423464,5.95280091454946));
#5353=CARTESIAN_POINT('Ctrl Pts',(-58.1002528521454,-2.41934301209128,4.95280091454946));
#5354=CARTESIAN_POINT('Ctrl Pts',(-58.1002528521454,-2.41934301209128,5.95280091454946));
#5355=CARTESIAN_POINT('Ctrl Pts',(-58.2407067479161,-2.186923699407,4.95280091454946));
#5356=CARTESIAN_POINT('Ctrl Pts',(-58.2407067479161,-2.186923699407,5.95280091454946));
#5357=CARTESIAN_POINT('Ctrl Pts',(-58.4166383318812,-1.93627512958026,4.95280091454946));
#5358=CARTESIAN_POINT('Ctrl Pts',(-58.4166383318812,-1.93627512958026,5.95280091454946));
#5359=CARTESIAN_POINT('Ctrl Pts',(-58.6306803122811,-1.68360482374592,4.95280091454946));
#5360=CARTESIAN_POINT('Ctrl Pts',(-58.6306803122811,-1.68360482374592,5.95280091454946));
#5361=CARTESIAN_POINT('Ctrl Pts',(-58.8831094186559,-1.44921377824869,4.95280091454946));
#5362=CARTESIAN_POINT('Ctrl Pts',(-58.8831094186559,-1.44921377824869,5.95280091454946));
#5363=CARTESIAN_POINT('Ctrl Pts',(-59.1714643917595,-1.25366750118197,4.95280091454946));
#5364=CARTESIAN_POINT('Ctrl Pts',(-59.1714643917595,-1.25366750118197,5.95280091454946));
#5365=CARTESIAN_POINT('Ctrl Pts',(-59.4902447821901,-1.11455486035568,4.95280091454946));
#5366=CARTESIAN_POINT('Ctrl Pts',(-59.4902447821901,-1.11455486035568,5.95280091454946));
#5367=CARTESIAN_POINT('Ctrl Pts',(-59.830303476161,-1.04217531132887,4.95280091454946));
#5368=CARTESIAN_POINT('Ctrl Pts',(-59.830303476161,-1.04217531132887,5.95280091454946));
#5369=CARTESIAN_POINT('Ctrl Pts',(-60.1793388265693,-1.03893671155048,4.95280091454946));
#5370=CARTESIAN_POINT('Ctrl Pts',(-60.1793388265693,-1.03893671155048,5.95280091454946));
#5371=CARTESIAN_POINT('Ctrl Pts',(-60.5233517424679,-1.10190035118098,4.95280091454946));
#5372=CARTESIAN_POINT('Ctrl Pts',(-60.5233517424679,-1.10190035118098,5.95280091454946));
#5373=CARTESIAN_POINT('Ctrl Pts',(-60.8477920349044,-1.2243629073076,4.95280091454946));
#5374=CARTESIAN_POINT('Ctrl Pts',(-60.8477920349044,-1.2243629073076,5.95280091454946));
#5375=CARTESIAN_POINT('Ctrl Pts',(-61.138874357476,-1.39783893592789,4.95280091454946));
#5376=CARTESIAN_POINT('Ctrl Pts',(-61.138874357476,-1.39783893592789,5.95280091454946));
#5377=CARTESIAN_POINT('Ctrl Pts',(-61.384714803519,-1.61371843678129,4.95280091454946));
#5378=CARTESIAN_POINT('Ctrl Pts',(-61.384714803519,-1.61371843678129,5.95280091454946));
#5379=CARTESIAN_POINT('Ctrl Pts',(-61.5768503192107,-1.8653564008459,4.95280091454946));
#5380=CARTESIAN_POINT('Ctrl Pts',(-61.5768503192107,-1.8653564008459,5.95280091454946));
#5381=CARTESIAN_POINT('Ctrl Pts',(-61.7100736108241,-2.14830794946938,4.95280091454946));
#5382=CARTESIAN_POINT('Ctrl Pts',(-61.7100736108241,-2.14830794946938,5.95280091454946));
#5383=CARTESIAN_POINT('Ctrl Pts',(-61.7815284885827,-2.45975511821398,4.95280091454946));
#5384=CARTESIAN_POINT('Ctrl Pts',(-61.7815284885827,-2.45975511821398,5.95280091454946));
#5385=CARTESIAN_POINT('Ctrl Pts',(-61.7883623378312,-2.73050791100059,4.95280091454946));
#5386=CARTESIAN_POINT('Ctrl Pts',(-61.7883623378312,-2.73050791100059,5.95280091454946));
#5387=CARTESIAN_POINT('Ctrl Pts',(-61.7651074316123,-2.94544878004919,4.95280091454946));
#5388=CARTESIAN_POINT('Ctrl Pts',(-61.7651074316123,-2.94544878004919,5.95280091454946));
#5389=CARTESIAN_POINT('Ctrl Pts',(-61.7370138033161,-3.09401179258639,4.95280091454946));
#5390=CARTESIAN_POINT('Ctrl Pts',(-61.7370138033161,-3.09401179258639,5.95280091454946));
#5391=CARTESIAN_POINT('Ctrl Pts',(-61.7198193821484,-3.16961055689102,4.95280091454946));
#5392=CARTESIAN_POINT('Ctrl Pts',(-61.7198193821484,-3.16961055689102,5.95280091454946));
#5393=CARTESIAN_POINT('',(-57.5620013953619,-4.8348590873132,4.95280091454946));
#5394=CARTESIAN_POINT('Ctrl Pts',(-57.5620013953619,-4.8348590873132,4.95280091454946));
#5395=CARTESIAN_POINT('Ctrl Pts',(-57.5565541371184,-4.8119434174246,4.95280091454946));
#5396=CARTESIAN_POINT('Ctrl Pts',(-57.547059423167,-4.76354483462363,4.95280091454946));
#5397=CARTESIAN_POINT('Ctrl Pts',(-57.5370167021573,-4.683245418648,4.95280091454946));
#5398=CARTESIAN_POINT('Ctrl Pts',(-57.5320408200334,-4.56074691458856,4.95280091454946));
#5399=CARTESIAN_POINT('Ctrl Pts',(-57.5396388136986,-4.3827744746149,4.95280091454946));
#5400=CARTESIAN_POINT('Ctrl Pts',(-57.5602895560771,-4.1828261625172,4.95280091454946));
#5401=CARTESIAN_POINT('Ctrl Pts',(-57.5923237756002,-3.96693543581111,4.95280091454946));
#5402=CARTESIAN_POINT('Ctrl Pts',(-57.6328829955794,-3.74525501677819,4.95280091454946));
#5403=CARTESIAN_POINT('Ctrl Pts',(-57.6789224928839,-3.52895539983059,4.95280091454946));
#5404=CARTESIAN_POINT('Ctrl Pts',(-57.7282273565668,-3.32704292953487,4.95280091454946));
#5405=CARTESIAN_POINT('Ctrl Pts',(-57.7802999176519,-3.14367273315564,4.95280091454946));
#5406=CARTESIAN_POINT('Ctrl Pts',(-57.8376185301655,-2.97406667481662,4.95280091454946));
#5407=CARTESIAN_POINT('Ctrl Pts',(-57.9054859394658,-2.80576138458698,4.95280091454946));
#5408=CARTESIAN_POINT('Ctrl Pts',(-57.9906407782943,-2.62464104423464,4.95280091454946));
#5409=CARTESIAN_POINT('Ctrl Pts',(-58.1002528521454,-2.41934301209128,4.95280091454946));
#5410=CARTESIAN_POINT('Ctrl Pts',(-58.2407067479161,-2.186923699407,4.95280091454946));
#5411=CARTESIAN_POINT('Ctrl Pts',(-58.4166383318812,-1.93627512958026,4.95280091454946));
#5412=CARTESIAN_POINT('Ctrl Pts',(-58.6306803122811,-1.68360482374592,4.95280091454946));
#5413=CARTESIAN_POINT('Ctrl Pts',(-58.8831094186559,-1.44921377824869,4.95280091454946));
#5414=CARTESIAN_POINT('Ctrl Pts',(-59.1714643917595,-1.25366750118197,4.95280091454946));
#5415=CARTESIAN_POINT('Ctrl Pts',(-59.4902447821901,-1.11455486035568,4.95280091454946));
#5416=CARTESIAN_POINT('Ctrl Pts',(-59.830303476161,-1.04217531132887,4.95280091454946));
#5417=CARTESIAN_POINT('Ctrl Pts',(-60.1793388265693,-1.03893671155048,4.95280091454946));
#5418=CARTESIAN_POINT('Ctrl Pts',(-60.5233517424679,-1.10190035118098,4.95280091454946));
#5419=CARTESIAN_POINT('Ctrl Pts',(-60.8477920349044,-1.2243629073076,4.95280091454946));
#5420=CARTESIAN_POINT('Ctrl Pts',(-61.138874357476,-1.39783893592789,4.95280091454946));
#5421=CARTESIAN_POINT('Ctrl Pts',(-61.384714803519,-1.61371843678129,4.95280091454946));
#5422=CARTESIAN_POINT('Ctrl Pts',(-61.5768503192107,-1.8653564008459,4.95280091454946));
#5423=CARTESIAN_POINT('Ctrl Pts',(-61.7100736108241,-2.14830794946938,4.95280091454946));
#5424=CARTESIAN_POINT('Ctrl Pts',(-61.7815284885827,-2.45975511821398,4.95280091454946));
#5425=CARTESIAN_POINT('Ctrl Pts',(-61.7883623378312,-2.73050791100059,4.95280091454946));
#5426=CARTESIAN_POINT('Ctrl Pts',(-61.7651074316123,-2.94544878004919,4.95280091454946));
#5427=CARTESIAN_POINT('Ctrl Pts',(-61.7370138033161,-3.09401179258639,4.95280091454946));
#5428=CARTESIAN_POINT('Ctrl Pts',(-61.7198193821484,-3.16961055689102,4.95280091454946));
#5429=CARTESIAN_POINT('',(-57.5620013953619,-4.8348590873132,5.95280091454946));
#5430=CARTESIAN_POINT('',(-57.5620013953619,-4.8348590873132,4.95280091454946));
#5431=CARTESIAN_POINT('Ctrl Pts',(-57.5620013953619,-4.8348590873132,5.95280091454946));
#5432=CARTESIAN_POINT('Ctrl Pts',(-57.5565541371184,-4.8119434174246,5.95280091454946));
#5433=CARTESIAN_POINT('Ctrl Pts',(-57.547059423167,-4.76354483462363,5.95280091454946));
#5434=CARTESIAN_POINT('Ctrl Pts',(-57.5370167021573,-4.683245418648,5.95280091454946));
#5435=CARTESIAN_POINT('Ctrl Pts',(-57.5320408200334,-4.56074691458856,5.95280091454946));
#5436=CARTESIAN_POINT('Ctrl Pts',(-57.5396388136986,-4.3827744746149,5.95280091454946));
#5437=CARTESIAN_POINT('Ctrl Pts',(-57.5602895560771,-4.1828261625172,5.95280091454946));
#5438=CARTESIAN_POINT('Ctrl Pts',(-57.5923237756002,-3.96693543581111,5.95280091454946));
#5439=CARTESIAN_POINT('Ctrl Pts',(-57.6328829955794,-3.74525501677819,5.95280091454946));
#5440=CARTESIAN_POINT('Ctrl Pts',(-57.6789224928839,-3.52895539983059,5.95280091454946));
#5441=CARTESIAN_POINT('Ctrl Pts',(-57.7282273565668,-3.32704292953487,5.95280091454946));
#5442=CARTESIAN_POINT('Ctrl Pts',(-57.7802999176519,-3.14367273315564,5.95280091454946));
#5443=CARTESIAN_POINT('Ctrl Pts',(-57.8376185301655,-2.97406667481662,5.95280091454946));
#5444=CARTESIAN_POINT('Ctrl Pts',(-57.9054859394658,-2.80576138458698,5.95280091454946));
#5445=CARTESIAN_POINT('Ctrl Pts',(-57.9906407782943,-2.62464104423464,5.95280091454946));
#5446=CARTESIAN_POINT('Ctrl Pts',(-58.1002528521454,-2.41934301209128,5.95280091454946));
#5447=CARTESIAN_POINT('Ctrl Pts',(-58.2407067479161,-2.186923699407,5.95280091454946));
#5448=CARTESIAN_POINT('Ctrl Pts',(-58.4166383318812,-1.93627512958026,5.95280091454946));
#5449=CARTESIAN_POINT('Ctrl Pts',(-58.6306803122811,-1.68360482374592,5.95280091454946));
#5450=CARTESIAN_POINT('Ctrl Pts',(-58.8831094186559,-1.44921377824869,5.95280091454946));
#5451=CARTESIAN_POINT('Ctrl Pts',(-59.1714643917595,-1.25366750118197,5.95280091454946));
#5452=CARTESIAN_POINT('Ctrl Pts',(-59.4902447821901,-1.11455486035568,5.95280091454946));
#5453=CARTESIAN_POINT('Ctrl Pts',(-59.830303476161,-1.04217531132887,5.95280091454946));
#5454=CARTESIAN_POINT('Ctrl Pts',(-60.1793388265693,-1.03893671155048,5.95280091454946));
#5455=CARTESIAN_POINT('Ctrl Pts',(-60.5233517424679,-1.10190035118098,5.95280091454946));
#5456=CARTESIAN_POINT('Ctrl Pts',(-60.8477920349044,-1.2243629073076,5.95280091454946));
#5457=CARTESIAN_POINT('Ctrl Pts',(-61.138874357476,-1.39783893592789,5.95280091454946));
#5458=CARTESIAN_POINT('Ctrl Pts',(-61.384714803519,-1.61371843678129,5.95280091454946));
#5459=CARTESIAN_POINT('Ctrl Pts',(-61.5768503192107,-1.8653564008459,5.95280091454946));
#5460=CARTESIAN_POINT('Ctrl Pts',(-61.7100736108241,-2.14830794946938,5.95280091454946));
#5461=CARTESIAN_POINT('Ctrl Pts',(-61.7815284885827,-2.45975511821398,5.95280091454946));
#5462=CARTESIAN_POINT('Ctrl Pts',(-61.7883623378312,-2.73050791100059,5.95280091454946));
#5463=CARTESIAN_POINT('Ctrl Pts',(-61.7651074316123,-2.94544878004919,5.95280091454946));
#5464=CARTESIAN_POINT('Ctrl Pts',(-61.7370138033161,-3.09401179258639,5.95280091454946));
#5465=CARTESIAN_POINT('Ctrl Pts',(-61.7198193821484,-3.16961055689102,5.95280091454946));
#5466=CARTESIAN_POINT('Ctrl Pts',(-55.3027788668273,-2.74534341538218,4.95280091454946));
#5467=CARTESIAN_POINT('Ctrl Pts',(-55.3027788668273,-2.74534341538218,5.95280091454946));
#5468=CARTESIAN_POINT('Ctrl Pts',(-55.2935858150592,-2.78044772462971,4.95280091454946));
#5469=CARTESIAN_POINT('Ctrl Pts',(-55.2935858150592,-2.78044772462971,5.95280091454946));
#5470=CARTESIAN_POINT('Ctrl Pts',(-55.2759465452768,-2.85086333612521,4.95280091454946));
#5471=CARTESIAN_POINT('Ctrl Pts',(-55.2759465452768,-2.85086333612521,5.95280091454946));
#5472=CARTESIAN_POINT('Ctrl Pts',(-55.2517281369598,-2.9571077432762,4.95280091454946));
#5473=CARTESIAN_POINT('Ctrl Pts',(-55.2517281369598,-2.9571077432762,5.95280091454946));
#5474=CARTESIAN_POINT('Ctrl Pts',(-55.2239260741183,-3.10001108757158,4.95280091454946));
#5475=CARTESIAN_POINT('Ctrl Pts',(-55.2239260741183,-3.10001108757158,5.95280091454946));
#5476=CARTESIAN_POINT('Ctrl Pts',(-55.1967311785746,-3.28068567843932,4.95280091454946));
#5477=CARTESIAN_POINT('Ctrl Pts',(-55.1967311785746,-3.28068567843932,5.95280091454946));
#5478=CARTESIAN_POINT('Ctrl Pts',(-55.1772398843206,-3.46329643235822,4.95280091454946));
#5479=CARTESIAN_POINT('Ctrl Pts',(-55.1772398843206,-3.46329643235822,5.95280091454946));
#5480=CARTESIAN_POINT('Ctrl Pts',(-55.1656803433658,-3.64760987897152,4.95280091454946));
#5481=CARTESIAN_POINT('Ctrl Pts',(-55.1656803433658,-3.64760987897152,5.95280091454946));
#5482=CARTESIAN_POINT('Ctrl Pts',(-55.1623784761349,-3.83321267813085,4.95280091454946));
#5483=CARTESIAN_POINT('Ctrl Pts',(-55.1623784761349,-3.83321267813085,5.95280091454946));
#5484=CARTESIAN_POINT('Ctrl Pts',(-55.1677626988221,-4.01948259484923,4.95280091454946));
#5485=CARTESIAN_POINT('Ctrl Pts',(-55.1677626988221,-4.01948259484923,5.95280091454946));
#5486=CARTESIAN_POINT('Ctrl Pts',(-55.182403171339,-4.20546142920998,4.95280091454946));
#5487=CARTESIAN_POINT('Ctrl Pts',(-55.182403171339,-4.20546142920998,5.95280091454946));
#5488=CARTESIAN_POINT('Ctrl Pts',(-55.2071011112659,-4.38958998060942,4.95280091454946));
#5489=CARTESIAN_POINT('Ctrl Pts',(-55.2071011112659,-4.38958998060942,5.95280091454946));
#5490=CARTESIAN_POINT('Ctrl Pts',(-55.2429602276299,-4.56948378117188,4.95280091454946));
#5491=CARTESIAN_POINT('Ctrl Pts',(-55.2429602276299,-4.56948378117188,5.95280091454946));
#5492=CARTESIAN_POINT('Ctrl Pts',(-55.2914763749421,-4.7416650694319,4.95280091454946));
#5493=CARTESIAN_POINT('Ctrl Pts',(-55.2914763749421,-4.7416650694319,5.95280091454946));
#5494=CARTESIAN_POINT('Ctrl Pts',(-55.3545943219861,-4.90135710875267,4.95280091454946));
#5495=CARTESIAN_POINT('Ctrl Pts',(-55.3545943219861,-4.90135710875267,5.95280091454946));
#5496=CARTESIAN_POINT('Ctrl Pts',(-55.4348467564561,-5.04210960154286,4.95280091454946));
#5497=CARTESIAN_POINT('Ctrl Pts',(-55.4348467564561,-5.04210960154286,5.95280091454946));
#5498=CARTESIAN_POINT('Ctrl Pts',(-55.534729915563,-5.15694217647843,4.95280091454946));
#5499=CARTESIAN_POINT('Ctrl Pts',(-55.534729915563,-5.15694217647843,5.95280091454946));
#5500=CARTESIAN_POINT('Ctrl Pts',(-55.6559802304313,-5.23968498061385,4.95280091454946));
#5501=CARTESIAN_POINT('Ctrl Pts',(-55.6559802304313,-5.23968498061385,5.95280091454946));
#5502=CARTESIAN_POINT('Ctrl Pts',(-55.7988528142798,-5.28629798525528,4.95280091454946));
#5503=CARTESIAN_POINT('Ctrl Pts',(-55.7988528142798,-5.28629798525528,5.95280091454946));
#5504=CARTESIAN_POINT('Ctrl Pts',(-55.961441544794,-5.29612872014064,4.95280091454946));
#5505=CARTESIAN_POINT('Ctrl Pts',(-55.961441544794,-5.29612872014064,5.95280091454946));
#5506=CARTESIAN_POINT('Ctrl Pts',(-56.1388114539979,-5.27346703917111,4.95280091454946));
#5507=CARTESIAN_POINT('Ctrl Pts',(-56.1388114539979,-5.27346703917111,5.95280091454946));
#5508=CARTESIAN_POINT('Ctrl Pts',(-56.3239583429907,-5.22617447129051,4.95280091454946));
#5509=CARTESIAN_POINT('Ctrl Pts',(-56.3239583429907,-5.22617447129051,5.95280091454946));
#5510=CARTESIAN_POINT('Ctrl Pts',(-56.5089716150357,-5.16398429604498,4.95280091454946));
#5511=CARTESIAN_POINT('Ctrl Pts',(-56.5089716150357,-5.16398429604498,5.95280091454946));
#5512=CARTESIAN_POINT('Ctrl Pts',(-56.6861557497505,-5.09688530971863,4.95280091454946));
#5513=CARTESIAN_POINT('Ctrl Pts',(-56.6861557497505,-5.09688530971863,5.95280091454946));
#5514=CARTESIAN_POINT('Ctrl Pts',(-56.8490739327432,-5.03360558153051,4.95280091454946));
#5515=CARTESIAN_POINT('Ctrl Pts',(-56.8490739327432,-5.03360558153051,5.95280091454946));
#5516=CARTESIAN_POINT('Ctrl Pts',(-56.9938608460314,-4.97974454132897,4.95280091454946));
#5517=CARTESIAN_POINT('Ctrl Pts',(-56.9938608460314,-4.97974454132897,5.95280091454946));
#5518=CARTESIAN_POINT('Ctrl Pts',(-57.1196643671356,-4.93707408530877,4.95280091454946));
#5519=CARTESIAN_POINT('Ctrl Pts',(-57.1196643671356,-4.93707408530877,5.95280091454946));
#5520=CARTESIAN_POINT('Ctrl Pts',(-57.2275106398077,-4.90495829909057,4.95280091454946));
#5521=CARTESIAN_POINT('Ctrl Pts',(-57.2275106398077,-4.90495829909057,5.95280091454946));
#5522=CARTESIAN_POINT('Ctrl Pts',(-57.3195106675023,-4.88131433890734,4.95280091454946));
#5523=CARTESIAN_POINT('Ctrl Pts',(-57.3195106675023,-4.88131433890734,5.95280091454946));
#5524=CARTESIAN_POINT('Ctrl Pts',(-57.398000858796,-4.86367258443953,4.95280091454946));
#5525=CARTESIAN_POINT('Ctrl Pts',(-57.398000858796,-4.86367258443953,5.95280091454946));
#5526=CARTESIAN_POINT('Ctrl Pts',(-57.4645742836767,-4.85036323376423,4.95280091454946));
#5527=CARTESIAN_POINT('Ctrl Pts',(-57.4645742836767,-4.85036323376423,5.95280091454946));
#5528=CARTESIAN_POINT('Ctrl Pts',(-57.5089405586962,-4.842542519828,4.95280091454946));
#5529=CARTESIAN_POINT('Ctrl Pts',(-57.5089405586962,-4.842542519828,5.95280091454946));
#5530=CARTESIAN_POINT('Ctrl Pts',(-57.5373573771086,-4.83813431014511,4.95280091454946));
#5531=CARTESIAN_POINT('Ctrl Pts',(-57.5373573771086,-4.83813431014511,5.95280091454946));
#5532=CARTESIAN_POINT('Ctrl Pts',(-57.5541460121617,-4.83584295510918,4.95280091454946));
#5533=CARTESIAN_POINT('Ctrl Pts',(-57.5541460121617,-4.83584295510918,5.95280091454946));
#5534=CARTESIAN_POINT('Ctrl Pts',(-57.5620013953619,-4.8348590873132,4.95280091454946));
#5535=CARTESIAN_POINT('Ctrl Pts',(-57.5620013953619,-4.8348590873132,5.95280091454946));
#5536=CARTESIAN_POINT('',(-55.3027788668273,-2.74534341538218,4.95280091454946));
#5537=CARTESIAN_POINT('Ctrl Pts',(-55.3027788668273,-2.74534341538218,4.95280091454946));
#5538=CARTESIAN_POINT('Ctrl Pts',(-55.2935858150592,-2.78044772462971,4.95280091454946));
#5539=CARTESIAN_POINT('Ctrl Pts',(-55.2759465452768,-2.85086333612521,4.95280091454946));
#5540=CARTESIAN_POINT('Ctrl Pts',(-55.2517281369598,-2.9571077432762,4.95280091454946));
#5541=CARTESIAN_POINT('Ctrl Pts',(-55.2239260741183,-3.10001108757158,4.95280091454946));
#5542=CARTESIAN_POINT('Ctrl Pts',(-55.1967311785746,-3.28068567843932,4.95280091454946));
#5543=CARTESIAN_POINT('Ctrl Pts',(-55.1772398843206,-3.46329643235822,4.95280091454946));
#5544=CARTESIAN_POINT('Ctrl Pts',(-55.1656803433658,-3.64760987897152,4.95280091454946));
#5545=CARTESIAN_POINT('Ctrl Pts',(-55.1623784761349,-3.83321267813085,4.95280091454946));
#5546=CARTESIAN_POINT('Ctrl Pts',(-55.1677626988221,-4.01948259484923,4.95280091454946));
#5547=CARTESIAN_POINT('Ctrl Pts',(-55.182403171339,-4.20546142920998,4.95280091454946));
#5548=CARTESIAN_POINT('Ctrl Pts',(-55.2071011112659,-4.38958998060942,4.95280091454946));
#5549=CARTESIAN_POINT('Ctrl Pts',(-55.2429602276299,-4.56948378117188,4.95280091454946));
#5550=CARTESIAN_POINT('Ctrl Pts',(-55.2914763749421,-4.7416650694319,4.95280091454946));
#5551=CARTESIAN_POINT('Ctrl Pts',(-55.3545943219861,-4.90135710875267,4.95280091454946));
#5552=CARTESIAN_POINT('Ctrl Pts',(-55.4348467564561,-5.04210960154286,4.95280091454946));
#5553=CARTESIAN_POINT('Ctrl Pts',(-55.534729915563,-5.15694217647843,4.95280091454946));
#5554=CARTESIAN_POINT('Ctrl Pts',(-55.6559802304313,-5.23968498061385,4.95280091454946));
#5555=CARTESIAN_POINT('Ctrl Pts',(-55.7988528142798,-5.28629798525528,4.95280091454946));
#5556=CARTESIAN_POINT('Ctrl Pts',(-55.961441544794,-5.29612872014064,4.95280091454946));
#5557=CARTESIAN_POINT('Ctrl Pts',(-56.1388114539979,-5.27346703917111,4.95280091454946));
#5558=CARTESIAN_POINT('Ctrl Pts',(-56.3239583429907,-5.22617447129051,4.95280091454946));
#5559=CARTESIAN_POINT('Ctrl Pts',(-56.5089716150357,-5.16398429604498,4.95280091454946));
#5560=CARTESIAN_POINT('Ctrl Pts',(-56.6861557497505,-5.09688530971863,4.95280091454946));
#5561=CARTESIAN_POINT('Ctrl Pts',(-56.8490739327432,-5.03360558153051,4.95280091454946));
#5562=CARTESIAN_POINT('Ctrl Pts',(-56.9938608460314,-4.97974454132897,4.95280091454946));
#5563=CARTESIAN_POINT('Ctrl Pts',(-57.1196643671356,-4.93707408530877,4.95280091454946));
#5564=CARTESIAN_POINT('Ctrl Pts',(-57.2275106398077,-4.90495829909057,4.95280091454946));
#5565=CARTESIAN_POINT('Ctrl Pts',(-57.3195106675023,-4.88131433890734,4.95280091454946));
#5566=CARTESIAN_POINT('Ctrl Pts',(-57.398000858796,-4.86367258443953,4.95280091454946));
#5567=CARTESIAN_POINT('Ctrl Pts',(-57.4645742836767,-4.85036323376423,4.95280091454946));
#5568=CARTESIAN_POINT('Ctrl Pts',(-57.5089405586962,-4.842542519828,4.95280091454946));
#5569=CARTESIAN_POINT('Ctrl Pts',(-57.5373573771086,-4.83813431014511,4.95280091454946));
#5570=CARTESIAN_POINT('Ctrl Pts',(-57.5541460121617,-4.83584295510918,4.95280091454946));
#5571=CARTESIAN_POINT('Ctrl Pts',(-57.5620013953619,-4.8348590873132,4.95280091454946));
#5572=CARTESIAN_POINT('',(-55.3027788668273,-2.74534341538218,5.95280091454946));
#5573=CARTESIAN_POINT('',(-55.3027788668273,-2.74534341538218,4.95280091454946));
#5574=CARTESIAN_POINT('Ctrl Pts',(-55.3027788668273,-2.74534341538218,5.95280091454946));
#5575=CARTESIAN_POINT('Ctrl Pts',(-55.2935858150592,-2.78044772462971,5.95280091454946));
#5576=CARTESIAN_POINT('Ctrl Pts',(-55.2759465452768,-2.85086333612521,5.95280091454946));
#5577=CARTESIAN_POINT('Ctrl Pts',(-55.2517281369598,-2.9571077432762,5.95280091454946));
#5578=CARTESIAN_POINT('Ctrl Pts',(-55.2239260741183,-3.10001108757158,5.95280091454946));
#5579=CARTESIAN_POINT('Ctrl Pts',(-55.1967311785746,-3.28068567843932,5.95280091454946));
#5580=CARTESIAN_POINT('Ctrl Pts',(-55.1772398843206,-3.46329643235822,5.95280091454946));
#5581=CARTESIAN_POINT('Ctrl Pts',(-55.1656803433658,-3.64760987897152,5.95280091454946));
#5582=CARTESIAN_POINT('Ctrl Pts',(-55.1623784761349,-3.83321267813085,5.95280091454946));
#5583=CARTESIAN_POINT('Ctrl Pts',(-55.1677626988221,-4.01948259484923,5.95280091454946));
#5584=CARTESIAN_POINT('Ctrl Pts',(-55.182403171339,-4.20546142920998,5.95280091454946));
#5585=CARTESIAN_POINT('Ctrl Pts',(-55.2071011112659,-4.38958998060942,5.95280091454946));
#5586=CARTESIAN_POINT('Ctrl Pts',(-55.2429602276299,-4.56948378117188,5.95280091454946));
#5587=CARTESIAN_POINT('Ctrl Pts',(-55.2914763749421,-4.7416650694319,5.95280091454946));
#5588=CARTESIAN_POINT('Ctrl Pts',(-55.3545943219861,-4.90135710875267,5.95280091454946));
#5589=CARTESIAN_POINT('Ctrl Pts',(-55.4348467564561,-5.04210960154286,5.95280091454946));
#5590=CARTESIAN_POINT('Ctrl Pts',(-55.534729915563,-5.15694217647843,5.95280091454946));
#5591=CARTESIAN_POINT('Ctrl Pts',(-55.6559802304313,-5.23968498061385,5.95280091454946));
#5592=CARTESIAN_POINT('Ctrl Pts',(-55.7988528142798,-5.28629798525528,5.95280091454946));
#5593=CARTESIAN_POINT('Ctrl Pts',(-55.961441544794,-5.29612872014064,5.95280091454946));
#5594=CARTESIAN_POINT('Ctrl Pts',(-56.1388114539979,-5.27346703917111,5.95280091454946));
#5595=CARTESIAN_POINT('Ctrl Pts',(-56.3239583429907,-5.22617447129051,5.95280091454946));
#5596=CARTESIAN_POINT('Ctrl Pts',(-56.5089716150357,-5.16398429604498,5.95280091454946));
#5597=CARTESIAN_POINT('Ctrl Pts',(-56.6861557497505,-5.09688530971863,5.95280091454946));
#5598=CARTESIAN_POINT('Ctrl Pts',(-56.8490739327432,-5.03360558153051,5.95280091454946));
#5599=CARTESIAN_POINT('Ctrl Pts',(-56.9938608460314,-4.97974454132897,5.95280091454946));
#5600=CARTESIAN_POINT('Ctrl Pts',(-57.1196643671356,-4.93707408530877,5.95280091454946));
#5601=CARTESIAN_POINT('Ctrl Pts',(-57.2275106398077,-4.90495829909057,5.95280091454946));
#5602=CARTESIAN_POINT('Ctrl Pts',(-57.3195106675023,-4.88131433890734,5.95280091454946));
#5603=CARTESIAN_POINT('Ctrl Pts',(-57.398000858796,-4.86367258443953,5.95280091454946));
#5604=CARTESIAN_POINT('Ctrl Pts',(-57.4645742836767,-4.85036323376423,5.95280091454946));
#5605=CARTESIAN_POINT('Ctrl Pts',(-57.5089405586962,-4.842542519828,5.95280091454946));
#5606=CARTESIAN_POINT('Ctrl Pts',(-57.5373573771086,-4.83813431014511,5.95280091454946));
#5607=CARTESIAN_POINT('Ctrl Pts',(-57.5541460121617,-4.83584295510918,5.95280091454946));
#5608=CARTESIAN_POINT('Ctrl Pts',(-57.5620013953619,-4.8348590873132,5.95280091454946));
#5609=CARTESIAN_POINT('Ctrl Pts',(-53.5632835866411,-1.52557538354429,4.95280091454946));
#5610=CARTESIAN_POINT('Ctrl Pts',(-53.5632835866411,-1.52557538354429,5.95280091454946));
#5611=CARTESIAN_POINT('Ctrl Pts',(-53.5555247348518,-1.50191224016661,4.95280091454946));
#5612=CARTESIAN_POINT('Ctrl Pts',(-53.5555247348518,-1.50191224016661,5.95280091454946));
#5613=CARTESIAN_POINT('Ctrl Pts',(-53.5439578407684,-1.45568796727805,4.95280091454946));
#5614=CARTESIAN_POINT('Ctrl Pts',(-53.5439578407684,-1.45568796727805,5.95280091454946));
#5615=CARTESIAN_POINT('Ctrl Pts',(-53.5384602405813,-1.38965766657609,4.95280091454946));
#5616=CARTESIAN_POINT('Ctrl Pts',(-53.5384602405813,-1.38965766657609,5.95280091454946));
#5617=CARTESIAN_POINT('Ctrl Pts',(-53.5548758129448,-1.30824087575146,4.95280091454946));
#5618=CARTESIAN_POINT('Ctrl Pts',(-53.5548758129448,-1.30824087575146,5.95280091454946));
#5619=CARTESIAN_POINT('Ctrl Pts',(-53.6145787690601,-1.21748034375381,4.95280091454946));
#5620=CARTESIAN_POINT('Ctrl Pts',(-53.6145787690601,-1.21748034375381,5.95280091454946));
#5621=CARTESIAN_POINT('Ctrl Pts',(-53.7117976053299,-1.13751072341363,4.95280091454946));
#5622=CARTESIAN_POINT('Ctrl Pts',(-53.7117976053299,-1.13751072341363,5.95280091454946));
#5623=CARTESIAN_POINT('Ctrl Pts',(-53.8429437774302,-1.06781783321932,4.95280091454946));
#5624=CARTESIAN_POINT('Ctrl Pts',(-53.8429437774302,-1.06781783321932,5.95280091454946));
#5625=CARTESIAN_POINT('Ctrl Pts',(-54.0015006043002,-1.00741125582889,4.95280091454946));
#5626=CARTESIAN_POINT('Ctrl Pts',(-54.0015006043002,-1.00741125582889,5.95280091454946));
#5627=CARTESIAN_POINT('Ctrl Pts',(-54.1782100906058,-0.954900719349348,
4.95280091454946));
#5628=CARTESIAN_POINT('Ctrl Pts',(-54.1782100906058,-0.954900719349348,
5.95280091454946));
#5629=CARTESIAN_POINT('Ctrl Pts',(-54.3626795648021,-0.90888112529689,4.95280091454946));
#5630=CARTESIAN_POINT('Ctrl Pts',(-54.3626795648021,-0.90888112529689,5.95280091454946));
#5631=CARTESIAN_POINT('Ctrl Pts',(-54.5445769973437,-0.868226492336205,
4.95280091454946));
#5632=CARTESIAN_POINT('Ctrl Pts',(-54.5445769973437,-0.868226492336205,
5.95280091454946));
#5633=CARTESIAN_POINT('Ctrl Pts',(-54.7150531488306,-0.832440139455946,
4.95280091454946));
#5634=CARTESIAN_POINT('Ctrl Pts',(-54.7150531488306,-0.832440139455946,
5.95280091454946));
#5635=CARTESIAN_POINT('Ctrl Pts',(-54.8679260725364,-0.801938988126526,
4.95280091454946));
#5636=CARTESIAN_POINT('Ctrl Pts',(-54.8679260725364,-0.801938988126526,
5.95280091454946));
#5637=CARTESIAN_POINT('Ctrl Pts',(-55.0013706113539,-0.778486434300285,
4.95280091454946));
#5638=CARTESIAN_POINT('Ctrl Pts',(-55.0013706113539,-0.778486434300285,
5.95280091454946));
#5639=CARTESIAN_POINT('Ctrl Pts',(-55.1169564219617,-0.764829216968396,
4.95280091454946));
#5640=CARTESIAN_POINT('Ctrl Pts',(-55.1169564219617,-0.764829216968396,
5.95280091454946));
#5641=CARTESIAN_POINT('Ctrl Pts',(-55.2178397341692,-0.764078104341806,
4.95280091454946));
#5642=CARTESIAN_POINT('Ctrl Pts',(-55.2178397341692,-0.764078104341806,
5.95280091454946));
#5643=CARTESIAN_POINT('Ctrl Pts',(-55.3072642607549,-0.779177851666222,
4.95280091454946));
#5644=CARTESIAN_POINT('Ctrl Pts',(-55.3072642607549,-0.779177851666222,
5.95280091454946));
#5645=CARTESIAN_POINT('Ctrl Pts',(-55.3869168224767,-0.812331453172685,
4.95280091454946));
#5646=CARTESIAN_POINT('Ctrl Pts',(-55.3869168224767,-0.812331453172685,
5.95280091454946));
#5647=CARTESIAN_POINT('Ctrl Pts',(-55.4554038113113,-0.864452095955361,
4.95280091454946));
#5648=CARTESIAN_POINT('Ctrl Pts',(-55.4554038113113,-0.864452095955361,
5.95280091454946));
#5649=CARTESIAN_POINT('Ctrl Pts',(-55.5096956340555,-0.935431302077266,
4.95280091454946));
#5650=CARTESIAN_POINT('Ctrl Pts',(-55.5096956340555,-0.935431302077266,
5.95280091454946));
#5651=CARTESIAN_POINT('Ctrl Pts',(-55.5465619357238,-1.02438618802098,4.95280091454946));
#5652=CARTESIAN_POINT('Ctrl Pts',(-55.5465619357238,-1.02438618802098,5.95280091454946));
#5653=CARTESIAN_POINT('Ctrl Pts',(-55.5639061447279,-1.12989988285722,4.95280091454946));
#5654=CARTESIAN_POINT('Ctrl Pts',(-55.5639061447279,-1.12989988285722,5.95280091454946));
#5655=CARTESIAN_POINT('Ctrl Pts',(-55.5624114297406,-1.25026697619461,4.95280091454946));
#5656=CARTESIAN_POINT('Ctrl Pts',(-55.5624114297406,-1.25026697619461,5.95280091454946));
#5657=CARTESIAN_POINT('Ctrl Pts',(-55.5450560538863,-1.3836443708194,4.95280091454946));
#5658=CARTESIAN_POINT('Ctrl Pts',(-55.5450560538863,-1.3836443708194,5.95280091454946));
#5659=CARTESIAN_POINT('Ctrl Pts',(-55.5161481770815,-1.52817512259747,4.95280091454946));
#5660=CARTESIAN_POINT('Ctrl Pts',(-55.5161481770815,-1.52817512259747,5.95280091454946));
#5661=CARTESIAN_POINT('Ctrl Pts',(-55.4805190001827,-1.68212215045599,4.95280091454946));
#5662=CARTESIAN_POINT('Ctrl Pts',(-55.4805190001827,-1.68212215045599,5.95280091454946));
#5663=CARTESIAN_POINT('Ctrl Pts',(-55.4427055135361,-1.84398745373316,4.95280091454946));
#5664=CARTESIAN_POINT('Ctrl Pts',(-55.4427055135361,-1.84398745373316,5.95280091454946));
#5665=CARTESIAN_POINT('Ctrl Pts',(-55.4060161043873,-2.01265874136968,4.95280091454946));
#5666=CARTESIAN_POINT('Ctrl Pts',(-55.4060161043873,-2.01265874136968,5.95280091454946));
#5667=CARTESIAN_POINT('Ctrl Pts',(-55.3725874918004,-2.18737709525948,4.95280091454946));
#5668=CARTESIAN_POINT('Ctrl Pts',(-55.3725874918004,-2.18737709525948,5.95280091454946));
#5669=CARTESIAN_POINT('Ctrl Pts',(-55.3436852277571,-2.36766244227635,4.95280091454946));
#5670=CARTESIAN_POINT('Ctrl Pts',(-55.3436852277571,-2.36766244227635,5.95280091454946));
#5671=CARTESIAN_POINT('Ctrl Pts',(-55.3246674436554,-2.51613591988813,4.95280091454946));
#5672=CARTESIAN_POINT('Ctrl Pts',(-55.3246674436554,-2.51613591988813,5.95280091454946));
#5673=CARTESIAN_POINT('Ctrl Pts',(-55.3127950950152,-2.6298312230976,4.95280091454946));
#5674=CARTESIAN_POINT('Ctrl Pts',(-55.3127950950152,-2.6298312230976,5.95280091454946));
#5675=CARTESIAN_POINT('Ctrl Pts',(-55.3059408327742,-2.70666631474642,4.95280091454946));
#5676=CARTESIAN_POINT('Ctrl Pts',(-55.3059408327742,-2.70666631474642,5.95280091454946));
#5677=CARTESIAN_POINT('Ctrl Pts',(-55.3027788668273,-2.74534341538218,4.95280091454946));
#5678=CARTESIAN_POINT('Ctrl Pts',(-55.3027788668273,-2.74534341538218,5.95280091454946));
#5679=CARTESIAN_POINT('',(-53.5632835866411,-1.52557538354429,4.95280091454946));
#5680=CARTESIAN_POINT('Ctrl Pts',(-53.5632835866411,-1.52557538354429,4.95280091454946));
#5681=CARTESIAN_POINT('Ctrl Pts',(-53.5555247348518,-1.50191224016661,4.95280091454946));
#5682=CARTESIAN_POINT('Ctrl Pts',(-53.5439578407684,-1.45568796727805,4.95280091454946));
#5683=CARTESIAN_POINT('Ctrl Pts',(-53.5384602405813,-1.38965766657609,4.95280091454946));
#5684=CARTESIAN_POINT('Ctrl Pts',(-53.5548758129448,-1.30824087575146,4.95280091454946));
#5685=CARTESIAN_POINT('Ctrl Pts',(-53.6145787690601,-1.21748034375381,4.95280091454946));
#5686=CARTESIAN_POINT('Ctrl Pts',(-53.7117976053299,-1.13751072341363,4.95280091454946));
#5687=CARTESIAN_POINT('Ctrl Pts',(-53.8429437774302,-1.06781783321932,4.95280091454946));
#5688=CARTESIAN_POINT('Ctrl Pts',(-54.0015006043002,-1.00741125582889,4.95280091454946));
#5689=CARTESIAN_POINT('Ctrl Pts',(-54.1782100906058,-0.954900719349348,
4.95280091454946));
#5690=CARTESIAN_POINT('Ctrl Pts',(-54.3626795648021,-0.90888112529689,4.95280091454946));
#5691=CARTESIAN_POINT('Ctrl Pts',(-54.5445769973437,-0.868226492336205,
4.95280091454946));
#5692=CARTESIAN_POINT('Ctrl Pts',(-54.7150531488306,-0.832440139455946,
4.95280091454946));
#5693=CARTESIAN_POINT('Ctrl Pts',(-54.8679260725364,-0.801938988126526,
4.95280091454946));
#5694=CARTESIAN_POINT('Ctrl Pts',(-55.0013706113539,-0.778486434300285,
4.95280091454946));
#5695=CARTESIAN_POINT('Ctrl Pts',(-55.1169564219617,-0.764829216968396,
4.95280091454946));
#5696=CARTESIAN_POINT('Ctrl Pts',(-55.2178397341692,-0.764078104341806,
4.95280091454946));
#5697=CARTESIAN_POINT('Ctrl Pts',(-55.3072642607549,-0.779177851666222,
4.95280091454946));
#5698=CARTESIAN_POINT('Ctrl Pts',(-55.3869168224767,-0.812331453172685,
4.95280091454946));
#5699=CARTESIAN_POINT('Ctrl Pts',(-55.4554038113113,-0.864452095955361,
4.95280091454946));
#5700=CARTESIAN_POINT('Ctrl Pts',(-55.5096956340555,-0.935431302077266,
4.95280091454946));
#5701=CARTESIAN_POINT('Ctrl Pts',(-55.5465619357238,-1.02438618802098,4.95280091454946));
#5702=CARTESIAN_POINT('Ctrl Pts',(-55.5639061447279,-1.12989988285722,4.95280091454946));
#5703=CARTESIAN_POINT('Ctrl Pts',(-55.5624114297406,-1.25026697619461,4.95280091454946));
#5704=CARTESIAN_POINT('Ctrl Pts',(-55.5450560538863,-1.3836443708194,4.95280091454946));
#5705=CARTESIAN_POINT('Ctrl Pts',(-55.5161481770815,-1.52817512259747,4.95280091454946));
#5706=CARTESIAN_POINT('Ctrl Pts',(-55.4805190001827,-1.68212215045599,4.95280091454946));
#5707=CARTESIAN_POINT('Ctrl Pts',(-55.4427055135361,-1.84398745373316,4.95280091454946));
#5708=CARTESIAN_POINT('Ctrl Pts',(-55.4060161043873,-2.01265874136968,4.95280091454946));
#5709=CARTESIAN_POINT('Ctrl Pts',(-55.3725874918004,-2.18737709525948,4.95280091454946));
#5710=CARTESIAN_POINT('Ctrl Pts',(-55.3436852277571,-2.36766244227635,4.95280091454946));
#5711=CARTESIAN_POINT('Ctrl Pts',(-55.3246674436554,-2.51613591988813,4.95280091454946));
#5712=CARTESIAN_POINT('Ctrl Pts',(-55.3127950950152,-2.6298312230976,4.95280091454946));
#5713=CARTESIAN_POINT('Ctrl Pts',(-55.3059408327742,-2.70666631474642,4.95280091454946));
#5714=CARTESIAN_POINT('Ctrl Pts',(-55.3027788668273,-2.74534341538218,4.95280091454946));
#5715=CARTESIAN_POINT('',(-53.5632835866411,-1.52557538354429,5.95280091454946));
#5716=CARTESIAN_POINT('',(-53.5632835866411,-1.52557538354429,4.95280091454946));
#5717=CARTESIAN_POINT('Ctrl Pts',(-53.5632835866411,-1.52557538354429,5.95280091454946));
#5718=CARTESIAN_POINT('Ctrl Pts',(-53.5555247348518,-1.50191224016661,5.95280091454946));
#5719=CARTESIAN_POINT('Ctrl Pts',(-53.5439578407684,-1.45568796727805,5.95280091454946));
#5720=CARTESIAN_POINT('Ctrl Pts',(-53.5384602405813,-1.38965766657609,5.95280091454946));
#5721=CARTESIAN_POINT('Ctrl Pts',(-53.5548758129448,-1.30824087575146,5.95280091454946));
#5722=CARTESIAN_POINT('Ctrl Pts',(-53.6145787690601,-1.21748034375381,5.95280091454946));
#5723=CARTESIAN_POINT('Ctrl Pts',(-53.7117976053299,-1.13751072341363,5.95280091454946));
#5724=CARTESIAN_POINT('Ctrl Pts',(-53.8429437774302,-1.06781783321932,5.95280091454946));
#5725=CARTESIAN_POINT('Ctrl Pts',(-54.0015006043002,-1.00741125582889,5.95280091454946));
#5726=CARTESIAN_POINT('Ctrl Pts',(-54.1782100906058,-0.954900719349348,
5.95280091454946));
#5727=CARTESIAN_POINT('Ctrl Pts',(-54.3626795648021,-0.90888112529689,5.95280091454946));
#5728=CARTESIAN_POINT('Ctrl Pts',(-54.5445769973437,-0.868226492336205,
5.95280091454946));
#5729=CARTESIAN_POINT('Ctrl Pts',(-54.7150531488306,-0.832440139455946,
5.95280091454946));
#5730=CARTESIAN_POINT('Ctrl Pts',(-54.8679260725364,-0.801938988126526,
5.95280091454946));
#5731=CARTESIAN_POINT('Ctrl Pts',(-55.0013706113539,-0.778486434300285,
5.95280091454946));
#5732=CARTESIAN_POINT('Ctrl Pts',(-55.1169564219617,-0.764829216968396,
5.95280091454946));
#5733=CARTESIAN_POINT('Ctrl Pts',(-55.2178397341692,-0.764078104341806,
5.95280091454946));
#5734=CARTESIAN_POINT('Ctrl Pts',(-55.3072642607549,-0.779177851666222,
5.95280091454946));
#5735=CARTESIAN_POINT('Ctrl Pts',(-55.3869168224767,-0.812331453172685,
5.95280091454946));
#5736=CARTESIAN_POINT('Ctrl Pts',(-55.4554038113113,-0.864452095955361,
5.95280091454946));
#5737=CARTESIAN_POINT('Ctrl Pts',(-55.5096956340555,-0.935431302077266,
5.95280091454946));
#5738=CARTESIAN_POINT('Ctrl Pts',(-55.5465619357238,-1.02438618802098,5.95280091454946));
#5739=CARTESIAN_POINT('Ctrl Pts',(-55.5639061447279,-1.12989988285722,5.95280091454946));
#5740=CARTESIAN_POINT('Ctrl Pts',(-55.5624114297406,-1.25026697619461,5.95280091454946));
#5741=CARTESIAN_POINT('Ctrl Pts',(-55.5450560538863,-1.3836443708194,5.95280091454946));
#5742=CARTESIAN_POINT('Ctrl Pts',(-55.5161481770815,-1.52817512259747,5.95280091454946));
#5743=CARTESIAN_POINT('Ctrl Pts',(-55.4805190001827,-1.68212215045599,5.95280091454946));
#5744=CARTESIAN_POINT('Ctrl Pts',(-55.4427055135361,-1.84398745373316,5.95280091454946));
#5745=CARTESIAN_POINT('Ctrl Pts',(-55.4060161043873,-2.01265874136968,5.95280091454946));
#5746=CARTESIAN_POINT('Ctrl Pts',(-55.3725874918004,-2.18737709525948,5.95280091454946));
#5747=CARTESIAN_POINT('Ctrl Pts',(-55.3436852277571,-2.36766244227635,5.95280091454946));
#5748=CARTESIAN_POINT('Ctrl Pts',(-55.3246674436554,-2.51613591988813,5.95280091454946));
#5749=CARTESIAN_POINT('Ctrl Pts',(-55.3127950950152,-2.6298312230976,5.95280091454946));
#5750=CARTESIAN_POINT('Ctrl Pts',(-55.3059408327742,-2.70666631474642,5.95280091454946));
#5751=CARTESIAN_POINT('Ctrl Pts',(-55.3027788668273,-2.74534341538218,5.95280091454946));
#5752=CARTESIAN_POINT('Ctrl Pts',(-58.3291324358112,-6.73118700761789,4.95280091454946));
#5753=CARTESIAN_POINT('Ctrl Pts',(-58.3291324358112,-6.73118700761789,5.95280091454946));
#5754=CARTESIAN_POINT('Ctrl Pts',(-58.3035108472442,-6.68305402506998,4.95280091454946));
#5755=CARTESIAN_POINT('Ctrl Pts',(-58.3035108472442,-6.68305402506998,5.95280091454946));
#5756=CARTESIAN_POINT('Ctrl Pts',(-58.2539396194847,-6.59201939409147,4.95280091454946));
#5757=CARTESIAN_POINT('Ctrl Pts',(-58.2539396194847,-6.59201939409147,5.95280091454946));
#5758=CARTESIAN_POINT('Ctrl Pts',(-58.1845987490363,-6.47116156114172,4.95280091454946));
#5759=CARTESIAN_POINT('Ctrl Pts',(-58.1845987490363,-6.47116156114172,5.95280091454946));
#5760=CARTESIAN_POINT('Ctrl Pts',(-58.1021796685965,-6.34141924450353,4.95280091454946));
#5761=CARTESIAN_POINT('Ctrl Pts',(-58.1021796685965,-6.34141924450353,5.95280091454946));
#5762=CARTESIAN_POINT('Ctrl Pts',(-58.0156187542542,-6.23116736225907,4.95280091454946));
#5763=CARTESIAN_POINT('Ctrl Pts',(-58.0156187542542,-6.23116736225907,5.95280091454946));
#5764=CARTESIAN_POINT('Ctrl Pts',(-57.9446667051488,-6.17145112576618,4.95280091454946));
#5765=CARTESIAN_POINT('Ctrl Pts',(-57.9446667051488,-6.17145112576618,5.95280091454946));
#5766=CARTESIAN_POINT('Ctrl Pts',(-57.887614948071,-6.15941215784566,4.95280091454946));
#5767=CARTESIAN_POINT('Ctrl Pts',(-57.887614948071,-6.15941215784566,5.95280091454946));
#5768=CARTESIAN_POINT('Ctrl Pts',(-57.8415041810897,-6.19011474684313,4.95280091454946));
#5769=CARTESIAN_POINT('Ctrl Pts',(-57.8415041810897,-6.19011474684313,5.95280091454946));
#5770=CARTESIAN_POINT('Ctrl Pts',(-57.8021296174345,-6.25630278696634,4.95280091454946));
#5771=CARTESIAN_POINT('Ctrl Pts',(-57.8021296174345,-6.25630278696634,5.95280091454946));
#5772=CARTESIAN_POINT('Ctrl Pts',(-57.7649500261816,-6.34903600778787,4.95280091454946));
#5773=CARTESIAN_POINT('Ctrl Pts',(-57.7649500261816,-6.34903600778787,5.95280091454946));
#5774=CARTESIAN_POINT('Ctrl Pts',(-57.7258621793543,-6.4581329529717,4.95280091454946));
#5775=CARTESIAN_POINT('Ctrl Pts',(-57.7258621793543,-6.4581329529717,5.95280091454946));
#5776=CARTESIAN_POINT('Ctrl Pts',(-57.6819110038388,-6.57272876369421,4.95280091454946));
#5777=CARTESIAN_POINT('Ctrl Pts',(-57.6819110038388,-6.57272876369421,5.95280091454946));
#5778=CARTESIAN_POINT('Ctrl Pts',(-57.6299801563216,-6.6824361822379,4.95280091454946));
#5779=CARTESIAN_POINT('Ctrl Pts',(-57.6299801563216,-6.6824361822379,5.95280091454946));
#5780=CARTESIAN_POINT('Ctrl Pts',(-57.5656568927675,-6.77848616963534,4.95280091454946));
#5781=CARTESIAN_POINT('Ctrl Pts',(-57.5656568927675,-6.77848616963534,5.95280091454946));
#5782=CARTESIAN_POINT('Ctrl Pts',(-57.4819504080228,-6.85486771184273,4.95280091454946));
#5783=CARTESIAN_POINT('Ctrl Pts',(-57.4819504080228,-6.85486771184273,5.95280091454946));
#5784=CARTESIAN_POINT('Ctrl Pts',(-57.3682552104805,-6.90949240977558,4.95280091454946));
#5785=CARTESIAN_POINT('Ctrl Pts',(-57.3682552104805,-6.90949240977558,5.95280091454946));
#5786=CARTESIAN_POINT('Ctrl Pts',(-57.2135585111598,-6.94342677065945,4.95280091454946));
#5787=CARTESIAN_POINT('Ctrl Pts',(-57.2135585111598,-6.94342677065945,5.95280091454946));
#5788=CARTESIAN_POINT('Ctrl Pts',(-57.0104315819746,-6.9604358992754,4.95280091454946));
#5789=CARTESIAN_POINT('Ctrl Pts',(-57.0104315819746,-6.9604358992754,5.95280091454946));
#5790=CARTESIAN_POINT('Ctrl Pts',(-56.7570796144707,-6.9658672585321,4.95280091454946));
#5791=CARTESIAN_POINT('Ctrl Pts',(-56.7570796144707,-6.9658672585321,5.95280091454946));
#5792=CARTESIAN_POINT('Ctrl Pts',(-56.4640289398641,-6.96708164160263,4.95280091454946));
#5793=CARTESIAN_POINT('Ctrl Pts',(-56.4640289398641,-6.96708164160263,5.95280091454946));
#5794=CARTESIAN_POINT('Ctrl Pts',(-56.1485731862451,-6.96981149552761,4.95280091454946));
#5795=CARTESIAN_POINT('Ctrl Pts',(-56.1485731862451,-6.96981149552761,5.95280091454946));
#5796=CARTESIAN_POINT('Ctrl Pts',(-55.8238479144835,-6.97536561276392,4.95280091454946));
#5797=CARTESIAN_POINT('Ctrl Pts',(-55.8238479144835,-6.97536561276392,5.95280091454946));
#5798=CARTESIAN_POINT('Ctrl Pts',(-55.5023627996475,-6.98262297263162,4.95280091454946));
#5799=CARTESIAN_POINT('Ctrl Pts',(-55.5023627996475,-6.98262297263162,5.95280091454946));
#5800=CARTESIAN_POINT('Ctrl Pts',(-55.1942865341878,-6.98828650877633,4.95280091454946));
#5801=CARTESIAN_POINT('Ctrl Pts',(-55.1942865341878,-6.98828650877633,5.95280091454946));
#5802=CARTESIAN_POINT('Ctrl Pts',(-54.9079518409846,-6.98786313860087,4.95280091454946));
#5803=CARTESIAN_POINT('Ctrl Pts',(-54.9079518409846,-6.98786313860087,5.95280091454946));
#5804=CARTESIAN_POINT('Ctrl Pts',(-54.6493869907101,-6.97633937170268,4.95280091454946));
#5805=CARTESIAN_POINT('Ctrl Pts',(-54.6493869907101,-6.97633937170268,5.95280091454946));
#5806=CARTESIAN_POINT('Ctrl Pts',(-54.4222977752945,-6.94896198335688,4.95280091454946));
#5807=CARTESIAN_POINT('Ctrl Pts',(-54.4222977752945,-6.94896198335688,5.95280091454946));
#5808=CARTESIAN_POINT('Ctrl Pts',(-54.2277646108957,-6.90203293947662,4.95280091454946));
#5809=CARTESIAN_POINT('Ctrl Pts',(-54.2277646108957,-6.90203293947662,5.95280091454946));
#5810=CARTESIAN_POINT('Ctrl Pts',(-54.0643247463896,-6.83351381918903,4.95280091454946));
#5811=CARTESIAN_POINT('Ctrl Pts',(-54.0643247463896,-6.83351381918903,5.95280091454946));
#5812=CARTESIAN_POINT('Ctrl Pts',(-53.9290168685738,-6.74289620456929,4.95280091454946));
#5813=CARTESIAN_POINT('Ctrl Pts',(-53.9290168685738,-6.74289620456929,5.95280091454946));
#5814=CARTESIAN_POINT('Ctrl Pts',(-53.8182938415543,-6.63121284545737,4.95280091454946));
#5815=CARTESIAN_POINT('Ctrl Pts',(-53.8182938415543,-6.63121284545737,5.95280091454946));
#5816=CARTESIAN_POINT('Ctrl Pts',(-53.7289357823653,-6.50097061469093,4.95280091454946));
#5817=CARTESIAN_POINT('Ctrl Pts',(-53.7289357823653,-6.50097061469093,5.95280091454946));
#5818=CARTESIAN_POINT('Ctrl Pts',(-53.6590779709211,-6.35618070309043,4.95280091454946));
#5819=CARTESIAN_POINT('Ctrl Pts',(-53.6590779709211,-6.35618070309043,5.95280091454946));
#5820=CARTESIAN_POINT('Ctrl Pts',(-53.6088473468429,-6.20217057777183,4.95280091454946));
#5821=CARTESIAN_POINT('Ctrl Pts',(-53.6088473468429,-6.20217057777183,5.95280091454946));
#5822=CARTESIAN_POINT('Ctrl Pts',(-53.5791363070052,-6.04447360215999,4.95280091454946));
#5823=CARTESIAN_POINT('Ctrl Pts',(-53.5791363070052,-6.04447360215999,5.95280091454946));
#5824=CARTESIAN_POINT('Ctrl Pts',(-53.5705709116456,-5.88777937243779,4.95280091454946));
#5825=CARTESIAN_POINT('Ctrl Pts',(-53.5705709116456,-5.88777937243779,5.95280091454946));
#5826=CARTESIAN_POINT('Ctrl Pts',(-53.5825196089226,-5.73498670174151,4.95280091454946));
#5827=CARTESIAN_POINT('Ctrl Pts',(-53.5825196089226,-5.73498670174151,5.95280091454946));
#5828=CARTESIAN_POINT('Ctrl Pts',(-53.611805046337,-5.58590684378326,4.95280091454946));
#5829=CARTESIAN_POINT('Ctrl Pts',(-53.611805046337,-5.58590684378326,5.95280091454946));
#5830=CARTESIAN_POINT('Ctrl Pts',(-53.6524879885045,-5.43714727574967,4.95280091454946));
#5831=CARTESIAN_POINT('Ctrl Pts',(-53.6524879885045,-5.43714727574967,5.95280091454946));
#5832=CARTESIAN_POINT('Ctrl Pts',(-53.6975057020744,-5.28400359212006,4.95280091454946));
#5833=CARTESIAN_POINT('Ctrl Pts',(-53.6975057020744,-5.28400359212006,5.95280091454946));
#5834=CARTESIAN_POINT('Ctrl Pts',(-53.7399544918358,-5.12198069857575,4.95280091454946));
#5835=CARTESIAN_POINT('Ctrl Pts',(-53.7399544918358,-5.12198069857575,5.95280091454946));
#5836=CARTESIAN_POINT('Ctrl Pts',(-53.7743731753434,-4.94827981969173,4.95280091454946));
#5837=CARTESIAN_POINT('Ctrl Pts',(-53.7743731753434,-4.94827981969173,5.95280091454946));
#5838=CARTESIAN_POINT('Ctrl Pts',(-53.7983725378224,-4.76374695225954,4.95280091454946));
#5839=CARTESIAN_POINT('Ctrl Pts',(-53.7983725378224,-4.76374695225954,5.95280091454946));
#5840=CARTESIAN_POINT('Ctrl Pts',(-53.8128032183807,-4.57292876956762,4.95280091454946));
#5841=CARTESIAN_POINT('Ctrl Pts',(-53.8128032183807,-4.57292876956762,5.95280091454946));
#5842=CARTESIAN_POINT('Ctrl Pts',(-53.8202606455289,-4.38198743840206,4.95280091454946));
#5843=CARTESIAN_POINT('Ctrl Pts',(-53.8202606455289,-4.38198743840206,5.95280091454946));
#5844=CARTESIAN_POINT('Ctrl Pts',(-53.8240208170149,-4.19716551654759,4.95280091454946));
#5845=CARTESIAN_POINT('Ctrl Pts',(-53.8240208170149,-4.19716551654759,5.95280091454946));
#5846=CARTESIAN_POINT('Ctrl Pts',(-53.8268294981471,-4.02306919389508,4.95280091454946));
#5847=CARTESIAN_POINT('Ctrl Pts',(-53.8268294981471,-4.02306919389508,5.95280091454946));
#5848=CARTESIAN_POINT('Ctrl Pts',(-53.8296901593187,-3.86092925947354,4.95280091454946));
#5849=CARTESIAN_POINT('Ctrl Pts',(-53.8296901593187,-3.86092925947354,5.95280091454946));
#5850=CARTESIAN_POINT('Ctrl Pts',(-53.8308320113337,-3.70714549472043,4.95280091454946));
#5851=CARTESIAN_POINT('Ctrl Pts',(-53.8308320113337,-3.70714549472043,5.95280091454946));
#5852=CARTESIAN_POINT('Ctrl Pts',(-53.8270089314705,-3.55540037695222,4.95280091454946));
#5853=CARTESIAN_POINT('Ctrl Pts',(-53.8270089314705,-3.55540037695222,5.95280091454946));
#5854=CARTESIAN_POINT('Ctrl Pts',(-53.8146480268728,-3.39854381143133,4.95280091454946));
#5855=CARTESIAN_POINT('Ctrl Pts',(-53.8146480268728,-3.39854381143133,5.95280091454946));
#5856=CARTESIAN_POINT('Ctrl Pts',(-53.791001721244,-3.23048022897173,4.95280091454946));
#5857=CARTESIAN_POINT('Ctrl Pts',(-53.791001721244,-3.23048022897173,5.95280091454946));
#5858=CARTESIAN_POINT('Ctrl Pts',(-53.7554230582482,-3.04824892020045,4.95280091454946));
#5859=CARTESIAN_POINT('Ctrl Pts',(-53.7554230582482,-3.04824892020045,5.95280091454946));
#5860=CARTESIAN_POINT('Ctrl Pts',(-53.7102148962612,-2.85343796398334,4.95280091454946));
#5861=CARTESIAN_POINT('Ctrl Pts',(-53.7102148962612,-2.85343796398334,5.95280091454946));
#5862=CARTESIAN_POINT('Ctrl Pts',(-53.6595993286799,-2.65066457526807,4.95280091454946));
#5863=CARTESIAN_POINT('Ctrl Pts',(-53.6595993286799,-2.65066457526807,5.95280091454946));
#5864=CARTESIAN_POINT('Ctrl Pts',(-53.6089782423383,-2.44650750452676,4.95280091454946));
#5865=CARTESIAN_POINT('Ctrl Pts',(-53.6089782423383,-2.44650750452676,5.95280091454946));
#5866=CARTESIAN_POINT('Ctrl Pts',(-53.5640528584034,-2.24822506907225,4.95280091454946));
#5867=CARTESIAN_POINT('Ctrl Pts',(-53.5640528584034,-2.24822506907225,5.95280091454946));
#5868=CARTESIAN_POINT('Ctrl Pts',(-53.5300734081247,-2.06266357271363,4.95280091454946));
#5869=CARTESIAN_POINT('Ctrl Pts',(-53.5300734081247,-2.06266357271363,5.95280091454946));
#5870=CARTESIAN_POINT('Ctrl Pts',(-53.5108619527262,-1.8948440067694,4.95280091454946));
#5871=CARTESIAN_POINT('Ctrl Pts',(-53.5108619527262,-1.8948440067694,5.95280091454946));
#5872=CARTESIAN_POINT('Ctrl Pts',(-53.5086164305706,-1.74764894181124,4.95280091454946));
#5873=CARTESIAN_POINT('Ctrl Pts',(-53.5086164305706,-1.74764894181124,5.95280091454946));
#5874=CARTESIAN_POINT('Ctrl Pts',(-53.5212773750221,-1.64755596310995,4.95280091454946));
#5875=CARTESIAN_POINT('Ctrl Pts',(-53.5212773750221,-1.64755596310995,5.95280091454946));
#5876=CARTESIAN_POINT('Ctrl Pts',(-53.5390591329068,-1.58262425484799,4.95280091454946));
#5877=CARTESIAN_POINT('Ctrl Pts',(-53.5390591329068,-1.58262425484799,5.95280091454946));
#5878=CARTESIAN_POINT('Ctrl Pts',(-53.5545951962757,-1.54384095236979,4.95280091454946));
#5879=CARTESIAN_POINT('Ctrl Pts',(-53.5545951962757,-1.54384095236979,5.95280091454946));
#5880=CARTESIAN_POINT('Ctrl Pts',(-53.5632835866411,-1.52557538354429,4.95280091454946));
#5881=CARTESIAN_POINT('Ctrl Pts',(-53.5632835866411,-1.52557538354429,5.95280091454946));
#5882=CARTESIAN_POINT('',(-58.3291324358112,-6.73118700761789,4.95280091454946));
#5883=CARTESIAN_POINT('Ctrl Pts',(-58.3291324358112,-6.73118700761789,4.95280091454946));
#5884=CARTESIAN_POINT('Ctrl Pts',(-58.3035108472442,-6.68305402506998,4.95280091454946));
#5885=CARTESIAN_POINT('Ctrl Pts',(-58.2539396194847,-6.59201939409147,4.95280091454946));
#5886=CARTESIAN_POINT('Ctrl Pts',(-58.1845987490363,-6.47116156114172,4.95280091454946));
#5887=CARTESIAN_POINT('Ctrl Pts',(-58.1021796685965,-6.34141924450353,4.95280091454946));
#5888=CARTESIAN_POINT('Ctrl Pts',(-58.0156187542542,-6.23116736225907,4.95280091454946));
#5889=CARTESIAN_POINT('Ctrl Pts',(-57.9446667051488,-6.17145112576618,4.95280091454946));
#5890=CARTESIAN_POINT('Ctrl Pts',(-57.887614948071,-6.15941215784566,4.95280091454946));
#5891=CARTESIAN_POINT('Ctrl Pts',(-57.8415041810897,-6.19011474684313,4.95280091454946));
#5892=CARTESIAN_POINT('Ctrl Pts',(-57.8021296174345,-6.25630278696634,4.95280091454946));
#5893=CARTESIAN_POINT('Ctrl Pts',(-57.7649500261816,-6.34903600778787,4.95280091454946));
#5894=CARTESIAN_POINT('Ctrl Pts',(-57.7258621793543,-6.4581329529717,4.95280091454946));
#5895=CARTESIAN_POINT('Ctrl Pts',(-57.6819110038388,-6.57272876369421,4.95280091454946));
#5896=CARTESIAN_POINT('Ctrl Pts',(-57.6299801563216,-6.6824361822379,4.95280091454946));
#5897=CARTESIAN_POINT('Ctrl Pts',(-57.5656568927675,-6.77848616963534,4.95280091454946));
#5898=CARTESIAN_POINT('Ctrl Pts',(-57.4819504080228,-6.85486771184273,4.95280091454946));
#5899=CARTESIAN_POINT('Ctrl Pts',(-57.3682552104805,-6.90949240977558,4.95280091454946));
#5900=CARTESIAN_POINT('Ctrl Pts',(-57.2135585111598,-6.94342677065945,4.95280091454946));
#5901=CARTESIAN_POINT('Ctrl Pts',(-57.0104315819746,-6.9604358992754,4.95280091454946));
#5902=CARTESIAN_POINT('Ctrl Pts',(-56.7570796144707,-6.9658672585321,4.95280091454946));
#5903=CARTESIAN_POINT('Ctrl Pts',(-56.4640289398641,-6.96708164160263,4.95280091454946));
#5904=CARTESIAN_POINT('Ctrl Pts',(-56.1485731862451,-6.96981149552761,4.95280091454946));
#5905=CARTESIAN_POINT('Ctrl Pts',(-55.8238479144835,-6.97536561276392,4.95280091454946));
#5906=CARTESIAN_POINT('Ctrl Pts',(-55.5023627996475,-6.98262297263162,4.95280091454946));
#5907=CARTESIAN_POINT('Ctrl Pts',(-55.1942865341878,-6.98828650877633,4.95280091454946));
#5908=CARTESIAN_POINT('Ctrl Pts',(-54.9079518409846,-6.98786313860087,4.95280091454946));
#5909=CARTESIAN_POINT('Ctrl Pts',(-54.6493869907101,-6.97633937170268,4.95280091454946));
#5910=CARTESIAN_POINT('Ctrl Pts',(-54.4222977752945,-6.94896198335688,4.95280091454946));
#5911=CARTESIAN_POINT('Ctrl Pts',(-54.2277646108957,-6.90203293947662,4.95280091454946));
#5912=CARTESIAN_POINT('Ctrl Pts',(-54.0643247463896,-6.83351381918903,4.95280091454946));
#5913=CARTESIAN_POINT('Ctrl Pts',(-53.9290168685738,-6.74289620456929,4.95280091454946));
#5914=CARTESIAN_POINT('Ctrl Pts',(-53.8182938415543,-6.63121284545737,4.95280091454946));
#5915=CARTESIAN_POINT('Ctrl Pts',(-53.7289357823653,-6.50097061469093,4.95280091454946));
#5916=CARTESIAN_POINT('Ctrl Pts',(-53.6590779709211,-6.35618070309043,4.95280091454946));
#5917=CARTESIAN_POINT('Ctrl Pts',(-53.6088473468429,-6.20217057777183,4.95280091454946));
#5918=CARTESIAN_POINT('Ctrl Pts',(-53.5791363070052,-6.04447360215999,4.95280091454946));
#5919=CARTESIAN_POINT('Ctrl Pts',(-53.5705709116456,-5.88777937243779,4.95280091454946));
#5920=CARTESIAN_POINT('Ctrl Pts',(-53.5825196089226,-5.73498670174151,4.95280091454946));
#5921=CARTESIAN_POINT('Ctrl Pts',(-53.611805046337,-5.58590684378326,4.95280091454946));
#5922=CARTESIAN_POINT('Ctrl Pts',(-53.6524879885045,-5.43714727574967,4.95280091454946));
#5923=CARTESIAN_POINT('Ctrl Pts',(-53.6975057020744,-5.28400359212006,4.95280091454946));
#5924=CARTESIAN_POINT('Ctrl Pts',(-53.7399544918358,-5.12198069857575,4.95280091454946));
#5925=CARTESIAN_POINT('Ctrl Pts',(-53.7743731753434,-4.94827981969173,4.95280091454946));
#5926=CARTESIAN_POINT('Ctrl Pts',(-53.7983725378224,-4.76374695225954,4.95280091454946));
#5927=CARTESIAN_POINT('Ctrl Pts',(-53.8128032183807,-4.57292876956762,4.95280091454946));
#5928=CARTESIAN_POINT('Ctrl Pts',(-53.8202606455289,-4.38198743840206,4.95280091454946));
#5929=CARTESIAN_POINT('Ctrl Pts',(-53.8240208170149,-4.19716551654759,4.95280091454946));
#5930=CARTESIAN_POINT('Ctrl Pts',(-53.8268294981471,-4.02306919389508,4.95280091454946));
#5931=CARTESIAN_POINT('Ctrl Pts',(-53.8296901593187,-3.86092925947354,4.95280091454946));
#5932=CARTESIAN_POINT('Ctrl Pts',(-53.8308320113337,-3.70714549472043,4.95280091454946));
#5933=CARTESIAN_POINT('Ctrl Pts',(-53.8270089314705,-3.55540037695222,4.95280091454946));
#5934=CARTESIAN_POINT('Ctrl Pts',(-53.8146480268728,-3.39854381143133,4.95280091454946));
#5935=CARTESIAN_POINT('Ctrl Pts',(-53.791001721244,-3.23048022897173,4.95280091454946));
#5936=CARTESIAN_POINT('Ctrl Pts',(-53.7554230582482,-3.04824892020045,4.95280091454946));
#5937=CARTESIAN_POINT('Ctrl Pts',(-53.7102148962612,-2.85343796398334,4.95280091454946));
#5938=CARTESIAN_POINT('Ctrl Pts',(-53.6595993286799,-2.65066457526807,4.95280091454946));
#5939=CARTESIAN_POINT('Ctrl Pts',(-53.6089782423383,-2.44650750452676,4.95280091454946));
#5940=CARTESIAN_POINT('Ctrl Pts',(-53.5640528584034,-2.24822506907225,4.95280091454946));
#5941=CARTESIAN_POINT('Ctrl Pts',(-53.5300734081247,-2.06266357271363,4.95280091454946));
#5942=CARTESIAN_POINT('Ctrl Pts',(-53.5108619527262,-1.8948440067694,4.95280091454946));
#5943=CARTESIAN_POINT('Ctrl Pts',(-53.5086164305706,-1.74764894181124,4.95280091454946));
#5944=CARTESIAN_POINT('Ctrl Pts',(-53.5212773750221,-1.64755596310995,4.95280091454946));
#5945=CARTESIAN_POINT('Ctrl Pts',(-53.5390591329068,-1.58262425484799,4.95280091454946));
#5946=CARTESIAN_POINT('Ctrl Pts',(-53.5545951962757,-1.54384095236979,4.95280091454946));
#5947=CARTESIAN_POINT('Ctrl Pts',(-53.5632835866411,-1.52557538354429,4.95280091454946));
#5948=CARTESIAN_POINT('',(-58.3291324358112,-6.73118700761789,5.95280091454946));
#5949=CARTESIAN_POINT('',(-58.3291324358112,-6.73118700761789,4.95280091454946));
#5950=CARTESIAN_POINT('Ctrl Pts',(-58.3291324358112,-6.73118700761789,5.95280091454946));
#5951=CARTESIAN_POINT('Ctrl Pts',(-58.3035108472442,-6.68305402506998,5.95280091454946));
#5952=CARTESIAN_POINT('Ctrl Pts',(-58.2539396194847,-6.59201939409147,5.95280091454946));
#5953=CARTESIAN_POINT('Ctrl Pts',(-58.1845987490363,-6.47116156114172,5.95280091454946));
#5954=CARTESIAN_POINT('Ctrl Pts',(-58.1021796685965,-6.34141924450353,5.95280091454946));
#5955=CARTESIAN_POINT('Ctrl Pts',(-58.0156187542542,-6.23116736225907,5.95280091454946));
#5956=CARTESIAN_POINT('Ctrl Pts',(-57.9446667051488,-6.17145112576618,5.95280091454946));
#5957=CARTESIAN_POINT('Ctrl Pts',(-57.887614948071,-6.15941215784566,5.95280091454946));
#5958=CARTESIAN_POINT('Ctrl Pts',(-57.8415041810897,-6.19011474684313,5.95280091454946));
#5959=CARTESIAN_POINT('Ctrl Pts',(-57.8021296174345,-6.25630278696634,5.95280091454946));
#5960=CARTESIAN_POINT('Ctrl Pts',(-57.7649500261816,-6.34903600778787,5.95280091454946));
#5961=CARTESIAN_POINT('Ctrl Pts',(-57.7258621793543,-6.4581329529717,5.95280091454946));
#5962=CARTESIAN_POINT('Ctrl Pts',(-57.6819110038388,-6.57272876369421,5.95280091454946));
#5963=CARTESIAN_POINT('Ctrl Pts',(-57.6299801563216,-6.6824361822379,5.95280091454946));
#5964=CARTESIAN_POINT('Ctrl Pts',(-57.5656568927675,-6.77848616963534,5.95280091454946));
#5965=CARTESIAN_POINT('Ctrl Pts',(-57.4819504080228,-6.85486771184273,5.95280091454946));
#5966=CARTESIAN_POINT('Ctrl Pts',(-57.3682552104805,-6.90949240977558,5.95280091454946));
#5967=CARTESIAN_POINT('Ctrl Pts',(-57.2135585111598,-6.94342677065945,5.95280091454946));
#5968=CARTESIAN_POINT('Ctrl Pts',(-57.0104315819746,-6.9604358992754,5.95280091454946));
#5969=CARTESIAN_POINT('Ctrl Pts',(-56.7570796144707,-6.9658672585321,5.95280091454946));
#5970=CARTESIAN_POINT('Ctrl Pts',(-56.4640289398641,-6.96708164160263,5.95280091454946));
#5971=CARTESIAN_POINT('Ctrl Pts',(-56.1485731862451,-6.96981149552761,5.95280091454946));
#5972=CARTESIAN_POINT('Ctrl Pts',(-55.8238479144835,-6.97536561276392,5.95280091454946));
#5973=CARTESIAN_POINT('Ctrl Pts',(-55.5023627996475,-6.98262297263162,5.95280091454946));
#5974=CARTESIAN_POINT('Ctrl Pts',(-55.1942865341878,-6.98828650877633,5.95280091454946));
#5975=CARTESIAN_POINT('Ctrl Pts',(-54.9079518409846,-6.98786313860087,5.95280091454946));
#5976=CARTESIAN_POINT('Ctrl Pts',(-54.6493869907101,-6.97633937170268,5.95280091454946));
#5977=CARTESIAN_POINT('Ctrl Pts',(-54.4222977752945,-6.94896198335688,5.95280091454946));
#5978=CARTESIAN_POINT('Ctrl Pts',(-54.2277646108957,-6.90203293947662,5.95280091454946));
#5979=CARTESIAN_POINT('Ctrl Pts',(-54.0643247463896,-6.83351381918903,5.95280091454946));
#5980=CARTESIAN_POINT('Ctrl Pts',(-53.9290168685738,-6.74289620456929,5.95280091454946));
#5981=CARTESIAN_POINT('Ctrl Pts',(-53.8182938415543,-6.63121284545737,5.95280091454946));
#5982=CARTESIAN_POINT('Ctrl Pts',(-53.7289357823653,-6.50097061469093,5.95280091454946));
#5983=CARTESIAN_POINT('Ctrl Pts',(-53.6590779709211,-6.35618070309043,5.95280091454946));
#5984=CARTESIAN_POINT('Ctrl Pts',(-53.6088473468429,-6.20217057777183,5.95280091454946));
#5985=CARTESIAN_POINT('Ctrl Pts',(-53.5791363070052,-6.04447360215999,5.95280091454946));
#5986=CARTESIAN_POINT('Ctrl Pts',(-53.5705709116456,-5.88777937243779,5.95280091454946));
#5987=CARTESIAN_POINT('Ctrl Pts',(-53.5825196089226,-5.73498670174151,5.95280091454946));
#5988=CARTESIAN_POINT('Ctrl Pts',(-53.611805046337,-5.58590684378326,5.95280091454946));
#5989=CARTESIAN_POINT('Ctrl Pts',(-53.6524879885045,-5.43714727574967,5.95280091454946));
#5990=CARTESIAN_POINT('Ctrl Pts',(-53.6975057020744,-5.28400359212006,5.95280091454946));
#5991=CARTESIAN_POINT('Ctrl Pts',(-53.7399544918358,-5.12198069857575,5.95280091454946));
#5992=CARTESIAN_POINT('Ctrl Pts',(-53.7743731753434,-4.94827981969173,5.95280091454946));
#5993=CARTESIAN_POINT('Ctrl Pts',(-53.7983725378224,-4.76374695225954,5.95280091454946));
#5994=CARTESIAN_POINT('Ctrl Pts',(-53.8128032183807,-4.57292876956762,5.95280091454946));
#5995=CARTESIAN_POINT('Ctrl Pts',(-53.8202606455289,-4.38198743840206,5.95280091454946));
#5996=CARTESIAN_POINT('Ctrl Pts',(-53.8240208170149,-4.19716551654759,5.95280091454946));
#5997=CARTESIAN_POINT('Ctrl Pts',(-53.8268294981471,-4.02306919389508,5.95280091454946));
#5998=CARTESIAN_POINT('Ctrl Pts',(-53.8296901593187,-3.86092925947354,5.95280091454946));
#5999=CARTESIAN_POINT('Ctrl Pts',(-53.8308320113337,-3.70714549472043,5.95280091454946));
#6000=CARTESIAN_POINT('Ctrl Pts',(-53.8270089314705,-3.55540037695222,5.95280091454946));
#6001=CARTESIAN_POINT('Ctrl Pts',(-53.8146480268728,-3.39854381143133,5.95280091454946));
#6002=CARTESIAN_POINT('Ctrl Pts',(-53.791001721244,-3.23048022897173,5.95280091454946));
#6003=CARTESIAN_POINT('Ctrl Pts',(-53.7554230582482,-3.04824892020045,5.95280091454946));
#6004=CARTESIAN_POINT('Ctrl Pts',(-53.7102148962612,-2.85343796398334,5.95280091454946));
#6005=CARTESIAN_POINT('Ctrl Pts',(-53.6595993286799,-2.65066457526807,5.95280091454946));
#6006=CARTESIAN_POINT('Ctrl Pts',(-53.6089782423383,-2.44650750452676,5.95280091454946));
#6007=CARTESIAN_POINT('Ctrl Pts',(-53.5640528584034,-2.24822506907225,5.95280091454946));
#6008=CARTESIAN_POINT('Ctrl Pts',(-53.5300734081247,-2.06266357271363,5.95280091454946));
#6009=CARTESIAN_POINT('Ctrl Pts',(-53.5108619527262,-1.8948440067694,5.95280091454946));
#6010=CARTESIAN_POINT('Ctrl Pts',(-53.5086164305706,-1.74764894181124,5.95280091454946));
#6011=CARTESIAN_POINT('Ctrl Pts',(-53.5212773750221,-1.64755596310995,5.95280091454946));
#6012=CARTESIAN_POINT('Ctrl Pts',(-53.5390591329068,-1.58262425484799,5.95280091454946));
#6013=CARTESIAN_POINT('Ctrl Pts',(-53.5545951962757,-1.54384095236979,5.95280091454946));
#6014=CARTESIAN_POINT('Ctrl Pts',(-53.5632835866411,-1.52557538354429,5.95280091454946));
#6015=CARTESIAN_POINT('Ctrl Pts',(-62.0851102051297,-4.90620456466014,4.95280091454946));
#6016=CARTESIAN_POINT('Ctrl Pts',(-62.0851102051297,-4.90620456466014,5.95280091454946));
#6017=CARTESIAN_POINT('Ctrl Pts',(-62.0767779591649,-4.96307572492728,4.95280091454946));
#6018=CARTESIAN_POINT('Ctrl Pts',(-62.0767779591649,-4.96307572492728,5.95280091454946));
#6019=CARTESIAN_POINT('Ctrl Pts',(-62.0563782747881,-5.08030228897614,4.95280091454946));
#6020=CARTESIAN_POINT('Ctrl Pts',(-62.0563782747881,-5.08030228897614,5.95280091454946));
#6021=CARTESIAN_POINT('Ctrl Pts',(-62.0141625391334,-5.26206313094015,4.95280091454946));
#6022=CARTESIAN_POINT('Ctrl Pts',(-62.0141625391334,-5.26206313094015,5.95280091454946));
#6023=CARTESIAN_POINT('Ctrl Pts',(-61.9320718494919,-5.51087078679143,4.95280091454946));
#6024=CARTESIAN_POINT('Ctrl Pts',(-61.9320718494919,-5.51087078679143,5.95280091454946));
#6025=CARTESIAN_POINT('Ctrl Pts',(-61.7841910690528,-5.82131477144564,4.95280091454946));
#6026=CARTESIAN_POINT('Ctrl Pts',(-61.7841910690528,-5.82131477144564,5.95280091454946));
#6027=CARTESIAN_POINT('Ctrl Pts',(-61.5917277724109,-6.12198863136244,4.95280091454946));
#6028=CARTESIAN_POINT('Ctrl Pts',(-61.5917277724109,-6.12198863136244,5.95280091454946));
#6029=CARTESIAN_POINT('Ctrl Pts',(-61.3601128438776,-6.40179510410868,4.95280091454946));
#6030=CARTESIAN_POINT('Ctrl Pts',(-61.3601128438776,-6.40179510410868,5.95280091454946));
#6031=CARTESIAN_POINT('Ctrl Pts',(-61.0960825207855,-6.65212394926691,4.95280091454946));
#6032=CARTESIAN_POINT('Ctrl Pts',(-61.0960825207855,-6.65212394926691,5.95280091454946));
#6033=CARTESIAN_POINT('Ctrl Pts',(-60.8074803219774,-6.86540932465033,4.95280091454946));
#6034=CARTESIAN_POINT('Ctrl Pts',(-60.8074803219774,-6.86540932465033,5.95280091454946));
#6035=CARTESIAN_POINT('Ctrl Pts',(-60.5023464396765,-7.03527614531068,4.95280091454946));
#6036=CARTESIAN_POINT('Ctrl Pts',(-60.5023464396765,-7.03527614531068,5.95280091454946));
#6037=CARTESIAN_POINT('Ctrl Pts',(-60.1880739621529,-7.15665616167122,4.95280091454946));
#6038=CARTESIAN_POINT('Ctrl Pts',(-60.1880739621529,-7.15665616167122,5.95280091454946));
#6039=CARTESIAN_POINT('Ctrl Pts',(-59.8703672828237,-7.22600462833924,4.95280091454946));
#6040=CARTESIAN_POINT('Ctrl Pts',(-59.8703672828237,-7.22600462833924,5.95280091454946));
#6041=CARTESIAN_POINT('Ctrl Pts',(-59.5531910691726,-7.24112731417275,4.95280091454946));
#6042=CARTESIAN_POINT('Ctrl Pts',(-59.5531910691726,-7.24112731417275,5.95280091454946));
#6043=CARTESIAN_POINT('Ctrl Pts',(-59.2391714279779,-7.20083850788742,4.95280091454946));
#6044=CARTESIAN_POINT('Ctrl Pts',(-59.2391714279779,-7.20083850788742,5.95280091454946));
#6045=CARTESIAN_POINT('Ctrl Pts',(-58.9298429857241,-7.10469136092093,4.95280091454946));
#6046=CARTESIAN_POINT('Ctrl Pts',(-58.9298429857241,-7.10469136092093,5.95280091454946));
#6047=CARTESIAN_POINT('Ctrl Pts',(-58.6867291845145,-6.98309540621084,4.95280091454946));
#6048=CARTESIAN_POINT('Ctrl Pts',(-58.6867291845145,-6.98309540621084,5.95280091454946));
#6049=CARTESIAN_POINT('Ctrl Pts',(-58.5069417030825,-6.86686056764863,4.95280091454946));
#6050=CARTESIAN_POINT('Ctrl Pts',(-58.5069417030825,-6.86686056764863,5.95280091454946));
#6051=CARTESIAN_POINT('Ctrl Pts',(-58.3882137926043,-6.7782628340681,4.95280091454946));
#6052=CARTESIAN_POINT('Ctrl Pts',(-58.3882137926043,-6.7782628340681,5.95280091454946));
#6053=CARTESIAN_POINT('Ctrl Pts',(-58.3291324358112,-6.73118700761789,4.95280091454946));
#6054=CARTESIAN_POINT('Ctrl Pts',(-58.3291324358112,-6.73118700761789,5.95280091454946));
#6055=CARTESIAN_POINT('',(-62.0851102051379,-4.90620456466135,4.95280091454946));
#6056=CARTESIAN_POINT('Ctrl Pts',(-62.0851102051296,-4.90620456466014,4.95280091454946));
#6057=CARTESIAN_POINT('Ctrl Pts',(-62.0767779591649,-4.96307572492728,4.95280091454946));
#6058=CARTESIAN_POINT('Ctrl Pts',(-62.0563782747881,-5.08030228897614,4.95280091454946));
#6059=CARTESIAN_POINT('Ctrl Pts',(-62.0141625391335,-5.26206313094015,4.95280091454946));
#6060=CARTESIAN_POINT('Ctrl Pts',(-61.9320718494919,-5.51087078679143,4.95280091454946));
#6061=CARTESIAN_POINT('Ctrl Pts',(-61.7841910690528,-5.82131477144564,4.95280091454946));
#6062=CARTESIAN_POINT('Ctrl Pts',(-61.5917277724109,-6.12198863136244,4.95280091454946));
#6063=CARTESIAN_POINT('Ctrl Pts',(-61.3601128438776,-6.40179510410868,4.95280091454946));
#6064=CARTESIAN_POINT('Ctrl Pts',(-61.0960825207855,-6.65212394926691,4.95280091454946));
#6065=CARTESIAN_POINT('Ctrl Pts',(-60.8074803219774,-6.86540932465033,4.95280091454946));
#6066=CARTESIAN_POINT('Ctrl Pts',(-60.5023464396765,-7.03527614531068,4.95280091454946));
#6067=CARTESIAN_POINT('Ctrl Pts',(-60.1880739621529,-7.15665616167122,4.95280091454946));
#6068=CARTESIAN_POINT('Ctrl Pts',(-59.8703672828237,-7.22600462833924,4.95280091454946));
#6069=CARTESIAN_POINT('Ctrl Pts',(-59.5531910691726,-7.24112731417275,4.95280091454946));
#6070=CARTESIAN_POINT('Ctrl Pts',(-59.2391714279779,-7.20083850788742,4.95280091454946));
#6071=CARTESIAN_POINT('Ctrl Pts',(-58.9298429857241,-7.10469136092093,4.95280091454946));
#6072=CARTESIAN_POINT('Ctrl Pts',(-58.6867291845145,-6.98309540621084,4.95280091454946));
#6073=CARTESIAN_POINT('Ctrl Pts',(-58.5069417030825,-6.86686056764863,4.95280091454946));
#6074=CARTESIAN_POINT('Ctrl Pts',(-58.3882137926043,-6.7782628340681,4.95280091454946));
#6075=CARTESIAN_POINT('Ctrl Pts',(-58.3291324358112,-6.73118700761789,4.95280091454946));
#6076=CARTESIAN_POINT('',(-62.0851102051379,-4.90620456466135,5.95280091454946));
#6077=CARTESIAN_POINT('',(-62.0851102051379,-4.90620456466135,4.95280091454946));
#6078=CARTESIAN_POINT('Ctrl Pts',(-62.0851102051296,-4.90620456466014,5.95280091454946));
#6079=CARTESIAN_POINT('Ctrl Pts',(-62.0767779591649,-4.96307572492728,5.95280091454946));
#6080=CARTESIAN_POINT('Ctrl Pts',(-62.0563782747881,-5.08030228897614,5.95280091454946));
#6081=CARTESIAN_POINT('Ctrl Pts',(-62.0141625391335,-5.26206313094015,5.95280091454946));
#6082=CARTESIAN_POINT('Ctrl Pts',(-61.9320718494919,-5.51087078679143,5.95280091454946));
#6083=CARTESIAN_POINT('Ctrl Pts',(-61.7841910690528,-5.82131477144564,5.95280091454946));
#6084=CARTESIAN_POINT('Ctrl Pts',(-61.5917277724109,-6.12198863136244,5.95280091454946));
#6085=CARTESIAN_POINT('Ctrl Pts',(-61.3601128438776,-6.40179510410868,5.95280091454946));
#6086=CARTESIAN_POINT('Ctrl Pts',(-61.0960825207855,-6.65212394926691,5.95280091454946));
#6087=CARTESIAN_POINT('Ctrl Pts',(-60.8074803219774,-6.86540932465033,5.95280091454946));
#6088=CARTESIAN_POINT('Ctrl Pts',(-60.5023464396765,-7.03527614531068,5.95280091454946));
#6089=CARTESIAN_POINT('Ctrl Pts',(-60.1880739621529,-7.15665616167122,5.95280091454946));
#6090=CARTESIAN_POINT('Ctrl Pts',(-59.8703672828237,-7.22600462833924,5.95280091454946));
#6091=CARTESIAN_POINT('Ctrl Pts',(-59.5531910691726,-7.24112731417275,5.95280091454946));
#6092=CARTESIAN_POINT('Ctrl Pts',(-59.2391714279779,-7.20083850788742,5.95280091454946));
#6093=CARTESIAN_POINT('Ctrl Pts',(-58.9298429857241,-7.10469136092093,5.95280091454946));
#6094=CARTESIAN_POINT('Ctrl Pts',(-58.6867291845145,-6.98309540621084,5.95280091454946));
#6095=CARTESIAN_POINT('Ctrl Pts',(-58.5069417030825,-6.86686056764863,5.95280091454946));
#6096=CARTESIAN_POINT('Ctrl Pts',(-58.3882137926043,-6.7782628340681,5.95280091454946));
#6097=CARTESIAN_POINT('Ctrl Pts',(-58.3291324358112,-6.73118700761789,5.95280091454946));
#6098=CARTESIAN_POINT('Ctrl Pts',(-66.9840955629259,-2.49734756311287,4.95280091454946));
#6099=CARTESIAN_POINT('Ctrl Pts',(-66.9840955629259,-2.49734756311287,5.95280091454946));
#6100=CARTESIAN_POINT('Ctrl Pts',(-66.9831111722078,-2.5280680842463,4.95280091454946));
#6101=CARTESIAN_POINT('Ctrl Pts',(-66.9831111722078,-2.5280680842463,5.95280091454946));
#6102=CARTESIAN_POINT('Ctrl Pts',(-66.9814001431622,-2.58864524565792,4.95280091454946));
#6103=CARTESIAN_POINT('Ctrl Pts',(-66.9814001431622,-2.58864524565792,5.95280091454946));
#6104=CARTESIAN_POINT('Ctrl Pts',(-66.979606892079,-2.67691914922087,4.95280091454946));
#6105=CARTESIAN_POINT('Ctrl Pts',(-66.979606892079,-2.67691914922087,5.95280091454946));
#6106=CARTESIAN_POINT('Ctrl Pts',(-66.9787631777377,-2.78943232881628,4.95280091454946));
#6107=CARTESIAN_POINT('Ctrl Pts',(-66.9787631777377,-2.78943232881628,5.95280091454946));
#6108=CARTESIAN_POINT('Ctrl Pts',(-66.9801327237548,-2.92214312263628,4.95280091454946));
#6109=CARTESIAN_POINT('Ctrl Pts',(-66.9801327237548,-2.92214312263628,5.95280091454946));
#6110=CARTESIAN_POINT('Ctrl Pts',(-66.9834464365127,-3.04912506837784,4.95280091454946));
#6111=CARTESIAN_POINT('Ctrl Pts',(-66.9834464365127,-3.04912506837784,5.95280091454946));
#6112=CARTESIAN_POINT('Ctrl Pts',(-66.9877459219227,-3.1747548935405,4.95280091454946));
#6113=CARTESIAN_POINT('Ctrl Pts',(-66.9877459219227,-3.1747548935405,5.95280091454946));
#6114=CARTESIAN_POINT('Ctrl Pts',(-66.9913983408777,-3.30650814129908,4.95280091454946));
#6115=CARTESIAN_POINT('Ctrl Pts',(-66.9913983408777,-3.30650814129908,5.95280091454946));
#6116=CARTESIAN_POINT('Ctrl Pts',(-66.9924142143855,-3.45294020992817,4.95280091454946));
#6117=CARTESIAN_POINT('Ctrl Pts',(-66.9924142143855,-3.45294020992817,5.95280091454946));
#6118=CARTESIAN_POINT('Ctrl Pts',(-66.9888426118463,-3.62117898155792,4.95280091454946));
#6119=CARTESIAN_POINT('Ctrl Pts',(-66.9888426118463,-3.62117898155792,5.95280091454946));
#6120=CARTESIAN_POINT('Ctrl Pts',(-66.9791008578828,-3.81488772761457,4.95280091454946));
#6121=CARTESIAN_POINT('Ctrl Pts',(-66.9791008578828,-3.81488772761457,5.95280091454946));
#6122=CARTESIAN_POINT('Ctrl Pts',(-66.9624243795344,-4.03129704266238,4.95280091454946));
#6123=CARTESIAN_POINT('Ctrl Pts',(-66.9624243795344,-4.03129704266238,5.95280091454946));
#6124=CARTESIAN_POINT('Ctrl Pts',(-66.9388493291658,-4.2619174561698,4.95280091454946));
#6125=CARTESIAN_POINT('Ctrl Pts',(-66.9388493291658,-4.2619174561698,5.95280091454946));
#6126=CARTESIAN_POINT('Ctrl Pts',(-66.9088934094365,-4.49562886546631,4.95280091454946));
#6127=CARTESIAN_POINT('Ctrl Pts',(-66.9088934094365,-4.49562886546631,5.95280091454946));
#6128=CARTESIAN_POINT('Ctrl Pts',(-66.8733267386384,-4.72108122113744,4.95280091454946));
#6129=CARTESIAN_POINT('Ctrl Pts',(-66.8733267386384,-4.72108122113744,5.95280091454946));
#6130=CARTESIAN_POINT('Ctrl Pts',(-66.8329099382442,-4.92931277613493,4.95280091454946));
#6131=CARTESIAN_POINT('Ctrl Pts',(-66.8329099382442,-4.92931277613493,5.95280091454946));
#6132=CARTESIAN_POINT('Ctrl Pts',(-66.7881387870475,-5.116430541632,4.95280091454946));
#6133=CARTESIAN_POINT('Ctrl Pts',(-66.7881387870475,-5.116430541632,5.95280091454946));
#6134=CARTESIAN_POINT('Ctrl Pts',(-66.7390082541324,-5.28584632348373,4.95280091454946));
#6135=CARTESIAN_POINT('Ctrl Pts',(-66.7390082541324,-5.28584632348373,5.95280091454946));
#6136=CARTESIAN_POINT('Ctrl Pts',(-66.6850746460931,-5.4451573253606,4.95280091454946));
#6137=CARTESIAN_POINT('Ctrl Pts',(-66.6850746460931,-5.4451573253606,5.95280091454946));
#6138=CARTESIAN_POINT('Ctrl Pts',(-66.6254931689525,-5.60333637840907,4.95280091454946));
#6139=CARTESIAN_POINT('Ctrl Pts',(-66.6254931689525,-5.60333637840907,5.95280091454946));
#6140=CARTESIAN_POINT('Ctrl Pts',(-66.5590657859322,-5.76801008316796,4.95280091454946));
#6141=CARTESIAN_POINT('Ctrl Pts',(-66.5590657859322,-5.76801008316796,5.95280091454946));
#6142=CARTESIAN_POINT('Ctrl Pts',(-66.4842794210859,-5.94222548762887,4.95280091454946));
#6143=CARTESIAN_POINT('Ctrl Pts',(-66.4842794210859,-5.94222548762887,5.95280091454946));
#6144=CARTESIAN_POINT('Ctrl Pts',(-66.3993623177133,-6.12297211780983,4.95280091454946));
#6145=CARTESIAN_POINT('Ctrl Pts',(-66.3993623177133,-6.12297211780983,5.95280091454946));
#6146=CARTESIAN_POINT('Ctrl Pts',(-66.3023822200692,-6.30376221115004,4.95280091454946));
#6147=CARTESIAN_POINT('Ctrl Pts',(-66.3023822200692,-6.30376221115004,5.95280091454946));
#6148=CARTESIAN_POINT('Ctrl Pts',(-66.1913319131141,-6.47642317315002,4.95280091454946));
#6149=CARTESIAN_POINT('Ctrl Pts',(-66.1913319131141,-6.47642317315002,5.95280091454946));
#6150=CARTESIAN_POINT('Ctrl Pts',(-66.0642287691303,-6.63311543357882,4.95280091454946));
#6151=CARTESIAN_POINT('Ctrl Pts',(-66.0642287691303,-6.63311543357882,5.95280091454946));
#6152=CARTESIAN_POINT('Ctrl Pts',(-65.9191875775202,-6.7684480845632,4.95280091454946));
#6153=CARTESIAN_POINT('Ctrl Pts',(-65.9191875775202,-6.7684480845632,5.95280091454946));
#6154=CARTESIAN_POINT('Ctrl Pts',(-65.7545702145188,-6.88096351073677,4.95280091454946));
#6155=CARTESIAN_POINT('Ctrl Pts',(-65.7545702145188,-6.88096351073677,5.95280091454946));
#6156=CARTESIAN_POINT('Ctrl Pts',(-65.5694497624363,-6.97177453333089,4.95280091454946));
#6157=CARTESIAN_POINT('Ctrl Pts',(-65.5694497624363,-6.97177453333089,5.95280091454946));
#6158=CARTESIAN_POINT('Ctrl Pts',(-65.3640248227293,-7.04364107540756,4.95280091454946));
#6159=CARTESIAN_POINT('Ctrl Pts',(-65.3640248227293,-7.04364107540756,5.95280091454946));
#6160=CARTESIAN_POINT('Ctrl Pts',(-65.1400674225874,-7.09987191509842,4.95280091454946));
#6161=CARTESIAN_POINT('Ctrl Pts',(-65.1400674225874,-7.09987191509842,5.95280091454946));
#6162=CARTESIAN_POINT('Ctrl Pts',(-64.9013360600099,-7.14332386139331,4.95280091454946));
#6163=CARTESIAN_POINT('Ctrl Pts',(-64.9013360600099,-7.14332386139331,5.95280091454946));
#6164=CARTESIAN_POINT('Ctrl Pts',(-64.6540772780305,-7.17530520957416,4.95280091454946));
#6165=CARTESIAN_POINT('Ctrl Pts',(-64.6540772780305,-7.17530520957416,5.95280091454946));
#6166=CARTESIAN_POINT('Ctrl Pts',(-64.4059525859654,-7.19578226212165,4.95280091454946));
#6167=CARTESIAN_POINT('Ctrl Pts',(-64.4059525859654,-7.19578226212165,5.95280091454946));
#6168=CARTESIAN_POINT('Ctrl Pts',(-64.1648914787057,-7.20365386197127,4.95280091454946));
#6169=CARTESIAN_POINT('Ctrl Pts',(-64.1648914787057,-7.20365386197127,5.95280091454946));
#6170=CARTESIAN_POINT('Ctrl Pts',(-63.9379468430447,-7.19699590482164,4.95280091454946));
#6171=CARTESIAN_POINT('Ctrl Pts',(-63.9379468430447,-7.19699590482164,5.95280091454946));
#6172=CARTESIAN_POINT('Ctrl Pts',(-63.7302065135707,-7.17332310900348,4.95280091454946));
#6173=CARTESIAN_POINT('Ctrl Pts',(-63.7302065135707,-7.17332310900348,5.95280091454946));
#6174=CARTESIAN_POINT('Ctrl Pts',(-63.5435358502247,-7.12982601484354,4.95280091454946));
#6175=CARTESIAN_POINT('Ctrl Pts',(-63.5435358502247,-7.12982601484354,5.95280091454946));
#6176=CARTESIAN_POINT('Ctrl Pts',(-63.3758013809566,-7.0636646327785,4.95280091454946));
#6177=CARTESIAN_POINT('Ctrl Pts',(-63.3758013809566,-7.0636646327785,5.95280091454946));
#6178=CARTESIAN_POINT('Ctrl Pts',(-63.2225753818962,-6.97251072158446,4.95280091454946));
#6179=CARTESIAN_POINT('Ctrl Pts',(-63.2225753818962,-6.97251072158446,5.95280091454946));
#6180=CARTESIAN_POINT('Ctrl Pts',(-63.0785643677422,-6.85508567385721,4.95280091454946));
#6181=CARTESIAN_POINT('Ctrl Pts',(-63.0785643677422,-6.85508567385721,5.95280091454946));
#6182=CARTESIAN_POINT('Ctrl Pts',(-62.9390507725188,-6.71165122871586,4.95280091454946));
#6183=CARTESIAN_POINT('Ctrl Pts',(-62.9390507725188,-6.71165122871586,5.95280091454946));
#6184=CARTESIAN_POINT('Ctrl Pts',(-62.8015423128924,-6.54464803705434,4.95280091454946));
#6185=CARTESIAN_POINT('Ctrl Pts',(-62.8015423128924,-6.54464803705434,5.95280091454946));
#6186=CARTESIAN_POINT('Ctrl Pts',(-62.6666435661383,-6.35887614302902,4.95280091454946));
#6187=CARTESIAN_POINT('Ctrl Pts',(-62.6666435661383,-6.35887614302902,5.95280091454946));
#6188=CARTESIAN_POINT('Ctrl Pts',(-62.5369641888474,-6.16054046735776,4.95280091454946));
#6189=CARTESIAN_POINT('Ctrl Pts',(-62.5369641888474,-6.16054046735776,5.95280091454946));
#6190=CARTESIAN_POINT('Ctrl Pts',(-62.4164304425435,-5.95653592253911,4.95280091454946));
#6191=CARTESIAN_POINT('Ctrl Pts',(-62.4164304425435,-5.95653592253911,5.95280091454946));
#6192=CARTESIAN_POINT('Ctrl Pts',(-62.3094141771142,-5.75361161020786,4.95280091454946));
#6193=CARTESIAN_POINT('Ctrl Pts',(-62.3094141771142,-5.75361161020786,5.95280091454946));
#6194=CARTESIAN_POINT('Ctrl Pts',(-62.2200018399212,-5.55765300445977,4.95280091454946));
#6195=CARTESIAN_POINT('Ctrl Pts',(-62.2200018399212,-5.55765300445977,5.95280091454946));
#6196=CARTESIAN_POINT('Ctrl Pts',(-62.1510488989662,-5.37274374716446,4.95280091454946));
#6197=CARTESIAN_POINT('Ctrl Pts',(-62.1510488989662,-5.37274374716446,5.95280091454946));
#6198=CARTESIAN_POINT('Ctrl Pts',(-62.1041842031367,-5.20125714768061,4.95280091454946));
#6199=CARTESIAN_POINT('Ctrl Pts',(-62.1041842031367,-5.20125714768061,5.95280091454946));
#6200=CARTESIAN_POINT('Ctrl Pts',(-62.0849999746864,-5.07575144843437,4.95280091454946));
#6201=CARTESIAN_POINT('Ctrl Pts',(-62.0849999746864,-5.07575144843437,5.95280091454946));
#6202=CARTESIAN_POINT('Ctrl Pts',(-62.0810126580092,-4.98835937298203,4.95280091454946));
#6203=CARTESIAN_POINT('Ctrl Pts',(-62.0810126580092,-4.98835937298203,5.95280091454946));
#6204=CARTESIAN_POINT('Ctrl Pts',(-62.0829743803026,-4.93309072580848,4.95280091454946));
#6205=CARTESIAN_POINT('Ctrl Pts',(-62.0829743803026,-4.93309072580848,5.95280091454946));
#6206=CARTESIAN_POINT('Ctrl Pts',(-62.0851102051379,-4.90620456466135,4.95280091454946));
#6207=CARTESIAN_POINT('Ctrl Pts',(-62.0851102051379,-4.90620456466135,5.95280091454946));
#6208=CARTESIAN_POINT('',(-66.9840955629259,-2.49734756311287,4.95280091454946));
#6209=CARTESIAN_POINT('Ctrl Pts',(-66.9840955629259,-2.49734756311287,4.95280091454946));
#6210=CARTESIAN_POINT('Ctrl Pts',(-66.9831111722078,-2.5280680842463,4.95280091454946));
#6211=CARTESIAN_POINT('Ctrl Pts',(-66.9814001431622,-2.58864524565792,4.95280091454946));
#6212=CARTESIAN_POINT('Ctrl Pts',(-66.979606892079,-2.67691914922087,4.95280091454946));
#6213=CARTESIAN_POINT('Ctrl Pts',(-66.9787631777377,-2.78943232881628,4.95280091454946));
#6214=CARTESIAN_POINT('Ctrl Pts',(-66.9801327237548,-2.92214312263628,4.95280091454946));
#6215=CARTESIAN_POINT('Ctrl Pts',(-66.9834464365127,-3.04912506837784,4.95280091454946));
#6216=CARTESIAN_POINT('Ctrl Pts',(-66.9877459219227,-3.1747548935405,4.95280091454946));
#6217=CARTESIAN_POINT('Ctrl Pts',(-66.9913983408777,-3.30650814129908,4.95280091454946));
#6218=CARTESIAN_POINT('Ctrl Pts',(-66.9924142143855,-3.45294020992817,4.95280091454946));
#6219=CARTESIAN_POINT('Ctrl Pts',(-66.9888426118463,-3.62117898155792,4.95280091454946));
#6220=CARTESIAN_POINT('Ctrl Pts',(-66.9791008578828,-3.81488772761457,4.95280091454946));
#6221=CARTESIAN_POINT('Ctrl Pts',(-66.9624243795344,-4.03129704266238,4.95280091454946));
#6222=CARTESIAN_POINT('Ctrl Pts',(-66.9388493291658,-4.2619174561698,4.95280091454946));
#6223=CARTESIAN_POINT('Ctrl Pts',(-66.9088934094365,-4.49562886546631,4.95280091454946));
#6224=CARTESIAN_POINT('Ctrl Pts',(-66.8733267386384,-4.72108122113744,4.95280091454946));
#6225=CARTESIAN_POINT('Ctrl Pts',(-66.8329099382442,-4.92931277613493,4.95280091454946));
#6226=CARTESIAN_POINT('Ctrl Pts',(-66.7881387870475,-5.116430541632,4.95280091454946));
#6227=CARTESIAN_POINT('Ctrl Pts',(-66.7390082541324,-5.28584632348373,4.95280091454946));
#6228=CARTESIAN_POINT('Ctrl Pts',(-66.6850746460931,-5.4451573253606,4.95280091454946));
#6229=CARTESIAN_POINT('Ctrl Pts',(-66.6254931689525,-5.60333637840907,4.95280091454946));
#6230=CARTESIAN_POINT('Ctrl Pts',(-66.5590657859322,-5.76801008316796,4.95280091454946));
#6231=CARTESIAN_POINT('Ctrl Pts',(-66.4842794210859,-5.94222548762887,4.95280091454946));
#6232=CARTESIAN_POINT('Ctrl Pts',(-66.3993623177133,-6.12297211780983,4.95280091454946));
#6233=CARTESIAN_POINT('Ctrl Pts',(-66.3023822200692,-6.30376221115004,4.95280091454946));
#6234=CARTESIAN_POINT('Ctrl Pts',(-66.1913319131141,-6.47642317315002,4.95280091454946));
#6235=CARTESIAN_POINT('Ctrl Pts',(-66.0642287691303,-6.63311543357882,4.95280091454946));
#6236=CARTESIAN_POINT('Ctrl Pts',(-65.9191875775202,-6.7684480845632,4.95280091454946));
#6237=CARTESIAN_POINT('Ctrl Pts',(-65.7545702145188,-6.88096351073677,4.95280091454946));
#6238=CARTESIAN_POINT('Ctrl Pts',(-65.5694497624363,-6.97177453333089,4.95280091454946));
#6239=CARTESIAN_POINT('Ctrl Pts',(-65.3640248227293,-7.04364107540756,4.95280091454946));
#6240=CARTESIAN_POINT('Ctrl Pts',(-65.1400674225874,-7.09987191509842,4.95280091454946));
#6241=CARTESIAN_POINT('Ctrl Pts',(-64.9013360600099,-7.14332386139331,4.95280091454946));
#6242=CARTESIAN_POINT('Ctrl Pts',(-64.6540772780305,-7.17530520957416,4.95280091454946));
#6243=CARTESIAN_POINT('Ctrl Pts',(-64.4059525859654,-7.19578226212165,4.95280091454946));
#6244=CARTESIAN_POINT('Ctrl Pts',(-64.1648914787057,-7.20365386197127,4.95280091454946));
#6245=CARTESIAN_POINT('Ctrl Pts',(-63.9379468430447,-7.19699590482164,4.95280091454946));
#6246=CARTESIAN_POINT('Ctrl Pts',(-63.7302065135707,-7.17332310900348,4.95280091454946));
#6247=CARTESIAN_POINT('Ctrl Pts',(-63.5435358502247,-7.12982601484354,4.95280091454946));
#6248=CARTESIAN_POINT('Ctrl Pts',(-63.3758013809566,-7.0636646327785,4.95280091454946));
#6249=CARTESIAN_POINT('Ctrl Pts',(-63.2225753818962,-6.97251072158446,4.95280091454946));
#6250=CARTESIAN_POINT('Ctrl Pts',(-63.0785643677422,-6.85508567385721,4.95280091454946));
#6251=CARTESIAN_POINT('Ctrl Pts',(-62.9390507725188,-6.71165122871586,4.95280091454946));
#6252=CARTESIAN_POINT('Ctrl Pts',(-62.8015423128924,-6.54464803705434,4.95280091454946));
#6253=CARTESIAN_POINT('Ctrl Pts',(-62.6666435661383,-6.35887614302902,4.95280091454946));
#6254=CARTESIAN_POINT('Ctrl Pts',(-62.5369641888474,-6.16054046735776,4.95280091454946));
#6255=CARTESIAN_POINT('Ctrl Pts',(-62.4164304425435,-5.95653592253911,4.95280091454946));
#6256=CARTESIAN_POINT('Ctrl Pts',(-62.3094141771142,-5.75361161020786,4.95280091454946));
#6257=CARTESIAN_POINT('Ctrl Pts',(-62.2200018399212,-5.55765300445977,4.95280091454946));
#6258=CARTESIAN_POINT('Ctrl Pts',(-62.1510488989662,-5.37274374716446,4.95280091454946));
#6259=CARTESIAN_POINT('Ctrl Pts',(-62.1041842031367,-5.20125714768061,4.95280091454946));
#6260=CARTESIAN_POINT('Ctrl Pts',(-62.0849999746864,-5.07575144843437,4.95280091454946));
#6261=CARTESIAN_POINT('Ctrl Pts',(-62.0810126580092,-4.98835937298203,4.95280091454946));
#6262=CARTESIAN_POINT('Ctrl Pts',(-62.0829743803026,-4.93309072580848,4.95280091454946));
#6263=CARTESIAN_POINT('Ctrl Pts',(-62.0851102051379,-4.90620456466135,4.95280091454946));
#6264=CARTESIAN_POINT('',(-66.9840955629259,-2.49734756311287,5.95280091454946));
#6265=CARTESIAN_POINT('',(-66.9840955629259,-2.49734756311287,4.95280091454946));
#6266=CARTESIAN_POINT('Ctrl Pts',(-66.9840955629259,-2.49734756311287,5.95280091454946));
#6267=CARTESIAN_POINT('Ctrl Pts',(-66.9831111722078,-2.5280680842463,5.95280091454946));
#6268=CARTESIAN_POINT('Ctrl Pts',(-66.9814001431622,-2.58864524565792,5.95280091454946));
#6269=CARTESIAN_POINT('Ctrl Pts',(-66.979606892079,-2.67691914922087,5.95280091454946));
#6270=CARTESIAN_POINT('Ctrl Pts',(-66.9787631777377,-2.78943232881628,5.95280091454946));
#6271=CARTESIAN_POINT('Ctrl Pts',(-66.9801327237548,-2.92214312263628,5.95280091454946));
#6272=CARTESIAN_POINT('Ctrl Pts',(-66.9834464365127,-3.04912506837784,5.95280091454946));
#6273=CARTESIAN_POINT('Ctrl Pts',(-66.9877459219227,-3.1747548935405,5.95280091454946));
#6274=CARTESIAN_POINT('Ctrl Pts',(-66.9913983408777,-3.30650814129908,5.95280091454946));
#6275=CARTESIAN_POINT('Ctrl Pts',(-66.9924142143855,-3.45294020992817,5.95280091454946));
#6276=CARTESIAN_POINT('Ctrl Pts',(-66.9888426118463,-3.62117898155792,5.95280091454946));
#6277=CARTESIAN_POINT('Ctrl Pts',(-66.9791008578828,-3.81488772761457,5.95280091454946));
#6278=CARTESIAN_POINT('Ctrl Pts',(-66.9624243795344,-4.03129704266238,5.95280091454946));
#6279=CARTESIAN_POINT('Ctrl Pts',(-66.9388493291658,-4.2619174561698,5.95280091454946));
#6280=CARTESIAN_POINT('Ctrl Pts',(-66.9088934094365,-4.49562886546631,5.95280091454946));
#6281=CARTESIAN_POINT('Ctrl Pts',(-66.8733267386384,-4.72108122113744,5.95280091454946));
#6282=CARTESIAN_POINT('Ctrl Pts',(-66.8329099382442,-4.92931277613493,5.95280091454946));
#6283=CARTESIAN_POINT('Ctrl Pts',(-66.7881387870475,-5.116430541632,5.95280091454946));
#6284=CARTESIAN_POINT('Ctrl Pts',(-66.7390082541324,-5.28584632348373,5.95280091454946));
#6285=CARTESIAN_POINT('Ctrl Pts',(-66.6850746460931,-5.4451573253606,5.95280091454946));
#6286=CARTESIAN_POINT('Ctrl Pts',(-66.6254931689525,-5.60333637840907,5.95280091454946));
#6287=CARTESIAN_POINT('Ctrl Pts',(-66.5590657859322,-5.76801008316796,5.95280091454946));
#6288=CARTESIAN_POINT('Ctrl Pts',(-66.4842794210859,-5.94222548762887,5.95280091454946));
#6289=CARTESIAN_POINT('Ctrl Pts',(-66.3993623177133,-6.12297211780983,5.95280091454946));
#6290=CARTESIAN_POINT('Ctrl Pts',(-66.3023822200692,-6.30376221115004,5.95280091454946));
#6291=CARTESIAN_POINT('Ctrl Pts',(-66.1913319131141,-6.47642317315002,5.95280091454946));
#6292=CARTESIAN_POINT('Ctrl Pts',(-66.0642287691303,-6.63311543357882,5.95280091454946));
#6293=CARTESIAN_POINT('Ctrl Pts',(-65.9191875775202,-6.7684480845632,5.95280091454946));
#6294=CARTESIAN_POINT('Ctrl Pts',(-65.7545702145188,-6.88096351073677,5.95280091454946));
#6295=CARTESIAN_POINT('Ctrl Pts',(-65.5694497624363,-6.97177453333089,5.95280091454946));
#6296=CARTESIAN_POINT('Ctrl Pts',(-65.3640248227293,-7.04364107540756,5.95280091454946));
#6297=CARTESIAN_POINT('Ctrl Pts',(-65.1400674225874,-7.09987191509842,5.95280091454946));
#6298=CARTESIAN_POINT('Ctrl Pts',(-64.9013360600099,-7.14332386139331,5.95280091454946));
#6299=CARTESIAN_POINT('Ctrl Pts',(-64.6540772780305,-7.17530520957416,5.95280091454946));
#6300=CARTESIAN_POINT('Ctrl Pts',(-64.4059525859654,-7.19578226212165,5.95280091454946));
#6301=CARTESIAN_POINT('Ctrl Pts',(-64.1648914787057,-7.20365386197127,5.95280091454946));
#6302=CARTESIAN_POINT('Ctrl Pts',(-63.9379468430447,-7.19699590482164,5.95280091454946));
#6303=CARTESIAN_POINT('Ctrl Pts',(-63.7302065135707,-7.17332310900348,5.95280091454946));
#6304=CARTESIAN_POINT('Ctrl Pts',(-63.5435358502247,-7.12982601484354,5.95280091454946));
#6305=CARTESIAN_POINT('Ctrl Pts',(-63.3758013809566,-7.0636646327785,5.95280091454946));
#6306=CARTESIAN_POINT('Ctrl Pts',(-63.2225753818962,-6.97251072158446,5.95280091454946));
#6307=CARTESIAN_POINT('Ctrl Pts',(-63.0785643677422,-6.85508567385721,5.95280091454946));
#6308=CARTESIAN_POINT('Ctrl Pts',(-62.9390507725188,-6.71165122871586,5.95280091454946));
#6309=CARTESIAN_POINT('Ctrl Pts',(-62.8015423128924,-6.54464803705434,5.95280091454946));
#6310=CARTESIAN_POINT('Ctrl Pts',(-62.6666435661383,-6.35887614302902,5.95280091454946));
#6311=CARTESIAN_POINT('Ctrl Pts',(-62.5369641888474,-6.16054046735776,5.95280091454946));
#6312=CARTESIAN_POINT('Ctrl Pts',(-62.4164304425435,-5.95653592253911,5.95280091454946));
#6313=CARTESIAN_POINT('Ctrl Pts',(-62.3094141771142,-5.75361161020786,5.95280091454946));
#6314=CARTESIAN_POINT('Ctrl Pts',(-62.2200018399212,-5.55765300445977,5.95280091454946));
#6315=CARTESIAN_POINT('Ctrl Pts',(-62.1510488989662,-5.37274374716446,5.95280091454946));
#6316=CARTESIAN_POINT('Ctrl Pts',(-62.1041842031367,-5.20125714768061,5.95280091454946));
#6317=CARTESIAN_POINT('Ctrl Pts',(-62.0849999746864,-5.07575144843437,5.95280091454946));
#6318=CARTESIAN_POINT('Ctrl Pts',(-62.0810126580092,-4.98835937298203,5.95280091454946));
#6319=CARTESIAN_POINT('Ctrl Pts',(-62.0829743803026,-4.93309072580848,5.95280091454946));
#6320=CARTESIAN_POINT('Ctrl Pts',(-62.0851102051379,-4.90620456466135,5.95280091454946));
#6321=CARTESIAN_POINT('Ctrl Pts',(-67.937667436331,-2.38314733875296,4.95280091454946));
#6322=CARTESIAN_POINT('Ctrl Pts',(-67.937667436331,-2.38314733875296,5.95280091454946));
#6323=CARTESIAN_POINT('Ctrl Pts',(-67.9110775578976,-2.38870733109838,4.95280091454946));
#6324=CARTESIAN_POINT('Ctrl Pts',(-67.9110775578976,-2.38870733109838,5.95280091454946));
#6325=CARTESIAN_POINT('Ctrl Pts',(-67.8585437011289,-2.39954587966542,4.95280091454946));
#6326=CARTESIAN_POINT('Ctrl Pts',(-67.8585437011289,-2.39954587966542,5.95280091454946));
#6327=CARTESIAN_POINT('Ctrl Pts',(-67.7816805124833,-2.4149594393671,4.95280091454946));
#6328=CARTESIAN_POINT('Ctrl Pts',(-67.7816805124833,-2.4149594393671,5.95280091454946));
#6329=CARTESIAN_POINT('Ctrl Pts',(-67.683136105814,-2.43379415545046,4.95280091454946));
#6330=CARTESIAN_POINT('Ctrl Pts',(-67.683136105814,-2.43379415545046,5.95280091454946));
#6331=CARTESIAN_POINT('Ctrl Pts',(-67.5669769571915,-2.45427815442529,4.95280091454946));
#6332=CARTESIAN_POINT('Ctrl Pts',(-67.5669769571915,-2.45427815442529,5.95280091454946));
#6333=CARTESIAN_POINT('Ctrl Pts',(-67.4585014477082,-2.47141418423458,4.95280091454946));
#6334=CARTESIAN_POINT('Ctrl Pts',(-67.4585014477082,-2.47141418423458,5.95280091454946));
#6335=CARTESIAN_POINT('Ctrl Pts',(-67.3583931082427,-2.48490441200981,4.95280091454946));
#6336=CARTESIAN_POINT('Ctrl Pts',(-67.3583931082427,-2.48490441200981,5.95280091454946));
#6337=CARTESIAN_POINT('Ctrl Pts',(-67.2671223082813,-2.49454388505935,4.95280091454946));
#6338=CARTESIAN_POINT('Ctrl Pts',(-67.2671223082813,-2.49454388505935,5.95280091454946));
#6339=CARTESIAN_POINT('Ctrl Pts',(-67.1844773591351,-2.5004248418645,4.95280091454946));
#6340=CARTESIAN_POINT('Ctrl Pts',(-67.1844773591351,-2.5004248418645,5.95280091454946));
#6341=CARTESIAN_POINT('Ctrl Pts',(-67.1098634205218,-2.50280647040642,4.95280091454946));
#6342=CARTESIAN_POINT('Ctrl Pts',(-67.1098634205218,-2.50280647040642,5.95280091454946));
#6343=CARTESIAN_POINT('Ctrl Pts',(-67.0560987471194,-2.50212944688173,4.95280091454946));
#6344=CARTESIAN_POINT('Ctrl Pts',(-67.0560987471194,-2.50212944688173,5.95280091454946));
#6345=CARTESIAN_POINT('Ctrl Pts',(-67.0189011904178,-2.50025961908741,4.95280091454946));
#6346=CARTESIAN_POINT('Ctrl Pts',(-67.0189011904178,-2.50025961908741,5.95280091454946));
#6347=CARTESIAN_POINT('Ctrl Pts',(-66.9954696357253,-2.49841750837303,4.95280091454946));
#6348=CARTESIAN_POINT('Ctrl Pts',(-66.9954696357253,-2.49841750837303,5.95280091454946));
#6349=CARTESIAN_POINT('Ctrl Pts',(-66.9840955629259,-2.49734756311287,4.95280091454946));
#6350=CARTESIAN_POINT('Ctrl Pts',(-66.9840955629259,-2.49734756311287,5.95280091454946));
#6351=CARTESIAN_POINT('',(-67.937667436331,-2.38314733875296,4.95280091454946));
#6352=CARTESIAN_POINT('Ctrl Pts',(-67.937667436331,-2.38314733875296,4.95280091454946));
#6353=CARTESIAN_POINT('Ctrl Pts',(-67.9110775578976,-2.38870733109838,4.95280091454946));
#6354=CARTESIAN_POINT('Ctrl Pts',(-67.8585437011289,-2.39954587966542,4.95280091454946));
#6355=CARTESIAN_POINT('Ctrl Pts',(-67.7816805124833,-2.4149594393671,4.95280091454946));
#6356=CARTESIAN_POINT('Ctrl Pts',(-67.683136105814,-2.43379415545046,4.95280091454946));
#6357=CARTESIAN_POINT('Ctrl Pts',(-67.5669769571915,-2.45427815442529,4.95280091454946));
#6358=CARTESIAN_POINT('Ctrl Pts',(-67.4585014477082,-2.47141418423458,4.95280091454946));
#6359=CARTESIAN_POINT('Ctrl Pts',(-67.3583931082427,-2.48490441200981,4.95280091454946));
#6360=CARTESIAN_POINT('Ctrl Pts',(-67.2671223082813,-2.49454388505935,4.95280091454946));
#6361=CARTESIAN_POINT('Ctrl Pts',(-67.1844773591351,-2.5004248418645,4.95280091454946));
#6362=CARTESIAN_POINT('Ctrl Pts',(-67.1098634205218,-2.50280647040642,4.95280091454946));
#6363=CARTESIAN_POINT('Ctrl Pts',(-67.0560987471194,-2.50212944688173,4.95280091454946));
#6364=CARTESIAN_POINT('Ctrl Pts',(-67.0189011904178,-2.50025961908741,4.95280091454946));
#6365=CARTESIAN_POINT('Ctrl Pts',(-66.9954696357253,-2.49841750837303,4.95280091454946));
#6366=CARTESIAN_POINT('Ctrl Pts',(-66.9840955629259,-2.49734756311287,4.95280091454946));
#6367=CARTESIAN_POINT('',(-67.937667436331,-2.38314733875296,5.95280091454946));
#6368=CARTESIAN_POINT('',(-67.937667436331,-2.38314733875296,4.95280091454946));
#6369=CARTESIAN_POINT('Ctrl Pts',(-67.937667436331,-2.38314733875296,5.95280091454946));
#6370=CARTESIAN_POINT('Ctrl Pts',(-67.9110775578976,-2.38870733109838,5.95280091454946));
#6371=CARTESIAN_POINT('Ctrl Pts',(-67.8585437011289,-2.39954587966542,5.95280091454946));
#6372=CARTESIAN_POINT('Ctrl Pts',(-67.7816805124833,-2.4149594393671,5.95280091454946));
#6373=CARTESIAN_POINT('Ctrl Pts',(-67.683136105814,-2.43379415545046,5.95280091454946));
#6374=CARTESIAN_POINT('Ctrl Pts',(-67.5669769571915,-2.45427815442529,5.95280091454946));
#6375=CARTESIAN_POINT('Ctrl Pts',(-67.4585014477082,-2.47141418423458,5.95280091454946));
#6376=CARTESIAN_POINT('Ctrl Pts',(-67.3583931082427,-2.48490441200981,5.95280091454946));
#6377=CARTESIAN_POINT('Ctrl Pts',(-67.2671223082813,-2.49454388505935,5.95280091454946));
#6378=CARTESIAN_POINT('Ctrl Pts',(-67.1844773591351,-2.5004248418645,5.95280091454946));
#6379=CARTESIAN_POINT('Ctrl Pts',(-67.1098634205218,-2.50280647040642,5.95280091454946));
#6380=CARTESIAN_POINT('Ctrl Pts',(-67.0560987471194,-2.50212944688173,5.95280091454946));
#6381=CARTESIAN_POINT('Ctrl Pts',(-67.0189011904178,-2.50025961908741,5.95280091454946));
#6382=CARTESIAN_POINT('Ctrl Pts',(-66.9954696357253,-2.49841750837303,5.95280091454946));
#6383=CARTESIAN_POINT('Ctrl Pts',(-66.9840955629259,-2.49734756311287,5.95280091454946));
#6384=CARTESIAN_POINT('Ctrl Pts',(-67.3438262696595,-7.0996166048166,4.95280091454946));
#6385=CARTESIAN_POINT('Ctrl Pts',(-67.3438262696595,-7.0996166048166,5.95280091454946));
#6386=CARTESIAN_POINT('Ctrl Pts',(-67.3319026676886,-7.09484322606939,4.95280091454946));
#6387=CARTESIAN_POINT('Ctrl Pts',(-67.3319026676886,-7.09484322606939,5.95280091454946));
#6388=CARTESIAN_POINT('Ctrl Pts',(-67.3082786272513,-7.08288066226718,4.95280091454946));
#6389=CARTESIAN_POINT('Ctrl Pts',(-67.3082786272513,-7.08288066226718,5.95280091454946));
#6390=CARTESIAN_POINT('Ctrl Pts',(-67.2735120600101,-7.05768940272217,4.95280091454946));
#6391=CARTESIAN_POINT('Ctrl Pts',(-67.2735120600101,-7.05768940272217,5.95280091454946));
#6392=CARTESIAN_POINT('Ctrl Pts',(-67.2284980153,-7.00957992993331,4.95280091454946));
#6393=CARTESIAN_POINT('Ctrl Pts',(-67.2284980153,-7.00957992993331,5.95280091454946));
#6394=CARTESIAN_POINT('Ctrl Pts',(-67.1749177554482,-6.9256426491497,4.95280091454946));
#6395=CARTESIAN_POINT('Ctrl Pts',(-67.1749177554482,-6.9256426491497,5.95280091454946));
#6396=CARTESIAN_POINT('Ctrl Pts',(-67.1253570789782,-6.81937774799468,4.95280091454946));
#6397=CARTESIAN_POINT('Ctrl Pts',(-67.1253570789782,-6.81937774799468,5.95280091454946));
#6398=CARTESIAN_POINT('Ctrl Pts',(-67.0824696577725,-6.69394421610218,4.95280091454946));
#6399=CARTESIAN_POINT('Ctrl Pts',(-67.0824696577725,-6.69394421610218,5.95280091454946));
#6400=CARTESIAN_POINT('Ctrl Pts',(-67.05067544762,-6.55481322522812,4.95280091454946));
#6401=CARTESIAN_POINT('Ctrl Pts',(-67.05067544762,-6.55481322522812,5.95280091454946));
#6402=CARTESIAN_POINT('Ctrl Pts',(-67.0350168509361,-6.40847448424891,4.95280091454946));
#6403=CARTESIAN_POINT('Ctrl Pts',(-67.0350168509361,-6.40847448424891,5.95280091454946));
#6404=CARTESIAN_POINT('Ctrl Pts',(-67.0399641261612,-6.26109518032449,4.95280091454946));
#6405=CARTESIAN_POINT('Ctrl Pts',(-67.0399641261612,-6.26109518032449,5.95280091454946));
#6406=CARTESIAN_POINT('Ctrl Pts',(-67.0683253718462,-6.11729207601087,4.95280091454946));
#6407=CARTESIAN_POINT('Ctrl Pts',(-67.0683253718462,-6.11729207601087,5.95280091454946));
#6408=CARTESIAN_POINT('Ctrl Pts',(-67.1198849682483,-5.97862822720376,4.95280091454946));
#6409=CARTESIAN_POINT('Ctrl Pts',(-67.1198849682483,-5.97862822720376,5.95280091454946));
#6410=CARTESIAN_POINT('Ctrl Pts',(-67.1908087508586,-5.84290296442211,4.95280091454946));
#6411=CARTESIAN_POINT('Ctrl Pts',(-67.1908087508586,-5.84290296442211,5.95280091454946));
#6412=CARTESIAN_POINT('Ctrl Pts',(-67.2751761655846,-5.70564294889915,4.95280091454946));
#6413=CARTESIAN_POINT('Ctrl Pts',(-67.2751761655846,-5.70564294889915,5.95280091454946));
#6414=CARTESIAN_POINT('Ctrl Pts',(-67.3661318239284,-5.56119423734234,4.95280091454946));
#6415=CARTESIAN_POINT('Ctrl Pts',(-67.3661318239284,-5.56119423734234,5.95280091454946));
#6416=CARTESIAN_POINT('Ctrl Pts',(-67.4571184242282,-5.4039187311225,4.95280091454946));
#6417=CARTESIAN_POINT('Ctrl Pts',(-67.4571184242282,-5.4039187311225,5.95280091454946));
#6418=CARTESIAN_POINT('Ctrl Pts',(-67.543205903822,-5.22944459561008,4.95280091454946));
#6419=CARTESIAN_POINT('Ctrl Pts',(-67.543205903822,-5.22944459561008,5.95280091454946));
#6420=CARTESIAN_POINT('Ctrl Pts',(-67.6219743595612,-5.03559289309003,4.95280091454946));
#6421=CARTESIAN_POINT('Ctrl Pts',(-67.6219743595612,-5.03559289309003,5.95280091454946));
#6422=CARTESIAN_POINT('Ctrl Pts',(-67.6927204657657,-4.82205261423274,4.95280091454946));
#6423=CARTESIAN_POINT('Ctrl Pts',(-67.6927204657657,-4.82205261423274,5.95280091454946));
#6424=CARTESIAN_POINT('Ctrl Pts',(-67.7559544642869,-4.59027643115537,4.95280091454946));
#6425=CARTESIAN_POINT('Ctrl Pts',(-67.7559544642869,-4.59027643115537,5.95280091454946));
#6426=CARTESIAN_POINT('Ctrl Pts',(-67.8127896159705,-4.34330986429681,4.95280091454946));
#6427=CARTESIAN_POINT('Ctrl Pts',(-67.8127896159705,-4.34330986429681,5.95280091454946));
#6428=CARTESIAN_POINT('Ctrl Pts',(-67.8643969616861,-4.08565970897404,4.95280091454946));
#6429=CARTESIAN_POINT('Ctrl Pts',(-67.8643969616861,-4.08565970897404,5.95280091454946));
#6430=CARTESIAN_POINT('Ctrl Pts',(-67.9114073831761,-3.82317480900896,4.95280091454946));
#6431=CARTESIAN_POINT('Ctrl Pts',(-67.9114073831761,-3.82317480900896,5.95280091454946));
#6432=CARTESIAN_POINT('Ctrl Pts',(-67.9534155054826,-3.56289401155338,4.95280091454946));
#6433=CARTESIAN_POINT('Ctrl Pts',(-67.9534155054826,-3.56289401155338,5.95280091454946));
#6434=CARTESIAN_POINT('Ctrl Pts',(-67.9892996079932,-3.31248531637136,4.95280091454946));
#6435=CARTESIAN_POINT('Ctrl Pts',(-67.9892996079932,-3.31248531637136,5.95280091454946));
#6436=CARTESIAN_POINT('Ctrl Pts',(-68.0174683583141,-3.07972333783104,4.95280091454946));
#6437=CARTESIAN_POINT('Ctrl Pts',(-68.0174683583141,-3.07972333783104,5.95280091454946));
#6438=CARTESIAN_POINT('Ctrl Pts',(-68.0361308828598,-2.87195694317976,4.95280091454946));
#6439=CARTESIAN_POINT('Ctrl Pts',(-68.0361308828598,-2.87195694317976,5.95280091454946));
#6440=CARTESIAN_POINT('Ctrl Pts',(-68.043560427787,-2.69556503747945,4.95280091454946));
#6441=CARTESIAN_POINT('Ctrl Pts',(-68.043560427787,-2.69556503747945,5.95280091454946));
#6442=CARTESIAN_POINT('Ctrl Pts',(-68.0383530513984,-2.55543115414039,4.95280091454946));
#6443=CARTESIAN_POINT('Ctrl Pts',(-68.0383530513984,-2.55543115414039,5.95280091454946));
#6444=CARTESIAN_POINT('Ctrl Pts',(-68.0197185669097,-2.45432578791808,4.95280091454946));
#6445=CARTESIAN_POINT('Ctrl Pts',(-68.0197185669097,-2.45432578791808,5.95280091454946));
#6446=CARTESIAN_POINT('Ctrl Pts',(-67.9938043160827,-2.40562359464376,4.95280091454946));
#6447=CARTESIAN_POINT('Ctrl Pts',(-67.9938043160827,-2.40562359464376,5.95280091454946));
#6448=CARTESIAN_POINT('Ctrl Pts',(-67.9681498421499,-2.38731405047595,4.95280091454946));
#6449=CARTESIAN_POINT('Ctrl Pts',(-67.9681498421499,-2.38731405047595,5.95280091454946));
#6450=CARTESIAN_POINT('Ctrl Pts',(-67.9482880443885,-2.38318929824304,4.95280091454946));
#6451=CARTESIAN_POINT('Ctrl Pts',(-67.9482880443885,-2.38318929824304,5.95280091454946));
#6452=CARTESIAN_POINT('Ctrl Pts',(-67.937667436331,-2.38314733875296,4.95280091454946));
#6453=CARTESIAN_POINT('Ctrl Pts',(-67.937667436331,-2.38314733875296,5.95280091454946));
#6454=CARTESIAN_POINT('',(-67.3438262696595,-7.0996166048166,4.95280091454946));
#6455=CARTESIAN_POINT('Ctrl Pts',(-67.3438262696595,-7.0996166048166,4.95280091454946));
#6456=CARTESIAN_POINT('Ctrl Pts',(-67.3319026676886,-7.09484322606939,4.95280091454946));
#6457=CARTESIAN_POINT('Ctrl Pts',(-67.3082786272513,-7.08288066226718,4.95280091454946));
#6458=CARTESIAN_POINT('Ctrl Pts',(-67.2735120600101,-7.05768940272217,4.95280091454946));
#6459=CARTESIAN_POINT('Ctrl Pts',(-67.2284980153,-7.00957992993331,4.95280091454946));
#6460=CARTESIAN_POINT('Ctrl Pts',(-67.1749177554482,-6.9256426491497,4.95280091454946));
#6461=CARTESIAN_POINT('Ctrl Pts',(-67.1253570789782,-6.81937774799468,4.95280091454946));
#6462=CARTESIAN_POINT('Ctrl Pts',(-67.0824696577725,-6.69394421610218,4.95280091454946));
#6463=CARTESIAN_POINT('Ctrl Pts',(-67.05067544762,-6.55481322522812,4.95280091454946));
#6464=CARTESIAN_POINT('Ctrl Pts',(-67.0350168509361,-6.40847448424891,4.95280091454946));
#6465=CARTESIAN_POINT('Ctrl Pts',(-67.0399641261612,-6.26109518032449,4.95280091454946));
#6466=CARTESIAN_POINT('Ctrl Pts',(-67.0683253718462,-6.11729207601087,4.95280091454946));
#6467=CARTESIAN_POINT('Ctrl Pts',(-67.1198849682483,-5.97862822720376,4.95280091454946));
#6468=CARTESIAN_POINT('Ctrl Pts',(-67.1908087508586,-5.84290296442211,4.95280091454946));
#6469=CARTESIAN_POINT('Ctrl Pts',(-67.2751761655846,-5.70564294889915,4.95280091454946));
#6470=CARTESIAN_POINT('Ctrl Pts',(-67.3661318239284,-5.56119423734234,4.95280091454946));
#6471=CARTESIAN_POINT('Ctrl Pts',(-67.4571184242282,-5.4039187311225,4.95280091454946));
#6472=CARTESIAN_POINT('Ctrl Pts',(-67.543205903822,-5.22944459561008,4.95280091454946));
#6473=CARTESIAN_POINT('Ctrl Pts',(-67.6219743595612,-5.03559289309003,4.95280091454946));
#6474=CARTESIAN_POINT('Ctrl Pts',(-67.6927204657657,-4.82205261423274,4.95280091454946));
#6475=CARTESIAN_POINT('Ctrl Pts',(-67.7559544642869,-4.59027643115537,4.95280091454946));
#6476=CARTESIAN_POINT('Ctrl Pts',(-67.8127896159705,-4.34330986429681,4.95280091454946));
#6477=CARTESIAN_POINT('Ctrl Pts',(-67.8643969616861,-4.08565970897404,4.95280091454946));
#6478=CARTESIAN_POINT('Ctrl Pts',(-67.9114073831761,-3.82317480900896,4.95280091454946));
#6479=CARTESIAN_POINT('Ctrl Pts',(-67.9534155054826,-3.56289401155338,4.95280091454946));
#6480=CARTESIAN_POINT('Ctrl Pts',(-67.9892996079932,-3.31248531637136,4.95280091454946));
#6481=CARTESIAN_POINT('Ctrl Pts',(-68.0174683583141,-3.07972333783104,4.95280091454946));
#6482=CARTESIAN_POINT('Ctrl Pts',(-68.0361308828598,-2.87195694317976,4.95280091454946));
#6483=CARTESIAN_POINT('Ctrl Pts',(-68.043560427787,-2.69556503747945,4.95280091454946));
#6484=CARTESIAN_POINT('Ctrl Pts',(-68.0383530513984,-2.55543115414039,4.95280091454946));
#6485=CARTESIAN_POINT('Ctrl Pts',(-68.0197185669097,-2.45432578791808,4.95280091454946));
#6486=CARTESIAN_POINT('Ctrl Pts',(-67.9938043160827,-2.40562359464376,4.95280091454946));
#6487=CARTESIAN_POINT('Ctrl Pts',(-67.9681498421499,-2.38731405047595,4.95280091454946));
#6488=CARTESIAN_POINT('Ctrl Pts',(-67.9482880443885,-2.38318929824304,4.95280091454946));
#6489=CARTESIAN_POINT('Ctrl Pts',(-67.937667436331,-2.38314733875296,4.95280091454946));
#6490=CARTESIAN_POINT('',(-67.3438262696595,-7.0996166048166,5.95280091454946));
#6491=CARTESIAN_POINT('',(-67.3438262696595,-7.0996166048166,4.95280091454946));
#6492=CARTESIAN_POINT('Ctrl Pts',(-67.3438262696595,-7.0996166048166,5.95280091454946));
#6493=CARTESIAN_POINT('Ctrl Pts',(-67.3319026676886,-7.09484322606939,5.95280091454946));
#6494=CARTESIAN_POINT('Ctrl Pts',(-67.3082786272513,-7.08288066226718,5.95280091454946));
#6495=CARTESIAN_POINT('Ctrl Pts',(-67.2735120600101,-7.05768940272217,5.95280091454946));
#6496=CARTESIAN_POINT('Ctrl Pts',(-67.2284980153,-7.00957992993331,5.95280091454946));
#6497=CARTESIAN_POINT('Ctrl Pts',(-67.1749177554482,-6.9256426491497,5.95280091454946));
#6498=CARTESIAN_POINT('Ctrl Pts',(-67.1253570789782,-6.81937774799468,5.95280091454946));
#6499=CARTESIAN_POINT('Ctrl Pts',(-67.0824696577725,-6.69394421610218,5.95280091454946));
#6500=CARTESIAN_POINT('Ctrl Pts',(-67.05067544762,-6.55481322522812,5.95280091454946));
#6501=CARTESIAN_POINT('Ctrl Pts',(-67.0350168509361,-6.40847448424891,5.95280091454946));
#6502=CARTESIAN_POINT('Ctrl Pts',(-67.0399641261612,-6.26109518032449,5.95280091454946));
#6503=CARTESIAN_POINT('Ctrl Pts',(-67.0683253718462,-6.11729207601087,5.95280091454946));
#6504=CARTESIAN_POINT('Ctrl Pts',(-67.1198849682483,-5.97862822720376,5.95280091454946));
#6505=CARTESIAN_POINT('Ctrl Pts',(-67.1908087508586,-5.84290296442211,5.95280091454946));
#6506=CARTESIAN_POINT('Ctrl Pts',(-67.2751761655846,-5.70564294889915,5.95280091454946));
#6507=CARTESIAN_POINT('Ctrl Pts',(-67.3661318239284,-5.56119423734234,5.95280091454946));
#6508=CARTESIAN_POINT('Ctrl Pts',(-67.4571184242282,-5.4039187311225,5.95280091454946));
#6509=CARTESIAN_POINT('Ctrl Pts',(-67.543205903822,-5.22944459561008,5.95280091454946));
#6510=CARTESIAN_POINT('Ctrl Pts',(-67.6219743595612,-5.03559289309003,5.95280091454946));
#6511=CARTESIAN_POINT('Ctrl Pts',(-67.6927204657657,-4.82205261423274,5.95280091454946));
#6512=CARTESIAN_POINT('Ctrl Pts',(-67.7559544642869,-4.59027643115537,5.95280091454946));
#6513=CARTESIAN_POINT('Ctrl Pts',(-67.8127896159705,-4.34330986429681,5.95280091454946));
#6514=CARTESIAN_POINT('Ctrl Pts',(-67.8643969616861,-4.08565970897404,5.95280091454946));
#6515=CARTESIAN_POINT('Ctrl Pts',(-67.9114073831761,-3.82317480900896,5.95280091454946));
#6516=CARTESIAN_POINT('Ctrl Pts',(-67.9534155054826,-3.56289401155338,5.95280091454946));
#6517=CARTESIAN_POINT('Ctrl Pts',(-67.9892996079932,-3.31248531637136,5.95280091454946));
#6518=CARTESIAN_POINT('Ctrl Pts',(-68.0174683583141,-3.07972333783104,5.95280091454946));
#6519=CARTESIAN_POINT('Ctrl Pts',(-68.0361308828598,-2.87195694317976,5.95280091454946));
#6520=CARTESIAN_POINT('Ctrl Pts',(-68.043560427787,-2.69556503747945,5.95280091454946));
#6521=CARTESIAN_POINT('Ctrl Pts',(-68.0383530513984,-2.55543115414039,5.95280091454946));
#6522=CARTESIAN_POINT('Ctrl Pts',(-68.0197185669097,-2.45432578791808,5.95280091454946));
#6523=CARTESIAN_POINT('Ctrl Pts',(-67.9938043160827,-2.40562359464376,5.95280091454946));
#6524=CARTESIAN_POINT('Ctrl Pts',(-67.9681498421499,-2.38731405047595,5.95280091454946));
#6525=CARTESIAN_POINT('Ctrl Pts',(-67.9482880443885,-2.38318929824304,5.95280091454946));
#6526=CARTESIAN_POINT('Ctrl Pts',(-67.937667436331,-2.38314733875296,5.95280091454946));
#6527=CARTESIAN_POINT('Ctrl Pts',(-69.2452600052518,-2.32604722657302,4.95280091454946));
#6528=CARTESIAN_POINT('Ctrl Pts',(-69.2452600052518,-2.32604722657302,5.95280091454946));
#6529=CARTESIAN_POINT('Ctrl Pts',(-69.2333021203868,-2.32863935745201,4.95280091454946));
#6530=CARTESIAN_POINT('Ctrl Pts',(-69.2333021203868,-2.32863935745201,5.95280091454946));
#6531=CARTESIAN_POINT('Ctrl Pts',(-69.2104028723362,-2.33406396297962,4.95280091454946));
#6532=CARTESIAN_POINT('Ctrl Pts',(-69.2104028723362,-2.33406396297962,5.95280091454946));
#6533=CARTESIAN_POINT('Ctrl Pts',(-69.1791038327138,-2.34292345727615,4.95280091454946));
#6534=CARTESIAN_POINT('Ctrl Pts',(-69.1791038327138,-2.34292345727615,5.95280091454946));
#6535=CARTESIAN_POINT('Ctrl Pts',(-69.1434772329532,-2.35616969574296,4.95280091454946));
#6536=CARTESIAN_POINT('Ctrl Pts',(-69.1434772329532,-2.35616969574296,5.95280091454946));
#6537=CARTESIAN_POINT('Ctrl Pts',(-69.1093941483567,-2.37691516279569,4.95280091454946));
#6538=CARTESIAN_POINT('Ctrl Pts',(-69.1093941483567,-2.37691516279569,5.95280091454946));
#6539=CARTESIAN_POINT('Ctrl Pts',(-69.0864595888487,-2.40697644828804,4.95280091454946));
#6540=CARTESIAN_POINT('Ctrl Pts',(-69.0864595888487,-2.40697644828804,5.95280091454946));
#6541=CARTESIAN_POINT('Ctrl Pts',(-69.0760987539383,-2.45713090552497,4.95280091454946));
#6542=CARTESIAN_POINT('Ctrl Pts',(-69.0760987539383,-2.45713090552497,5.95280091454946));
#6543=CARTESIAN_POINT('Ctrl Pts',(-69.0797135044924,-2.53983639854658,4.95280091454946));
#6544=CARTESIAN_POINT('Ctrl Pts',(-69.0797135044924,-2.53983639854658,5.95280091454946));
#6545=CARTESIAN_POINT('Ctrl Pts',(-69.0978874095543,-2.66484778870565,4.95280091454946));
#6546=CARTESIAN_POINT('Ctrl Pts',(-69.0978874095543,-2.66484778870565,5.95280091454946));
#6547=CARTESIAN_POINT('Ctrl Pts',(-69.1293686272277,-2.83388367406592,4.95280091454946));
#6548=CARTESIAN_POINT('Ctrl Pts',(-69.1293686272277,-2.83388367406592,5.95280091454946));
#6549=CARTESIAN_POINT('Ctrl Pts',(-69.1709925983319,-3.03963507713419,4.95280091454946));
#6550=CARTESIAN_POINT('Ctrl Pts',(-69.1709925983319,-3.03963507713419,5.95280091454946));
#6551=CARTESIAN_POINT('Ctrl Pts',(-69.2187068174916,-3.26991615040559,4.95280091454946));
#6552=CARTESIAN_POINT('Ctrl Pts',(-69.2187068174916,-3.26991615040559,5.95280091454946));
#6553=CARTESIAN_POINT('Ctrl Pts',(-69.2683022333961,-3.51043787913762,4.95280091454946));
#6554=CARTESIAN_POINT('Ctrl Pts',(-69.2683022333961,-3.51043787913762,5.95280091454946));
#6555=CARTESIAN_POINT('Ctrl Pts',(-69.316254901447,-3.74810271922298,4.95280091454946));
#6556=CARTESIAN_POINT('Ctrl Pts',(-69.316254901447,-3.74810271922298,5.95280091454946));
#6557=CARTESIAN_POINT('Ctrl Pts',(-69.3605375600869,-3.97412461849324,4.95280091454946));
#6558=CARTESIAN_POINT('Ctrl Pts',(-69.3605375600869,-3.97412461849324,5.95280091454946));
#6559=CARTESIAN_POINT('Ctrl Pts',(-69.4014084413584,-4.18710434048873,4.95280091454946));
#6560=CARTESIAN_POINT('Ctrl Pts',(-69.4014084413584,-4.18710434048873,5.95280091454946));
#6561=CARTESIAN_POINT('Ctrl Pts',(-69.4404846153546,-4.39069218336147,4.95280091454946));
#6562=CARTESIAN_POINT('Ctrl Pts',(-69.4404846153546,-4.39069218336147,5.95280091454946));
#6563=CARTESIAN_POINT('Ctrl Pts',(-69.4798967288278,-4.5914927979931,4.95280091454946));
#6564=CARTESIAN_POINT('Ctrl Pts',(-69.4798967288278,-4.5914927979931,5.95280091454946));
#6565=CARTESIAN_POINT('Ctrl Pts',(-69.5213761816099,-4.79681561286176,4.95280091454946));
#6566=CARTESIAN_POINT('Ctrl Pts',(-69.5213761816099,-4.79681561286176,5.95280091454946));
#6567=CARTESIAN_POINT('Ctrl Pts',(-69.5654641067582,-5.01268851186961,4.95280091454946));
#6568=CARTESIAN_POINT('Ctrl Pts',(-69.5654641067582,-5.01268851186961,5.95280091454946));
#6569=CARTESIAN_POINT('Ctrl Pts',(-69.6104299908122,-5.24128513912974,4.95280091454946));
#6570=CARTESIAN_POINT('Ctrl Pts',(-69.6104299908122,-5.24128513912974,5.95280091454946));
#6571=CARTESIAN_POINT('Ctrl Pts',(-69.6522663607957,-5.48052721995567,4.95280091454946));
#6572=CARTESIAN_POINT('Ctrl Pts',(-69.6522663607957,-5.48052721995567,5.95280091454946));
#6573=CARTESIAN_POINT('Ctrl Pts',(-69.6856237411015,-5.72557683943033,4.95280091454946));
#6574=CARTESIAN_POINT('Ctrl Pts',(-69.6856237411015,-5.72557683943033,5.95280091454946));
#6575=CARTESIAN_POINT('Ctrl Pts',(-69.7044617033057,-5.96976575378017,4.95280091454946));
#6576=CARTESIAN_POINT('Ctrl Pts',(-69.7044617033057,-5.96976575378017,5.95280091454946));
#6577=CARTESIAN_POINT('Ctrl Pts',(-69.7028386605081,-6.20577624430932,4.95280091454946));
#6578=CARTESIAN_POINT('Ctrl Pts',(-69.7028386605081,-6.20577624430932,5.95280091454946));
#6579=CARTESIAN_POINT('Ctrl Pts',(-69.6755816015992,-6.42663113706154,4.95280091454946));
#6580=CARTESIAN_POINT('Ctrl Pts',(-69.6755816015992,-6.42663113706154,5.95280091454946));
#6581=CARTESIAN_POINT('Ctrl Pts',(-69.6191692277724,-6.62696369172112,4.95280091454946));
#6582=CARTESIAN_POINT('Ctrl Pts',(-69.6191692277724,-6.62696369172112,5.95280091454946));
#6583=CARTESIAN_POINT('Ctrl Pts',(-69.5316701072383,-6.80308664631417,4.95280091454946));
#6584=CARTESIAN_POINT('Ctrl Pts',(-69.5316701072383,-6.80308664631417,5.95280091454946));
#6585=CARTESIAN_POINT('Ctrl Pts',(-69.4122919372857,-6.95256840922391,4.95280091454946));
#6586=CARTESIAN_POINT('Ctrl Pts',(-69.4122919372857,-6.95256840922391,5.95280091454946));
#6587=CARTESIAN_POINT('Ctrl Pts',(-69.2610565916816,-7.07397036939077,4.95280091454946));
#6588=CARTESIAN_POINT('Ctrl Pts',(-69.2610565916816,-7.07397036939077,5.95280091454946));
#6589=CARTESIAN_POINT('Ctrl Pts',(-69.078450523013,-7.16653924409631,4.95280091454946));
#6590=CARTESIAN_POINT('Ctrl Pts',(-69.078450523013,-7.16653924409631,5.95280091454946));
#6591=CARTESIAN_POINT('Ctrl Pts',(-68.8650460949152,-7.22989426916912,4.95280091454946));
#6592=CARTESIAN_POINT('Ctrl Pts',(-68.8650460949152,-7.22989426916912,5.95280091454946));
#6593=CARTESIAN_POINT('Ctrl Pts',(-68.6213408678734,-7.26386085270659,4.95280091454946));
#6594=CARTESIAN_POINT('Ctrl Pts',(-68.6213408678734,-7.26386085270659,5.95280091454946));
#6595=CARTESIAN_POINT('Ctrl Pts',(-68.3477780741609,-7.26843315565562,4.95280091454946));
#6596=CARTESIAN_POINT('Ctrl Pts',(-68.3477780741609,-7.26843315565562,5.95280091454946));
#6597=CARTESIAN_POINT('Ctrl Pts',(-68.0447171472426,-7.24370275568327,4.95280091454946));
#6598=CARTESIAN_POINT('Ctrl Pts',(-68.0447171472426,-7.24370275568327,5.95280091454946));
#6599=CARTESIAN_POINT('Ctrl Pts',(-67.7788858109938,-7.20058491624075,4.95280091454946));
#6600=CARTESIAN_POINT('Ctrl Pts',(-67.7788858109938,-7.20058491624075,5.95280091454946));
#6601=CARTESIAN_POINT('Ctrl Pts',(-67.566434913533,-7.15517670318954,4.95280091454946));
#6602=CARTESIAN_POINT('Ctrl Pts',(-67.566434913533,-7.15517670318954,5.95280091454946));
#6603=CARTESIAN_POINT('Ctrl Pts',(-67.4189965564038,-7.1191034846112,4.95280091454946));
#6604=CARTESIAN_POINT('Ctrl Pts',(-67.4189965564038,-7.1191034846112,5.95280091454946));
#6605=CARTESIAN_POINT('Ctrl Pts',(-67.3438262696595,-7.0996166048166,4.95280091454946));
#6606=CARTESIAN_POINT('Ctrl Pts',(-67.3438262696595,-7.0996166048166,5.95280091454946));
#6607=CARTESIAN_POINT('',(-69.2452600052518,-2.32604722657302,4.95280091454946));
#6608=CARTESIAN_POINT('Ctrl Pts',(-69.2452600052518,-2.32604722657302,4.95280091454946));
#6609=CARTESIAN_POINT('Ctrl Pts',(-69.2333021203868,-2.32863935745201,4.95280091454946));
#6610=CARTESIAN_POINT('Ctrl Pts',(-69.2104028723362,-2.33406396297962,4.95280091454946));
#6611=CARTESIAN_POINT('Ctrl Pts',(-69.1791038327138,-2.34292345727615,4.95280091454946));
#6612=CARTESIAN_POINT('Ctrl Pts',(-69.1434772329532,-2.35616969574296,4.95280091454946));
#6613=CARTESIAN_POINT('Ctrl Pts',(-69.1093941483567,-2.37691516279569,4.95280091454946));
#6614=CARTESIAN_POINT('Ctrl Pts',(-69.0864595888487,-2.40697644828804,4.95280091454946));
#6615=CARTESIAN_POINT('Ctrl Pts',(-69.0760987539383,-2.45713090552497,4.95280091454946));
#6616=CARTESIAN_POINT('Ctrl Pts',(-69.0797135044924,-2.53983639854658,4.95280091454946));
#6617=CARTESIAN_POINT('Ctrl Pts',(-69.0978874095543,-2.66484778870565,4.95280091454946));
#6618=CARTESIAN_POINT('Ctrl Pts',(-69.1293686272277,-2.83388367406592,4.95280091454946));
#6619=CARTESIAN_POINT('Ctrl Pts',(-69.1709925983319,-3.03963507713419,4.95280091454946));
#6620=CARTESIAN_POINT('Ctrl Pts',(-69.2187068174916,-3.26991615040559,4.95280091454946));
#6621=CARTESIAN_POINT('Ctrl Pts',(-69.2683022333961,-3.51043787913762,4.95280091454946));
#6622=CARTESIAN_POINT('Ctrl Pts',(-69.316254901447,-3.74810271922298,4.95280091454946));
#6623=CARTESIAN_POINT('Ctrl Pts',(-69.3605375600869,-3.97412461849324,4.95280091454946));
#6624=CARTESIAN_POINT('Ctrl Pts',(-69.4014084413584,-4.18710434048873,4.95280091454946));
#6625=CARTESIAN_POINT('Ctrl Pts',(-69.4404846153546,-4.39069218336147,4.95280091454946));
#6626=CARTESIAN_POINT('Ctrl Pts',(-69.4798967288278,-4.5914927979931,4.95280091454946));
#6627=CARTESIAN_POINT('Ctrl Pts',(-69.5213761816099,-4.79681561286176,4.95280091454946));
#6628=CARTESIAN_POINT('Ctrl Pts',(-69.5654641067582,-5.01268851186961,4.95280091454946));
#6629=CARTESIAN_POINT('Ctrl Pts',(-69.6104299908122,-5.24128513912974,4.95280091454946));
#6630=CARTESIAN_POINT('Ctrl Pts',(-69.6522663607957,-5.48052721995567,4.95280091454946));
#6631=CARTESIAN_POINT('Ctrl Pts',(-69.6856237411015,-5.72557683943033,4.95280091454946));
#6632=CARTESIAN_POINT('Ctrl Pts',(-69.7044617033057,-5.96976575378017,4.95280091454946));
#6633=CARTESIAN_POINT('Ctrl Pts',(-69.7028386605081,-6.20577624430932,4.95280091454946));
#6634=CARTESIAN_POINT('Ctrl Pts',(-69.6755816015992,-6.42663113706154,4.95280091454946));
#6635=CARTESIAN_POINT('Ctrl Pts',(-69.6191692277724,-6.62696369172112,4.95280091454946));
#6636=CARTESIAN_POINT('Ctrl Pts',(-69.5316701072383,-6.80308664631417,4.95280091454946));
#6637=CARTESIAN_POINT('Ctrl Pts',(-69.4122919372857,-6.95256840922391,4.95280091454946));
#6638=CARTESIAN_POINT('Ctrl Pts',(-69.2610565916816,-7.07397036939077,4.95280091454946));
#6639=CARTESIAN_POINT('Ctrl Pts',(-69.078450523013,-7.16653924409631,4.95280091454946));
#6640=CARTESIAN_POINT('Ctrl Pts',(-68.8650460949152,-7.22989426916912,4.95280091454946));
#6641=CARTESIAN_POINT('Ctrl Pts',(-68.6213408678734,-7.26386085270659,4.95280091454946));
#6642=CARTESIAN_POINT('Ctrl Pts',(-68.3477780741609,-7.26843315565562,4.95280091454946));
#6643=CARTESIAN_POINT('Ctrl Pts',(-68.0447171472426,-7.24370275568327,4.95280091454946));
#6644=CARTESIAN_POINT('Ctrl Pts',(-67.7788858109938,-7.20058491624075,4.95280091454946));
#6645=CARTESIAN_POINT('Ctrl Pts',(-67.566434913533,-7.15517670318954,4.95280091454946));
#6646=CARTESIAN_POINT('Ctrl Pts',(-67.4189965564038,-7.1191034846112,4.95280091454946));
#6647=CARTESIAN_POINT('Ctrl Pts',(-67.3438262696595,-7.0996166048166,4.95280091454946));
#6648=CARTESIAN_POINT('',(-69.2452600052518,-2.32604722657302,5.95280091454946));
#6649=CARTESIAN_POINT('',(-69.2452600052518,-2.32604722657302,4.95280091454946));
#6650=CARTESIAN_POINT('Ctrl Pts',(-69.2452600052518,-2.32604722657302,5.95280091454946));
#6651=CARTESIAN_POINT('Ctrl Pts',(-69.2333021203868,-2.32863935745201,5.95280091454946));
#6652=CARTESIAN_POINT('Ctrl Pts',(-69.2104028723362,-2.33406396297962,5.95280091454946));
#6653=CARTESIAN_POINT('Ctrl Pts',(-69.1791038327138,-2.34292345727615,5.95280091454946));
#6654=CARTESIAN_POINT('Ctrl Pts',(-69.1434772329532,-2.35616969574296,5.95280091454946));
#6655=CARTESIAN_POINT('Ctrl Pts',(-69.1093941483567,-2.37691516279569,5.95280091454946));
#6656=CARTESIAN_POINT('Ctrl Pts',(-69.0864595888487,-2.40697644828804,5.95280091454946));
#6657=CARTESIAN_POINT('Ctrl Pts',(-69.0760987539383,-2.45713090552497,5.95280091454946));
#6658=CARTESIAN_POINT('Ctrl Pts',(-69.0797135044924,-2.53983639854658,5.95280091454946));
#6659=CARTESIAN_POINT('Ctrl Pts',(-69.0978874095543,-2.66484778870565,5.95280091454946));
#6660=CARTESIAN_POINT('Ctrl Pts',(-69.1293686272277,-2.83388367406592,5.95280091454946));
#6661=CARTESIAN_POINT('Ctrl Pts',(-69.1709925983319,-3.03963507713419,5.95280091454946));
#6662=CARTESIAN_POINT('Ctrl Pts',(-69.2187068174916,-3.26991615040559,5.95280091454946));
#6663=CARTESIAN_POINT('Ctrl Pts',(-69.2683022333961,-3.51043787913762,5.95280091454946));
#6664=CARTESIAN_POINT('Ctrl Pts',(-69.316254901447,-3.74810271922298,5.95280091454946));
#6665=CARTESIAN_POINT('Ctrl Pts',(-69.3605375600869,-3.97412461849324,5.95280091454946));
#6666=CARTESIAN_POINT('Ctrl Pts',(-69.4014084413584,-4.18710434048873,5.95280091454946));
#6667=CARTESIAN_POINT('Ctrl Pts',(-69.4404846153546,-4.39069218336147,5.95280091454946));
#6668=CARTESIAN_POINT('Ctrl Pts',(-69.4798967288278,-4.5914927979931,5.95280091454946));
#6669=CARTESIAN_POINT('Ctrl Pts',(-69.5213761816099,-4.79681561286176,5.95280091454946));
#6670=CARTESIAN_POINT('Ctrl Pts',(-69.5654641067582,-5.01268851186961,5.95280091454946));
#6671=CARTESIAN_POINT('Ctrl Pts',(-69.6104299908122,-5.24128513912974,5.95280091454946));
#6672=CARTESIAN_POINT('Ctrl Pts',(-69.6522663607957,-5.48052721995567,5.95280091454946));
#6673=CARTESIAN_POINT('Ctrl Pts',(-69.6856237411015,-5.72557683943033,5.95280091454946));
#6674=CARTESIAN_POINT('Ctrl Pts',(-69.7044617033057,-5.96976575378017,5.95280091454946));
#6675=CARTESIAN_POINT('Ctrl Pts',(-69.7028386605081,-6.20577624430932,5.95280091454946));
#6676=CARTESIAN_POINT('Ctrl Pts',(-69.6755816015992,-6.42663113706154,5.95280091454946));
#6677=CARTESIAN_POINT('Ctrl Pts',(-69.6191692277724,-6.62696369172112,5.95280091454946));
#6678=CARTESIAN_POINT('Ctrl Pts',(-69.5316701072383,-6.80308664631417,5.95280091454946));
#6679=CARTESIAN_POINT('Ctrl Pts',(-69.4122919372857,-6.95256840922391,5.95280091454946));
#6680=CARTESIAN_POINT('Ctrl Pts',(-69.2610565916816,-7.07397036939077,5.95280091454946));
#6681=CARTESIAN_POINT('Ctrl Pts',(-69.078450523013,-7.16653924409631,5.95280091454946));
#6682=CARTESIAN_POINT('Ctrl Pts',(-68.8650460949152,-7.22989426916912,5.95280091454946));
#6683=CARTESIAN_POINT('Ctrl Pts',(-68.6213408678734,-7.26386085270659,5.95280091454946));
#6684=CARTESIAN_POINT('Ctrl Pts',(-68.3477780741609,-7.26843315565562,5.95280091454946));
#6685=CARTESIAN_POINT('Ctrl Pts',(-68.0447171472426,-7.24370275568327,5.95280091454946));
#6686=CARTESIAN_POINT('Ctrl Pts',(-67.7788858109938,-7.20058491624075,5.95280091454946));
#6687=CARTESIAN_POINT('Ctrl Pts',(-67.566434913533,-7.15517670318954,5.95280091454946));
#6688=CARTESIAN_POINT('Ctrl Pts',(-67.4189965564038,-7.1191034846112,5.95280091454946));
#6689=CARTESIAN_POINT('Ctrl Pts',(-67.3438262696595,-7.0996166048166,5.95280091454946));
#6690=CARTESIAN_POINT('Ctrl Pts',(-66.628752943959,-1.50628945322796,4.95280091454946));
#6691=CARTESIAN_POINT('Ctrl Pts',(-66.628752943959,-1.50628945322796,5.95280091454946));
#6692=CARTESIAN_POINT('Ctrl Pts',(-66.6267887558037,-1.47245875842432,4.95280091454946));
#6693=CARTESIAN_POINT('Ctrl Pts',(-66.6267887558037,-1.47245875842432,5.95280091454946));
#6694=CARTESIAN_POINT('Ctrl Pts',(-66.6247647539944,-1.40199191886128,4.95280091454946));
#6695=CARTESIAN_POINT('Ctrl Pts',(-66.6247647539944,-1.40199191886128,5.95280091454946));
#6696=CARTESIAN_POINT('Ctrl Pts',(-66.6286045154817,-1.29834635029974,4.95280091454946));
#6697=CARTESIAN_POINT('Ctrl Pts',(-66.6286045154817,-1.29834635029974,5.95280091454946));
#6698=CARTESIAN_POINT('Ctrl Pts',(-66.6480458049166,-1.16721531924531,4.95280091454946));
#6699=CARTESIAN_POINT('Ctrl Pts',(-66.6480458049166,-1.16721531924531,5.95280091454946));
#6700=CARTESIAN_POINT('Ctrl Pts',(-66.6966073508981,-1.01689090514492,4.95280091454946));
#6701=CARTESIAN_POINT('Ctrl Pts',(-66.6966073508981,-1.01689090514492,5.95280091454946));
#6702=CARTESIAN_POINT('Ctrl Pts',(-66.7712989934617,-0.879657092970467,
4.95280091454946));
#6703=CARTESIAN_POINT('Ctrl Pts',(-66.7712989934617,-0.879657092970467,
5.95280091454946));
#6704=CARTESIAN_POINT('Ctrl Pts',(-66.870385813377,-0.760989037991088,4.95280091454946));
#6705=CARTESIAN_POINT('Ctrl Pts',(-66.870385813377,-0.760989037991088,5.95280091454946));
#6706=CARTESIAN_POINT('Ctrl Pts',(-66.9925725646938,-0.664593393855475,
4.95280091454946));
#6707=CARTESIAN_POINT('Ctrl Pts',(-66.9925725646938,-0.664593393855475,
5.95280091454946));
#6708=CARTESIAN_POINT('Ctrl Pts',(-67.1360395935496,-0.59467210025139,4.95280091454946));
#6709=CARTESIAN_POINT('Ctrl Pts',(-67.1360395935496,-0.59467210025139,5.95280091454946));
#6710=CARTESIAN_POINT('Ctrl Pts',(-67.2986124635813,-0.554450477919494,
4.95280091454946));
#6711=CARTESIAN_POINT('Ctrl Pts',(-67.2986124635813,-0.554450477919494,
5.95280091454946));
#6712=CARTESIAN_POINT('Ctrl Pts',(-67.4779040173677,-0.544995912785527,
4.95280091454946));
#6713=CARTESIAN_POINT('Ctrl Pts',(-67.4779040173677,-0.544995912785527,
5.95280091454946));
#6714=CARTESIAN_POINT('Ctrl Pts',(-67.6714608350291,-0.563548085028194,
4.95280091454946));
#6715=CARTESIAN_POINT('Ctrl Pts',(-67.6714608350291,-0.563548085028194,
5.95280091454946));
#6716=CARTESIAN_POINT('Ctrl Pts',(-67.876922557879,-0.604010962459018,4.95280091454946));
#6717=CARTESIAN_POINT('Ctrl Pts',(-67.876922557879,-0.604010962459018,5.95280091454946));
#6718=CARTESIAN_POINT('Ctrl Pts',(-68.0921868369425,-0.658316626845783,
4.95280091454946));
#6719=CARTESIAN_POINT('Ctrl Pts',(-68.0921868369425,-0.658316626845783,
5.95280091454946));
#6720=CARTESIAN_POINT('Ctrl Pts',(-68.3155781162182,-0.717499077737086,
4.95280091454946));
#6721=CARTESIAN_POINT('Ctrl Pts',(-68.3155781162182,-0.717499077737086,
5.95280091454946));
#6722=CARTESIAN_POINT('Ctrl Pts',(-68.546002025155,-0.772870221972326,4.95280091454946));
#6723=CARTESIAN_POINT('Ctrl Pts',(-68.546002025155,-0.772870221972326,5.95280091454946));
#6724=CARTESIAN_POINT('Ctrl Pts',(-68.7831444410485,-0.817177913209053,
4.95280091454946));
#6725=CARTESIAN_POINT('Ctrl Pts',(-68.7831444410485,-0.817177913209053,
5.95280091454946));
#6726=CARTESIAN_POINT('Ctrl Pts',(-69.0270781529739,-0.845250196350748,
4.95280091454946));
#6727=CARTESIAN_POINT('Ctrl Pts',(-69.0270781529739,-0.845250196350748,
5.95280091454946));
#6728=CARTESIAN_POINT('Ctrl Pts',(-69.2778243542431,-0.854547836583372,
4.95280091454946));
#6729=CARTESIAN_POINT('Ctrl Pts',(-69.2778243542431,-0.854547836583372,
5.95280091454946));
#6730=CARTESIAN_POINT('Ctrl Pts',(-69.5349171680669,-0.845847699499419,
4.95280091454946));
#6731=CARTESIAN_POINT('Ctrl Pts',(-69.5349171680669,-0.845847699499419,
5.95280091454946));
#6732=CARTESIAN_POINT('Ctrl Pts',(-69.7969930597181,-0.823704535723709,
4.95280091454946));
#6733=CARTESIAN_POINT('Ctrl Pts',(-69.7969930597181,-0.823704535723709,
5.95280091454946));
#6734=CARTESIAN_POINT('Ctrl Pts',(-70.0612917810682,-0.797495755158685,
4.95280091454946));
#6735=CARTESIAN_POINT('Ctrl Pts',(-70.0612917810682,-0.797495755158685,
5.95280091454946));
#6736=CARTESIAN_POINT('Ctrl Pts',(-70.3235252040489,-0.780108055728617,
4.95280091454946));
#6737=CARTESIAN_POINT('Ctrl Pts',(-70.3235252040489,-0.780108055728617,
5.95280091454946));
#6738=CARTESIAN_POINT('Ctrl Pts',(-70.5779892645344,-0.785162224792227,
4.95280091454946));
#6739=CARTESIAN_POINT('Ctrl Pts',(-70.5779892645344,-0.785162224792227,
5.95280091454946));
#6740=CARTESIAN_POINT('Ctrl Pts',(-70.817583350757,-0.82460458888706,4.95280091454946));
#6741=CARTESIAN_POINT('Ctrl Pts',(-70.817583350757,-0.82460458888706,5.95280091454946));
#6742=CARTESIAN_POINT('Ctrl Pts',(-71.0338874925684,-0.906312463813422,
4.95280091454946));
#6743=CARTESIAN_POINT('Ctrl Pts',(-71.0338874925684,-0.906312463813422,
5.95280091454946));
#6744=CARTESIAN_POINT('Ctrl Pts',(-71.2171450290247,-1.03125819074765,4.95280091454946));
#6745=CARTESIAN_POINT('Ctrl Pts',(-71.2171450290247,-1.03125819074765,5.95280091454946));
#6746=CARTESIAN_POINT('Ctrl Pts',(-71.3564781872829,-1.19211183785985,4.95280091454946));
#6747=CARTESIAN_POINT('Ctrl Pts',(-71.3564781872829,-1.19211183785985,5.95280091454946));
#6748=CARTESIAN_POINT('Ctrl Pts',(-71.4407995656334,-1.37654249302852,4.95280091454946));
#6749=CARTESIAN_POINT('Ctrl Pts',(-71.4407995656334,-1.37654249302852,5.95280091454946));
#6750=CARTESIAN_POINT('Ctrl Pts',(-71.4596437294123,-1.56977661295155,4.95280091454946));
#6751=CARTESIAN_POINT('Ctrl Pts',(-71.4596437294123,-1.56977661295155,5.95280091454946));
#6752=CARTESIAN_POINT('Ctrl Pts',(-71.4039650550418,-1.75724691513966,4.95280091454946));
#6753=CARTESIAN_POINT('Ctrl Pts',(-71.4039650550418,-1.75724691513966,5.95280091454946));
#6754=CARTESIAN_POINT('Ctrl Pts',(-71.2671485372767,-1.92765431584492,4.95280091454946));
#6755=CARTESIAN_POINT('Ctrl Pts',(-71.2671485372767,-1.92765431584492,5.95280091454946));
#6756=CARTESIAN_POINT('Ctrl Pts',(-71.0448899757579,-2.07324280681105,4.95280091454946));
#6757=CARTESIAN_POINT('Ctrl Pts',(-71.0448899757579,-2.07324280681105,5.95280091454946));
#6758=CARTESIAN_POINT('Ctrl Pts',(-70.7346271620931,-2.18892292112913,4.95280091454946));
#6759=CARTESIAN_POINT('Ctrl Pts',(-70.7346271620931,-2.18892292112913,5.95280091454946));
#6760=CARTESIAN_POINT('Ctrl Pts',(-70.3351361522835,-2.27178866366122,4.95280091454946));
#6761=CARTESIAN_POINT('Ctrl Pts',(-70.3351361522835,-2.27178866366122,5.95280091454946));
#6762=CARTESIAN_POINT('Ctrl Pts',(-69.9438889258359,-2.31074691901834,4.95280091454946));
#6763=CARTESIAN_POINT('Ctrl Pts',(-69.9438889258359,-2.31074691901834,5.95280091454946));
#6764=CARTESIAN_POINT('Ctrl Pts',(-69.6102056662775,-2.32443059882453,4.95280091454946));
#6765=CARTESIAN_POINT('Ctrl Pts',(-69.6102056662775,-2.32443059882453,5.95280091454946));
#6766=CARTESIAN_POINT('Ctrl Pts',(-69.3698859285006,-2.32665758754941,4.95280091454946));
#6767=CARTESIAN_POINT('Ctrl Pts',(-69.3698859285006,-2.32665758754941,5.95280091454946));
#6768=CARTESIAN_POINT('Ctrl Pts',(-69.2452600052518,-2.32604722657302,4.95280091454946));
#6769=CARTESIAN_POINT('Ctrl Pts',(-69.2452600052518,-2.32604722657302,5.95280091454946));
#6770=CARTESIAN_POINT('Ctrl Pts',(-66.628752943959,-1.50628945322796,4.95280091454946));
#6771=CARTESIAN_POINT('Ctrl Pts',(-66.6267887558037,-1.47245875842432,4.95280091454946));
#6772=CARTESIAN_POINT('Ctrl Pts',(-66.6247647539943,-1.40199191886128,4.95280091454946));
#6773=CARTESIAN_POINT('Ctrl Pts',(-66.6286045154817,-1.29834635029974,4.95280091454946));
#6774=CARTESIAN_POINT('Ctrl Pts',(-66.6480458049166,-1.16721531924531,4.95280091454946));
#6775=CARTESIAN_POINT('Ctrl Pts',(-66.6966073508981,-1.01689090514492,4.95280091454946));
#6776=CARTESIAN_POINT('Ctrl Pts',(-66.7712989934617,-0.879657092970467,
4.95280091454946));
#6777=CARTESIAN_POINT('Ctrl Pts',(-66.870385813377,-0.760989037991088,4.95280091454946));
#6778=CARTESIAN_POINT('Ctrl Pts',(-66.9925725646938,-0.664593393855475,
4.95280091454946));
#6779=CARTESIAN_POINT('Ctrl Pts',(-67.1360395935496,-0.59467210025139,4.95280091454946));
#6780=CARTESIAN_POINT('Ctrl Pts',(-67.2986124635813,-0.554450477919494,
4.95280091454946));
#6781=CARTESIAN_POINT('Ctrl Pts',(-67.4779040173677,-0.544995912785527,
4.95280091454946));
#6782=CARTESIAN_POINT('Ctrl Pts',(-67.6714608350291,-0.563548085028194,
4.95280091454946));
#6783=CARTESIAN_POINT('Ctrl Pts',(-67.876922557879,-0.604010962459018,4.95280091454946));
#6784=CARTESIAN_POINT('Ctrl Pts',(-68.0921868369425,-0.658316626845783,
4.95280091454946));
#6785=CARTESIAN_POINT('Ctrl Pts',(-68.3155781162182,-0.717499077737086,
4.95280091454946));
#6786=CARTESIAN_POINT('Ctrl Pts',(-68.546002025155,-0.772870221972326,4.95280091454946));
#6787=CARTESIAN_POINT('Ctrl Pts',(-68.7831444410485,-0.817177913209053,
4.95280091454946));
#6788=CARTESIAN_POINT('Ctrl Pts',(-69.0270781529739,-0.845250196350748,
4.95280091454946));
#6789=CARTESIAN_POINT('Ctrl Pts',(-69.2778243542431,-0.854547836583372,
4.95280091454946));
#6790=CARTESIAN_POINT('Ctrl Pts',(-69.5349171680669,-0.845847699499419,
4.95280091454946));
#6791=CARTESIAN_POINT('Ctrl Pts',(-69.7969930597181,-0.823704535723709,
4.95280091454946));
#6792=CARTESIAN_POINT('Ctrl Pts',(-70.0612917810682,-0.797495755158685,
4.95280091454946));
#6793=CARTESIAN_POINT('Ctrl Pts',(-70.3235252040489,-0.780108055728617,
4.95280091454946));
#6794=CARTESIAN_POINT('Ctrl Pts',(-70.5779892645344,-0.785162224792227,
4.95280091454946));
#6795=CARTESIAN_POINT('Ctrl Pts',(-70.817583350757,-0.82460458888706,4.95280091454946));
#6796=CARTESIAN_POINT('Ctrl Pts',(-71.0338874925684,-0.906312463813422,
4.95280091454946));
#6797=CARTESIAN_POINT('Ctrl Pts',(-71.2171450290247,-1.03125819074765,4.95280091454946));
#6798=CARTESIAN_POINT('Ctrl Pts',(-71.3564781872829,-1.19211183785985,4.95280091454946));
#6799=CARTESIAN_POINT('Ctrl Pts',(-71.4407995656334,-1.37654249302852,4.95280091454946));
#6800=CARTESIAN_POINT('Ctrl Pts',(-71.4596437294123,-1.56977661295155,4.95280091454946));
#6801=CARTESIAN_POINT('Ctrl Pts',(-71.4039650550418,-1.75724691513966,4.95280091454946));
#6802=CARTESIAN_POINT('Ctrl Pts',(-71.2671485372767,-1.92765431584492,4.95280091454946));
#6803=CARTESIAN_POINT('Ctrl Pts',(-71.0448899757579,-2.07324280681105,4.95280091454946));
#6804=CARTESIAN_POINT('Ctrl Pts',(-70.7346271620931,-2.18892292112913,4.95280091454946));
#6805=CARTESIAN_POINT('Ctrl Pts',(-70.3351361522835,-2.27178866366122,4.95280091454946));
#6806=CARTESIAN_POINT('Ctrl Pts',(-69.9438889258359,-2.31074691901834,4.95280091454946));
#6807=CARTESIAN_POINT('Ctrl Pts',(-69.6102056662775,-2.32443059882453,4.95280091454946));
#6808=CARTESIAN_POINT('Ctrl Pts',(-69.3698859285006,-2.32665758754941,4.95280091454946));
#6809=CARTESIAN_POINT('Ctrl Pts',(-69.2452600052518,-2.32604722657302,4.95280091454946));
#6810=CARTESIAN_POINT('Ctrl Pts',(-66.628752943959,-1.50628945322796,5.95280091454946));
#6811=CARTESIAN_POINT('Ctrl Pts',(-66.6267887558037,-1.47245875842432,5.95280091454946));
#6812=CARTESIAN_POINT('Ctrl Pts',(-66.6247647539943,-1.40199191886128,5.95280091454946));
#6813=CARTESIAN_POINT('Ctrl Pts',(-66.6286045154817,-1.29834635029974,5.95280091454946));
#6814=CARTESIAN_POINT('Ctrl Pts',(-66.6480458049166,-1.16721531924531,5.95280091454946));
#6815=CARTESIAN_POINT('Ctrl Pts',(-66.6966073508981,-1.01689090514492,5.95280091454946));
#6816=CARTESIAN_POINT('Ctrl Pts',(-66.7712989934617,-0.879657092970467,
5.95280091454946));
#6817=CARTESIAN_POINT('Ctrl Pts',(-66.870385813377,-0.760989037991088,5.95280091454946));
#6818=CARTESIAN_POINT('Ctrl Pts',(-66.9925725646938,-0.664593393855475,
5.95280091454946));
#6819=CARTESIAN_POINT('Ctrl Pts',(-67.1360395935496,-0.59467210025139,5.95280091454946));
#6820=CARTESIAN_POINT('Ctrl Pts',(-67.2986124635813,-0.554450477919494,
5.95280091454946));
#6821=CARTESIAN_POINT('Ctrl Pts',(-67.4779040173677,-0.544995912785527,
5.95280091454946));
#6822=CARTESIAN_POINT('Ctrl Pts',(-67.6714608350291,-0.563548085028194,
5.95280091454946));
#6823=CARTESIAN_POINT('Ctrl Pts',(-67.876922557879,-0.604010962459018,5.95280091454946));
#6824=CARTESIAN_POINT('Ctrl Pts',(-68.0921868369425,-0.658316626845783,
5.95280091454946));
#6825=CARTESIAN_POINT('Ctrl Pts',(-68.3155781162182,-0.717499077737086,
5.95280091454946));
#6826=CARTESIAN_POINT('Ctrl Pts',(-68.546002025155,-0.772870221972326,5.95280091454946));
#6827=CARTESIAN_POINT('Ctrl Pts',(-68.7831444410485,-0.817177913209053,
5.95280091454946));
#6828=CARTESIAN_POINT('Ctrl Pts',(-69.0270781529739,-0.845250196350748,
5.95280091454946));
#6829=CARTESIAN_POINT('Ctrl Pts',(-69.2778243542431,-0.854547836583372,
5.95280091454946));
#6830=CARTESIAN_POINT('Ctrl Pts',(-69.5349171680669,-0.845847699499419,
5.95280091454946));
#6831=CARTESIAN_POINT('Ctrl Pts',(-69.7969930597181,-0.823704535723709,
5.95280091454946));
#6832=CARTESIAN_POINT('Ctrl Pts',(-70.0612917810682,-0.797495755158685,
5.95280091454946));
#6833=CARTESIAN_POINT('Ctrl Pts',(-70.3235252040489,-0.780108055728617,
5.95280091454946));
#6834=CARTESIAN_POINT('Ctrl Pts',(-70.5779892645344,-0.785162224792227,
5.95280091454946));
#6835=CARTESIAN_POINT('Ctrl Pts',(-70.817583350757,-0.82460458888706,5.95280091454946));
#6836=CARTESIAN_POINT('Ctrl Pts',(-71.0338874925684,-0.906312463813422,
5.95280091454946));
#6837=CARTESIAN_POINT('Ctrl Pts',(-71.2171450290247,-1.03125819074765,5.95280091454946));
#6838=CARTESIAN_POINT('Ctrl Pts',(-71.3564781872829,-1.19211183785985,5.95280091454946));
#6839=CARTESIAN_POINT('Ctrl Pts',(-71.4407995656334,-1.37654249302852,5.95280091454946));
#6840=CARTESIAN_POINT('Ctrl Pts',(-71.4596437294123,-1.56977661295155,5.95280091454946));
#6841=CARTESIAN_POINT('Ctrl Pts',(-71.4039650550418,-1.75724691513966,5.95280091454946));
#6842=CARTESIAN_POINT('Ctrl Pts',(-71.2671485372767,-1.92765431584492,5.95280091454946));
#6843=CARTESIAN_POINT('Ctrl Pts',(-71.0448899757579,-2.07324280681105,5.95280091454946));
#6844=CARTESIAN_POINT('Ctrl Pts',(-70.7346271620931,-2.18892292112913,5.95280091454946));
#6845=CARTESIAN_POINT('Ctrl Pts',(-70.3351361522835,-2.27178866366122,5.95280091454946));
#6846=CARTESIAN_POINT('Ctrl Pts',(-69.9438889258359,-2.31074691901834,5.95280091454946));
#6847=CARTESIAN_POINT('Ctrl Pts',(-69.6102056662775,-2.32443059882453,5.95280091454946));
#6848=CARTESIAN_POINT('Ctrl Pts',(-69.3698859285006,-2.32665758754941,5.95280091454946));
#6849=CARTESIAN_POINT('Ctrl Pts',(-69.2452600052518,-2.32604722657302,5.95280091454946));
#6850=CARTESIAN_POINT('Origin',(-62.4841300799915,-3.90671453422057,5.95280091454946));
#6851=CARTESIAN_POINT('Origin',(1.1143467068546,56.1,4.95280091454947));
#6852=CARTESIAN_POINT('Origin',(1.1143467068546,56.1,4.95280091454947));
#6853=CARTESIAN_POINT('Origin',(1.1143467068546,56.1,4.95280091454947));
#6854=CARTESIAN_POINT('Origin',(88.8160564931492,-4.55527109113388,13.4428009145494));
#6855=CARTESIAN_POINT('Origin',(88.8160564931492,-4.55527109113388,13.4428009145494));
#6856=CARTESIAN_POINT('Origin',(88.8160564931492,-4.55527109113388,4.95280091454944));
#6857=CARTESIAN_POINT('Origin',(88.8160564931492,-4.55527109113388,4.95280091454944));
#6858=CARTESIAN_POINT('Origin',(-86.9883078486027,115.502654555457,13.4428009145495));
#6859=CARTESIAN_POINT('',(-84.1856532931454,90.6602487250477,13.4428009145495));
#6860=CARTESIAN_POINT('Ctrl Pts',(-84.1856532931454,90.6602487250477,13.4428009145495));
#6861=CARTESIAN_POINT('Ctrl Pts',(-84.1856532931454,90.6602487250477,13.750613953141));
#6862=CARTESIAN_POINT('Ctrl Pts',(-84.1856532931454,90.69074242502,14.0867652534537));
#6863=CARTESIAN_POINT('Ctrl Pts',(-84.1856532931454,90.8221797562156,14.7450074425611));
#6864=CARTESIAN_POINT('Ctrl Pts',(-84.1856532931454,90.9231198917591,15.0670990293659));
#6865=CARTESIAN_POINT('Ctrl Pts',(-84.1856532931454,91.1598035527511,15.6364916358546));
#6866=CARTESIAN_POINT('Ctrl Pts',(-84.1856532931454,91.3175235447786,15.936142674927));
#6867=CARTESIAN_POINT('Ctrl Pts',(-84.1856532931454,91.6927530063113,16.4953490765258));
#6868=CARTESIAN_POINT('Ctrl Pts',(-84.1856532931454,91.9102540204842,16.7549101125635));
#6869=CARTESIAN_POINT('Ctrl Pts',(-84.1856532931454,92.3489362985247,17.1918289602732));
#6870=CARTESIAN_POINT('Ctrl Pts',(-84.1856532931454,92.6107397763892,17.4092188564745));
#6871=CARTESIAN_POINT('Ctrl Pts',(-84.1856532931454,93.1743035793507,17.7839570853736));
#6872=CARTESIAN_POINT('Ctrl Pts',(-84.1856532931454,93.4760557555042,17.9413176730141));
#6873=CARTESIAN_POINT('Ctrl Pts',(-84.1856532931454,94.0516190798394,18.1786651814888));
#6874=CARTESIAN_POINT('Ctrl Pts',(-84.1856532931454,94.3786261958951,18.2801784979737));
#6875=CARTESIAN_POINT('Ctrl Pts',(-84.1856532931454,95.0466936868204,18.4122394139168));
#6876=CARTESIAN_POINT('Ctrl Pts',(-84.1856532931454,95.3877513136861,18.4428009145495));
#6877=CARTESIAN_POINT('Ctrl Pts',(-84.1856532931454,95.7000000000001,18.4428009145495));
#6878=CARTESIAN_POINT('Ctrl Pts',(-84.1856532931454,96.3642391038733,18.4428009145495));
#6879=CARTESIAN_POINT('Ctrl Pts',(-84.1856532930766,97.0225374396601,18.3130322052956));
#6880=CARTESIAN_POINT('Ctrl Pts',(-84.1856532930766,98.2516352159066,17.8092773526983));
#6881=CARTESIAN_POINT('Ctrl Pts',(-84.185653292614,98.811684962572,17.4397385823423));
#6882=CARTESIAN_POINT('Ctrl Pts',(-84.185653292614,99.7509556342975,16.5113370512029));
#6883=CARTESIAN_POINT('Ctrl Pts',(-84.1856532931454,100.123647094188,15.9630212881927));
#6884=CARTESIAN_POINT('Ctrl Pts',(-84.1856532931454,100.629552713766,14.7634440824644));
#6885=CARTESIAN_POINT('Ctrl Pts',(-84.1856532928658,100.76166015045,14.1261685587468));
#6886=CARTESIAN_POINT('Ctrl Pts',(-84.1856532928658,100.76676038454,13.4681830330532));
#6887=CARTESIAN_POINT('Ctrl Pts',(-84.1856532931454,100.766809569751,13.4554920000032));
#6888=CARTESIAN_POINT('Ctrl Pts',(-84.1856532931454,100.766809569751,13.4428009145495));
#6889=CARTESIAN_POINT('Origin',(-86.9883078486027,115.502654555457,13.4428009145495));
#6890=CARTESIAN_POINT('Origin',(-86.9883078486027,115.502654555457,4.95280091454949));
#6891=CARTESIAN_POINT('',(-84.1856532931454,90.6602487250476,4.95280091454948));
#6892=CARTESIAN_POINT('',(-84.1856532931454,90.6602487250477,4.95280091454948));
#6893=CARTESIAN_POINT('Origin',(-86.9883078486027,115.502654555457,4.95280091454949));
#6894=CARTESIAN_POINT('Origin',(89.2170012623119,115.502654555457,13.4428009145495));
#6895=CARTESIAN_POINT('Origin',(89.2170012623119,115.502654555457,13.4428009145495));
#6896=CARTESIAN_POINT('Origin',(89.2170012623119,115.502654555457,4.95280091454947));
#6897=CARTESIAN_POINT('Origin',(89.2170012623119,115.502654555457,4.95280091454947));
#6898=CARTESIAN_POINT('Origin',(-84.1856532931454,0.500000000000007,29.9528009145495));
#6899=CARTESIAN_POINT('',(-84.1856532931454,20.3290972975236,13.4428009145495));
#6900=CARTESIAN_POINT('Ctrl Pts',(-84.1856532931454,10.2512068865088,13.4428009145495));
#6901=CARTESIAN_POINT('Ctrl Pts',(-84.1856532931454,10.2512068865088,13.7510047734102));
#6902=CARTESIAN_POINT('Ctrl Pts',(-84.1856532931454,10.2819892434,14.0875413749916));
#6903=CARTESIAN_POINT('Ctrl Pts',(-84.1856532931454,10.4145415062077,14.7463546058098));
#6904=CARTESIAN_POINT('Ctrl Pts',(-84.1856532931454,10.5162977794404,15.0686339778495));
#6905=CARTESIAN_POINT('Ctrl Pts',(-84.1856532931454,10.755054811924,15.6391160177826));
#6906=CARTESIAN_POINT('Ctrl Pts',(-84.1856532931454,10.9143920824667,15.9396461002851));
#6907=CARTESIAN_POINT('Ctrl Pts',(-84.1856532931454,11.2931462896084,16.5001587287569));
#6908=CARTESIAN_POINT('Ctrl Pts',(-84.1856532931454,11.5125428367783,16.7601550521691));
#6909=CARTESIAN_POINT('Ctrl Pts',(-84.1856532931454,11.9537642146213,17.1966568726678));
#6910=CARTESIAN_POINT('Ctrl Pts',(-84.1856532931454,12.2162841457311,17.4133625490228));
#6911=CARTESIAN_POINT('Ctrl Pts',(-84.1856532931454,12.7809291284092,17.7869565467302));
#6912=CARTESIAN_POINT('Ctrl Pts',(-84.1856532931454,13.0830474821239,17.9438549910307));
#6913=CARTESIAN_POINT('Ctrl Pts',(-84.1856532931454,13.6578968204976,18.1799924642297));
#6914=CARTESIAN_POINT('Ctrl Pts',(-84.1856532931454,13.9837133773183,18.2809083632174));
#6915=CARTESIAN_POINT('Ctrl Pts',(-84.1856532931454,14.6492484603169,18.4123140009842));
#6916=CARTESIAN_POINT('Ctrl Pts',(-84.1856532931454,14.9889675443121,18.4428009145495));
#6917=CARTESIAN_POINT('Ctrl Pts',(-84.1856532931454,15.6107953081663,18.4428009145495));
#6918=CARTESIAN_POINT('Ctrl Pts',(-84.1856532931454,15.9502615572755,18.4123608813898));
#6919=CARTESIAN_POINT('Ctrl Pts',(-84.1856532931454,16.6152194645748,18.2808910720553));
#6920=CARTESIAN_POINT('Ctrl Pts',(-84.1856532931454,16.9407091232219,18.1798511826434));
#6921=CARTESIAN_POINT('Ctrl Pts',(-84.1856532931454,17.5141018082997,17.9434993436872));
#6922=CARTESIAN_POINT('Ctrl Pts',(-84.1856532931454,17.8149680969405,17.78665459779));
#6923=CARTESIAN_POINT('Ctrl Pts',(-84.1856532931454,18.3769448670061,17.4131793377543));
#6924=CARTESIAN_POINT('Ctrl Pts',(-84.1856532931454,18.6380494050986,17.1965398806248));
#6925=CARTESIAN_POINT('Ctrl Pts',(-84.1856532931454,19.0766039334443,16.7602747519304));
#6926=CARTESIAN_POINT('Ctrl Pts',(-84.1856532931454,19.2944828277793,16.5004910637518));
#6927=CARTESIAN_POINT('Ctrl Pts',(-84.1856532931454,19.6703574376493,15.9407298365088));
#6928=CARTESIAN_POINT('Ctrl Pts',(-84.1856532931454,19.8283469347516,15.6407481218479));
#6929=CARTESIAN_POINT('Ctrl Pts',(-84.1856532931454,20.0655599912152,15.0704643924816));
#6930=CARTESIAN_POINT('Ctrl Pts',(-84.1856532931454,20.1667582257383,14.7477151527421));
#6931=CARTESIAN_POINT('Ctrl Pts',(-84.1856532931454,20.2985281650698,14.0881126373309));
#6932=CARTESIAN_POINT('Ctrl Pts',(-84.1856532931454,20.3290972975236,13.7512588477779));
#6933=CARTESIAN_POINT('Ctrl Pts',(-84.1856532931454,20.3290972975236,13.4428009145495));
#6934=CARTESIAN_POINT('',(-84.1856532931454,20.3290972975236,4.95280091454947));
#6935=CARTESIAN_POINT('',(-84.1856532931454,20.3290972975236,8.44280091454947));
#6936=CARTESIAN_POINT('',(-84.1856532931454,83.9,4.95280091454948));
#6937=CARTESIAN_POINT('',(-84.1856532931454,28.3,22.9528299065047));
#6938=CARTESIAN_POINT('Origin',(-86.58736307944,-4.55527109113386,13.4428009145495));
#6939=CARTESIAN_POINT('Origin',(-86.58736307944,-4.55527109113386,13.4428009145495));
#6940=CARTESIAN_POINT('Origin',(-86.58736307944,-4.55527109113386,4.95280091454946));
#6941=CARTESIAN_POINT('Origin',(-86.58736307944,-4.55527109113386,4.95280091454946));
#6942=CARTESIAN_POINT('Origin',(1.1143467068546,56.1,4.95280091454947));
#6943=CARTESIAN_POINT('',(-4.08565329314539,-1.49999999999998,4.95280091454945));
#6944=CARTESIAN_POINT('',(-4.0856532931454,27.3,4.95280091454946));
#6945=CARTESIAN_POINT('',(6.3516867842638,-1.49999999999998,4.95280091454945));
#6946=CARTESIAN_POINT('',(3.7330167455592,-1.49999999999998,4.95280091454945));
#6947=CARTESIAN_POINT('',(6.3516867842638,28.3,4.95280091454946));
#6948=CARTESIAN_POINT('',(-86.9856532931454,-2.49999999999998,4.95280091454946));
#6949=CARTESIAN_POINT('Origin',(-80.9856532931454,-2.49999999999998,4.95280091454946));
#6950=CARTESIAN_POINT('',(-86.9856532931454,114.7,4.95280091454949));
#6951=CARTESIAN_POINT('',(-86.9856532931454,28.3,4.95280091454947));
#6952=CARTESIAN_POINT('',(-80.9856532931454,120.7,4.95280091454949));
#6953=CARTESIAN_POINT('Origin',(-80.9856532931454,114.7,4.95280091454949));
#6954=CARTESIAN_POINT('',(83.2143467068546,120.7,4.95280091454947));
#6955=CARTESIAN_POINT('',(-41.4356532931454,120.7,4.95280091454949));
#6956=CARTESIAN_POINT('',(89.2143467068546,114.7,4.95280091454947));
#6957=CARTESIAN_POINT('Origin',(83.2143467068546,114.7,4.95280091454947));
#6958=CARTESIAN_POINT('',(89.2143467068546,-2.49999999999997,4.95280091454944));
#6959=CARTESIAN_POINT('',(89.2143467068546,83.9,4.95280091454946));
#6960=CARTESIAN_POINT('Origin',(83.2143467068546,-2.49999999999998,4.95280091454945));
#6961=CARTESIAN_POINT('Origin',(83.2143467068546,-2.49999999999998,29.9528009145494));
#6962=CARTESIAN_POINT('',(89.2143467068546,-2.49999999999998,22.9528299065047));
#6963=CARTESIAN_POINT('Origin',(83.2143467068546,-2.49999999999998,22.9528299065047));
#6964=CARTESIAN_POINT('',(89.2143467068546,-2.49999999999998,29.9528009145494));
#6965=CARTESIAN_POINT('Origin',(-80.9856532931454,-2.49999999999999,29.9528009145495));
#6966=CARTESIAN_POINT('',(-86.9856532931454,-2.49999999999999,22.9528299065047));
#6967=CARTESIAN_POINT('Origin',(-80.9856532931454,-2.49999999999999,22.9528299065047));
#6968=CARTESIAN_POINT('',(-86.9856532931454,-2.49999999999999,29.9528009145495));
#6969=CARTESIAN_POINT('Origin',(-86.9856532931454,0.500000000000002,29.9528009145495));
#6970=CARTESIAN_POINT('',(-86.9856532931454,114.7,22.9528299065047));
#6971=CARTESIAN_POINT('',(-86.9856532931454,28.3,22.9528299065047));
#6972=CARTESIAN_POINT('',(-86.9856532931454,114.7,29.9528009145495));
#6973=CARTESIAN_POINT('Origin',(-4.08565329314539,-1.49999999999999,28.5528009145494));
#6974=CARTESIAN_POINT('',(-4.0856532931454,-1.49999999999998,22.9528299065047));
#6975=CARTESIAN_POINT('',(-4.0856532931454,27.3,22.9528299065047));
#6976=CARTESIAN_POINT('',(-4.0856532931454,-1.49999999999998,8.95280091454945));
#6977=CARTESIAN_POINT('Origin',(6.3516867842638,-1.49999999999999,28.5528009145494));
#6978=CARTESIAN_POINT('',(6.3516867842638,-1.49999999999998,22.9528299065047));
#6979=CARTESIAN_POINT('',(3.7330167455592,-1.49999999999998,22.9528299065047));
#6980=CARTESIAN_POINT('',(6.3516867842638,-1.49999999999999,28.5528009145494));
#6981=CARTESIAN_POINT('Origin',(6.3516867842638,0.500000000000014,28.5528009145494));
#6982=CARTESIAN_POINT('',(6.3516867842638,28.3,22.9528299065047));
#6983=CARTESIAN_POINT('Origin',(89.2143467068546,111.7,29.9528009145495));
#6984=CARTESIAN_POINT('',(89.2143467068546,114.7,22.9528299065047));
#6985=CARTESIAN_POINT('',(89.2143467068546,83.9,22.9528299065047));
#6986=CARTESIAN_POINT('',(89.2143467068546,114.7,29.9528009145495));
#6987=CARTESIAN_POINT('Origin',(83.2143467068546,114.7,29.9528009145495));
#6988=CARTESIAN_POINT('',(83.2143467068546,120.7,22.9528299065047));
#6989=CARTESIAN_POINT('Origin',(83.2143467068546,114.7,22.9528299065047));
#6990=CARTESIAN_POINT('',(83.2143467068546,120.7,29.9528009145495));
#6991=CARTESIAN_POINT('Origin',(-83.9856532931454,120.7,29.9528009145495));
#6992=CARTESIAN_POINT('',(-80.9856532931454,120.7,22.9528299065047));
#6993=CARTESIAN_POINT('',(-41.4356532931454,120.7,22.9528299065047));
#6994=CARTESIAN_POINT('',(-80.9856532931454,120.7,29.9528009145495));
#6995=CARTESIAN_POINT('Origin',(-80.9856532931454,114.7,29.9528009145495));
#6996=CARTESIAN_POINT('Origin',(-80.9856532931454,114.7,22.9528299065048));
#6997=CARTESIAN_POINT('Origin',(1.11434670685459,56.1,22.9528299065047));
#6998=UNCERTAINTY_MEASURE_WITH_UNIT(LENGTH_MEASURE(0.01),#7002,
'DISTANCE_ACCURACY_VALUE',
'Maximum model space distance between geometric entities at asserted c
onnectivities');
#6999=UNCERTAINTY_MEASURE_WITH_UNIT(LENGTH_MEASURE(0.01),#7002,
'DISTANCE_ACCURACY_VALUE',
'Maximum model space distance between geometric entities at asserted c
onnectivities');
#7000=(
GEOMETRIC_REPRESENTATION_CONTEXT(3)
GLOBAL_UNCERTAINTY_ASSIGNED_CONTEXT((#6998))
GLOBAL_UNIT_ASSIGNED_CONTEXT((#7002,#7004,#7005))
REPRESENTATION_CONTEXT('','3D')
);
#7001=(
GEOMETRIC_REPRESENTATION_CONTEXT(3)
GLOBAL_UNCERTAINTY_ASSIGNED_CONTEXT((#6999))
GLOBAL_UNIT_ASSIGNED_CONTEXT((#7002,#7004,#7005))
REPRESENTATION_CONTEXT('','3D')
);
#7002=(
LENGTH_UNIT()
NAMED_UNIT(*)
SI_UNIT(.MILLI.,.METRE.)
);
#7003=(
LENGTH_UNIT()
NAMED_UNIT(*)
SI_UNIT($,.METRE.)
);
#7004=(
NAMED_UNIT(*)
PLANE_ANGLE_UNIT()
SI_UNIT($,.RADIAN.)
);
#7005=(
NAMED_UNIT(*)
SI_UNIT($,.STERADIAN.)
SOLID_ANGLE_UNIT()
);
#7006=SHAPE_DEFINITION_REPRESENTATION(#7007,#7008);
#7007=PRODUCT_DEFINITION_SHAPE('',$,#7010);
#7008=SHAPE_REPRESENTATION('',(#1854),#7000);
#7009=PRODUCT_DEFINITION_CONTEXT('part definition',#7014,'design');
#7010=PRODUCT_DEFINITION('TRMNL','TRMNL v41',#7011,#7009);
#7011=PRODUCT_DEFINITION_FORMATION('',$,#7016);
#7012=PRODUCT_RELATED_PRODUCT_CATEGORY('TRMNL v41','TRMNL v41',(#7016));
#7013=APPLICATION_PROTOCOL_DEFINITION('international standard',
'automotive_design',2009,#7014);
#7014=APPLICATION_CONTEXT(
'Core Data for Automotive Mechanical Design Process');
#7015=PRODUCT_CONTEXT('part definition',#7014,'mechanical');
#7016=PRODUCT('TRMNL','TRMNL v41',$,(#7015));
#7017=PRESENTATION_STYLE_ASSIGNMENT((#7028));
#7018=PRESENTATION_STYLE_ASSIGNMENT((#7029));
#7019=PRESENTATION_STYLE_ASSIGNMENT((#7030));
#7020=PRESENTATION_STYLE_ASSIGNMENT((#7031));
#7021=PRESENTATION_STYLE_ASSIGNMENT((#7032));
#7022=PRESENTATION_STYLE_ASSIGNMENT((#7033));
#7023=PRESENTATION_STYLE_ASSIGNMENT((#7034));
#7024=PRESENTATION_STYLE_ASSIGNMENT((#7035));
#7025=PRESENTATION_STYLE_ASSIGNMENT((#7036));
#7026=PRESENTATION_STYLE_ASSIGNMENT((#7037));
#7027=PRESENTATION_STYLE_ASSIGNMENT((#7038));
#7028=SURFACE_STYLE_USAGE(.BOTH.,#7039);
#7029=SURFACE_STYLE_USAGE(.BOTH.,#7040);
#7030=SURFACE_STYLE_USAGE(.BOTH.,#7041);
#7031=SURFACE_STYLE_USAGE(.BOTH.,#7042);
#7032=SURFACE_STYLE_USAGE(.BOTH.,#7043);
#7033=SURFACE_STYLE_USAGE(.BOTH.,#7044);
#7034=SURFACE_STYLE_USAGE(.BOTH.,#7045);
#7035=SURFACE_STYLE_USAGE(.BOTH.,#7046);
#7036=SURFACE_STYLE_USAGE(.BOTH.,#7047);
#7037=SURFACE_STYLE_USAGE(.BOTH.,#7048);
#7038=SURFACE_STYLE_USAGE(.BOTH.,#7049);
#7039=SURFACE_SIDE_STYLE('',(#7050));
#7040=SURFACE_SIDE_STYLE('',(#7051));
#7041=SURFACE_SIDE_STYLE('',(#7052));
#7042=SURFACE_SIDE_STYLE('',(#7053));
#7043=SURFACE_SIDE_STYLE('',(#7054));
#7044=SURFACE_SIDE_STYLE('',(#7055));
#7045=SURFACE_SIDE_STYLE('',(#7056));
#7046=SURFACE_SIDE_STYLE('',(#7057));
#7047=SURFACE_SIDE_STYLE('',(#7058));
#7048=SURFACE_SIDE_STYLE('',(#7059));
#7049=SURFACE_SIDE_STYLE('',(#7060));
#7050=SURFACE_STYLE_FILL_AREA(#7061);
#7051=SURFACE_STYLE_FILL_AREA(#7062);
#7052=SURFACE_STYLE_FILL_AREA(#7063);
#7053=SURFACE_STYLE_FILL_AREA(#7064);
#7054=SURFACE_STYLE_FILL_AREA(#7065);
#7055=SURFACE_STYLE_FILL_AREA(#7066);
#7056=SURFACE_STYLE_FILL_AREA(#7067);
#7057=SURFACE_STYLE_FILL_AREA(#7068);
#7058=SURFACE_STYLE_FILL_AREA(#7069);
#7059=SURFACE_STYLE_FILL_AREA(#7070);
#7060=SURFACE_STYLE_FILL_AREA(#7071);
#7061=FILL_AREA_STYLE('Steel - Satin',(#7072));
#7062=FILL_AREA_STYLE('ABS (White)',(#7073));
#7063=FILL_AREA_STYLE('Opaque(38,38,38)',(#7074));
#7064=FILL_AREA_STYLE('Opaque(255,255,255)',(#7075));
#7065=FILL_AREA_STYLE('Opaque(255,215,0)',(#7076));
#7066=FILL_AREA_STYLE('Opaque(76,76,76)',(#7077));
#7067=FILL_AREA_STYLE('Opaque(229,235,237)',(#7078));
#7068=FILL_AREA_STYLE('Opaque(160,160,160)',(#7079));
#7069=FILL_AREA_STYLE('Opaque(53,54,54)',(#7080));
#7070=FILL_AREA_STYLE('Opaque(244,229,167)',(#7081));
#7071=FILL_AREA_STYLE('Opaque(236,236,236)',(#7082));
#7072=FILL_AREA_STYLE_COLOUR('Steel - Satin',#7083);
#7073=FILL_AREA_STYLE_COLOUR('ABS (White)',#7084);
#7074=FILL_AREA_STYLE_COLOUR('Opaque(38,38,38)',#7085);
#7075=FILL_AREA_STYLE_COLOUR('Opaque(255,255,255)',#7086);
#7076=FILL_AREA_STYLE_COLOUR('Opaque(255,215,0)',#7087);
#7077=FILL_AREA_STYLE_COLOUR('Opaque(76,76,76)',#7088);
#7078=FILL_AREA_STYLE_COLOUR('Opaque(229,235,237)',#7089);
#7079=FILL_AREA_STYLE_COLOUR('Opaque(160,160,160)',#7090);
#7080=FILL_AREA_STYLE_COLOUR('Opaque(53,54,54)',#7091);
#7081=FILL_AREA_STYLE_COLOUR('Opaque(244,229,167)',#7092);
#7082=FILL_AREA_STYLE_COLOUR('Opaque(236,236,236)',#7093);
#7083=COLOUR_RGB('Steel - Satin',0.627450980392157,0.627450980392157,0.627450980392157);
#7084=COLOUR_RGB('ABS (White)',0.964705882352941,0.964705882352941,0.952941176470588);
#7085=COLOUR_RGB('Opaque(38,38,38)',0.149019607843137,0.149019607843137,
0.149019607843137);
#7086=COLOUR_RGB('Opaque(255,255,255)',0.972549019607843,0.396078431372549,
0.294117647058824);
#7087=COLOUR_RGB('Opaque(255,215,0)',1.,0.843137254901961,0.);
#7088=COLOUR_RGB('Opaque(76,76,76)',0.298039215686275,0.298039215686275,
0.298039215686275);
#7089=COLOUR_RGB('Opaque(229,235,237)',0.898039215686275,0.92156862745098,
0.929411764705882);
#7090=COLOUR_RGB('Opaque(160,160,160)',0.627450980392157,0.627450980392157,
0.627450980392157);
#7091=COLOUR_RGB('Opaque(53,54,54)',0.207843137254902,0.211764705882353,
0.211764705882353);
#7092=COLOUR_RGB('Opaque(244,229,167)',0.956862745098039,0.898039215686275,
0.654901960784314);
#7093=COLOUR_RGB('Opaque(236,236,236)',0.925490196078431,0.925490196078431,
0.925490196078431);
ENDSEC;
END-ISO-10303-21;
