# WaveFront *.obj file (generated by Autodesk ATF)

mtllib NordicTRMNLCase.mtl

g Body2

v 8.621435 1.550000 0.995280
v 8.621435 9.470000 0.995280
v 8.125597 9.606990 0.995280
v 7.681103 9.865923 0.995280
v 7.317357 10.229668 0.995280
v 7.058425 10.674162 0.995280
v 6.921435 11.170000 0.995280
v 0.111435 11.170000 0.995280
v -6.698565 11.170000 0.995280
v -6.835555 10.674162 0.995280
v -7.094488 10.229668 0.995280
v -7.458233 9.865923 0.995280
v -7.902728 9.606990 0.995280
v -8.398565 9.470000 0.995280
v -8.398565 1.550000 0.995280
v -7.931536 1.435266 0.995280
v -7.505396 1.212363 0.995280
v -7.144787 0.894178 0.995280
v -6.870558 0.499109 0.995280
v -6.698565 0.050000 0.995280
v -3.204913 0.050000 0.995280
v -3.204913 -0.450000 0.995280
v -8.098565 -0.450000 0.995280
v -8.253857 -0.429555 0.995280
v -8.398565 -0.369615 0.995280
v -8.522829 -0.274264 0.995280
v -8.618181 -0.150000 0.995280
v -8.678121 -0.005291 0.995280
v -8.698565 0.150000 0.995280
v -8.698565 10.870000 0.995280
v -8.678121 11.025291 0.995280
v -8.618181 11.170000 0.995280
v -8.522829 11.294264 0.995280
v -8.398565 11.389615 0.995280
v -8.253857 11.449555 0.995280
v -8.098565 11.470000 0.995280
v 0.111435 11.470000 0.995280
v 8.321435 11.470000 0.995280
v 8.476726 11.449555 0.995280
v 8.621435 11.389615 0.995280
v 8.745699 11.294264 0.995280
v 8.841050 11.170000 0.995280
v 8.900990 11.025291 0.995280
v 8.921435 10.870000 0.995280
v 8.921435 0.150000 0.995280
v 8.900990 -0.005291 0.995280
v 8.841050 -0.150000 0.995280
v 8.745699 -0.274264 0.995280
v 8.621435 -0.369615 0.995280
v 8.476726 -0.429555 0.995280
v 8.321435 -0.450000 0.995280
v -2.404913 -0.450000 0.995280
v -2.404913 0.050000 0.995280
v -0.408565 0.050000 0.995280
v -0.408565 -0.150000 0.995280
v 0.635169 -0.150000 0.995280
v 0.635169 0.050000 0.995280
v 6.921435 0.050000 0.995280
v 7.093427 0.499109 0.995280
v 7.367656 0.894178 0.995280
v 7.728266 1.212363 0.995280
v 8.154405 1.435266 0.995280
v 6.921435 0.050000 1.344280
v 7.093427 0.499109 1.344280
v 7.367656 0.894178 1.344280
v 7.728266 1.212363 1.344280
v 8.154405 1.435266 1.344280
v 8.621435 1.550000 1.344280
v 8.621435 0.050000 1.344280
v 8.621435 0.050000 2.865280
v 8.621435 0.350000 2.865280
v 8.621435 0.350000 2.995280
v 8.621435 10.970000 2.995280
v 8.621435 10.970000 2.865280
v 8.621435 11.170000 2.865280
v 8.621435 11.170000 1.344280
v 8.621435 9.470000 1.344280
v 0.635169 0.050000 1.960560
v 1.623706 0.050000 1.960560
v 1.623706 0.050000 2.560560
v 0.635169 0.050000 2.560560
v 0.635169 0.050000 2.865280
v 8.125597 9.606990 1.344280
v 7.681103 9.865923 1.344280
v 7.317357 10.229668 1.344280
v 7.058425 10.674162 1.344280
v 6.921435 11.170000 1.344280
v 0.111435 11.170000 2.865280
v -8.398565 11.170000 2.865280
v -8.398565 11.170000 1.344280
v -6.698565 11.170000 1.344280
v -6.835555 10.674162 1.344280
v -7.094488 10.229668 1.344280
v -7.458233 9.865923 1.344280
v -7.902728 9.606990 1.344280
v -8.398565 9.470000 1.344280
v -8.398565 10.970000 2.865280
v -8.398565 10.970000 2.995280
v -8.398565 0.350000 2.995280
v -8.398565 0.350000 2.865280
v -8.398565 0.050000 2.865280
v -8.398565 0.050000 1.344280
v -8.398565 1.550000 1.344280
v -7.931536 1.435266 1.344280
v -7.505396 1.212363 1.344280
v -7.144787 0.894178 1.344280
v -6.870558 0.499109 1.344280
v -6.698565 0.050000 1.344280
v -0.408565 0.050000 2.865280
v -0.408565 0.050000 2.560560
v -1.476294 0.050000 2.560560
v -1.476294 0.050000 1.960560
v -0.408565 0.050000 1.960560
v -2.418543 0.050000 1.098808
v -2.458503 0.050000 1.195280
v -2.522070 0.050000 1.278123
v -2.604913 0.050000 1.341690
v -2.701385 0.050000 1.381650
v -2.804913 0.050000 1.395280
v -2.908441 0.050000 1.381650
v -3.004913 0.050000 1.341690
v -3.087756 0.050000 1.278123
v -3.151323 0.050000 1.195280
v -3.191283 0.050000 1.098808
v -0.726251 -0.200000 2.260560
v -0.734769 -0.200000 2.195855
v -0.759745 -0.200000 2.135560
v -0.799474 -0.200000 2.083783
v -0.851251 -0.200000 2.044054
v -0.911546 -0.200000 2.019079
v -0.976251 -0.200000 2.010560
v -1.040956 -0.200000 2.019079
v -1.101251 -0.200000 2.044054
v -1.153028 -0.200000 2.083783
v -1.192757 -0.200000 2.135560
v -1.217732 -0.200000 2.195855
v -1.226251 -0.200000 2.260560
v -1.217732 -0.200000 2.325265
v -1.192757 -0.200000 2.385560
v -1.153028 -0.200000 2.437337
v -1.101251 -0.200000 2.477067
v -1.040956 -0.200000 2.502042
v -0.976251 -0.200000 2.510560
v -0.911546 -0.200000 2.502042
v -0.851251 -0.200000 2.477067
v -0.799474 -0.200000 2.437337
v -0.759745 -0.200000 2.385560
v -0.734769 -0.200000 2.325265
v -0.726251 -0.450000 2.260560
v -0.734769 -0.450000 2.325265
v -0.759745 -0.450000 2.385560
v -0.799474 -0.450000 2.437337
v -0.851251 -0.450000 2.477067
v -0.911546 -0.450000 2.502042
v -0.976251 -0.450000 2.510560
v -1.040956 -0.450000 2.502042
v -1.101251 -0.450000 2.477067
v -1.153028 -0.450000 2.437337
v -1.192757 -0.450000 2.385560
v -1.217732 -0.450000 2.325265
v -1.226251 -0.450000 2.260560
v -1.217732 -0.450000 2.195855
v -1.192757 -0.450000 2.135560
v -1.153028 -0.450000 2.083783
v -1.101251 -0.450000 2.044054
v -1.040956 -0.450000 2.019079
v -0.976251 -0.450000 2.010560
v -0.911546 -0.450000 2.019079
v -0.851251 -0.450000 2.044054
v -0.799474 -0.450000 2.083783
v -0.759745 -0.450000 2.135560
v -0.734769 -0.450000 2.195855
v -0.776251 -0.200000 2.260560
v -0.783066 -0.200000 2.208796
v -0.803046 -0.200000 2.160560
v -0.834830 -0.200000 2.119139
v -0.876251 -0.200000 2.087355
v -0.924487 -0.200000 2.067375
v -0.976251 -0.200000 2.060560
v -1.028015 -0.200000 2.067375
v -1.076251 -0.200000 2.087355
v -1.117672 -0.200000 2.119139
v -1.149456 -0.200000 2.160560
v -1.169436 -0.200000 2.208796
v -1.176251 -0.200000 2.260560
v -1.169436 -0.200000 2.312324
v -1.149456 -0.200000 2.360560
v -1.117672 -0.200000 2.401982
v -1.076251 -0.200000 2.433765
v -1.028015 -0.200000 2.453745
v -0.976251 -0.200000 2.460560
v -0.924487 -0.200000 2.453745
v -0.876251 -0.200000 2.433765
v -0.834830 -0.200000 2.401982
v -0.803046 -0.200000 2.360560
v -0.783066 -0.200000 2.312324
v 1.373749 -0.200000 2.260560
v 1.365231 -0.200000 2.195855
v 1.340255 -0.200000 2.135560
v 1.300526 -0.200000 2.083783
v 1.248749 -0.200000 2.044054
v 1.188454 -0.200000 2.019079
v 1.123749 -0.200000 2.010560
v 1.059044 -0.200000 2.019079
v 0.998749 -0.200000 2.044054
v 0.946972 -0.200000 2.083783
v 0.907243 -0.200000 2.135560
v 0.882268 -0.200000 2.195855
v 0.873749 -0.200000 2.260560
v 0.882268 -0.200000 2.325265
v 0.907243 -0.200000 2.385560
v 0.946972 -0.200000 2.437337
v 0.998749 -0.200000 2.477067
v 1.059044 -0.200000 2.502042
v 1.123749 -0.200000 2.510560
v 1.188454 -0.200000 2.502042
v 1.248749 -0.200000 2.477067
v 1.300526 -0.200000 2.437337
v 1.340255 -0.200000 2.385560
v 1.365231 -0.200000 2.325265
v 1.373749 -0.450000 2.260560
v 1.365231 -0.450000 2.325265
v 1.340255 -0.450000 2.385560
v 1.300526 -0.450000 2.437337
v 1.248749 -0.450000 2.477067
v 1.188454 -0.450000 2.502042
v 1.123749 -0.450000 2.510560
v 1.059044 -0.450000 2.502042
v 0.998749 -0.450000 2.477067
v 0.946972 -0.450000 2.437337
v 0.907243 -0.450000 2.385560
v 0.882268 -0.450000 2.325265
v 0.873749 -0.450000 2.260560
v 0.882268 -0.450000 2.195855
v 0.907243 -0.450000 2.135560
v 0.946972 -0.450000 2.083783
v 0.998749 -0.450000 2.044054
v 1.059044 -0.450000 2.019079
v 1.123749 -0.450000 2.010560
v 1.188454 -0.450000 2.019079
v 1.248749 -0.450000 2.044054
v 1.300526 -0.450000 2.083783
v 1.340255 -0.450000 2.135560
v 1.365231 -0.450000 2.195855
v 1.323749 -0.200000 2.260560
v 1.316934 -0.200000 2.208796
v 1.296954 -0.200000 2.160560
v 1.265170 -0.200000 2.119139
v 1.223749 -0.200000 2.087355
v 1.175513 -0.200000 2.067375
v 1.123749 -0.200000 2.060560
v 1.071985 -0.200000 2.067375
v 1.023749 -0.200000 2.087355
v 0.982328 -0.200000 2.119139
v 0.950544 -0.200000 2.160560
v 0.930564 -0.200000 2.208796
v 0.923749 -0.200000 2.260560
v 0.930564 -0.200000 2.312324
v 0.950544 -0.200000 2.360560
v 0.982328 -0.200000 2.401982
v 1.023749 -0.200000 2.433765
v 1.071985 -0.200000 2.453745
v 1.123749 -0.200000 2.460560
v 1.175513 -0.200000 2.453745
v 1.223749 -0.200000 2.433765
v 1.265170 -0.200000 2.401982
v 1.296954 -0.200000 2.360560
v 1.316934 -0.200000 2.312324
v 1.323749 0.300000 2.260560
v 1.316934 0.300000 2.208796
v 1.296954 0.300000 2.160560
v 1.265170 0.300000 2.119139
v 1.223749 0.300000 2.087355
v 1.175513 0.300000 2.067375
v 1.123749 0.300000 2.060560
v 1.071985 0.300000 2.067375
v 1.023749 0.300000 2.087355
v 0.982328 0.300000 2.119139
v 0.950544 0.300000 2.160560
v 0.930564 0.300000 2.208796
v 0.923749 0.300000 2.260560
v 0.930564 0.300000 2.312324
v 0.950544 0.300000 2.360560
v 0.982328 0.300000 2.401982
v 1.023749 0.300000 2.433765
v 1.071985 0.300000 2.453745
v 1.123749 0.300000 2.460560
v 1.175513 0.300000 2.453745
v 1.223749 0.300000 2.433765
v 1.265170 0.300000 2.401982
v 1.296954 0.300000 2.360560
v 1.316934 0.300000 2.312324
v -0.776251 0.300000 2.260560
v -0.783066 0.300000 2.208796
v -0.803046 0.300000 2.160560
v -0.834830 0.300000 2.119139
v -0.876251 0.300000 2.087355
v -0.924487 0.300000 2.067375
v -0.976251 0.300000 2.060560
v -1.028015 0.300000 2.067375
v -1.076251 0.300000 2.087355
v -1.117672 0.300000 2.119139
v -1.149456 0.300000 2.160560
v -1.169436 0.300000 2.208796
v -1.176251 0.300000 2.260560
v -1.169436 0.300000 2.312324
v -1.149456 0.300000 2.360560
v -1.117672 0.300000 2.401982
v -1.076251 0.300000 2.433765
v -1.028015 0.300000 2.453745
v -0.976251 0.300000 2.460560
v -0.924487 0.300000 2.453745
v -0.876251 0.300000 2.433765
v -0.834830 0.300000 2.401982
v -0.803046 0.300000 2.360560
v -0.783066 0.300000 2.312324
v 0.938235 0.667291 2.360529
v 0.945050 0.719055 2.360529
v 0.965030 0.767291 2.360529
v 0.996814 0.808713 2.360529
v 1.038235 0.840496 2.360529
v 1.086471 0.860476 2.360529
v 1.138235 0.867291 2.360529
v 1.189999 0.860476 2.360529
v 1.238235 0.840496 2.360529
v 1.279656 0.808713 2.360529
v 1.311440 0.767291 2.360529
v 1.331420 0.719055 2.360529
v 1.338235 0.667291 2.360529
v 1.331420 0.615528 2.360529
v 1.311440 0.567291 2.360529
v 1.279656 0.525870 2.360529
v 1.238235 0.494086 2.360529
v 1.189999 0.474106 2.360529
v 1.138235 0.467291 2.360529
v 1.086471 0.474106 2.360529
v 1.038235 0.494086 2.360529
v 0.996814 0.525870 2.360529
v 0.965030 0.567291 2.360529
v 0.945050 0.615528 2.360529
v -1.190861 0.667291 2.360529
v -1.184046 0.719055 2.360529
v -1.164066 0.767291 2.360529
v -1.132283 0.808713 2.360529
v -1.090861 0.840496 2.360529
v -1.042625 0.860476 2.360529
v -0.990861 0.867291 2.360529
v -0.939097 0.860476 2.360529
v -0.890861 0.840496 2.360529
v -0.849440 0.808713 2.360529
v -0.817656 0.767291 2.360529
v -0.797676 0.719055 2.360529
v -0.790861 0.667291 2.360529
v -0.797676 0.615528 2.360529
v -0.817656 0.567291 2.360529
v -0.849440 0.525870 2.360529
v -0.890861 0.494086 2.360529
v -0.939097 0.474106 2.360529
v -0.990861 0.467291 2.360529
v -1.042625 0.474106 2.360529
v -1.090861 0.494086 2.360529
v -1.132283 0.525870 2.360529
v -1.164066 0.567291 2.360529
v -1.184046 0.615528 2.360529
v -1.185570 2.433039 2.360529
v -1.178755 2.484802 2.360529
v -1.158775 2.533039 2.360529
v -1.126991 2.574460 2.360529
v -1.085570 2.606244 2.360529
v -1.037334 2.626224 2.360529
v -0.985570 2.633039 2.360529
v -0.933806 2.626224 2.360529
v -0.885570 2.606244 2.360529
v -0.844149 2.574460 2.360529
v -0.812365 2.533039 2.360529
v -0.792385 2.484802 2.360529
v -0.785570 2.433039 2.360529
v -0.792385 2.381275 2.360529
v -0.812365 2.333039 2.360529
v -0.844149 2.291617 2.360529
v -0.885570 2.259834 2.360529
v -0.933806 2.239853 2.360529
v -0.985570 2.233039 2.360529
v -1.037334 2.239853 2.360529
v -1.085570 2.259834 2.360529
v -1.126991 2.291617 2.360529
v -1.158775 2.333039 2.360529
v -1.178755 2.381275 2.360529
v 0.943526 2.433039 2.360529
v 0.950341 2.484802 2.360529
v 0.970321 2.533039 2.360529
v 1.002105 2.574460 2.360529
v 1.043526 2.606244 2.360529
v 1.091762 2.626224 2.360529
v 1.143526 2.633039 2.360529
v 1.195290 2.626224 2.360529
v 1.243526 2.606244 2.360529
v 1.284948 2.574460 2.360529
v 1.316731 2.533039 2.360529
v 1.336711 2.484802 2.360529
v 1.343526 2.433039 2.360529
v 1.336711 2.381275 2.360529
v 1.316731 2.333039 2.360529
v 1.284948 2.291617 2.360529
v 1.243526 2.259834 2.360529
v 1.195290 2.239853 2.360529
v 1.143526 2.233039 2.360529
v 1.091762 2.239853 2.360529
v 1.043526 2.259834 2.360529
v 1.002105 2.291617 2.360529
v 0.970321 2.333039 2.360529
v 0.950341 2.381275 2.360529
v -0.790861 0.667291 1.960560
v -0.797676 0.719055 1.960560
v -0.817656 0.767291 1.960560
v -0.849440 0.808713 1.960560
v -0.890861 0.840496 1.960560
v -0.939097 0.860476 1.960560
v -0.990861 0.867291 1.960560
v -1.042625 0.860476 1.960560
v -1.090861 0.840496 1.960560
v -1.132283 0.808713 1.960560
v -1.164066 0.767291 1.960560
v -1.184046 0.719055 1.960560
v -1.190861 0.667291 1.960560
v -1.184046 0.615528 1.960560
v -1.164066 0.567291 1.960560
v -1.132283 0.525870 1.960560
v -1.090861 0.494086 1.960560
v -1.042625 0.474106 1.960560
v -0.990861 0.467291 1.960560
v -0.939097 0.474106 1.960560
v -0.890861 0.494086 1.960560
v -0.849440 0.525870 1.960560
v -0.817656 0.567291 1.960560
v -0.797676 0.615528 1.960560
v 1.338235 0.667291 1.960560
v 1.331420 0.719055 1.960560
v 1.311440 0.767291 1.960560
v 1.279656 0.808713 1.960560
v 1.238235 0.840496 1.960560
v 1.189999 0.860476 1.960560
v 1.138235 0.867291 1.960560
v 1.086471 0.860476 1.960560
v 1.038235 0.840496 1.960560
v 0.996814 0.808713 1.960560
v 0.965030 0.767291 1.960560
v 0.945050 0.719055 1.960560
v 0.938235 0.667291 1.960560
v 0.945050 0.615528 1.960560
v 0.965030 0.567291 1.960560
v 0.996814 0.525870 1.960560
v 1.038235 0.494086 1.960560
v 1.086471 0.474106 1.960560
v 1.138235 0.467291 1.960560
v 1.189999 0.474106 1.960560
v 1.238235 0.494086 1.960560
v 1.279656 0.525870 1.960560
v 1.311440 0.567291 1.960560
v 1.331420 0.615528 1.960560
v 1.343526 2.433039 1.960560
v 1.336711 2.484802 1.960560
v 1.316731 2.533039 1.960560
v 1.284948 2.574460 1.960560
v 1.243526 2.606244 1.960560
v 1.195290 2.626224 1.960560
v 1.143526 2.633039 1.960560
v 1.091762 2.626224 1.960560
v 1.043526 2.606244 1.960560
v 1.002105 2.574460 1.960560
v 0.970321 2.533039 1.960560
v 0.950341 2.484802 1.960560
v 0.943526 2.433039 1.960560
v 0.950341 2.381275 1.960560
v 0.970321 2.333039 1.960560
v 1.002105 2.291617 1.960560
v 1.043526 2.259834 1.960560
v 1.091762 2.239853 1.960560
v 1.143526 2.233039 1.960560
v 1.195290 2.239853 1.960560
v 1.243526 2.259834 1.960560
v 1.284948 2.291617 1.960560
v 1.316731 2.333039 1.960560
v 1.336711 2.381275 1.960560
v -0.785570 2.433039 1.960560
v -0.792385 2.484802 1.960560
v -0.812365 2.533039 1.960560
v -0.844149 2.574460 1.960560
v -0.885570 2.606244 1.960560
v -0.933806 2.626224 1.960560
v -0.985570 2.633039 1.960560
v -1.037334 2.626224 1.960560
v -1.085570 2.606244 1.960560
v -1.126991 2.574460 1.960560
v -1.158775 2.533039 1.960560
v -1.178755 2.484802 1.960560
v -1.185570 2.433039 1.960560
v -1.178755 2.381275 1.960560
v -1.158775 2.333039 1.960560
v -1.126991 2.291617 1.960560
v -1.085570 2.259834 1.960560
v -1.037334 2.239853 1.960560
v -0.985570 2.233039 1.960560
v -0.933806 2.239853 1.960560
v -0.885570 2.259834 1.960560
v -0.844149 2.291617 1.960560
v -0.812365 2.333039 1.960560
v -0.792385 2.381275 1.960560
v 0.635169 0.220000 1.960560
v -0.408565 0.220000 1.960560
v -1.476294 2.689938 1.960560
v 1.623706 2.689938 1.960560
v 0.635169 0.220000 2.160560
v -0.408565 0.220000 2.160560
v -1.476294 2.689938 2.560560
v -0.408565 0.220000 2.560560
v -0.408565 0.176001 2.554768
v -0.408565 0.135000 2.537785
v -0.408565 0.099792 2.510768
v -0.408565 0.072776 2.475560
v -0.408565 0.055793 2.434559
v -0.408565 0.050000 2.390560
v 0.635169 0.050000 2.390560
v 0.635169 0.055793 2.434559
v 0.635169 0.072776 2.475560
v 0.635169 0.099792 2.510768
v 0.635169 0.135000 2.537785
v 0.635169 0.176001 2.554768
v 0.635169 0.220000 2.560560
v 1.623706 2.689938 2.560560
v 0.635169 0.176001 2.166353
v 0.635169 0.135000 2.183336
v 0.635169 0.099792 2.210352
v 0.635169 0.072776 2.245560
v 0.635169 0.055793 2.286561
v 0.635169 0.050000 2.330560
v -0.408565 0.050000 2.330560
v -0.408565 0.055793 2.286561
v -0.408565 0.072776 2.245560
v -0.408565 0.099792 2.210352
v -0.408565 0.135000 2.183336
v -0.408565 0.176001 2.166353
v -0.408565 0.350000 2.865280
v -0.408565 0.350000 2.905280
v -0.408565 -0.150000 2.905280
v -8.098565 -0.450000 2.995280
v -8.253857 -0.429555 2.995280
v -8.398565 -0.369615 2.995280
v -8.522829 -0.274264 2.995280
v -8.618181 -0.150000 2.995280
v -8.678121 -0.005291 2.995280
v -8.698565 0.150000 2.995280
v -3.191283 -0.450000 1.098808
v -3.151323 -0.450000 1.195280
v -3.087756 -0.450000 1.278123
v -3.004913 -0.450000 1.341690
v -2.908441 -0.450000 1.381650
v -2.804913 -0.450000 1.395280
v -2.701385 -0.450000 1.381650
v -2.604913 -0.450000 1.341690
v -2.522070 -0.450000 1.278123
v -2.458503 -0.450000 1.195280
v -2.418543 -0.450000 1.098808
v 8.321435 -0.450000 2.995280
v 0.111435 -0.450000 2.995280
v 0.111435 -0.450000 2.510560
v 8.921435 0.150000 2.995280
v 8.900990 -0.005291 2.995280
v 8.841050 -0.150000 2.995280
v 8.745699 -0.274264 2.995280
v 8.621435 -0.369615 2.995280
v 8.476726 -0.429555 2.995280
v 8.921435 10.870000 2.995280
v 8.321435 11.470000 2.995280
v 8.476726 11.449555 2.995280
v 8.621435 11.389615 2.995280
v 8.745699 11.294264 2.995280
v 8.841050 11.170000 2.995280
v 8.900990 11.025291 2.995280
v -8.098565 11.470000 2.995280
v 0.111435 11.470000 2.995280
v -8.698565 10.870000 2.995280
v -8.678121 11.025291 2.995280
v -8.618181 11.170000 2.995280
v -8.522829 11.294264 2.995280
v -8.398565 11.389615 2.995280
v -8.253857 11.449555 2.995280
v 0.111435 10.970000 2.865280
v 0.111435 10.970000 2.995280
v 0.635169 0.350000 2.865280
v 0.111435 0.350000 2.995280
v 0.635169 0.350000 2.905280
v 0.635169 -0.150000 2.905280
vt -8.042970 -4.174734 0.000000
vt -8.510000 -4.060000 0.000000
vt -8.810000 -5.460000 0.000000
vt -8.510000 3.860000 0.000000
vt -8.810000 5.260000 0.000000
vt -8.014162 3.996990 0.000000
vt -8.210000 5.860000 0.000000
vt -7.569668 4.255923 0.000000
vt -7.205923 4.619668 0.000000
vt -6.946990 5.064162 0.000000
vt -6.810000 5.560000 0.000000
vt 0.000000 5.860000 0.000000
vt -0.000000 5.560000 0.000000
vt 6.810000 5.560000 0.000000
vt 8.210000 5.860000 0.000000
vt 6.946990 5.064162 0.000000
vt 7.205923 4.619668 0.000000
vt 7.569668 4.255923 0.000000
vt 8.014162 3.996990 0.000000
vt 8.810000 5.260000 0.000000
vt 8.510000 3.860000 0.000000
vt 8.810000 -5.460000 0.000000
vt 8.510000 -4.060000 0.000000
vt 8.042970 -4.174734 0.000000
vt 8.210000 -6.060000 0.000000
vt 7.616831 -4.397637 0.000000
vt 7.256222 -4.715822 0.000000
vt 6.981993 -5.110891 0.000000
vt 6.810000 -5.560000 0.000000
vt 3.316348 -6.060000 0.000000
vt 3.316348 -5.560000 0.000000
vt 8.365291 -6.039555 0.000000
vt 8.510000 -5.979615 0.000000
vt 8.634264 -5.884264 0.000000
vt 8.729615 -5.760000 0.000000
vt 8.789555 -5.615291 0.000000
vt 8.789555 5.415291 0.000000
vt 8.729615 5.560000 0.000000
vt 8.634264 5.684264 0.000000
vt 8.510000 5.779615 0.000000
vt 8.365291 5.839555 0.000000
vt -8.365291 5.839555 0.000000
vt -8.510000 5.779615 0.000000
vt -8.634264 5.684264 0.000000
vt -8.729615 5.560000 0.000000
vt -8.789555 5.415291 0.000000
vt -8.789555 -5.615291 0.000000
vt -8.729615 -5.760000 0.000000
vt -8.634264 -5.884264 0.000000
vt -8.510000 -5.979615 0.000000
vt -8.365291 -6.039555 0.000000
vt -8.210000 -6.060000 0.000000
vt -7.616831 -4.397637 0.000000
vt -7.256222 -4.715822 0.000000
vt -6.981993 -5.110891 0.000000
vt -6.810000 -5.560000 0.000000
vt -0.523734 -5.760000 0.000000
vt -0.523734 -5.560000 0.000000
vt 2.516348 -6.060000 0.000000
vt 0.520000 -5.760000 0.000000
vt 2.516348 -5.560000 0.000000
vt 0.520000 -5.560000 0.000000
vt -0.349000 0.000000 0.000000
vt 0.000000 0.000000 0.000000
vt -0.349000 0.482083 0.000000
vt 0.000000 0.482083 0.000000
vt -0.349000 0.964165 0.000000
vt -0.000000 0.964165 0.000000
vt -0.349000 1.446248 0.000000
vt -0.000000 1.446248 0.000000
vt -0.349000 1.928331 0.000000
vt -0.000000 1.928331 0.000000
vt -0.349000 2.410413 0.000000
vt 0.000000 2.410413 0.000000
vt 0.850000 0.750000 0.000000
vt 0.382970 0.635266 0.000000
vt 0.850000 -0.750000 0.000000
vt -0.043169 0.412363 0.000000
vt -0.403778 0.094178 0.000000
vt -0.678007 -0.300891 0.000000
vt -0.850000 -0.750000 0.000000
vt -1.700000 2.000000 0.000000
vt -9.620000 2.000000 0.000000
vt -1.700000 1.651000 0.000000
vt -9.620000 1.651000 0.000000
vt -10.820000 0.130000 0.000000
vt -11.120000 1.651000 0.000000
vt -11.120000 0.130000 0.000000
vt -10.820000 0.000000 0.000000
vt -0.200000 -0.000000 0.000000
vt -0.200000 0.130000 0.000000
vt 0.000000 1.651000 0.000000
vt -0.000000 0.130000 0.000000
vt 0.000000 1.651000 0.000000
vt -1.700000 1.651000 0.000000
vt 0.000000 0.130000 0.000000
vt -6.997728 1.034720 0.000000
vt -6.997728 0.434720 0.000000
vt -1.700000 2.000000 0.000000
vt -7.986266 2.000000 0.000000
vt -7.986266 1.034720 0.000000
vt -7.986266 0.434720 0.000000
vt -7.986266 0.130000 0.000000
vt -0.349000 0.000000 0.000000
vt 0.000000 0.000000 0.000000
vt -0.349000 0.515842 0.000000
vt -0.000000 0.515842 0.000000
vt -0.349000 1.031684 0.000000
vt -0.000000 1.031684 0.000000
vt -0.349000 1.547526 0.000000
vt 0.000000 1.547526 0.000000
vt -0.349000 2.063369 0.000000
vt -0.000000 2.063369 0.000000
vt -0.349000 2.579211 0.000000
vt 0.000000 2.579211 0.000000
vt -0.850000 0.850000 0.000000
vt -0.713010 0.354162 0.000000
vt 0.850000 0.850000 0.000000
vt -0.454077 -0.090332 0.000000
vt -0.090332 -0.454077 0.000000
vt 0.354162 -0.713010 0.000000
vt 0.850000 -0.850000 0.000000
vt -15.320000 2.000000 0.000000
vt -15.320000 1.651000 0.000000
vt -8.510000 2.000000 0.000000
vt -8.510000 0.130000 0.000000
vt -1.700000 1.651000 0.000000
vt -0.000000 0.130000 0.000000
vt -0.000000 1.651000 0.000000
vt -17.020000 1.651000 0.000000
vt -17.020000 0.130000 0.000000
vt -1.700000 2.000000 0.000000
vt -0.349000 -0.000000 0.000000
vt -0.000000 0.000000 0.000000
vt -0.349000 0.515842 0.000000
vt -0.000000 0.515842 0.000000
vt -0.349000 1.031684 0.000000
vt 0.000000 1.031684 0.000000
vt -0.349000 1.547526 0.000000
vt 0.000000 1.547526 0.000000
vt -0.349000 2.063369 0.000000
vt -0.000000 2.063369 0.000000
vt -0.349000 2.579211 0.000000
vt 0.000000 2.579211 0.000000
vt -0.850000 -0.850000 0.000000
vt -0.354162 -0.713010 0.000000
vt -0.850000 0.850000 0.000000
vt 0.090332 -0.454077 0.000000
vt 0.454077 -0.090332 0.000000
vt 0.713010 0.354162 0.000000
vt 0.850000 0.850000 0.000000
vt -1.500000 2.000000 0.000000
vt -9.420000 2.000000 0.000000
vt -1.500000 1.651000 0.000000
vt -9.420000 1.651000 0.000000
vt -0.300000 0.130000 0.000000
vt -10.920000 0.130000 0.000000
vt -0.300000 -0.000000 0.000000
vt -10.920000 -0.000000 0.000000
vt -11.120000 1.651000 0.000000
vt -11.120000 0.130000 0.000000
vt -0.000000 0.130000 0.000000
vt -0.000000 1.651000 0.000000
vt -0.349000 -0.000000 0.000000
vt -0.000000 -0.000000 0.000000
vt -0.349000 0.482083 0.000000
vt -0.000000 0.482083 0.000000
vt -0.349000 0.964165 0.000000
vt -0.000000 0.964165 0.000000
vt -0.349000 1.446248 0.000000
vt 0.000000 1.446248 0.000000
vt -0.349000 1.928331 0.000000
vt -0.000000 1.928331 0.000000
vt -0.349000 2.410413 0.000000
vt -0.000000 2.410413 0.000000
vt 0.850000 -0.750000 0.000000
vt 0.678007 -0.300891 0.000000
vt -0.850000 -0.750000 0.000000
vt 0.403778 0.094178 0.000000
vt 0.043169 0.412363 0.000000
vt -0.382970 0.635266 0.000000
vt -0.850000 0.750000 0.000000
vt -11.826348 2.000000 0.000000
vt -15.320000 2.000000 0.000000
vt -11.812718 1.896472 0.000000
vt -15.320000 1.651000 0.000000
vt -11.772758 1.800000 0.000000
vt -11.709190 1.717157 0.000000
vt -11.626348 1.653590 0.000000
vt -11.529875 1.613630 0.000000
vt -10.097728 1.034720 0.000000
vt -11.426348 1.600000 0.000000
vt -11.322820 1.613630 0.000000
vt -11.226348 1.653590 0.000000
vt -9.030000 1.034720 0.000000
vt -9.030000 2.000000 0.000000
vt -17.020000 1.651000 0.000000
vt -17.020000 0.130000 0.000000
vt -10.097728 0.434720 0.000000
vt -9.030000 0.130000 0.000000
vt -9.030000 0.434720 0.000000
vt -11.026348 2.000000 0.000000
vt -11.039977 1.896472 0.000000
vt -11.079938 1.800000 0.000000
vt -11.143505 1.717157 0.000000
vt 0.250000 -0.719948 0.000000
vt 0.000000 -0.719948 0.000000
vt 0.250000 -0.785398 0.000000
vt 0.000000 -0.785398 0.000000
vt 0.250000 0.785398 0.000000
vt 0.000000 0.785398 0.000000
vt 0.250000 0.719948 0.000000
vt 0.000000 0.719948 0.000000
vt 0.250000 0.654498 0.000000
vt 0.000000 0.654498 0.000000
vt 0.250000 0.589049 0.000000
vt 0.000000 0.589049 0.000000
vt 0.250000 0.523599 0.000000
vt 0.000000 0.523599 0.000000
vt 0.250000 0.458149 0.000000
vt 0.000000 0.458149 0.000000
vt 0.250000 0.392699 0.000000
vt 0.000000 0.392699 0.000000
vt 0.250000 0.327249 0.000000
vt 0.000000 0.327249 0.000000
vt 0.250000 0.261799 0.000000
vt 0.000000 0.261799 0.000000
vt 0.250000 0.196350 0.000000
vt 0.000000 0.196350 0.000000
vt 0.250000 0.130900 0.000000
vt 0.000000 0.130900 0.000000
vt 0.250000 0.065450 0.000000
vt 0.000000 0.065450 0.000000
vt 0.250000 0.000000 0.000000
vt 0.000000 0.000000 0.000000
vt 0.250000 -0.065450 0.000000
vt 0.000000 -0.065450 0.000000
vt 0.250000 -0.130900 0.000000
vt 0.000000 -0.130900 0.000000
vt 0.250000 -0.196350 0.000000
vt 0.000000 -0.196350 0.000000
vt 0.250000 -0.261799 0.000000
vt 0.000000 -0.261799 0.000000
vt 0.250000 -0.327249 0.000000
vt 0.000000 -0.327249 0.000000
vt 0.250000 -0.392699 0.000000
vt 0.000000 -0.392699 0.000000
vt 0.250000 -0.458149 0.000000
vt 0.000000 -0.458149 0.000000
vt 0.250000 -0.523599 0.000000
vt 0.000000 -0.523599 0.000000
vt 0.250000 -0.589049 0.000000
vt 0.000000 -0.589049 0.000000
vt 0.250000 -0.654498 0.000000
vt 0.000000 -0.654498 0.000000
vt 0.193185 -0.051764 0.000000
vt 0.241481 -0.064705 0.000000
vt 0.200000 -0.000000 0.000000
vt 0.250000 -0.000000 0.000000
vt 0.193185 0.051764 0.000000
vt 0.241481 0.064705 0.000000
vt 0.173205 0.100000 0.000000
vt 0.216506 0.125000 0.000000
vt 0.141421 0.141421 0.000000
vt 0.176777 0.176777 0.000000
vt 0.100000 0.173205 0.000000
vt 0.125000 0.216506 0.000000
vt 0.051764 0.193185 0.000000
vt 0.064705 0.241481 0.000000
vt 0.000000 0.200000 0.000000
vt 0.000000 0.250000 0.000000
vt -0.064705 0.241481 0.000000
vt 0.173205 -0.100000 0.000000
vt 0.216506 -0.125000 0.000000
vt 0.141421 -0.141421 0.000000
vt 0.176777 -0.176777 0.000000
vt 0.100000 -0.173205 0.000000
vt 0.125000 -0.216506 0.000000
vt 0.051764 -0.193185 0.000000
vt 0.064705 -0.241481 0.000000
vt -0.000000 -0.200000 0.000000
vt -0.000000 -0.250000 0.000000
vt -0.064705 -0.241481 0.000000
vt -0.051764 -0.193185 0.000000
vt -0.125000 -0.216506 0.000000
vt -0.100000 -0.173205 0.000000
vt -0.176777 -0.176777 0.000000
vt -0.141421 -0.141421 0.000000
vt -0.216506 -0.125000 0.000000
vt -0.173205 -0.100000 0.000000
vt -0.241481 -0.064705 0.000000
vt -0.193185 -0.051764 0.000000
vt -0.250000 0.000000 0.000000
vt -0.200000 0.000000 0.000000
vt -0.193185 0.051764 0.000000
vt -0.241481 0.064705 0.000000
vt -0.173205 0.100000 0.000000
vt -0.216506 0.125000 0.000000
vt -0.141421 0.141421 0.000000
vt -0.176777 0.176777 0.000000
vt -0.100000 0.173205 0.000000
vt -0.125000 0.216506 0.000000
vt -0.051764 0.193185 0.000000
vt 0.250000 -0.719948 0.000000
vt 0.000000 -0.719948 0.000000
vt 0.250000 -0.785398 0.000000
vt 0.000000 -0.785398 0.000000
vt 0.250000 0.785398 0.000000
vt 0.000000 0.785398 0.000000
vt 0.250000 0.719948 0.000000
vt 0.000000 0.719948 0.000000
vt 0.250000 0.654498 0.000000
vt 0.000000 0.654498 0.000000
vt 0.250000 0.589049 0.000000
vt 0.000000 0.589049 0.000000
vt 0.250000 0.523599 0.000000
vt 0.000000 0.523599 0.000000
vt 0.250000 0.458149 0.000000
vt 0.000000 0.458149 0.000000
vt 0.250000 0.392699 0.000000
vt 0.000000 0.392699 0.000000
vt 0.250000 0.327249 0.000000
vt 0.000000 0.327249 0.000000
vt 0.250000 0.261799 0.000000
vt 0.000000 0.261799 0.000000
vt 0.250000 0.196350 0.000000
vt 0.000000 0.196350 0.000000
vt 0.250000 0.130900 0.000000
vt 0.000000 0.130900 0.000000
vt 0.250000 0.065450 0.000000
vt 0.000000 0.065450 0.000000
vt 0.250000 0.000000 0.000000
vt 0.000000 0.000000 0.000000
vt 0.250000 -0.065450 0.000000
vt 0.000000 -0.065450 0.000000
vt 0.250000 -0.130900 0.000000
vt 0.000000 -0.130900 0.000000
vt 0.250000 -0.196350 0.000000
vt 0.000000 -0.196350 0.000000
vt 0.250000 -0.261799 0.000000
vt 0.000000 -0.261799 0.000000
vt 0.250000 -0.327249 0.000000
vt 0.000000 -0.327249 0.000000
vt 0.250000 -0.392699 0.000000
vt 0.000000 -0.392699 0.000000
vt 0.250000 -0.458149 0.000000
vt 0.000000 -0.458149 0.000000
vt 0.250000 -0.523599 0.000000
vt 0.000000 -0.523599 0.000000
vt 0.250000 -0.589049 0.000000
vt 0.000000 -0.589049 0.000000
vt 0.250000 -0.654498 0.000000
vt 0.000000 -0.654498 0.000000
vt 0.193185 -0.051764 0.000000
vt 0.241481 -0.064705 0.000000
vt 0.200000 -0.000000 0.000000
vt 0.250000 -0.000000 0.000000
vt 0.193185 0.051764 0.000000
vt 0.241481 0.064705 0.000000
vt 0.173205 0.100000 0.000000
vt 0.216506 0.125000 0.000000
vt 0.141421 0.141421 0.000000
vt 0.176777 0.176777 0.000000
vt 0.100000 0.173205 0.000000
vt 0.125000 0.216506 0.000000
vt 0.051764 0.193185 0.000000
vt 0.064705 0.241481 0.000000
vt 0.000000 0.200000 0.000000
vt 0.000000 0.250000 0.000000
vt -0.064705 0.241481 0.000000
vt 0.173205 -0.100000 0.000000
vt 0.216506 -0.125000 0.000000
vt 0.141421 -0.141421 0.000000
vt 0.176777 -0.176777 0.000000
vt 0.100000 -0.173205 0.000000
vt 0.125000 -0.216506 0.000000
vt 0.051764 -0.193185 0.000000
vt 0.064705 -0.241481 0.000000
vt -0.000000 -0.200000 0.000000
vt -0.000000 -0.250000 0.000000
vt -0.064705 -0.241481 0.000000
vt -0.051764 -0.193185 0.000000
vt -0.125000 -0.216506 0.000000
vt -0.100000 -0.173205 0.000000
vt -0.176777 -0.176777 0.000000
vt -0.141421 -0.141421 0.000000
vt -0.216506 -0.125000 0.000000
vt -0.173205 -0.100000 0.000000
vt -0.241481 -0.064705 0.000000
vt -0.193185 -0.051764 0.000000
vt -0.250000 0.000000 0.000000
vt -0.200000 0.000000 0.000000
vt -0.193185 0.051764 0.000000
vt -0.241481 0.064705 0.000000
vt -0.173205 0.100000 0.000000
vt -0.216506 0.125000 0.000000
vt -0.141421 0.141421 0.000000
vt -0.176777 0.176777 0.000000
vt -0.100000 0.173205 0.000000
vt -0.125000 0.216506 0.000000
vt -0.051764 0.193185 0.000000
vt 0.250000 0.575959 0.000000
vt 0.750000 0.575959 0.000000
vt 0.250000 0.628319 0.000000
vt 0.750000 0.628319 0.000000
vt 0.250000 -0.628319 0.000000
vt 0.750000 -0.628319 0.000000
vt 0.250000 -0.575959 0.000000
vt 0.750000 -0.575959 0.000000
vt 0.250000 -0.523599 0.000000
vt 0.750000 -0.523599 0.000000
vt 0.250000 -0.471239 0.000000
vt 0.750000 -0.471239 0.000000
vt 0.250000 -0.418879 0.000000
vt 0.750000 -0.418879 0.000000
vt 0.250000 -0.366519 0.000000
vt 0.750000 -0.366519 0.000000
vt 0.250000 -0.314159 0.000000
vt 0.750000 -0.314159 0.000000
vt 0.250000 -0.261799 0.000000
vt 0.750000 -0.261799 0.000000
vt 0.250000 -0.209440 0.000000
vt 0.750000 -0.209440 0.000000
vt 0.250000 -0.157080 0.000000
vt 0.750000 -0.157080 0.000000
vt 0.250000 -0.104720 0.000000
vt 0.750000 -0.104720 0.000000
vt 0.250000 -0.052360 0.000000
vt 0.750000 -0.052360 0.000000
vt 0.250000 -0.000000 0.000000
vt 0.750000 0.000000 0.000000
vt 0.250000 0.052360 0.000000
vt 0.750000 0.052360 0.000000
vt 0.250000 0.104720 0.000000
vt 0.750000 0.104720 0.000000
vt 0.250000 0.157080 0.000000
vt 0.750000 0.157080 0.000000
vt 0.250000 0.209440 0.000000
vt 0.750000 0.209440 0.000000
vt 0.250000 0.261799 0.000000
vt 0.750000 0.261799 0.000000
vt 0.250000 0.314159 0.000000
vt 0.750000 0.314159 0.000000
vt 0.250000 0.366519 0.000000
vt 0.750000 0.366519 0.000000
vt 0.250000 0.418879 0.000000
vt 0.750000 0.418879 0.000000
vt 0.250000 0.471239 0.000000
vt 0.750000 0.471239 0.000000
vt 0.250000 0.523599 0.000000
vt 0.750000 0.523599 0.000000
vt 0.193185 0.051764 0.000000
vt -0.193185 0.051764 0.000000
vt 0.200000 -0.000000 0.000000
vt -0.200000 0.000000 0.000000
vt 0.193185 -0.051764 0.000000
vt -0.193185 -0.051764 0.000000
vt 0.173205 -0.100000 0.000000
vt -0.173205 -0.100000 0.000000
vt 0.141421 -0.141421 0.000000
vt -0.141421 -0.141421 0.000000
vt 0.100000 -0.173205 0.000000
vt -0.100000 -0.173205 0.000000
vt 0.051764 -0.193185 0.000000
vt -0.051764 -0.193185 0.000000
vt -0.000000 -0.200000 0.000000
vt -0.173205 0.100000 0.000000
vt 0.173205 0.100000 0.000000
vt -0.141421 0.141421 0.000000
vt 0.141421 0.141421 0.000000
vt -0.100000 0.173205 0.000000
vt 0.100000 0.173205 0.000000
vt -0.051764 0.193185 0.000000
vt 0.051764 0.193185 0.000000
vt 0.000000 0.200000 0.000000
vt 0.250000 0.575959 0.000000
vt 0.750000 0.575959 0.000000
vt 0.250000 0.628319 0.000000
vt 0.750000 0.628319 0.000000
vt 0.250000 -0.628319 0.000000
vt 0.750000 -0.628319 0.000000
vt 0.250000 -0.575959 0.000000
vt 0.750000 -0.575959 0.000000
vt 0.250000 -0.523599 0.000000
vt 0.750000 -0.523599 0.000000
vt 0.250000 -0.471239 0.000000
vt 0.750000 -0.471239 0.000000
vt 0.250000 -0.418879 0.000000
vt 0.750000 -0.418879 0.000000
vt 0.250000 -0.366519 0.000000
vt 0.750000 -0.366519 0.000000
vt 0.250000 -0.314159 0.000000
vt 0.750000 -0.314159 0.000000
vt 0.250000 -0.261799 0.000000
vt 0.750000 -0.261799 0.000000
vt 0.250000 -0.209440 0.000000
vt 0.750000 -0.209440 0.000000
vt 0.250000 -0.157080 0.000000
vt 0.750000 -0.157080 0.000000
vt 0.250000 -0.104720 0.000000
vt 0.750000 -0.104720 0.000000
vt 0.250000 -0.052360 0.000000
vt 0.750000 -0.052360 0.000000
vt 0.250000 -0.000000 0.000000
vt 0.750000 0.000000 0.000000
vt 0.250000 0.052360 0.000000
vt 0.750000 0.052360 0.000000
vt 0.250000 0.104720 0.000000
vt 0.750000 0.104720 0.000000
vt 0.250000 0.157080 0.000000
vt 0.750000 0.157080 0.000000
vt 0.250000 0.209440 0.000000
vt 0.750000 0.209440 0.000000
vt 0.250000 0.261799 0.000000
vt 0.750000 0.261799 0.000000
vt 0.250000 0.314159 0.000000
vt 0.750000 0.314159 0.000000
vt 0.250000 0.366519 0.000000
vt 0.750000 0.366519 0.000000
vt 0.250000 0.418879 0.000000
vt 0.750000 0.418879 0.000000
vt 0.250000 0.471239 0.000000
vt 0.750000 0.471239 0.000000
vt 0.250000 0.523599 0.000000
vt 0.750000 0.523599 0.000000
vt 0.193185 0.051764 0.000000
vt -0.193185 0.051764 0.000000
vt 0.200000 -0.000000 0.000000
vt -0.200000 0.000000 0.000000
vt 0.193185 -0.051764 0.000000
vt -0.193185 -0.051764 0.000000
vt 0.173205 -0.100000 0.000000
vt -0.173205 -0.100000 0.000000
vt 0.141421 -0.141421 0.000000
vt -0.141421 -0.141421 0.000000
vt 0.100000 -0.173205 0.000000
vt -0.100000 -0.173205 0.000000
vt 0.051764 -0.193185 0.000000
vt -0.051764 -0.193185 0.000000
vt -0.000000 -0.200000 0.000000
vt -0.173205 0.100000 0.000000
vt 0.173205 0.100000 0.000000
vt -0.141421 0.141421 0.000000
vt 0.141421 0.141421 0.000000
vt -0.100000 0.173205 0.000000
vt 0.100000 0.173205 0.000000
vt -0.051764 0.193185 0.000000
vt 0.051764 0.193185 0.000000
vt 0.000000 0.200000 0.000000
vt -0.193185 -0.051764 0.000000
vt 0.193185 -0.051764 0.000000
vt -0.200000 0.000000 0.000000
vt 0.200000 0.000000 0.000000
vt -0.193185 0.051764 0.000000
vt 0.193185 0.051764 0.000000
vt -0.173205 0.100000 0.000000
vt 0.173205 0.100000 0.000000
vt -0.141421 0.141421 0.000000
vt 0.141421 0.141421 0.000000
vt -0.100000 0.173205 0.000000
vt 0.100000 0.173205 0.000000
vt -0.051764 0.193185 0.000000
vt 0.051764 0.193185 0.000000
vt -0.000000 0.200000 0.000000
vt 0.173205 -0.100000 0.000000
vt -0.173205 -0.100000 0.000000
vt 0.141421 -0.141421 0.000000
vt -0.141421 -0.141421 0.000000
vt 0.100000 -0.173205 0.000000
vt -0.100000 -0.173205 0.000000
vt 0.051764 -0.193185 0.000000
vt -0.051764 -0.193185 0.000000
vt -0.000000 -0.200000 0.000000
vt -0.193185 -0.051764 0.000000
vt 0.193185 -0.051764 0.000000
vt -0.200000 0.000000 0.000000
vt 0.200000 0.000000 0.000000
vt -0.193185 0.051764 0.000000
vt 0.193185 0.051764 0.000000
vt -0.173205 0.100000 0.000000
vt 0.173205 0.100000 0.000000
vt -0.141421 0.141421 0.000000
vt 0.141421 0.141421 0.000000
vt -0.100000 0.173205 0.000000
vt 0.100000 0.173205 0.000000
vt -0.051764 0.193185 0.000000
vt 0.051764 0.193185 0.000000
vt -0.000000 0.200000 0.000000
vt 0.173205 -0.100000 0.000000
vt -0.173205 -0.100000 0.000000
vt 0.141421 -0.141421 0.000000
vt -0.141421 -0.141421 0.000000
vt 0.100000 -0.173205 0.000000
vt -0.100000 -0.173205 0.000000
vt 0.051764 -0.193185 0.000000
vt -0.051764 -0.193185 0.000000
vt -0.000000 -0.200000 0.000000
vt -0.193185 -0.051764 0.000000
vt 0.193185 -0.051764 0.000000
vt -0.200000 0.000000 0.000000
vt 0.200000 0.000000 0.000000
vt -0.193185 0.051764 0.000000
vt 0.193185 0.051764 0.000000
vt -0.173205 0.100000 0.000000
vt 0.173205 0.100000 0.000000
vt -0.141421 0.141421 0.000000
vt 0.141421 0.141421 0.000000
vt -0.100000 0.173205 0.000000
vt 0.100000 0.173205 0.000000
vt -0.051764 0.193185 0.000000
vt 0.051764 0.193185 0.000000
vt -0.000000 0.200000 0.000000
vt 0.173205 -0.100000 0.000000
vt -0.173205 -0.100000 0.000000
vt 0.141421 -0.141421 0.000000
vt -0.141421 -0.141421 0.000000
vt 0.100000 -0.173205 0.000000
vt -0.100000 -0.173205 0.000000
vt 0.051764 -0.193185 0.000000
vt -0.051764 -0.193185 0.000000
vt -0.000000 -0.200000 0.000000
vt -0.193185 -0.051764 0.000000
vt 0.193185 -0.051764 0.000000
vt -0.200000 0.000000 0.000000
vt 0.200000 0.000000 0.000000
vt -0.193185 0.051764 0.000000
vt 0.193185 0.051764 0.000000
vt -0.173205 0.100000 0.000000
vt 0.173205 0.100000 0.000000
vt -0.141421 0.141421 0.000000
vt 0.141421 0.141421 0.000000
vt -0.100000 0.173205 0.000000
vt 0.100000 0.173205 0.000000
vt -0.051764 0.193185 0.000000
vt 0.051764 0.193185 0.000000
vt -0.000000 0.200000 0.000000
vt 0.173205 -0.100000 0.000000
vt -0.173205 -0.100000 0.000000
vt 0.141421 -0.141421 0.000000
vt -0.141421 -0.141421 0.000000
vt 0.100000 -0.173205 0.000000
vt -0.100000 -0.173205 0.000000
vt 0.051764 -0.193185 0.000000
vt -0.051764 -0.193185 0.000000
vt -0.000000 -0.200000 0.000000
vt 2.024411 0.821382 0.000000
vt 1.972647 0.814567 0.000000
vt 2.419938 0.432272 0.000000
vt 1.920883 0.821382 0.000000
vt 1.920883 -0.921344 0.000000
vt 1.872647 0.841362 0.000000
vt 1.872647 -0.941324 0.000000
vt 1.831226 0.873146 0.000000
vt 1.831226 -0.973107 0.000000
vt 0.348321 0.867855 0.000000
vt 0.348321 -0.978399 0.000000
vt 0.306900 0.836071 0.000000
vt 0.306900 -0.946615 0.000000
vt 0.258664 0.816091 0.000000
vt 0.258664 -0.926635 0.000000
vt 0.206900 0.809276 0.000000
vt 0.206900 -0.919820 0.000000
vt 0.155136 -0.926635 0.000000
vt 0.155136 0.816091 0.000000
vt 0.106900 -0.946615 0.000000
vt 0.106900 0.836071 0.000000
vt 0.065478 -0.978399 0.000000
vt 0.065478 0.867855 0.000000
vt 0.033695 -1.019820 0.000000
vt 0.033695 0.909276 0.000000
vt 0.013715 -1.068056 0.000000
vt 0.013715 0.957513 0.000000
vt 0.006900 -1.119820 0.000000
vt 0.006900 1.009276 0.000000
vt -0.050000 -1.600000 0.000000
vt -0.050000 1.500000 0.000000
vt 0.013715 1.061040 0.000000
vt 0.033695 1.109276 0.000000
vt 0.380105 0.909276 0.000000
vt 1.799442 0.914567 0.000000
vt 0.400085 0.957513 0.000000
vt 1.779462 0.962804 0.000000
vt 0.406900 1.009276 0.000000
vt 1.772647 1.014567 0.000000
vt 0.400085 1.061040 0.000000
vt 1.779462 1.066331 0.000000
vt 0.380105 1.109276 0.000000
vt 1.799442 1.114567 0.000000
vt 0.348321 1.150698 0.000000
vt 1.831226 1.155989 0.000000
vt 0.306900 1.182481 0.000000
vt 1.872647 1.187773 0.000000
vt 1.920883 1.207753 0.000000
vt 2.589938 1.500000 0.000000
vt 1.972647 1.214567 0.000000
vt 2.024411 1.207753 0.000000
vt 2.072647 1.187773 0.000000
vt 2.114068 1.155989 0.000000
vt 2.145852 1.114567 0.000000
vt 2.165832 1.066331 0.000000
vt 2.172647 1.014567 0.000000
vt 2.589938 0.432272 0.000000
vt 2.165832 0.962804 0.000000
vt 2.145852 0.914567 0.000000
vt 2.114068 0.873146 0.000000
vt 2.072647 0.841362 0.000000
vt 2.024411 -1.307714 0.000000
vt 1.972647 -1.314529 0.000000
vt 2.589938 -1.600000 0.000000
vt 1.920883 -1.307714 0.000000
vt 1.872647 -1.287734 0.000000
vt 0.306900 -1.293025 0.000000
vt 0.348321 -1.261241 0.000000
vt 1.831226 -1.255950 0.000000
vt 0.380105 -1.219820 0.000000
vt 1.799442 -1.214529 0.000000
vt 0.400085 -1.171584 0.000000
vt 1.779462 -1.166293 0.000000
vt 0.406900 -1.119820 0.000000
vt 1.772647 -1.114529 0.000000
vt 0.400085 -1.068056 0.000000
vt 1.779462 -1.062765 0.000000
vt 0.380105 -1.019820 0.000000
vt 1.799442 -1.014529 0.000000
vt 1.972647 -0.914529 0.000000
vt 2.419938 -0.611462 0.000000
vt 2.024411 -0.921344 0.000000
vt 2.072647 -0.941324 0.000000
vt 2.114068 -0.973107 0.000000
vt 2.145852 -1.014529 0.000000
vt 2.165832 -1.062765 0.000000
vt 2.589938 -0.611462 0.000000
vt 2.172647 -1.114529 0.000000
vt 2.165832 -1.166293 0.000000
vt 2.145852 -1.214529 0.000000
vt 2.114068 -1.255950 0.000000
vt 2.072647 -1.287734 0.000000
vt 0.258664 -1.313005 0.000000
vt 0.206900 -1.319820 0.000000
vt 0.155136 -1.313005 0.000000
vt 0.106900 -1.293025 0.000000
vt 0.065478 -1.261241 0.000000
vt 0.033695 -1.219820 0.000000
vt 0.013715 -1.171584 0.000000
vt 0.065478 1.150698 0.000000
vt 0.106900 1.182481 0.000000
vt 0.155136 1.202462 0.000000
vt 0.206900 1.209276 0.000000
vt 0.258664 1.202462 0.000000
vt 0.000000 0.000000 0.000000
vt 1.043734 0.000000 0.000000
vt -0.000000 0.200000 0.000000
vt 1.043734 0.200000 0.000000
vt 0.800000 2.589938 0.000000
vt 0.200000 2.589938 0.000000
vt 0.800000 -0.050000 0.000000
vt 0.200000 -0.050000 0.000000
vt 0.126600 0.052360 0.000000
vt -0.273369 0.052360 0.000000
vt 0.126600 0.000000 0.000000
vt -0.273369 -0.000000 0.000000
vt 0.126600 -0.052360 0.000000
vt -0.273369 -0.052360 0.000000
vt 0.126600 -0.104720 0.000000
vt -0.273369 -0.104720 0.000000
vt 0.126600 -0.157080 0.000000
vt -0.273369 -0.157080 0.000000
vt 0.126600 -0.209440 0.000000
vt -0.273369 -0.209440 0.000000
vt 0.126600 -0.261799 0.000000
vt -0.273369 -0.261799 0.000000
vt 0.126600 -0.314159 0.000000
vt -0.273369 -0.314159 0.000000
vt 0.126600 -0.366519 0.000000
vt -0.273369 -0.366519 0.000000
vt 0.126600 -0.418879 0.000000
vt -0.273369 -0.418879 0.000000
vt 0.126600 -0.471239 0.000000
vt -0.273369 -0.471239 0.000000
vt 0.126600 -0.523599 0.000000
vt -0.273369 -0.523599 0.000000
vt 0.126600 -0.575959 0.000000
vt -0.273369 -0.575959 0.000000
vt 0.126600 -0.628319 0.000000
vt -0.273369 -0.628319 0.000000
vt 0.126600 0.628319 0.000000
vt -0.273369 0.628319 0.000000
vt 0.126600 0.575959 0.000000
vt -0.273369 0.575959 0.000000
vt 0.126600 0.523599 0.000000
vt -0.273369 0.523599 0.000000
vt 0.126600 0.471239 0.000000
vt -0.273369 0.471239 0.000000
vt 0.126600 0.418879 0.000000
vt -0.273369 0.418879 0.000000
vt 0.126600 0.366519 0.000000
vt -0.273369 0.366519 0.000000
vt 0.126600 0.314159 0.000000
vt -0.273369 0.314159 0.000000
vt 0.126600 0.261799 0.000000
vt -0.273369 0.261799 0.000000
vt 0.126600 0.209440 0.000000
vt -0.273369 0.209440 0.000000
vt 0.126600 0.157080 0.000000
vt -0.273369 0.157080 0.000000
vt 0.126600 0.104720 0.000000
vt -0.273369 0.104720 0.000000
vt 0.091600 0.052360 0.000000
vt -0.308369 0.052360 0.000000
vt 0.091600 0.000000 0.000000
vt -0.308369 -0.000000 0.000000
vt 0.091600 -0.052360 0.000000
vt -0.308369 -0.052360 0.000000
vt 0.091600 -0.104720 0.000000
vt -0.308369 -0.104720 0.000000
vt 0.091600 -0.157080 0.000000
vt -0.308369 -0.157080 0.000000
vt 0.091600 -0.209440 0.000000
vt -0.308369 -0.209440 0.000000
vt 0.091600 -0.261799 0.000000
vt -0.308369 -0.261799 0.000000
vt 0.091600 -0.314159 0.000000
vt -0.308369 -0.314159 0.000000
vt 0.091600 -0.366519 0.000000
vt -0.308369 -0.366519 0.000000
vt 0.091600 -0.418879 0.000000
vt -0.308369 -0.418879 0.000000
vt 0.091600 -0.471239 0.000000
vt -0.308369 -0.471239 0.000000
vt 0.091600 -0.523599 0.000000
vt -0.308369 -0.523599 0.000000
vt 0.091600 -0.575959 0.000000
vt -0.308369 -0.575959 0.000000
vt 0.091600 -0.628319 0.000000
vt -0.308369 -0.628319 0.000000
vt 0.091600 0.628319 0.000000
vt -0.308369 0.628319 0.000000
vt 0.091600 0.575959 0.000000
vt -0.308369 0.575959 0.000000
vt 0.091600 0.523599 0.000000
vt -0.308369 0.523599 0.000000
vt 0.091600 0.471239 0.000000
vt -0.308369 0.471239 0.000000
vt 0.091600 0.418879 0.000000
vt -0.308369 0.418879 0.000000
vt 0.091600 0.366519 0.000000
vt -0.308369 0.366519 0.000000
vt 0.091600 0.314159 0.000000
vt -0.308369 0.314159 0.000000
vt 0.091600 0.261799 0.000000
vt -0.308369 0.261799 0.000000
vt 0.091600 0.209440 0.000000
vt -0.308369 0.209440 0.000000
vt 0.091600 0.157080 0.000000
vt -0.308369 0.157080 0.000000
vt 0.091600 0.104720 0.000000
vt -0.308369 0.104720 0.000000
vt 0.126600 0.052360 0.000000
vt -0.273369 0.052360 0.000000
vt 0.126600 0.000000 0.000000
vt -0.273369 -0.000000 0.000000
vt 0.126600 -0.052360 0.000000
vt -0.273369 -0.052360 0.000000
vt 0.126600 -0.104720 0.000000
vt -0.273369 -0.104720 0.000000
vt 0.126600 -0.157080 0.000000
vt -0.273369 -0.157080 0.000000
vt 0.126600 -0.209440 0.000000
vt -0.273369 -0.209440 0.000000
vt 0.126600 -0.261799 0.000000
vt -0.273369 -0.261799 0.000000
vt 0.126600 -0.314159 0.000000
vt -0.273369 -0.314159 0.000000
vt 0.126600 -0.366519 0.000000
vt -0.273369 -0.366519 0.000000
vt 0.126600 -0.418879 0.000000
vt -0.273369 -0.418879 0.000000
vt 0.126600 -0.471239 0.000000
vt -0.273369 -0.471239 0.000000
vt 0.126600 -0.523599 0.000000
vt -0.273369 -0.523599 0.000000
vt 0.126600 -0.575959 0.000000
vt -0.273369 -0.575959 0.000000
vt 0.126600 -0.628319 0.000000
vt -0.273369 -0.628319 0.000000
vt 0.126600 0.628319 0.000000
vt -0.273369 0.628319 0.000000
vt 0.126600 0.575959 0.000000
vt -0.273369 0.575959 0.000000
vt 0.126600 0.523599 0.000000
vt -0.273369 0.523599 0.000000
vt 0.126600 0.471239 0.000000
vt -0.273369 0.471239 0.000000
vt 0.126600 0.418879 0.000000
vt -0.273369 0.418879 0.000000
vt 0.126600 0.366519 0.000000
vt -0.273369 0.366519 0.000000
vt 0.126600 0.314159 0.000000
vt -0.273369 0.314159 0.000000
vt 0.126600 0.261799 0.000000
vt -0.273369 0.261799 0.000000
vt 0.126600 0.209440 0.000000
vt -0.273369 0.209440 0.000000
vt 0.126600 0.157080 0.000000
vt -0.273369 0.157080 0.000000
vt 0.126600 0.104720 0.000000
vt -0.273369 0.104720 0.000000
vt 0.126600 0.052360 0.000000
vt -0.273369 0.052360 0.000000
vt 0.126600 0.000000 0.000000
vt -0.273369 -0.000000 0.000000
vt 0.126600 -0.052360 0.000000
vt -0.273369 -0.052360 0.000000
vt 0.126600 -0.104720 0.000000
vt -0.273369 -0.104720 0.000000
vt 0.126600 -0.157080 0.000000
vt -0.273369 -0.157080 0.000000
vt 0.126600 -0.209440 0.000000
vt -0.273369 -0.209440 0.000000
vt 0.126600 -0.261799 0.000000
vt -0.273369 -0.261799 0.000000
vt 0.126600 -0.314159 0.000000
vt -0.273369 -0.314159 0.000000
vt 0.126600 -0.366519 0.000000
vt -0.273369 -0.366519 0.000000
vt 0.126600 -0.418879 0.000000
vt -0.273369 -0.418879 0.000000
vt 0.126600 -0.471239 0.000000
vt -0.273369 -0.471239 0.000000
vt 0.126600 -0.523599 0.000000
vt -0.273369 -0.523599 0.000000
vt 0.126600 -0.575959 0.000000
vt -0.273369 -0.575959 0.000000
vt 0.126600 -0.628319 0.000000
vt -0.273369 -0.628319 0.000000
vt 0.126600 0.628319 0.000000
vt -0.273369 0.628319 0.000000
vt 0.126600 0.575959 0.000000
vt -0.273369 0.575959 0.000000
vt 0.126600 0.523599 0.000000
vt -0.273369 0.523599 0.000000
vt 0.126600 0.471239 0.000000
vt -0.273369 0.471239 0.000000
vt 0.126600 0.418879 0.000000
vt -0.273369 0.418879 0.000000
vt 0.126600 0.366519 0.000000
vt -0.273369 0.366519 0.000000
vt 0.126600 0.314159 0.000000
vt -0.273369 0.314159 0.000000
vt 0.126600 0.261799 0.000000
vt -0.273369 0.261799 0.000000
vt 0.126600 0.209440 0.000000
vt -0.273369 0.209440 0.000000
vt 0.126600 0.157080 0.000000
vt -0.273369 0.157080 0.000000
vt 0.126600 0.104720 0.000000
vt -0.273369 0.104720 0.000000
vt -0.305731 -0.133518 0.000000
vt 0.738003 -0.133518 0.000000
vt -0.305731 -0.089012 0.000000
vt 0.738003 -0.089012 0.000000
vt -0.305731 -0.044506 0.000000
vt 0.738003 -0.044506 0.000000
vt -0.305731 -0.000000 0.000000
vt 0.738003 -0.000000 0.000000
vt -0.305731 0.044506 0.000000
vt 0.738003 0.044506 0.000000
vt -0.305731 0.089012 0.000000
vt 0.738003 0.089012 0.000000
vt -0.305731 0.133518 0.000000
vt 0.738003 0.133518 0.000000
vt 0.800000 1.500000 0.000000
vt 0.200000 1.500000 0.000000
vt 0.800000 -1.600000 0.000000
vt 0.200000 -1.600000 0.000000
vt -0.200000 2.589938 0.000000
vt -0.800000 2.589938 0.000000
vt -0.200000 -0.050000 0.000000
vt -0.800000 -0.050000 0.000000
vt -0.738003 -0.133518 0.000000
vt 0.305731 -0.133518 0.000000
vt -0.738003 -0.089012 0.000000
vt 0.305731 -0.089012 0.000000
vt -0.738003 -0.044506 0.000000
vt 0.305731 -0.044506 0.000000
vt -0.738003 0.000000 0.000000
vt 0.305731 0.000000 0.000000
vt -0.738003 0.044506 0.000000
vt 0.305731 0.044506 0.000000
vt -0.738003 0.089012 0.000000
vt 0.305731 0.089012 0.000000
vt -0.738003 0.133518 0.000000
vt 0.305731 0.133518 0.000000
vt -2.589938 -0.611462 0.000000
vt -2.589938 -1.600000 0.000000
vt -2.419938 -0.611462 0.000000
vt 0.050000 -1.600000 0.000000
vt -2.419938 0.432272 0.000000
vt 0.050000 1.500000 0.000000
vt -2.589938 1.500000 0.000000
vt -2.589938 0.432272 0.000000
vt -0.000000 1.395280 0.000000
vt -1.043734 1.395280 0.000000
vt -0.000000 1.335280 0.000000
vt -1.043734 1.335280 0.000000
vt -0.370000 0.694720 0.000000
vt -0.326001 0.688927 0.000000
vt -0.370000 0.894720 0.000000
vt -0.285000 0.671944 0.000000
vt -0.200000 0.894720 0.000000
vt -0.249792 0.644928 0.000000
vt -0.222776 0.609720 0.000000
vt -0.205793 0.568719 0.000000
vt -0.200000 0.524720 0.000000
vt 0.000000 -0.050000 0.000000
vt -0.200000 0.464720 0.000000
vt -0.200000 0.294720 0.000000
vt -0.205793 0.420721 0.000000
vt -0.222776 0.379720 0.000000
vt -0.249792 0.344512 0.000000
vt -0.285000 0.317496 0.000000
vt -0.326001 0.300513 0.000000
vt -0.370000 0.294720 0.000000
vt -0.200000 -0.010000 0.000000
vt -0.500000 -0.050000 0.000000
vt -0.500000 -0.010000 0.000000
vt -0.000000 1.860000 0.000000
vt -0.200000 1.860000 0.000000
vt -0.000000 0.471239 0.000000
vt -2.000000 0.471239 0.000000
vt -0.000000 0.314159 0.000000
vt -2.000000 0.314159 0.000000
vt 0.000000 0.157080 0.000000
vt -2.000000 0.157080 0.000000
vt 0.000000 0.000000 0.000000
vt -2.000000 -0.000000 0.000000
vt 0.000000 -0.157080 0.000000
vt -2.000000 -0.157080 0.000000
vt 0.000000 -0.314159 0.000000
vt -2.000000 -0.314159 0.000000
vt 0.000000 -0.471239 0.000000
vt -2.000000 -0.471239 0.000000
vt 9.356204 0.799425 0.000000
vt 7.747686 0.734720 0.000000
vt 9.347686 0.734720 0.000000
vt 7.739167 0.670015 0.000000
vt 9.356204 0.670015 0.000000
vt 8.510000 0.484720 0.000000
vt 9.381179 0.609720 0.000000
vt 9.420909 0.557943 0.000000
vt 9.472686 0.518214 0.000000
vt 9.532981 0.493238 0.000000
vt 9.597686 0.484720 0.000000
vt 8.510000 0.000000 0.000000
vt 9.662390 0.493238 0.000000
vt 16.720000 0.000000 0.000000
vt 9.722686 0.518214 0.000000
vt 9.774462 0.557943 0.000000
vt 9.814192 0.609720 0.000000
vt 9.839167 0.670015 0.000000
vt 9.847686 0.734720 0.000000
vt 11.529875 1.613630 0.000000
vt 9.839167 0.799425 0.000000
vt 9.814192 0.859720 0.000000
vt 11.426348 1.600000 0.000000
vt 9.774462 0.911497 0.000000
vt 9.722686 0.951226 0.000000
vt 9.662390 0.976201 0.000000
vt 11.322820 1.613630 0.000000
vt 9.597686 0.984720 0.000000
vt 11.226348 1.653590 0.000000
vt 11.143505 1.717157 0.000000
vt 7.739167 0.799425 0.000000
vt 9.381179 0.859720 0.000000
vt 7.714192 0.859720 0.000000
vt 9.420909 0.911497 0.000000
vt 7.674462 0.911497 0.000000
vt 9.472686 0.951226 0.000000
vt 7.622686 0.951226 0.000000
vt 9.532981 0.976201 0.000000
vt 7.562390 0.976201 0.000000
vt 7.497686 0.984720 0.000000
vt 11.079938 1.800000 0.000000
vt 7.256204 0.670015 0.000000
vt 7.247686 0.734720 0.000000
vt 0.300000 0.000000 0.000000
vt 7.256204 0.799425 0.000000
vt 7.281179 0.859720 0.000000
vt 0.300000 2.000000 0.000000
vt 7.320909 0.911497 0.000000
vt 7.372686 0.951226 0.000000
vt 7.432981 0.976201 0.000000
vt 11.026348 2.000000 0.000000
vt 11.039977 1.896472 0.000000
vt 7.714192 0.609720 0.000000
vt 7.674462 0.557943 0.000000
vt 7.622686 0.518214 0.000000
vt 7.562390 0.493238 0.000000
vt 7.497686 0.484720 0.000000
vt 7.432981 0.493238 0.000000
vt 7.372686 0.518214 0.000000
vt 7.320909 0.557943 0.000000
vt 7.281179 0.609720 0.000000
vt 16.720000 2.000000 0.000000
vt 11.626348 1.653590 0.000000
vt 11.709190 1.717157 0.000000
vt 11.772758 1.800000 0.000000
vt 11.812718 1.896472 0.000000
vt 11.826348 2.000000 0.000000
vt 0.000000 0.471239 0.000000
vt -2.000000 0.471239 0.000000
vt 0.000000 0.314159 0.000000
vt -2.000000 0.314159 0.000000
vt -0.000000 0.157080 0.000000
vt -2.000000 0.157080 0.000000
vt -0.000000 0.000000 0.000000
vt -2.000000 -0.000000 0.000000
vt -0.000000 -0.157080 0.000000
vt -2.000000 -0.157080 0.000000
vt 0.000000 -0.314159 0.000000
vt -2.000000 -0.314159 0.000000
vt 0.000000 -0.471239 0.000000
vt -2.000000 -0.471239 0.000000
vt 11.020000 2.000000 0.000000
vt 0.300000 2.000000 0.000000
vt 11.020000 0.000000 0.000000
vt 0.300000 -0.000000 0.000000
vt 0.000000 0.471239 0.000000
vt -2.000000 0.471239 0.000000
vt 0.000000 0.314159 0.000000
vt -2.000000 0.314159 0.000000
vt -0.000000 0.157080 0.000000
vt -2.000000 0.157080 0.000000
vt -0.000000 -0.000000 0.000000
vt -2.000000 -0.000000 0.000000
vt -0.000000 -0.157080 0.000000
vt -2.000000 -0.157080 0.000000
vt -0.000000 -0.314159 0.000000
vt -2.000000 -0.314159 0.000000
vt -0.000000 -0.471239 0.000000
vt -2.000000 -0.471239 0.000000
vt 16.720000 2.000000 0.000000
vt 8.510000 2.000000 0.000000
vt 16.720000 -0.000000 0.000000
vt 8.510000 -0.000000 0.000000
vt 0.300000 2.000000 0.000000
vt 0.300000 -0.000000 0.000000
vt -0.000000 0.471239 0.000000
vt -2.000000 0.471239 0.000000
vt -0.000000 0.314159 0.000000
vt -2.000000 0.314159 0.000000
vt -0.000000 0.157080 0.000000
vt -2.000000 0.157080 0.000000
vt -0.000000 0.000000 0.000000
vt -2.000000 0.000000 0.000000
vt -0.000000 -0.157080 0.000000
vt -2.000000 -0.157080 0.000000
vt -0.000000 -0.314159 0.000000
vt -2.000000 -0.314159 0.000000
vt -0.000000 -0.471239 0.000000
vt -2.000000 -0.471239 0.000000
vt 0.100000 0.000000 0.000000
vt 10.820000 -0.000000 0.000000
vt 0.100000 2.000000 0.000000
vt 10.820000 2.000000 0.000000
vt 0.000000 -0.000000 0.000000
vt 8.510000 0.000000 0.000000
vt -0.000000 0.200000 0.000000
vt 8.510000 0.200000 0.000000
vt 17.020000 0.000000 0.000000
vt 17.020000 0.200000 0.000000
vt -0.065000 8.510000 0.000000
vt -0.065000 -0.000000 0.000000
vt 0.065000 8.510000 0.000000
vt 0.065000 0.000000 0.000000
vt -0.065000 -8.510000 0.000000
vt 0.065000 -8.510000 0.000000
vt 0.000000 0.000000 0.000000
vt 7.990000 0.000000 0.000000
vt -0.000000 0.300000 0.000000
vt 7.990000 0.300000 0.000000
vt 0.000000 0.000000 0.000000
vt 7.986266 0.000000 0.000000
vt -0.000000 0.300000 0.000000
vt 7.986266 0.300000 0.000000
vt 0.065000 0.520000 0.000000
vt 0.065000 8.510000 0.000000
vt 0.025000 0.520000 0.000000
vt -0.065000 8.510000 0.000000
vt -0.065000 0.000000 0.000000
vt 0.025000 -0.523734 0.000000
vt -0.065000 -8.510000 0.000000
vt 0.065000 -8.510000 0.000000
vt 0.065000 -0.523734 0.000000
vt -0.000000 0.000000 0.000000
vt 0.500000 -0.000000 0.000000
vt -0.000000 0.104720 0.000000
vt 0.500000 0.104720 0.000000
vt -0.000000 0.209440 0.000000
vt 0.500000 0.209440 0.000000
vt -0.000000 0.314159 0.000000
vt 0.500000 0.314159 0.000000
vt -0.000000 0.418879 0.000000
vt 0.500000 0.418879 0.000000
vt -0.000000 0.523599 0.000000
vt 0.500000 0.523599 0.000000
vt -0.000000 0.628319 0.000000
vt 0.500000 0.628319 0.000000
vt -0.000000 0.733038 0.000000
vt 0.500000 0.733038 0.000000
vt -0.000000 0.837758 0.000000
vt 0.500000 0.837758 0.000000
vt -0.000000 0.942478 0.000000
vt 0.500000 0.942478 0.000000
vt -0.000000 1.047198 0.000000
vt 0.500000 1.047198 0.000000
vt -0.000000 1.151917 0.000000
vt 0.500000 1.151917 0.000000
vt 0.000000 1.256637 0.000000
vt 0.500000 1.256637 0.000000
vt -0.521867 -0.100000 0.000000
vt 0.521867 -0.100000 0.000000
vt -0.521867 0.400000 0.000000
vt 0.521867 0.400000 0.000000
vt -0.000000 1.860000 0.000000
vt -1.043734 1.860000 0.000000
vt -0.000000 -0.050000 0.000000
vt -1.043734 -0.050000 0.000000
vt -0.000000 1.860000 0.000000
vt -0.200000 1.860000 0.000000
vt -0.000000 0.894720 0.000000
vt -0.200000 -0.050000 0.000000
vt 0.000000 0.524720 0.000000
vt 0.000000 0.464720 0.000000
vt -0.000000 0.294720 0.000000
vt 0.005793 0.420721 0.000000
vt 0.022776 0.379720 0.000000
vt 0.049792 0.344512 0.000000
vt 0.085000 0.317496 0.000000
vt 0.126001 0.300513 0.000000
vt 0.170000 0.294720 0.000000
vt -0.000000 -0.010000 0.000000
vt 0.300000 -0.050000 0.000000
vt 0.300000 -0.010000 0.000000
vt 0.005793 0.568719 0.000000
vt 0.022776 0.609720 0.000000
vt 0.049792 0.644928 0.000000
vt 0.085000 0.671944 0.000000
vt 0.170000 0.894720 0.000000
vt 0.126001 0.688927 0.000000
vt 0.170000 0.694720 0.000000
vt 5.260000 8.810000 0.000000
vt -5.460000 8.810000 0.000000
vt -5.260000 8.510000 0.000000
vt -5.615291 8.789555 0.000000
vt -5.760000 8.729615 0.000000
vt -5.884264 8.634264 0.000000
vt -5.979615 8.510000 0.000000
vt -6.039555 8.365291 0.000000
vt -6.060000 8.210000 0.000000
vt -5.260000 0.000000 0.000000
vt -6.060000 -0.000000 0.000000
vt -6.060000 -8.210000 0.000000
vt -5.260000 -8.510000 0.000000
vt -6.039555 -8.365291 0.000000
vt -5.979615 -8.510000 0.000000
vt -5.884264 -8.634264 0.000000
vt -5.760000 -8.729615 0.000000
vt -5.615291 -8.789555 0.000000
vt -5.460000 -8.810000 0.000000
vt 5.260000 -8.810000 0.000000
vt 5.360000 -8.510000 0.000000
vt 5.415291 -8.789555 0.000000
vt 5.560000 -8.729615 0.000000
vt 5.684264 -8.634264 0.000000
vt 5.779615 -8.510000 0.000000
vt 5.839555 -8.365291 0.000000
vt 5.860000 -8.210000 0.000000
vt 5.360000 0.000000 0.000000
vt 5.860000 0.000000 0.000000
vt 5.860000 8.210000 0.000000
vt 5.360000 8.510000 0.000000
vt 5.839555 8.365291 0.000000
vt 5.779615 8.510000 0.000000
vt 5.684264 8.634264 0.000000
vt 5.560000 8.729615 0.000000
vt 5.415291 8.789555 0.000000
vn -0.000000 0.000000 -1.000000
vn -0.000000 0.000000 -1.000000
vn -0.000000 0.000000 -1.000000
vn -0.000000 0.000000 -1.000000
vn -0.000000 0.000000 -1.000000
vn -0.000000 0.000000 -1.000000
vn -0.000000 0.000000 -1.000000
vn -0.000000 0.000000 -1.000000
vn -0.000000 0.000000 -1.000000
vn -0.000000 0.000000 -1.000000
vn -0.000000 0.000000 -1.000000
vn -0.000000 0.000000 -1.000000
vn -0.000000 0.000000 -1.000000
vn -0.000000 0.000000 -1.000000
vn -0.000000 0.000000 -1.000000
vn -0.000000 0.000000 -1.000000
vn -0.000000 0.000000 -1.000000
vn -0.000000 0.000000 -1.000000
vn -0.000000 0.000000 -1.000000
vn -0.000000 0.000000 -1.000000
vn -0.000000 0.000000 -1.000000
vn -0.000000 0.000000 -1.000000
vn -0.000000 0.000000 -1.000000
vn -0.000000 0.000000 -1.000000
vn -0.000000 0.000000 -1.000000
vn -0.000000 0.000000 -1.000000
vn -0.000000 0.000000 -1.000000
vn -0.000000 0.000000 -1.000000
vn -0.000000 0.000000 -1.000000
vn -0.000000 0.000000 -1.000000
vn -0.000000 0.000000 -1.000000
vn -0.000000 0.000000 -1.000000
vn -0.000000 0.000000 -1.000000
vn -0.000000 0.000000 -1.000000
vn -0.000000 0.000000 -1.000000
vn -0.000000 0.000000 -1.000000
vn -0.000000 0.000000 -1.000000
vn -0.000000 0.000000 -1.000000
vn -0.000000 0.000000 -1.000000
vn -0.000000 0.000000 -1.000000
vn -0.000000 0.000000 -1.000000
vn -0.000000 0.000000 -1.000000
vn -0.000000 0.000000 -1.000000
vn -0.000000 0.000000 -1.000000
vn -0.000000 0.000000 -1.000000
vn -0.000000 0.000000 -1.000000
vn -0.000000 0.000000 -1.000000
vn -0.000000 0.000000 -1.000000
vn -0.000000 0.000000 -1.000000
vn -0.000000 0.000000 -1.000000
vn -0.000000 0.000000 -1.000000
vn -0.000000 0.000000 -1.000000
vn -0.000000 0.000000 -1.000000
vn -0.000000 0.000000 -1.000000
vn -0.000000 0.000000 -1.000000
vn -0.000000 0.000000 -1.000000
vn -0.000000 0.000000 -1.000000
vn -0.000000 0.000000 -1.000000
vn -0.000000 0.000000 -1.000000
vn -0.000000 0.000000 -1.000000
vn -0.000000 0.000000 -1.000000
vn -0.000000 0.000000 -1.000000
vn -0.120085 0.992764 0.000000
vn -0.120085 0.992764 0.000000
vn -0.353600 0.935397 0.000000
vn -0.353600 0.935397 0.000000
vn -0.566670 0.823945 0.000000
vn -0.566670 0.823945 0.000000
vn -0.746975 0.664852 0.000000
vn -0.746975 0.664852 0.000000
vn -0.884089 0.467318 0.000000
vn -0.884089 0.467318 0.000000
vn -0.970085 0.242764 0.000000
vn -0.970085 0.242764 0.000000
vn 0.000000 -0.000000 1.000000
vn 0.000000 -0.000000 1.000000
vn 0.000000 -0.000000 1.000000
vn 0.000000 -0.000000 1.000000
vn 0.000000 -0.000000 1.000000
vn 0.000000 -0.000000 1.000000
vn 0.000000 -0.000000 1.000000
vn -1.000000 -0.000000 0.000000
vn -1.000000 -0.000000 0.000000
vn -1.000000 -0.000000 0.000000
vn -1.000000 -0.000000 0.000000
vn -1.000000 -0.000000 0.000000
vn -1.000000 -0.000000 0.000000
vn -1.000000 -0.000000 0.000000
vn -1.000000 -0.000000 0.000000
vn -1.000000 -0.000000 0.000000
vn -1.000000 -0.000000 0.000000
vn -1.000000 -0.000000 0.000000
vn -1.000000 -0.000000 0.000000
vn -0.000000 1.000000 0.000000
vn -0.000000 1.000000 0.000000
vn -0.000000 1.000000 0.000000
vn -0.000000 1.000000 0.000000
vn -0.000000 1.000000 0.000000
vn -0.000000 1.000000 0.000000
vn -0.000000 1.000000 0.000000
vn -0.000000 1.000000 0.000000
vn -0.000000 1.000000 0.000000
vn -0.000000 1.000000 0.000000
vn -0.990133 -0.140133 0.000000
vn -0.990133 -0.140133 0.000000
vn -0.921638 -0.388052 -0.000000
vn -0.921638 -0.388052 -0.000000
vn -0.792171 -0.610299 -0.000000
vn -0.792171 -0.610299 -0.000000
vn -0.610299 -0.792171 -0.000000
vn -0.610299 -0.792171 -0.000000
vn -0.388052 -0.921638 -0.000000
vn -0.388052 -0.921638 -0.000000
vn -0.140133 -0.990133 -0.000000
vn -0.140133 -0.990133 -0.000000
vn 0.000000 -0.000000 1.000000
vn 0.000000 -0.000000 1.000000
vn 0.000000 -0.000000 1.000000
vn 0.000000 -0.000000 1.000000
vn 0.000000 -0.000000 1.000000
vn 0.000000 -0.000000 1.000000
vn 0.000000 -0.000000 1.000000
vn -0.000000 -1.000000 -0.000000
vn -0.000000 -1.000000 -0.000000
vn -0.000000 -1.000000 -0.000000
vn -0.000000 -1.000000 -0.000000
vn -0.000000 -1.000000 -0.000000
vn -0.000000 -1.000000 -0.000000
vn -0.000000 -1.000000 -0.000000
vn -0.000000 -1.000000 -0.000000
vn -0.000000 -1.000000 -0.000000
vn -0.000000 -1.000000 -0.000000
vn 0.140133 -0.990133 -0.000000
vn 0.140133 -0.990133 -0.000000
vn 0.388052 -0.921638 -0.000000
vn 0.388052 -0.921638 -0.000000
vn 0.610299 -0.792171 -0.000000
vn 0.610299 -0.792171 -0.000000
vn 0.792171 -0.610299 -0.000000
vn 0.792171 -0.610299 -0.000000
vn 0.921638 -0.388052 -0.000000
vn 0.921638 -0.388052 -0.000000
vn 0.990133 -0.140133 -0.000000
vn 0.990133 -0.140133 -0.000000
vn 0.000000 -0.000000 1.000000
vn 0.000000 -0.000000 1.000000
vn 0.000000 -0.000000 1.000000
vn 0.000000 -0.000000 1.000000
vn 0.000000 -0.000000 1.000000
vn 0.000000 -0.000000 1.000000
vn 0.000000 -0.000000 1.000000
vn 1.000000 0.000000 -0.000000
vn 1.000000 0.000000 -0.000000
vn 1.000000 0.000000 -0.000000
vn 1.000000 0.000000 -0.000000
vn 1.000000 0.000000 -0.000000
vn 1.000000 0.000000 -0.000000
vn 1.000000 0.000000 -0.000000
vn 1.000000 0.000000 -0.000000
vn 1.000000 0.000000 -0.000000
vn 1.000000 0.000000 -0.000000
vn 1.000000 0.000000 -0.000000
vn 1.000000 0.000000 -0.000000
vn 0.970085 0.242764 -0.000000
vn 0.970085 0.242764 -0.000000
vn 0.884089 0.467318 0.000000
vn 0.884089 0.467318 0.000000
vn 0.746975 0.664852 0.000000
vn 0.746975 0.664852 0.000000
vn 0.566670 0.823945 0.000000
vn 0.566670 0.823945 0.000000
vn 0.353600 0.935397 0.000000
vn 0.353600 0.935397 0.000000
vn 0.120085 0.992764 0.000000
vn 0.120085 0.992764 0.000000
vn 0.000000 -0.000000 1.000000
vn 0.000000 -0.000000 1.000000
vn 0.000000 -0.000000 1.000000
vn 0.000000 -0.000000 1.000000
vn 0.000000 -0.000000 1.000000
vn 0.000000 -0.000000 1.000000
vn 0.000000 -0.000000 1.000000
vn -0.000000 1.000000 0.000000
vn -0.000000 1.000000 0.000000
vn -0.000000 1.000000 0.000000
vn -0.000000 1.000000 0.000000
vn -0.000000 1.000000 0.000000
vn -0.000000 1.000000 0.000000
vn -0.000000 1.000000 0.000000
vn -0.000000 1.000000 0.000000
vn -0.000000 1.000000 0.000000
vn -0.000000 1.000000 0.000000
vn -0.000000 1.000000 0.000000
vn -0.000000 1.000000 0.000000
vn -0.000000 1.000000 0.000000
vn -0.000000 1.000000 0.000000
vn -0.000000 1.000000 0.000000
vn -0.000000 1.000000 0.000000
vn -0.000000 1.000000 0.000000
vn -0.000000 1.000000 0.000000
vn -0.000000 1.000000 0.000000
vn -0.000000 1.000000 0.000000
vn -0.000000 1.000000 0.000000
vn -0.000000 1.000000 0.000000
vn -0.000000 1.000000 0.000000
vn -0.965926 0.000000 0.258819
vn -0.965926 0.000000 0.258819
vn -1.000000 0.000000 0.000000
vn -1.000000 0.000000 0.000000
vn -0.965926 0.000000 -0.258819
vn -0.965926 0.000000 -0.258819
vn -0.866025 0.000000 -0.500000
vn -0.866025 0.000000 -0.500000
vn -0.707107 0.000000 -0.707107
vn -0.707107 0.000000 -0.707107
vn -0.500000 0.000000 -0.866025
vn -0.500000 0.000000 -0.866025
vn -0.258819 0.000000 -0.965926
vn -0.258819 0.000000 -0.965926
vn 0.000000 0.000000 -1.000000
vn 0.000000 0.000000 -1.000000
vn 0.258819 0.000000 -0.965926
vn 0.258819 0.000000 -0.965926
vn 0.500000 0.000000 -0.866025
vn 0.500000 0.000000 -0.866025
vn 0.707107 0.000000 -0.707107
vn 0.707107 0.000000 -0.707107
vn 0.866025 0.000000 -0.500000
vn 0.866025 0.000000 -0.500000
vn 0.965926 0.000000 -0.258819
vn 0.965926 0.000000 -0.258819
vn 1.000000 0.000000 -0.000000
vn 1.000000 0.000000 -0.000000
vn 0.965926 -0.000000 0.258819
vn 0.965926 -0.000000 0.258819
vn 0.866025 -0.000000 0.500000
vn 0.866025 -0.000000 0.500000
vn 0.707107 -0.000000 0.707107
vn 0.707107 -0.000000 0.707107
vn 0.500000 -0.000000 0.866025
vn 0.500000 -0.000000 0.866025
vn 0.258819 -0.000000 0.965926
vn 0.258819 -0.000000 0.965926
vn 0.000000 -0.000000 1.000000
vn 0.000000 -0.000000 1.000000
vn -0.258819 0.000000 0.965926
vn -0.258819 0.000000 0.965926
vn -0.500000 0.000000 0.866025
vn -0.500000 0.000000 0.866025
vn -0.707107 0.000000 0.707107
vn -0.707107 0.000000 0.707107
vn -0.866025 0.000000 0.500000
vn -0.866025 0.000000 0.500000
vn -0.000000 -1.000000 -0.000000
vn -0.000000 -1.000000 -0.000000
vn -0.000000 -1.000000 -0.000000
vn -0.000000 -1.000000 -0.000000
vn -0.000000 -1.000000 -0.000000
vn -0.000000 -1.000000 -0.000000
vn -0.000000 -1.000000 -0.000000
vn -0.000000 -1.000000 -0.000000
vn -0.000000 -1.000000 -0.000000
vn -0.000000 -1.000000 -0.000000
vn -0.000000 -1.000000 -0.000000
vn -0.000000 -1.000000 -0.000000
vn -0.000000 -1.000000 -0.000000
vn -0.000000 -1.000000 -0.000000
vn -0.000000 -1.000000 -0.000000
vn -0.000000 -1.000000 -0.000000
vn -0.000000 -1.000000 -0.000000
vn -0.000000 -1.000000 -0.000000
vn -0.000000 -1.000000 -0.000000
vn -0.000000 -1.000000 -0.000000
vn -0.000000 -1.000000 -0.000000
vn -0.000000 -1.000000 -0.000000
vn -0.000000 -1.000000 -0.000000
vn -0.000000 -1.000000 -0.000000
vn -0.000000 -1.000000 -0.000000
vn -0.000000 -1.000000 -0.000000
vn -0.000000 -1.000000 -0.000000
vn -0.000000 -1.000000 -0.000000
vn -0.000000 -1.000000 -0.000000
vn -0.000000 -1.000000 -0.000000
vn -0.000000 -1.000000 -0.000000
vn -0.000000 -1.000000 -0.000000
vn -0.000000 -1.000000 -0.000000
vn -0.000000 -1.000000 -0.000000
vn -0.000000 -1.000000 -0.000000
vn -0.000000 -1.000000 -0.000000
vn -0.000000 -1.000000 -0.000000
vn -0.000000 -1.000000 -0.000000
vn -0.000000 -1.000000 -0.000000
vn -0.000000 -1.000000 -0.000000
vn -0.000000 -1.000000 -0.000000
vn -0.000000 -1.000000 -0.000000
vn -0.000000 -1.000000 -0.000000
vn -0.000000 -1.000000 -0.000000
vn -0.000000 -1.000000 -0.000000
vn -0.000000 -1.000000 -0.000000
vn -0.000000 -1.000000 -0.000000
vn -0.000000 -1.000000 -0.000000
vn -0.965926 0.000000 0.258819
vn -0.965926 0.000000 0.258819
vn -1.000000 0.000000 0.000000
vn -1.000000 0.000000 0.000000
vn -0.965926 0.000000 -0.258819
vn -0.965926 0.000000 -0.258819
vn -0.866025 0.000000 -0.500000
vn -0.866025 0.000000 -0.500000
vn -0.707107 0.000000 -0.707107
vn -0.707107 0.000000 -0.707107
vn -0.500000 0.000000 -0.866025
vn -0.500000 0.000000 -0.866025
vn -0.258819 0.000000 -0.965926
vn -0.258819 0.000000 -0.965926
vn 0.000000 0.000000 -1.000000
vn 0.000000 0.000000 -1.000000
vn 0.258819 0.000000 -0.965926
vn 0.258819 0.000000 -0.965926
vn 0.500000 0.000000 -0.866025
vn 0.500000 0.000000 -0.866025
vn 0.707107 0.000000 -0.707107
vn 0.707107 0.000000 -0.707107
vn 0.866025 0.000000 -0.500000
vn 0.866025 0.000000 -0.500000
vn 0.965926 0.000000 -0.258819
vn 0.965926 0.000000 -0.258819
vn 1.000000 0.000000 -0.000000
vn 1.000000 0.000000 -0.000000
vn 0.965926 -0.000000 0.258819
vn 0.965926 -0.000000 0.258819
vn 0.866025 -0.000000 0.500000
vn 0.866025 -0.000000 0.500000
vn 0.707107 -0.000000 0.707107
vn 0.707107 -0.000000 0.707107
vn 0.500000 -0.000000 0.866025
vn 0.500000 -0.000000 0.866025
vn 0.258819 -0.000000 0.965926
vn 0.258819 -0.000000 0.965926
vn 0.000000 -0.000000 1.000000
vn 0.000000 -0.000000 1.000000
vn -0.258819 0.000000 0.965926
vn -0.258819 0.000000 0.965926
vn -0.500000 0.000000 0.866025
vn -0.500000 0.000000 0.866025
vn -0.707107 0.000000 0.707107
vn -0.707107 0.000000 0.707107
vn -0.866025 0.000000 0.500000
vn -0.866025 0.000000 0.500000
vn -0.000000 -1.000000 -0.000000
vn -0.000000 -1.000000 -0.000000
vn -0.000000 -1.000000 -0.000000
vn -0.000000 -1.000000 -0.000000
vn -0.000000 -1.000000 -0.000000
vn -0.000000 -1.000000 -0.000000
vn -0.000000 -1.000000 -0.000000
vn -0.000000 -1.000000 -0.000000
vn -0.000000 -1.000000 -0.000000
vn -0.000000 -1.000000 -0.000000
vn -0.000000 -1.000000 -0.000000
vn -0.000000 -1.000000 -0.000000
vn -0.000000 -1.000000 -0.000000
vn -0.000000 -1.000000 -0.000000
vn -0.000000 -1.000000 -0.000000
vn -0.000000 -1.000000 -0.000000
vn -0.000000 -1.000000 -0.000000
vn -0.000000 -1.000000 -0.000000
vn -0.000000 -1.000000 -0.000000
vn -0.000000 -1.000000 -0.000000
vn -0.000000 -1.000000 -0.000000
vn -0.000000 -1.000000 -0.000000
vn -0.000000 -1.000000 -0.000000
vn -0.000000 -1.000000 -0.000000
vn -0.000000 -1.000000 -0.000000
vn -0.000000 -1.000000 -0.000000
vn -0.000000 -1.000000 -0.000000
vn -0.000000 -1.000000 -0.000000
vn -0.000000 -1.000000 -0.000000
vn -0.000000 -1.000000 -0.000000
vn -0.000000 -1.000000 -0.000000
vn -0.000000 -1.000000 -0.000000
vn -0.000000 -1.000000 -0.000000
vn -0.000000 -1.000000 -0.000000
vn -0.000000 -1.000000 -0.000000
vn -0.000000 -1.000000 -0.000000
vn -0.000000 -1.000000 -0.000000
vn -0.000000 -1.000000 -0.000000
vn -0.000000 -1.000000 -0.000000
vn -0.000000 -1.000000 -0.000000
vn -0.000000 -1.000000 -0.000000
vn -0.000000 -1.000000 -0.000000
vn -0.000000 -1.000000 -0.000000
vn -0.000000 -1.000000 -0.000000
vn -0.000000 -1.000000 -0.000000
vn -0.000000 -1.000000 -0.000000
vn -0.000000 -1.000000 -0.000000
vn -0.000000 -1.000000 -0.000000
vn -0.965926 0.000000 -0.258819
vn -0.965926 0.000000 -0.258819
vn -1.000000 0.000000 -0.000000
vn -1.000000 0.000000 -0.000000
vn -0.965926 -0.000000 0.258819
vn -0.965926 -0.000000 0.258819
vn -0.866025 -0.000000 0.500000
vn -0.866025 -0.000000 0.500000
vn -0.707107 -0.000000 0.707107
vn -0.707107 -0.000000 0.707107
vn -0.500000 -0.000000 0.866025
vn -0.500000 -0.000000 0.866025
vn -0.258819 -0.000000 0.965926
vn -0.258819 -0.000000 0.965926
vn 0.000000 -0.000000 1.000000
vn 0.000000 -0.000000 1.000000
vn 0.258819 -0.000000 0.965926
vn 0.258819 -0.000000 0.965926
vn 0.500000 -0.000000 0.866025
vn 0.500000 -0.000000 0.866025
vn 0.707107 -0.000000 0.707107
vn 0.707107 -0.000000 0.707107
vn 0.866025 -0.000000 0.500000
vn 0.866025 -0.000000 0.500000
vn 0.965926 -0.000000 0.258819
vn 0.965926 -0.000000 0.258819
vn 1.000000 -0.000000 0.000000
vn 1.000000 -0.000000 0.000000
vn 0.965926 0.000000 -0.258819
vn 0.965926 0.000000 -0.258819
vn 0.866025 0.000000 -0.500000
vn 0.866025 0.000000 -0.500000
vn 0.707107 0.000000 -0.707107
vn 0.707107 0.000000 -0.707107
vn 0.500000 0.000000 -0.866025
vn 0.500000 0.000000 -0.866025
vn 0.258819 0.000000 -0.965926
vn 0.258819 0.000000 -0.965926
vn 0.000000 0.000000 -1.000000
vn 0.000000 0.000000 -1.000000
vn -0.258819 0.000000 -0.965926
vn -0.258819 0.000000 -0.965926
vn -0.500000 0.000000 -0.866025
vn -0.500000 0.000000 -0.866025
vn -0.707107 0.000000 -0.707107
vn -0.707107 0.000000 -0.707107
vn -0.866025 0.000000 -0.500000
vn -0.866025 0.000000 -0.500000
vn -0.000000 -1.000000 -0.000000
vn -0.000000 -1.000000 -0.000000
vn -0.000000 -1.000000 -0.000000
vn -0.000000 -1.000000 -0.000000
vn -0.000000 -1.000000 -0.000000
vn -0.000000 -1.000000 -0.000000
vn -0.000000 -1.000000 -0.000000
vn -0.000000 -1.000000 -0.000000
vn -0.000000 -1.000000 -0.000000
vn -0.000000 -1.000000 -0.000000
vn -0.000000 -1.000000 -0.000000
vn -0.000000 -1.000000 -0.000000
vn -0.000000 -1.000000 -0.000000
vn -0.000000 -1.000000 -0.000000
vn -0.000000 -1.000000 -0.000000
vn -0.000000 -1.000000 -0.000000
vn -0.000000 -1.000000 -0.000000
vn -0.000000 -1.000000 -0.000000
vn -0.000000 -1.000000 -0.000000
vn -0.000000 -1.000000 -0.000000
vn -0.000000 -1.000000 -0.000000
vn -0.000000 -1.000000 -0.000000
vn -0.000000 -1.000000 -0.000000
vn -0.000000 -1.000000 -0.000000
vn -0.965926 0.000000 -0.258819
vn -0.965926 0.000000 -0.258819
vn -1.000000 0.000000 -0.000000
vn -1.000000 0.000000 -0.000000
vn -0.965926 -0.000000 0.258819
vn -0.965926 -0.000000 0.258819
vn -0.866025 -0.000000 0.500000
vn -0.866025 -0.000000 0.500000
vn -0.707107 -0.000000 0.707107
vn -0.707107 -0.000000 0.707107
vn -0.500000 -0.000000 0.866025
vn -0.500000 -0.000000 0.866025
vn -0.258819 -0.000000 0.965926
vn -0.258819 -0.000000 0.965926
vn 0.000000 -0.000000 1.000000
vn 0.000000 -0.000000 1.000000
vn 0.258819 -0.000000 0.965926
vn 0.258819 -0.000000 0.965926
vn 0.500000 -0.000000 0.866025
vn 0.500000 -0.000000 0.866025
vn 0.707107 -0.000000 0.707107
vn 0.707107 -0.000000 0.707107
vn 0.866025 -0.000000 0.500000
vn 0.866025 -0.000000 0.500000
vn 0.965926 -0.000000 0.258819
vn 0.965926 -0.000000 0.258819
vn 1.000000 -0.000000 0.000000
vn 1.000000 -0.000000 0.000000
vn 0.965926 0.000000 -0.258819
vn 0.965926 0.000000 -0.258819
vn 0.866025 0.000000 -0.500000
vn 0.866025 0.000000 -0.500000
vn 0.707107 0.000000 -0.707107
vn 0.707107 0.000000 -0.707107
vn 0.500000 0.000000 -0.866025
vn 0.500000 0.000000 -0.866025
vn 0.258819 0.000000 -0.965926
vn 0.258819 0.000000 -0.965926
vn 0.000000 0.000000 -1.000000
vn 0.000000 0.000000 -1.000000
vn -0.258819 0.000000 -0.965926
vn -0.258819 0.000000 -0.965926
vn -0.500000 0.000000 -0.866025
vn -0.500000 0.000000 -0.866025
vn -0.707107 0.000000 -0.707107
vn -0.707107 0.000000 -0.707107
vn -0.866025 0.000000 -0.500000
vn -0.866025 0.000000 -0.500000
vn -0.000000 -1.000000 -0.000000
vn -0.000000 -1.000000 -0.000000
vn -0.000000 -1.000000 -0.000000
vn -0.000000 -1.000000 -0.000000
vn -0.000000 -1.000000 -0.000000
vn -0.000000 -1.000000 -0.000000
vn -0.000000 -1.000000 -0.000000
vn -0.000000 -1.000000 -0.000000
vn -0.000000 -1.000000 -0.000000
vn -0.000000 -1.000000 -0.000000
vn -0.000000 -1.000000 -0.000000
vn -0.000000 -1.000000 -0.000000
vn -0.000000 -1.000000 -0.000000
vn -0.000000 -1.000000 -0.000000
vn -0.000000 -1.000000 -0.000000
vn -0.000000 -1.000000 -0.000000
vn -0.000000 -1.000000 -0.000000
vn -0.000000 -1.000000 -0.000000
vn -0.000000 -1.000000 -0.000000
vn -0.000000 -1.000000 -0.000000
vn -0.000000 -1.000000 -0.000000
vn -0.000000 -1.000000 -0.000000
vn -0.000000 -1.000000 -0.000000
vn -0.000000 -1.000000 -0.000000
vn -0.000000 -0.000000 -1.000000
vn -0.000000 -0.000000 -1.000000
vn -0.000000 -0.000000 -1.000000
vn -0.000000 -0.000000 -1.000000
vn -0.000000 -0.000000 -1.000000
vn -0.000000 -0.000000 -1.000000
vn -0.000000 -0.000000 -1.000000
vn -0.000000 -0.000000 -1.000000
vn -0.000000 -0.000000 -1.000000
vn -0.000000 -0.000000 -1.000000
vn -0.000000 -0.000000 -1.000000
vn -0.000000 -0.000000 -1.000000
vn -0.000000 -0.000000 -1.000000
vn -0.000000 -0.000000 -1.000000
vn -0.000000 -0.000000 -1.000000
vn -0.000000 -0.000000 -1.000000
vn -0.000000 -0.000000 -1.000000
vn -0.000000 -0.000000 -1.000000
vn -0.000000 -0.000000 -1.000000
vn -0.000000 -0.000000 -1.000000
vn -0.000000 -0.000000 -1.000000
vn -0.000000 -0.000000 -1.000000
vn -0.000000 -0.000000 -1.000000
vn -0.000000 -0.000000 -1.000000
vn -0.000000 -0.000000 -1.000000
vn -0.000000 -0.000000 -1.000000
vn -0.000000 -0.000000 -1.000000
vn -0.000000 -0.000000 -1.000000
vn -0.000000 -0.000000 -1.000000
vn -0.000000 -0.000000 -1.000000
vn -0.000000 -0.000000 -1.000000
vn -0.000000 -0.000000 -1.000000
vn -0.000000 -0.000000 -1.000000
vn -0.000000 -0.000000 -1.000000
vn -0.000000 -0.000000 -1.000000
vn -0.000000 -0.000000 -1.000000
vn -0.000000 -0.000000 -1.000000
vn -0.000000 -0.000000 -1.000000
vn -0.000000 -0.000000 -1.000000
vn -0.000000 -0.000000 -1.000000
vn -0.000000 -0.000000 -1.000000
vn -0.000000 -0.000000 -1.000000
vn -0.000000 -0.000000 -1.000000
vn -0.000000 -0.000000 -1.000000
vn -0.000000 -0.000000 -1.000000
vn -0.000000 -0.000000 -1.000000
vn -0.000000 -0.000000 -1.000000
vn -0.000000 -0.000000 -1.000000
vn -0.000000 -0.000000 -1.000000
vn -0.000000 -0.000000 -1.000000
vn -0.000000 -0.000000 -1.000000
vn -0.000000 -0.000000 -1.000000
vn -0.000000 -0.000000 -1.000000
vn -0.000000 -0.000000 -1.000000
vn -0.000000 -0.000000 -1.000000
vn -0.000000 -0.000000 -1.000000
vn -0.000000 -0.000000 -1.000000
vn -0.000000 -0.000000 -1.000000
vn -0.000000 -0.000000 -1.000000
vn -0.000000 -0.000000 -1.000000
vn -0.000000 -0.000000 -1.000000
vn -0.000000 -0.000000 -1.000000
vn -0.000000 -0.000000 -1.000000
vn -0.000000 -0.000000 -1.000000
vn -0.000000 -0.000000 -1.000000
vn -0.000000 -0.000000 -1.000000
vn -0.000000 -0.000000 -1.000000
vn -0.000000 -0.000000 -1.000000
vn -0.000000 -0.000000 -1.000000
vn -0.000000 -0.000000 -1.000000
vn -0.000000 -0.000000 -1.000000
vn -0.000000 -0.000000 -1.000000
vn -0.000000 -0.000000 -1.000000
vn -0.000000 -0.000000 -1.000000
vn -0.000000 -0.000000 -1.000000
vn -0.000000 -0.000000 -1.000000
vn -0.000000 -0.000000 -1.000000
vn -0.000000 -0.000000 -1.000000
vn -0.000000 -0.000000 -1.000000
vn -0.000000 -0.000000 -1.000000
vn -0.000000 -0.000000 -1.000000
vn -0.000000 -0.000000 -1.000000
vn -0.000000 -0.000000 -1.000000
vn -0.000000 -0.000000 -1.000000
vn -0.000000 -0.000000 -1.000000
vn -0.000000 -0.000000 -1.000000
vn -0.000000 -0.000000 -1.000000
vn -0.000000 -0.000000 -1.000000
vn -0.000000 -0.000000 -1.000000
vn -0.000000 -0.000000 -1.000000
vn -0.000000 -0.000000 -1.000000
vn -0.000000 -0.000000 -1.000000
vn -0.000000 -0.000000 -1.000000
vn -0.000000 -0.000000 -1.000000
vn -0.000000 -0.000000 -1.000000
vn -0.000000 -0.000000 -1.000000
vn -0.000000 0.000000 -1.000000
vn -0.000000 0.000000 -1.000000
vn -0.000000 0.000000 -1.000000
vn -0.000000 0.000000 -1.000000
vn -0.000000 0.000000 -1.000000
vn -0.000000 0.000000 -1.000000
vn -0.000000 0.000000 -1.000000
vn -0.000000 0.000000 -1.000000
vn -0.000000 0.000000 -1.000000
vn -0.000000 0.000000 -1.000000
vn -0.000000 0.000000 -1.000000
vn -0.000000 0.000000 -1.000000
vn -0.000000 0.000000 -1.000000
vn -0.000000 0.000000 -1.000000
vn -0.000000 0.000000 -1.000000
vn -0.000000 0.000000 -1.000000
vn -0.000000 0.000000 -1.000000
vn -0.000000 0.000000 -1.000000
vn -0.000000 0.000000 -1.000000
vn -0.000000 0.000000 -1.000000
vn -0.000000 0.000000 -1.000000
vn -0.000000 0.000000 -1.000000
vn -0.000000 0.000000 -1.000000
vn -0.000000 0.000000 -1.000000
vn -0.000000 0.000000 -1.000000
vn -0.000000 0.000000 -1.000000
vn -0.000000 0.000000 -1.000000
vn -0.000000 0.000000 -1.000000
vn -0.000000 0.000000 -1.000000
vn -0.000000 0.000000 -1.000000
vn -0.000000 0.000000 -1.000000
vn -0.000000 0.000000 -1.000000
vn -0.000000 0.000000 -1.000000
vn -0.000000 0.000000 -1.000000
vn -0.000000 0.000000 -1.000000
vn -0.000000 0.000000 -1.000000
vn -0.000000 0.000000 -1.000000
vn -0.000000 0.000000 -1.000000
vn -0.000000 0.000000 -1.000000
vn -0.000000 0.000000 -1.000000
vn -0.000000 0.000000 -1.000000
vn -0.000000 0.000000 -1.000000
vn -0.000000 0.000000 -1.000000
vn -0.000000 0.000000 -1.000000
vn -0.000000 0.000000 -1.000000
vn -0.000000 0.000000 -1.000000
vn -0.000000 0.000000 -1.000000
vn -0.000000 0.000000 -1.000000
vn -0.000000 0.000000 -1.000000
vn -0.000000 0.000000 -1.000000
vn -0.000000 0.000000 -1.000000
vn -0.000000 0.000000 -1.000000
vn -0.000000 0.000000 -1.000000
vn -0.000000 0.000000 -1.000000
vn -0.000000 0.000000 -1.000000
vn -0.000000 0.000000 -1.000000
vn -0.000000 0.000000 -1.000000
vn -0.000000 0.000000 -1.000000
vn -0.000000 0.000000 -1.000000
vn -0.000000 0.000000 -1.000000
vn -0.000000 0.000000 -1.000000
vn -0.000000 0.000000 -1.000000
vn -0.000000 0.000000 -1.000000
vn -0.000000 0.000000 -1.000000
vn -0.000000 0.000000 -1.000000
vn -0.000000 0.000000 -1.000000
vn -0.000000 0.000000 -1.000000
vn -0.000000 0.000000 -1.000000
vn -0.000000 0.000000 -1.000000
vn -0.000000 0.000000 -1.000000
vn -0.000000 0.000000 -1.000000
vn -0.000000 0.000000 -1.000000
vn -0.000000 0.000000 -1.000000
vn -0.000000 0.000000 -1.000000
vn -0.000000 0.000000 -1.000000
vn -0.000000 0.000000 -1.000000
vn -0.000000 0.000000 -1.000000
vn -0.000000 0.000000 -1.000000
vn -0.000000 0.000000 -1.000000
vn -0.000000 0.000000 -1.000000
vn -0.000000 0.000000 -1.000000
vn -0.000000 0.000000 -1.000000
vn -0.000000 0.000000 -1.000000
vn -0.000000 0.000000 -1.000000
vn -0.000000 0.000000 -1.000000
vn -0.000000 0.000000 -1.000000
vn -0.000000 0.000000 -1.000000
vn -0.000000 0.000000 -1.000000
vn -0.000000 0.000000 -1.000000
vn -0.000000 0.000000 -1.000000
vn -0.000000 0.000000 -1.000000
vn -0.000000 0.000000 -1.000000
vn -0.000000 0.000000 -1.000000
vn -0.000000 0.000000 -1.000000
vn -0.000000 0.000000 -1.000000
vn -0.000000 0.000000 -1.000000
vn -0.000000 0.000000 -1.000000
vn -0.000000 0.000000 -1.000000
vn -0.000000 0.000000 -1.000000
vn -0.000000 0.000000 -1.000000
vn -0.000000 0.000000 -1.000000
vn -0.000000 0.000000 -1.000000
vn -0.000000 0.000000 -1.000000
vn -0.000000 0.000000 -1.000000
vn -0.000000 -1.000000 -0.000000
vn -0.000000 -1.000000 -0.000000
vn -0.000000 -1.000000 -0.000000
vn -0.000000 -1.000000 -0.000000
vn -1.000000 -0.000000 0.000000
vn -1.000000 -0.000000 0.000000
vn -1.000000 -0.000000 0.000000
vn -1.000000 -0.000000 0.000000
vn 0.965926 0.258819 -0.000000
vn 0.965926 0.258819 -0.000000
vn 1.000000 0.000000 -0.000000
vn 1.000000 0.000000 -0.000000
vn 0.965926 -0.258819 0.000000
vn 0.965926 -0.258819 0.000000
vn 0.866025 -0.500000 0.000000
vn 0.866025 -0.500000 0.000000
vn 0.707107 -0.707107 0.000000
vn 0.707107 -0.707107 0.000000
vn 0.500000 -0.866025 0.000000
vn 0.500000 -0.866025 0.000000
vn 0.258819 -0.965926 0.000000
vn 0.258819 -0.965926 0.000000
vn 0.000000 -1.000000 0.000000
vn 0.000000 -1.000000 0.000000
vn -0.258819 -0.965926 0.000000
vn -0.258819 -0.965926 0.000000
vn -0.500000 -0.866025 0.000000
vn -0.500000 -0.866025 0.000000
vn -0.707107 -0.707107 0.000000
vn -0.707107 -0.707107 0.000000
vn -0.866025 -0.500000 0.000000
vn -0.866025 -0.500000 0.000000
vn -0.965926 -0.258819 0.000000
vn -0.965926 -0.258819 0.000000
vn -1.000000 -0.000000 0.000000
vn -1.000000 -0.000000 0.000000
vn -0.965926 0.258819 0.000000
vn -0.965926 0.258819 0.000000
vn -0.866025 0.500000 0.000000
vn -0.866025 0.500000 0.000000
vn -0.707107 0.707107 0.000000
vn -0.707107 0.707107 0.000000
vn -0.500000 0.866025 0.000000
vn -0.500000 0.866025 0.000000
vn -0.258819 0.965926 0.000000
vn -0.258819 0.965926 0.000000
vn 0.000000 1.000000 -0.000000
vn 0.000000 1.000000 -0.000000
vn 0.258819 0.965926 -0.000000
vn 0.258819 0.965926 -0.000000
vn 0.500000 0.866025 -0.000000
vn 0.500000 0.866025 -0.000000
vn 0.707107 0.707107 -0.000000
vn 0.707107 0.707107 -0.000000
vn 0.866025 0.500000 -0.000000
vn 0.866025 0.500000 -0.000000
vn 0.965926 0.258819 -0.000000
vn 0.965926 0.258819 -0.000000
vn 1.000000 0.000000 -0.000000
vn 1.000000 0.000000 -0.000000
vn 0.965926 -0.258819 0.000000
vn 0.965926 -0.258819 0.000000
vn 0.866025 -0.500000 0.000000
vn 0.866025 -0.500000 0.000000
vn 0.707107 -0.707107 0.000000
vn 0.707107 -0.707107 0.000000
vn 0.500000 -0.866025 0.000000
vn 0.500000 -0.866025 0.000000
vn 0.258819 -0.965926 0.000000
vn 0.258819 -0.965926 0.000000
vn 0.000000 -1.000000 0.000000
vn 0.000000 -1.000000 0.000000
vn -0.258819 -0.965926 0.000000
vn -0.258819 -0.965926 0.000000
vn -0.500000 -0.866025 0.000000
vn -0.500000 -0.866025 0.000000
vn -0.707107 -0.707107 0.000000
vn -0.707107 -0.707107 0.000000
vn -0.866025 -0.500000 0.000000
vn -0.866025 -0.500000 0.000000
vn -0.965926 -0.258819 0.000000
vn -0.965926 -0.258819 0.000000
vn -1.000000 -0.000000 0.000000
vn -1.000000 -0.000000 0.000000
vn -0.965926 0.258819 0.000000
vn -0.965926 0.258819 0.000000
vn -0.866025 0.500000 0.000000
vn -0.866025 0.500000 0.000000
vn -0.707107 0.707107 0.000000
vn -0.707107 0.707107 0.000000
vn -0.500000 0.866025 0.000000
vn -0.500000 0.866025 0.000000
vn -0.258819 0.965926 0.000000
vn -0.258819 0.965926 0.000000
vn 0.000000 1.000000 -0.000000
vn 0.000000 1.000000 -0.000000
vn 0.258819 0.965926 -0.000000
vn 0.258819 0.965926 -0.000000
vn 0.500000 0.866025 -0.000000
vn 0.500000 0.866025 -0.000000
vn 0.707107 0.707107 -0.000000
vn 0.707107 0.707107 -0.000000
vn 0.866025 0.500000 -0.000000
vn 0.866025 0.500000 -0.000000
vn 0.965926 0.258819 -0.000000
vn 0.965926 0.258819 -0.000000
vn 1.000000 0.000000 -0.000000
vn 1.000000 0.000000 -0.000000
vn 0.965926 -0.258819 0.000000
vn 0.965926 -0.258819 0.000000
vn 0.866025 -0.500000 0.000000
vn 0.866025 -0.500000 0.000000
vn 0.707107 -0.707107 0.000000
vn 0.707107 -0.707107 0.000000
vn 0.500000 -0.866025 0.000000
vn 0.500000 -0.866025 0.000000
vn 0.258819 -0.965926 0.000000
vn 0.258819 -0.965926 0.000000
vn 0.000000 -1.000000 0.000000
vn 0.000000 -1.000000 0.000000
vn -0.258819 -0.965926 0.000000
vn -0.258819 -0.965926 0.000000
vn -0.500000 -0.866025 0.000000
vn -0.500000 -0.866025 0.000000
vn -0.707107 -0.707107 0.000000
vn -0.707107 -0.707107 0.000000
vn -0.866025 -0.500000 0.000000
vn -0.866025 -0.500000 0.000000
vn -0.965926 -0.258819 0.000000
vn -0.965926 -0.258819 0.000000
vn -1.000000 -0.000000 0.000000
vn -1.000000 -0.000000 0.000000
vn -0.965926 0.258819 0.000000
vn -0.965926 0.258819 0.000000
vn -0.866025 0.500000 0.000000
vn -0.866025 0.500000 0.000000
vn -0.707107 0.707107 0.000000
vn -0.707107 0.707107 0.000000
vn -0.500000 0.866025 0.000000
vn -0.500000 0.866025 0.000000
vn -0.258819 0.965926 0.000000
vn -0.258819 0.965926 0.000000
vn 0.000000 1.000000 -0.000000
vn 0.000000 1.000000 -0.000000
vn 0.258819 0.965926 -0.000000
vn 0.258819 0.965926 -0.000000
vn 0.500000 0.866025 -0.000000
vn 0.500000 0.866025 -0.000000
vn 0.707107 0.707107 -0.000000
vn 0.707107 0.707107 -0.000000
vn 0.866025 0.500000 -0.000000
vn 0.866025 0.500000 -0.000000
vn 0.965926 0.258819 -0.000000
vn 0.965926 0.258819 -0.000000
vn 1.000000 0.000000 -0.000000
vn 1.000000 0.000000 -0.000000
vn 0.965926 -0.258819 0.000000
vn 0.965926 -0.258819 0.000000
vn 0.866025 -0.500000 0.000000
vn 0.866025 -0.500000 0.000000
vn 0.707107 -0.707107 0.000000
vn 0.707107 -0.707107 0.000000
vn 0.500000 -0.866025 0.000000
vn 0.500000 -0.866025 0.000000
vn 0.258819 -0.965926 0.000000
vn 0.258819 -0.965926 0.000000
vn 0.000000 -1.000000 0.000000
vn 0.000000 -1.000000 0.000000
vn -0.258819 -0.965926 0.000000
vn -0.258819 -0.965926 0.000000
vn -0.500000 -0.866025 0.000000
vn -0.500000 -0.866025 0.000000
vn -0.707107 -0.707107 0.000000
vn -0.707107 -0.707107 0.000000
vn -0.866025 -0.500000 0.000000
vn -0.866025 -0.500000 0.000000
vn -0.965926 -0.258819 0.000000
vn -0.965926 -0.258819 0.000000
vn -1.000000 -0.000000 0.000000
vn -1.000000 -0.000000 0.000000
vn -0.965926 0.258819 0.000000
vn -0.965926 0.258819 0.000000
vn -0.866025 0.500000 0.000000
vn -0.866025 0.500000 0.000000
vn -0.707107 0.707107 0.000000
vn -0.707107 0.707107 0.000000
vn -0.500000 0.866025 0.000000
vn -0.500000 0.866025 0.000000
vn -0.258819 0.965926 0.000000
vn -0.258819 0.965926 0.000000
vn 0.000000 1.000000 -0.000000
vn 0.000000 1.000000 -0.000000
vn 0.258819 0.965926 -0.000000
vn 0.258819 0.965926 -0.000000
vn 0.500000 0.866025 -0.000000
vn 0.500000 0.866025 -0.000000
vn 0.707107 0.707107 -0.000000
vn 0.707107 0.707107 -0.000000
vn 0.866025 0.500000 -0.000000
vn 0.866025 0.500000 -0.000000
vn 0.000000 -0.000000 1.000000
vn 0.000000 -0.000000 1.000000
vn 0.000000 -0.258819 0.965926
vn 0.000000 -0.258819 0.965926
vn 0.000000 -0.500000 0.866025
vn 0.000000 -0.500000 0.866025
vn 0.000000 -0.707107 0.707107
vn 0.000000 -0.707107 0.707107
vn 0.000000 -0.866025 0.500000
vn 0.000000 -0.866025 0.500000
vn 0.000000 -0.965926 0.258819
vn 0.000000 -0.965926 0.258819
vn 0.000000 -1.000000 0.000000
vn -0.000000 -1.000000 -0.000000
vn 0.000000 1.000000 0.000000
vn 0.000000 1.000000 0.000000
vn 0.000000 1.000000 0.000000
vn 0.000000 1.000000 0.000000
vn 1.000000 0.000000 -0.000000
vn 1.000000 0.000000 -0.000000
vn 1.000000 0.000000 -0.000000
vn 1.000000 0.000000 -0.000000
vn -0.000000 0.000000 -1.000000
vn -0.000000 0.000000 -1.000000
vn -0.000000 -0.258819 -0.965926
vn -0.000000 -0.258819 -0.965926
vn -0.000000 -0.500000 -0.866025
vn -0.000000 -0.500000 -0.866025
vn -0.000000 -0.707107 -0.707107
vn -0.000000 -0.707107 -0.707107
vn -0.000000 -0.866025 -0.500000
vn -0.000000 -0.866025 -0.500000
vn -0.000000 -0.965926 -0.258819
vn -0.000000 -0.965926 -0.258819
vn -0.000000 -1.000000 -0.000000
vn 0.000000 -1.000000 0.000000
vn 0.000000 -0.000000 1.000000
vn 0.000000 -0.000000 1.000000
vn 0.000000 -0.000000 1.000000
vn 0.000000 -0.000000 1.000000
vn 0.000000 -0.000000 1.000000
vn 0.000000 -0.000000 1.000000
vn 1.000000 0.000000 -0.000000
vn 1.000000 0.000000 -0.000000
vn 1.000000 0.000000 -0.000000
vn 1.000000 0.000000 -0.000000
vn 1.000000 0.000000 -0.000000
vn 1.000000 0.000000 -0.000000
vn 1.000000 0.000000 -0.000000
vn 1.000000 0.000000 -0.000000
vn 1.000000 0.000000 -0.000000
vn 1.000000 0.000000 -0.000000
vn 1.000000 0.000000 -0.000000
vn 1.000000 0.000000 -0.000000
vn 1.000000 0.000000 -0.000000
vn 1.000000 0.000000 -0.000000
vn 1.000000 0.000000 -0.000000
vn 1.000000 0.000000 -0.000000
vn 1.000000 0.000000 -0.000000
vn 1.000000 0.000000 -0.000000
vn 1.000000 0.000000 -0.000000
vn 1.000000 0.000000 -0.000000
vn 1.000000 0.000000 -0.000000
vn 1.000000 0.000000 -0.000000
vn 1.000000 0.000000 -0.000000
vn -1.000000 0.000000 0.000000
vn -1.000000 -0.000000 0.000000
vn -0.965926 -0.258819 0.000000
vn -0.965926 -0.258819 0.000000
vn -0.866025 -0.500000 -0.000000
vn -0.866025 -0.500000 -0.000000
vn -0.707107 -0.707107 -0.000000
vn -0.707107 -0.707107 -0.000000
vn -0.500000 -0.866025 -0.000000
vn -0.500000 -0.866025 -0.000000
vn -0.258819 -0.965926 -0.000000
vn -0.258819 -0.965926 -0.000000
vn -0.000000 -1.000000 -0.000000
vn 0.000000 -1.000000 -0.000000
vn 0.000000 -1.000000 -0.000000
vn 0.000000 -1.000000 -0.000000
vn 0.000000 -1.000000 -0.000000
vn 0.000000 -1.000000 -0.000000
vn 0.000000 -1.000000 -0.000000
vn 0.000000 -1.000000 -0.000000
vn 0.000000 -1.000000 -0.000000
vn 0.000000 -1.000000 -0.000000
vn 0.000000 -1.000000 -0.000000
vn 0.000000 -1.000000 -0.000000
vn 0.000000 -1.000000 -0.000000
vn 0.000000 -1.000000 -0.000000
vn 0.000000 -1.000000 -0.000000
vn 0.000000 -1.000000 -0.000000
vn 0.000000 -1.000000 -0.000000
vn 0.000000 -1.000000 -0.000000
vn 0.000000 -1.000000 -0.000000
vn 0.000000 -1.000000 -0.000000
vn 0.000000 -1.000000 -0.000000
vn 0.000000 -1.000000 -0.000000
vn 0.000000 -1.000000 -0.000000
vn 0.000000 -1.000000 -0.000000
vn 0.000000 -1.000000 -0.000000
vn 0.000000 -1.000000 -0.000000
vn 0.000000 -1.000000 -0.000000
vn 0.000000 -1.000000 -0.000000
vn 0.000000 -1.000000 -0.000000
vn 0.000000 -1.000000 -0.000000
vn 0.000000 -1.000000 -0.000000
vn 0.000000 -1.000000 -0.000000
vn 0.000000 -1.000000 -0.000000
vn 0.000000 -1.000000 -0.000000
vn 0.000000 -1.000000 -0.000000
vn 0.000000 -1.000000 -0.000000
vn 0.000000 -1.000000 -0.000000
vn 0.000000 -1.000000 -0.000000
vn 0.000000 -1.000000 -0.000000
vn 0.000000 -1.000000 -0.000000
vn 0.000000 -1.000000 -0.000000
vn 0.000000 -1.000000 -0.000000
vn 0.000000 -1.000000 -0.000000
vn 0.000000 -1.000000 -0.000000
vn 0.000000 -1.000000 -0.000000
vn 0.000000 -1.000000 -0.000000
vn 0.000000 -1.000000 -0.000000
vn 0.000000 -1.000000 -0.000000
vn 0.000000 -1.000000 -0.000000
vn 0.000000 -1.000000 -0.000000
vn 0.000000 -1.000000 -0.000000
vn 0.000000 -1.000000 -0.000000
vn 0.000000 -1.000000 -0.000000
vn 0.000000 -1.000000 -0.000000
vn 0.000000 -1.000000 -0.000000
vn 0.000000 -1.000000 -0.000000
vn 0.000000 -1.000000 -0.000000
vn 0.000000 -1.000000 -0.000000
vn 0.000000 -1.000000 -0.000000
vn 0.000000 -1.000000 -0.000000
vn 0.000000 -1.000000 -0.000000
vn 0.000000 -1.000000 -0.000000
vn 0.000000 -1.000000 -0.000000
vn 0.000000 -1.000000 -0.000000
vn 0.000000 -1.000000 -0.000000
vn 0.000000 -1.000000 -0.000000
vn 0.000000 -1.000000 -0.000000
vn 0.258819 -0.965926 -0.000000
vn 0.258819 -0.965926 -0.000000
vn 0.500000 -0.866025 -0.000000
vn 0.500000 -0.866025 -0.000000
vn 0.707107 -0.707107 -0.000000
vn 0.707107 -0.707107 -0.000000
vn 0.866025 -0.500000 -0.000000
vn 0.866025 -0.500000 -0.000000
vn 0.965926 -0.258819 -0.000000
vn 0.965926 -0.258819 -0.000000
vn 1.000000 -0.000000 -0.000000
vn 1.000000 0.000000 -0.000000
vn 1.000000 0.000000 -0.000000
vn 1.000000 0.000000 -0.000000
vn 0.965926 0.258819 -0.000000
vn 0.965926 0.258819 -0.000000
vn 0.866025 0.500000 0.000000
vn 0.866025 0.500000 0.000000
vn 0.707107 0.707107 0.000000
vn 0.707107 0.707107 0.000000
vn 0.500000 0.866025 0.000000
vn 0.500000 0.866025 0.000000
vn 0.258819 0.965926 0.000000
vn 0.258819 0.965926 0.000000
vn 0.000000 1.000000 0.000000
vn 0.000000 1.000000 0.000000
vn 0.000000 1.000000 0.000000
vn 0.000000 1.000000 0.000000
vn 0.000000 1.000000 0.000000
vn 0.000000 1.000000 0.000000
vn -0.258819 0.965926 0.000000
vn -0.258819 0.965926 0.000000
vn -0.500000 0.866025 0.000000
vn -0.500000 0.866025 0.000000
vn -0.707107 0.707107 0.000000
vn -0.707107 0.707107 0.000000
vn -0.866025 0.500000 0.000000
vn -0.866025 0.500000 0.000000
vn -0.965926 0.258819 0.000000
vn -0.965926 0.258819 0.000000
vn -1.000000 0.000000 0.000000
vn -1.000000 0.000000 0.000000
vn -0.000000 0.000000 -1.000000
vn -0.000000 0.000000 -1.000000
vn -0.000000 0.000000 -1.000000
vn -0.000000 0.000000 -1.000000
vn -0.000000 0.000000 -1.000000
vn -0.000000 0.000000 -1.000000
vn -0.000000 -1.000000 -0.000000
vn -0.000000 -1.000000 -0.000000
vn -0.000000 -1.000000 -0.000000
vn -0.000000 -1.000000 -0.000000
vn -0.000000 -1.000000 -0.000000
vn -0.000000 -1.000000 -0.000000
vn -0.000000 0.000000 -1.000000
vn -0.000000 0.000000 -1.000000
vn -0.000000 0.000000 -1.000000
vn -0.000000 0.000000 -1.000000
vn -0.000000 0.000000 -1.000000
vn -0.000000 0.000000 -1.000000
vn -0.000000 0.000000 -1.000000
vn -0.000000 0.000000 -1.000000
vn 0.000000 1.000000 0.000000
vn 0.000000 1.000000 0.000000
vn 0.000000 1.000000 0.000000
vn 0.000000 1.000000 0.000000
vn 0.000000 1.000000 0.000000
vn 0.000000 1.000000 0.000000
vn 0.000000 1.000000 0.000000
vn 0.000000 1.000000 0.000000
vn 0.000000 1.000000 0.000000
vn -1.000000 0.000000 0.000000
vn -1.000000 -0.000000 0.000000
vn -0.965926 0.000000 -0.258819
vn -0.965926 0.000000 -0.258819
vn -0.866025 0.000000 -0.500000
vn -0.866025 0.000000 -0.500000
vn -0.707107 0.000000 -0.707107
vn -0.707107 0.000000 -0.707107
vn -0.500000 0.000000 -0.866025
vn -0.500000 0.000000 -0.866025
vn -0.258819 0.000000 -0.965926
vn -0.258819 0.000000 -0.965926
vn 0.000000 0.000000 -1.000000
vn 0.000000 0.000000 -1.000000
vn 0.258819 0.000000 -0.965926
vn 0.258819 0.000000 -0.965926
vn 0.500000 0.000000 -0.866025
vn 0.500000 0.000000 -0.866025
vn 0.707107 0.000000 -0.707107
vn 0.707107 0.000000 -0.707107
vn 0.866025 0.000000 -0.500000
vn 0.866025 0.000000 -0.500000
vn 0.965926 0.000000 -0.258819
vn 0.965926 0.000000 -0.258819
vn 1.000000 0.000000 -0.000000
vn 1.000000 -0.000000 0.000000
vn -0.000000 0.000000 -1.000000
vn -0.000000 0.000000 -1.000000
vn -0.000000 0.000000 -1.000000
vn -0.000000 0.000000 -1.000000
vn 0.000000 1.000000 0.000000
vn 0.000000 1.000000 0.000000
vn 0.000000 1.000000 0.000000
vn 0.000000 1.000000 0.000000
vn -1.000000 -0.000000 0.000000
vn -1.000000 -0.000000 0.000000
vn -1.000000 -0.000000 0.000000
vn -1.000000 -0.000000 0.000000
vn -1.000000 -0.000000 0.000000
vn -1.000000 -0.000000 0.000000
vn -1.000000 -0.000000 0.000000
vn -1.000000 -0.000000 0.000000
vn -1.000000 -0.000000 0.000000
vn -1.000000 -0.000000 0.000000
vn -1.000000 -0.000000 0.000000
vn -1.000000 -0.000000 0.000000
vn -1.000000 -0.000000 0.000000
vn -1.000000 -0.000000 0.000000
vn -1.000000 -0.000000 0.000000
vn -1.000000 -0.000000 0.000000
vn -1.000000 -0.000000 0.000000
vn -1.000000 -0.000000 0.000000
vn -1.000000 -0.000000 0.000000
vn -1.000000 -0.000000 0.000000
vn -1.000000 -0.000000 0.000000
vn -1.000000 -0.000000 0.000000
vn -1.000000 -0.000000 0.000000
vn 0.000000 -0.000000 1.000000
vn 0.000000 -0.000000 1.000000
vn 0.000000 -0.000000 1.000000
vn 0.000000 -0.000000 1.000000
vn 0.000000 -0.000000 1.000000
vn 0.000000 -0.000000 1.000000
vn 0.000000 -0.000000 1.000000
vn 0.000000 -0.000000 1.000000
vn 0.000000 -0.000000 1.000000
vn 0.000000 -0.000000 1.000000
vn 0.000000 -0.000000 1.000000
vn 0.000000 -0.000000 1.000000
vn 0.000000 -0.000000 1.000000
vn 0.000000 -0.000000 1.000000
vn 0.000000 -0.000000 1.000000
vn 0.000000 -0.000000 1.000000
vn 0.000000 -0.000000 1.000000
vn 0.000000 -0.000000 1.000000
vn 0.000000 -0.000000 1.000000
vn 0.000000 -0.000000 1.000000
vn 0.000000 -0.000000 1.000000
vn 0.000000 -0.000000 1.000000
vn 0.000000 -0.000000 1.000000
vn 0.000000 -0.000000 1.000000
vn 0.000000 -0.000000 1.000000
vn 0.000000 -0.000000 1.000000
vn 0.000000 -0.000000 1.000000
vn 0.000000 -0.000000 1.000000
vn 0.000000 -0.000000 1.000000
vn 0.000000 -0.000000 1.000000
vn 0.000000 -0.000000 1.000000
vn 0.000000 -0.000000 1.000000
vn 0.000000 -0.000000 1.000000
vn 0.000000 -0.000000 1.000000
vn 0.000000 -0.000000 1.000000
vn 0.000000 -0.000000 1.000000
usemtl Steel_-_Satin
f 62/1/1 1/2/2 45/3/3
f 45/3/3 1/2/2 2/4/4
f 45/3/3 2/4/4 44/5/5
f 44/5/5 2/4/4 3/6/6
f 44/5/5 3/6/6 38/7/7
f 38/7/7 3/6/6 4/8/8
f 38/7/7 4/8/8 5/9/9
f 5/9/9 6/10/10 38/7/7
f 38/7/7 6/10/10 7/11/11
f 38/7/7 7/11/11 37/12/12
f 37/12/12 7/11/11 8/13/13
f 37/12/12 8/13/13 9/14/14
f 37/12/12 9/14/14 36/15/15
f 36/15/15 9/14/14 10/16/16
f 36/15/15 10/16/16 11/17/17
f 11/17/17 12/18/18 36/15/15
f 36/15/15 12/18/18 13/19/19
f 36/15/15 13/19/19 30/20/20
f 30/20/20 13/19/19 14/21/21
f 30/20/20 14/21/21 29/22/22
f 29/22/22 14/21/21 15/23/23
f 29/22/22 15/23/23 16/24/24
f 29/22/22 16/24/24 23/25/25
f 23/25/25 16/24/24 17/26/26
f 23/25/25 17/26/26 18/27/27
f 18/27/27 19/28/28 23/25/25
f 23/25/25 19/28/28 20/29/29
f 23/25/25 20/29/29 22/30/30
f 22/30/30 20/29/29 21/31/31
f 23/25/25 24/32/32 29/22/22
f 29/22/22 24/32/32 25/33/33
f 29/22/22 25/33/33 26/34/34
f 26/34/34 27/35/35 29/22/22
f 29/22/22 27/35/35 28/36/36
f 31/37/37 32/38/38 30/20/20
f 30/20/20 32/38/38 33/39/39
f 30/20/20 33/39/39 34/40/40
f 34/40/40 35/41/41 30/20/20
f 30/20/20 35/41/41 36/15/15
f 38/7/7 39/42/42 44/5/5
f 44/5/5 39/42/42 40/43/43
f 44/5/5 40/43/43 41/44/44
f 41/44/44 42/45/45 44/5/5
f 44/5/5 42/45/45 43/46/46
f 46/47/47 47/48/48 45/3/3
f 45/3/3 47/48/48 48/49/49
f 45/3/3 48/49/49 49/50/50
f 49/50/50 50/51/51 45/3/3
f 45/3/3 50/51/51 51/52/52
f 45/3/3 51/52/52 62/1/1
f 62/1/1 51/52/52 61/53/53
f 61/53/53 51/52/52 60/54/54
f 60/54/54 51/52/52 59/55/55
f 59/55/55 51/52/52 58/56/56
f 58/56/56 51/52/52 56/57/57
f 58/56/56 56/57/57 57/58/58
f 51/52/52 52/59/59 56/57/57
f 56/57/57 52/59/59 55/60/60
f 55/60/60 52/59/59 53/61/61
f 55/60/60 53/61/61 54/62/62
f 68/63/63 1/64/64 67/65/65
f 67/65/65 1/64/64 62/66/66
f 67/65/65 62/66/66 66/67/67
f 66/67/67 62/66/66 61/68/68
f 66/67/67 61/68/68 65/69/69
f 65/69/69 61/68/68 60/70/70
f 65/69/69 60/70/70 64/71/71
f 64/71/71 60/70/70 59/72/72
f 64/71/71 59/72/72 63/73/73
f 63/73/73 59/72/72 58/74/74
f 68/75/75 67/76/76 69/77/77
f 69/77/77 67/76/76 66/78/78
f 69/77/77 66/78/78 65/79/79
f 65/79/79 64/80/80 69/77/77
f 69/77/77 64/80/80 63/81/81
f 2/82/82 1/83/83 77/84/84
f 77/84/84 1/83/83 68/85/85
f 77/84/84 68/85/85 71/86/86
f 71/86/86 68/85/85 69/87/87
f 71/86/86 69/87/87 70/88/88
f 72/89/89 73/90/90 71/86/86
f 71/86/86 73/90/90 74/91/91
f 71/86/86 74/91/91 77/84/84
f 77/84/84 74/91/91 76/92/92
f 76/92/92 74/91/91 75/93/93
f 69/94/94 63/95/95 70/96/96
f 70/96/96 63/95/95 79/97/97
f 70/96/96 79/97/97 80/98/98
f 58/99/99 57/100/100 63/95/95
f 63/95/95 57/100/100 79/97/97
f 57/100/100 78/101/101 79/97/97
f 81/102/102 82/103/103 80/98/98
f 80/98/98 82/103/103 70/96/96
f 87/104/104 7/105/105 86/106/106
f 86/106/106 7/105/105 6/107/107
f 86/106/106 6/107/107 85/108/108
f 85/108/108 6/107/107 5/109/109
f 85/108/108 5/109/109 84/110/110
f 84/110/110 5/109/109 4/111/111
f 84/110/110 4/111/111 83/112/112
f 83/112/112 4/111/111 3/113/113
f 83/112/112 3/113/113 77/114/114
f 77/114/114 3/113/113 2/115/115
f 87/116/116 86/117/117 76/118/118
f 76/118/118 86/117/117 85/119/119
f 76/118/118 85/119/119 84/120/120
f 84/120/120 83/121/121 76/118/118
f 76/118/118 83/121/121 77/122/122
f 7/123/123 87/124/124 8/125/125
f 8/125/125 87/124/124 88/126/126
f 8/125/125 88/126/126 91/127/127
f 91/127/127 88/126/126 89/128/128
f 91/127/127 89/128/128 90/129/129
f 76/130/130 75/131/131 87/124/124
f 87/124/124 75/131/131 88/126/126
f 91/127/127 9/132/132 8/125/125
f 96/133/133 14/134/134 95/135/135
f 95/135/135 14/134/134 13/136/136
f 95/135/135 13/136/136 94/137/137
f 94/137/137 13/136/136 12/138/138
f 94/137/137 12/138/138 93/139/139
f 93/139/139 12/138/138 11/140/140
f 93/139/139 11/140/140 92/141/141
f 92/141/141 11/140/140 10/142/142
f 92/141/141 10/142/142 91/143/143
f 91/143/143 10/142/142 9/144/144
f 96/145/145 95/146/146 90/147/147
f 90/147/147 95/146/146 94/148/148
f 90/147/147 94/148/148 93/149/149
f 93/149/149 92/150/150 90/147/147
f 90/147/147 92/150/150 91/151/151
f 15/152/152 14/153/153 103/154/154
f 103/154/154 14/153/153 96/155/155
f 103/154/154 96/155/155 100/156/156
f 100/156/156 96/155/155 97/157/157
f 100/156/156 97/157/157 99/158/158
f 99/158/158 97/157/157 98/159/159
f 96/155/155 90/160/160 97/157/157
f 97/157/157 90/160/160 89/161/161
f 101/162/162 102/163/163 100/156/156
f 100/156/156 102/163/163 103/154/154
f 108/164/164 20/165/165 107/166/166
f 107/166/166 20/165/165 19/167/167
f 107/166/166 19/167/167 106/168/168
f 106/168/168 19/167/167 18/169/169
f 106/168/168 18/169/169 105/170/170
f 105/170/170 18/169/169 17/171/171
f 105/170/170 17/171/171 104/172/172
f 104/172/172 17/171/171 16/173/173
f 104/172/172 16/173/173 103/174/174
f 103/174/174 16/173/173 15/175/175
f 108/176/176 107/177/177 102/178/178
f 102/178/178 107/177/177 106/179/179
f 102/178/178 106/179/179 105/180/180
f 105/180/180 104/181/181 102/178/178
f 102/178/178 104/181/181 103/182/182
f 21/183/183 20/184/184 124/185/185
f 124/185/185 20/184/184 108/186/186
f 124/185/185 108/186/186 123/187/187
f 123/187/187 108/186/186 122/188/188
f 122/188/188 108/186/186 121/189/189
f 121/189/189 108/186/186 120/190/190
f 120/190/190 108/186/186 112/191/191
f 120/190/190 112/191/191 119/192/192
f 119/192/192 112/191/191 118/193/193
f 118/193/193 112/191/191 117/194/194
f 117/194/194 112/191/191 113/195/195
f 117/194/194 113/195/195 54/196/196
f 102/197/197 101/198/198 108/186/186
f 108/186/186 101/198/198 112/191/191
f 112/191/191 101/198/198 111/199/199
f 111/199/199 101/198/198 109/200/200
f 111/199/199 109/200/200 110/201/201
f 53/202/202 114/203/203 54/196/196
f 54/196/196 114/203/203 115/204/204
f 54/196/196 115/204/204 116/205/205
f 116/205/205 117/194/194 54/196/196
f 126/206/206 172/207/207 125/208/208
f 125/208/208 172/207/207 149/209/209
f 125/210/208 149/211/209 148/212/210
f 148/212/210 149/211/209 150/213/211
f 148/212/210 150/213/211 147/214/212
f 147/214/212 150/213/211 151/215/213
f 147/214/212 151/215/213 146/216/214
f 146/216/214 151/215/213 152/217/215
f 146/216/214 152/217/215 145/218/216
f 145/218/216 152/217/215 153/219/217
f 145/218/216 153/219/217 144/220/218
f 144/220/218 153/219/217 154/221/219
f 144/220/218 154/221/219 143/222/220
f 143/222/220 154/221/219 155/223/221
f 143/222/220 155/223/221 142/224/222
f 142/224/222 155/223/221 156/225/223
f 142/224/222 156/225/223 141/226/224
f 141/226/224 156/225/223 157/227/225
f 141/226/224 157/227/225 140/228/226
f 140/228/226 157/227/225 158/229/227
f 140/228/226 158/229/227 139/230/228
f 139/230/228 158/229/227 159/231/229
f 139/230/228 159/231/229 138/232/230
f 138/232/230 159/231/229 160/233/231
f 138/232/230 160/233/231 137/234/232
f 137/234/232 160/233/231 161/235/233
f 137/234/232 161/235/233 136/236/234
f 136/236/234 161/235/233 162/237/235
f 136/236/234 162/237/235 135/238/236
f 135/238/236 162/237/235 163/239/237
f 135/238/236 163/239/237 134/240/238
f 134/240/238 163/239/237 164/241/239
f 134/240/238 164/241/239 133/242/240
f 133/242/240 164/241/239 165/243/241
f 133/242/240 165/243/241 132/244/242
f 132/244/242 165/243/241 166/245/243
f 132/244/242 166/245/243 131/246/244
f 131/246/244 166/245/243 167/247/245
f 131/246/244 167/247/245 130/248/246
f 130/248/246 167/247/245 168/249/247
f 130/248/246 168/249/247 129/250/248
f 129/250/248 168/249/247 169/251/249
f 129/250/248 169/251/249 128/252/250
f 128/252/250 169/251/249 170/253/251
f 128/252/250 170/253/251 127/254/252
f 127/254/252 170/253/251 171/255/253
f 127/254/252 171/255/253 126/206/206
f 126/206/206 171/255/253 172/207/207
f 174/256/254 126/257/255 173/258/256
f 173/258/256 126/257/255 125/259/257
f 173/258/256 125/259/257 196/260/258
f 196/260/258 125/259/257 148/261/259
f 196/260/258 148/261/259 195/262/260
f 195/262/260 148/261/259 147/263/261
f 195/262/260 147/263/261 194/264/262
f 194/264/262 147/263/261 146/265/263
f 194/264/262 146/265/263 193/266/264
f 193/266/264 146/265/263 145/267/265
f 193/266/264 145/267/265 192/268/266
f 192/268/266 145/267/265 144/269/267
f 192/268/266 144/269/267 191/270/268
f 191/270/268 144/269/267 143/271/269
f 191/270/268 143/271/269 142/272/270
f 174/256/254 175/273/271 126/257/255
f 126/257/255 175/273/271 127/274/272
f 127/274/272 175/273/271 176/275/273
f 127/274/272 176/275/273 128/276/274
f 128/276/274 176/275/273 177/277/275
f 128/276/274 177/277/275 129/278/276
f 129/278/276 177/277/275 178/279/277
f 129/278/276 178/279/277 130/280/278
f 130/280/278 178/279/277 179/281/279
f 130/280/278 179/281/279 131/282/280
f 131/282/280 179/281/279 132/283/281
f 132/283/281 179/281/279 180/284/282
f 132/283/281 180/284/282 133/285/283
f 133/285/283 180/284/282 181/286/284
f 133/285/283 181/286/284 134/287/285
f 134/287/285 181/286/284 182/288/286
f 134/287/285 182/288/286 135/289/287
f 135/289/287 182/288/286 183/290/288
f 135/289/287 183/290/288 136/291/289
f 136/291/289 183/290/288 184/292/290
f 136/291/289 184/292/290 137/293/291
f 137/293/291 184/292/290 185/294/292
f 137/293/291 185/294/292 186/295/293
f 137/293/291 186/295/293 138/296/294
f 138/296/294 186/295/293 187/297/295
f 138/296/294 187/297/295 139/298/296
f 139/298/296 187/297/295 188/299/297
f 139/298/296 188/299/297 140/300/298
f 140/300/298 188/299/297 189/301/299
f 140/300/298 189/301/299 141/302/300
f 141/302/300 189/301/299 190/303/301
f 141/302/300 190/303/301 142/272/270
f 142/272/270 190/303/301 191/270/268
f 198/304/302 244/305/303 197/306/304
f 197/306/304 244/305/303 221/307/305
f 197/308/304 221/309/305 220/310/306
f 220/310/306 221/309/305 222/311/307
f 220/310/306 222/311/307 219/312/308
f 219/312/308 222/311/307 223/313/309
f 219/312/308 223/313/309 218/314/310
f 218/314/310 223/313/309 224/315/311
f 218/314/310 224/315/311 217/316/312
f 217/316/312 224/315/311 225/317/313
f 217/316/312 225/317/313 216/318/314
f 216/318/314 225/317/313 226/319/315
f 216/318/314 226/319/315 215/320/316
f 215/320/316 226/319/315 227/321/317
f 215/320/316 227/321/317 214/322/318
f 214/322/318 227/321/317 228/323/319
f 214/322/318 228/323/319 213/324/320
f 213/324/320 228/323/319 229/325/321
f 213/324/320 229/325/321 212/326/322
f 212/326/322 229/325/321 230/327/323
f 212/326/322 230/327/323 211/328/324
f 211/328/324 230/327/323 231/329/325
f 211/328/324 231/329/325 210/330/326
f 210/330/326 231/329/325 232/331/327
f 210/330/326 232/331/327 209/332/328
f 209/332/328 232/331/327 233/333/329
f 209/332/328 233/333/329 208/334/330
f 208/334/330 233/333/329 234/335/331
f 208/334/330 234/335/331 207/336/332
f 207/336/332 234/335/331 235/337/333
f 207/336/332 235/337/333 206/338/334
f 206/338/334 235/337/333 236/339/335
f 206/338/334 236/339/335 205/340/336
f 205/340/336 236/339/335 237/341/337
f 205/340/336 237/341/337 204/342/338
f 204/342/338 237/341/337 238/343/339
f 204/342/338 238/343/339 203/344/340
f 203/344/340 238/343/339 239/345/341
f 203/344/340 239/345/341 202/346/342
f 202/346/342 239/345/341 240/347/343
f 202/346/342 240/347/343 201/348/344
f 201/348/344 240/347/343 241/349/345
f 201/348/344 241/349/345 200/350/346
f 200/350/346 241/349/345 242/351/347
f 200/350/346 242/351/347 199/352/348
f 199/352/348 242/351/347 243/353/349
f 199/352/348 243/353/349 198/304/302
f 198/304/302 243/353/349 244/305/303
f 246/354/350 198/355/351 245/356/352
f 245/356/352 198/355/351 197/357/353
f 245/356/352 197/357/353 268/358/354
f 268/358/354 197/357/353 220/359/355
f 268/358/354 220/359/355 267/360/356
f 267/360/356 220/359/355 219/361/357
f 267/360/356 219/361/357 266/362/358
f 266/362/358 219/361/357 218/363/359
f 266/362/358 218/363/359 265/364/360
f 265/364/360 218/363/359 217/365/361
f 265/364/360 217/365/361 264/366/362
f 264/366/362 217/365/361 216/367/363
f 264/366/362 216/367/363 263/368/364
f 263/368/364 216/367/363 215/369/365
f 263/368/364 215/369/365 214/370/366
f 246/354/350 247/371/367 198/355/351
f 198/355/351 247/371/367 199/372/368
f 199/372/368 247/371/367 248/373/369
f 199/372/368 248/373/369 200/374/370
f 200/374/370 248/373/369 249/375/371
f 200/374/370 249/375/371 201/376/372
f 201/376/372 249/375/371 250/377/373
f 201/376/372 250/377/373 202/378/374
f 202/378/374 250/377/373 251/379/375
f 202/378/374 251/379/375 203/380/376
f 203/380/376 251/379/375 204/381/377
f 204/381/377 251/379/375 252/382/378
f 204/381/377 252/382/378 205/383/379
f 205/383/379 252/382/378 253/384/380
f 205/383/379 253/384/380 206/385/381
f 206/385/381 253/384/380 254/386/382
f 206/385/381 254/386/382 207/387/383
f 207/387/383 254/386/382 255/388/384
f 207/387/383 255/388/384 208/389/385
f 208/389/385 255/388/384 256/390/386
f 208/389/385 256/390/386 209/391/387
f 209/391/387 256/390/386 257/392/388
f 209/391/387 257/392/388 258/393/389
f 209/391/387 258/393/389 210/394/390
f 210/394/390 258/393/389 259/395/391
f 210/394/390 259/395/391 211/396/392
f 211/396/392 259/395/391 260/397/393
f 211/396/392 260/397/393 212/398/394
f 212/398/394 260/397/393 261/399/395
f 212/398/394 261/399/395 213/400/396
f 213/400/396 261/399/395 262/401/397
f 213/400/396 262/401/397 214/370/366
f 214/370/366 262/401/397 263/368/364
f 268/402/398 292/403/399 245/404/400
f 245/404/400 292/403/399 269/405/401
f 245/406/400 269/407/401 246/408/402
f 246/408/402 269/407/401 270/409/403
f 246/408/402 270/409/403 247/410/404
f 247/410/404 270/409/403 271/411/405
f 247/410/404 271/411/405 248/412/406
f 248/412/406 271/411/405 272/413/407
f 248/412/406 272/413/407 249/414/408
f 249/414/408 272/413/407 273/415/409
f 249/414/408 273/415/409 250/416/410
f 250/416/410 273/415/409 274/417/411
f 250/416/410 274/417/411 251/418/412
f 251/418/412 274/417/411 275/419/413
f 251/418/412 275/419/413 252/420/414
f 252/420/414 275/419/413 276/421/415
f 252/420/414 276/421/415 253/422/416
f 253/422/416 276/421/415 277/423/417
f 253/422/416 277/423/417 254/424/418
f 254/424/418 277/423/417 278/425/419
f 254/424/418 278/425/419 255/426/420
f 255/426/420 278/425/419 279/427/421
f 255/426/420 279/427/421 256/428/422
f 256/428/422 279/427/421 280/429/423
f 256/428/422 280/429/423 257/430/424
f 257/430/424 280/429/423 281/431/425
f 257/430/424 281/431/425 258/432/426
f 258/432/426 281/431/425 282/433/427
f 258/432/426 282/433/427 259/434/428
f 259/434/428 282/433/427 283/435/429
f 259/434/428 283/435/429 260/436/430
f 260/436/430 283/435/429 284/437/431
f 260/436/430 284/437/431 261/438/432
f 261/438/432 284/437/431 285/439/433
f 261/438/432 285/439/433 262/440/434
f 262/440/434 285/439/433 286/441/435
f 262/440/434 286/441/435 263/442/436
f 263/442/436 286/441/435 287/443/437
f 263/442/436 287/443/437 264/444/438
f 264/444/438 287/443/437 288/445/439
f 264/444/438 288/445/439 265/446/440
f 265/446/440 288/445/439 289/447/441
f 265/446/440 289/447/441 266/448/442
f 266/448/442 289/447/441 290/449/443
f 266/448/442 290/449/443 267/450/444
f 267/450/444 290/449/443 291/451/445
f 267/450/444 291/451/445 268/402/398
f 268/402/398 291/451/445 292/403/399
f 292/452/446 282/453/447 269/454/448
f 269/454/448 282/453/447 281/455/449
f 269/454/448 281/455/449 270/456/450
f 270/456/450 281/455/449 280/457/451
f 270/456/450 280/457/451 271/458/452
f 271/458/452 280/457/451 279/459/453
f 271/458/452 279/459/453 272/460/454
f 272/460/454 279/459/453 278/461/455
f 272/460/454 278/461/455 273/462/456
f 273/462/456 278/461/455 277/463/457
f 273/462/456 277/463/457 274/464/458
f 274/464/458 277/463/457 276/465/459
f 274/464/458 276/465/459 275/466/460
f 282/453/447 292/452/446 283/467/461
f 283/467/461 292/452/446 291/468/462
f 283/467/461 291/468/462 284/469/463
f 284/469/463 291/468/462 290/470/464
f 284/469/463 290/470/464 285/471/465
f 285/471/465 290/470/464 289/472/466
f 285/471/465 289/472/466 286/473/467
f 286/473/467 289/472/466 288/474/468
f 286/473/467 288/474/468 287/475/469
f 196/476/470 316/477/471 173/478/472
f 173/478/472 316/477/471 293/479/473
f 173/480/472 293/481/473 174/482/474
f 174/482/474 293/481/473 294/483/475
f 174/482/474 294/483/475 175/484/476
f 175/484/476 294/483/475 295/485/477
f 175/484/476 295/485/477 176/486/478
f 176/486/478 295/485/477 296/487/479
f 176/486/478 296/487/479 177/488/480
f 177/488/480 296/487/479 297/489/481
f 177/488/480 297/489/481 178/490/482
f 178/490/482 297/489/481 298/491/483
f 178/490/482 298/491/483 179/492/484
f 179/492/484 298/491/483 299/493/485
f 179/492/484 299/493/485 180/494/486
f 180/494/486 299/493/485 300/495/487
f 180/494/486 300/495/487 181/496/488
f 181/496/488 300/495/487 301/497/489
f 181/496/488 301/497/489 182/498/490
f 182/498/490 301/497/489 302/499/491
f 182/498/490 302/499/491 183/500/492
f 183/500/492 302/499/491 303/501/493
f 183/500/492 303/501/493 184/502/494
f 184/502/494 303/501/493 304/503/495
f 184/502/494 304/503/495 185/504/496
f 185/504/496 304/503/495 305/505/497
f 185/504/496 305/505/497 186/506/498
f 186/506/498 305/505/497 306/507/499
f 186/506/498 306/507/499 187/508/500
f 187/508/500 306/507/499 307/509/501
f 187/508/500 307/509/501 188/510/502
f 188/510/502 307/509/501 308/511/503
f 188/510/502 308/511/503 189/512/504
f 189/512/504 308/511/503 309/513/505
f 189/512/504 309/513/505 190/514/506
f 190/514/506 309/513/505 310/515/507
f 190/514/506 310/515/507 191/516/508
f 191/516/508 310/515/507 311/517/509
f 191/516/508 311/517/509 192/518/510
f 192/518/510 311/517/509 312/519/511
f 192/518/510 312/519/511 193/520/512
f 193/520/512 312/519/511 313/521/513
f 193/520/512 313/521/513 194/522/514
f 194/522/514 313/521/513 314/523/515
f 194/522/514 314/523/515 195/524/516
f 195/524/516 314/523/515 315/525/517
f 195/524/516 315/525/517 196/476/470
f 196/476/470 315/525/517 316/477/471
f 316/526/518 306/527/519 293/528/520
f 293/528/520 306/527/519 305/529/521
f 293/528/520 305/529/521 294/530/522
f 294/530/522 305/529/521 304/531/523
f 294/530/522 304/531/523 295/532/524
f 295/532/524 304/531/523 303/533/525
f 295/532/524 303/533/525 296/534/526
f 296/534/526 303/533/525 302/535/527
f 296/534/526 302/535/527 297/536/528
f 297/536/528 302/535/527 301/537/529
f 297/536/528 301/537/529 298/538/530
f 298/538/530 301/537/529 300/539/531
f 298/538/530 300/539/531 299/540/532
f 306/527/519 316/526/518 307/541/533
f 307/541/533 316/526/518 315/542/534
f 307/541/533 315/542/534 308/543/535
f 308/543/535 315/542/534 314/544/536
f 308/543/535 314/544/536 309/545/537
f 309/545/537 314/544/536 313/546/538
f 309/545/537 313/546/538 310/547/539
f 310/547/539 313/546/538 312/548/540
f 310/547/539 312/548/540 311/549/541
f 318/550/542 328/551/543 317/552/544
f 317/552/544 328/551/543 329/553/545
f 317/552/544 329/553/545 340/554/546
f 340/554/546 329/553/545 330/555/547
f 340/554/546 330/555/547 339/556/548
f 339/556/548 330/555/547 331/557/549
f 339/556/548 331/557/549 338/558/550
f 338/558/550 331/557/549 332/559/551
f 338/558/550 332/559/551 337/560/552
f 337/560/552 332/559/551 333/561/553
f 337/560/552 333/561/553 336/562/554
f 336/562/554 333/561/553 334/563/555
f 336/562/554 334/563/555 335/564/556
f 328/551/543 318/550/542 327/565/557
f 327/565/557 318/550/542 319/566/558
f 327/565/557 319/566/558 326/567/559
f 326/567/559 319/566/558 320/568/560
f 326/567/559 320/568/560 325/569/561
f 325/569/561 320/568/560 321/570/562
f 325/569/561 321/570/562 324/571/563
f 324/571/563 321/570/562 322/572/564
f 324/571/563 322/572/564 323/573/565
f 342/574/566 352/575/567 341/576/568
f 341/576/568 352/575/567 353/577/569
f 341/576/568 353/577/569 364/578/570
f 364/578/570 353/577/569 354/579/571
f 364/578/570 354/579/571 363/580/572
f 363/580/572 354/579/571 355/581/573
f 363/580/572 355/581/573 362/582/574
f 362/582/574 355/581/573 356/583/575
f 362/582/574 356/583/575 361/584/576
f 361/584/576 356/583/575 357/585/577
f 361/584/576 357/585/577 360/586/578
f 360/586/578 357/585/577 358/587/579
f 360/586/578 358/587/579 359/588/580
f 352/575/567 342/574/566 351/589/581
f 351/589/581 342/574/566 343/590/582
f 351/589/581 343/590/582 350/591/583
f 350/591/583 343/590/582 344/592/584
f 350/591/583 344/592/584 349/593/585
f 349/593/585 344/592/584 345/594/586
f 349/593/585 345/594/586 348/595/587
f 348/595/587 345/594/586 346/596/588
f 348/595/587 346/596/588 347/597/589
f 366/598/590 376/599/591 365/600/592
f 365/600/592 376/599/591 377/601/593
f 365/600/592 377/601/593 388/602/594
f 388/602/594 377/601/593 378/603/595
f 388/602/594 378/603/595 387/604/596
f 387/604/596 378/603/595 379/605/597
f 387/604/596 379/605/597 386/606/598
f 386/606/598 379/605/597 380/607/599
f 386/606/598 380/607/599 385/608/600
f 385/608/600 380/607/599 381/609/601
f 385/608/600 381/609/601 384/610/602
f 384/610/602 381/609/601 382/611/603
f 384/610/602 382/611/603 383/612/604
f 376/599/591 366/598/590 375/613/605
f 375/613/605 366/598/590 367/614/606
f 375/613/605 367/614/606 374/615/607
f 374/615/607 367/614/606 368/616/608
f 374/615/607 368/616/608 373/617/609
f 373/617/609 368/616/608 369/618/610
f 373/617/609 369/618/610 372/619/611
f 372/619/611 369/618/610 370/620/612
f 372/619/611 370/620/612 371/621/613
f 390/622/614 400/623/615 389/624/616
f 389/624/616 400/623/615 401/625/617
f 389/624/616 401/625/617 412/626/618
f 412/626/618 401/625/617 402/627/619
f 412/626/618 402/627/619 411/628/620
f 411/628/620 402/627/619 403/629/621
f 411/628/620 403/629/621 410/630/622
f 410/630/622 403/629/621 404/631/623
f 410/630/622 404/631/623 409/632/624
f 409/632/624 404/631/623 405/633/625
f 409/632/624 405/633/625 408/634/626
f 408/634/626 405/633/625 406/635/627
f 408/634/626 406/635/627 407/636/628
f 400/623/615 390/622/614 399/637/629
f 399/637/629 390/622/614 391/638/630
f 399/637/629 391/638/630 398/639/631
f 398/639/631 391/638/630 392/640/632
f 398/639/631 392/640/632 397/641/633
f 397/641/633 392/640/632 393/642/634
f 397/641/633 393/642/634 396/643/635
f 396/643/635 393/642/634 394/644/636
f 396/643/635 394/644/636 395/645/637
f 436/646/638 413/647/639 510/648/640
f 510/648/640 413/647/639 414/649/641
f 510/648/640 414/649/641 448/650/642
f 448/650/642 414/649/641 415/651/643
f 448/650/642 415/651/643 447/652/644
f 447/652/644 415/651/643 416/653/645
f 447/652/644 416/653/645 446/654/646
f 446/654/646 416/653/645 506/655/647
f 446/654/646 506/655/647 476/656/648
f 476/656/648 506/655/647 507/657/649
f 476/656/648 507/657/649 475/658/650
f 475/658/650 507/657/649 508/659/651
f 475/658/650 508/659/651 474/660/652
f 474/660/652 508/659/651 485/661/653
f 474/660/652 485/661/653 473/662/654
f 473/662/654 485/661/653 472/663/655
f 472/663/655 485/661/653 486/664/656
f 472/663/655 486/664/656 471/665/657
f 471/665/657 486/664/656 487/666/658
f 471/665/657 487/666/658 470/667/659
f 470/667/659 487/666/658 488/668/660
f 470/667/659 488/668/660 469/669/661
f 469/669/661 488/668/660 489/670/662
f 469/669/661 489/670/662 468/671/663
f 468/671/663 489/670/662 490/672/664
f 468/671/663 490/672/664 467/673/665
f 467/673/665 490/672/664 491/674/666
f 467/673/665 491/674/666 512/675/667
f 512/675/667 491/674/666 511/676/668
f 511/676/668 491/674/666 492/677/669
f 511/676/668 492/677/669 493/678/670
f 506/655/647 416/653/645 505/679/671
f 505/679/671 416/653/645 417/680/672
f 505/679/671 417/680/672 504/681/673
f 504/681/673 417/680/672 418/682/674
f 504/681/673 418/682/674 503/683/675
f 503/683/675 418/682/674 419/684/676
f 503/683/675 419/684/676 502/685/677
f 502/685/677 419/684/676 420/686/678
f 502/685/677 420/686/678 501/687/679
f 501/687/679 420/686/678 421/688/680
f 501/687/679 421/688/680 500/689/681
f 500/689/681 421/688/680 422/690/682
f 500/689/681 422/690/682 499/691/683
f 499/691/683 422/690/682 423/692/684
f 499/691/683 423/692/684 511/676/668
f 511/676/668 423/692/684 424/693/685
f 511/676/668 424/693/685 112/694/686
f 112/694/686 424/693/685 425/695/687
f 112/694/686 425/695/687 426/696/688
f 426/696/688 427/697/689 112/694/686
f 112/694/686 427/697/689 428/698/690
f 112/694/686 428/698/690 429/699/691
f 429/699/691 430/700/692 112/694/686
f 112/694/686 430/700/692 431/701/693
f 112/694/686 431/701/693 113/702/694
f 113/702/694 431/701/693 432/703/695
f 113/702/694 432/703/695 510/648/640
f 510/648/640 432/703/695 433/704/696
f 510/648/640 433/704/696 434/705/697
f 434/705/697 435/706/698 510/648/640
f 510/648/640 435/706/698 436/646/638
f 460/707/699 437/708/700 79/709/701
f 79/709/701 437/708/700 438/710/702
f 79/709/701 438/710/702 512/675/667
f 512/675/667 438/710/702 439/711/703
f 512/675/667 439/711/703 483/712/704
f 483/712/704 439/711/703 482/713/705
f 482/713/705 439/711/703 440/714/706
f 482/713/705 440/714/706 481/715/707
f 481/715/707 440/714/706 441/716/708
f 481/715/707 441/716/708 480/717/709
f 480/717/709 441/716/708 442/718/710
f 480/717/709 442/718/710 479/719/711
f 479/719/711 442/718/710 443/720/712
f 479/719/711 443/720/712 478/721/713
f 478/721/713 443/720/712 444/722/714
f 478/721/713 444/722/714 477/723/715
f 477/723/715 444/722/714 445/724/716
f 477/723/715 445/724/716 476/656/648
f 476/656/648 445/724/716 446/654/646
f 448/650/642 449/725/717 510/648/640
f 510/648/640 449/725/717 509/726/718
f 509/726/718 449/725/717 450/727/719
f 509/726/718 450/727/719 451/728/720
f 451/728/720 452/729/721 509/726/718
f 509/726/718 452/729/721 453/730/722
f 509/726/718 453/730/722 454/731/723
f 509/726/718 454/731/723 78/732/724
f 78/732/724 454/731/723 455/733/725
f 78/732/724 455/733/725 79/709/701
f 79/709/701 455/733/725 456/734/726
f 79/709/701 456/734/726 457/735/727
f 457/735/727 458/736/728 79/709/701
f 79/709/701 458/736/728 459/737/729
f 79/709/701 459/737/729 460/707/699
f 484/738/730 461/739/731 512/675/667
f 512/675/667 461/739/731 462/740/732
f 512/675/667 462/740/732 463/741/733
f 463/741/733 464/742/734 512/675/667
f 512/675/667 464/742/734 465/743/735
f 512/675/667 465/743/735 466/744/736
f 466/744/736 467/673/665 512/675/667
f 483/712/704 484/738/730 512/675/667
f 493/678/670 494/745/737 511/676/668
f 511/676/668 494/745/737 495/746/738
f 511/676/668 495/746/738 496/747/739
f 496/747/739 497/748/740 511/676/668
f 511/676/668 497/748/740 498/749/741
f 511/676/668 498/749/741 499/691/683
f 513/750/742 514/751/743 509/752/744
f 509/752/744 514/751/743 510/753/745
f 112/754/746 111/755/747 511/756/748
f 511/756/748 111/755/747 515/757/749
f 388/758/750 498/759/751 365/760/752
f 365/760/752 498/759/751 497/761/753
f 365/760/752 497/761/753 366/762/754
f 366/762/754 497/761/753 496/763/755
f 366/762/754 496/763/755 367/764/756
f 367/764/756 496/763/755 495/765/757
f 367/764/756 495/765/757 368/766/758
f 368/766/758 495/765/757 494/767/759
f 368/766/758 494/767/759 369/768/760
f 369/768/760 494/767/759 493/769/761
f 369/768/760 493/769/761 370/770/762
f 370/770/762 493/769/761 492/771/763
f 370/770/762 492/771/763 371/772/764
f 371/772/764 492/771/763 491/773/765
f 371/772/764 491/773/765 372/774/766
f 372/774/766 491/773/765 490/775/767
f 372/774/766 490/775/767 373/776/768
f 373/776/768 490/775/767 489/777/769
f 373/776/768 489/777/769 374/778/770
f 374/778/770 489/777/769 488/779/771
f 374/778/770 488/779/771 375/780/772
f 375/780/772 488/779/771 487/781/773
f 375/780/772 487/781/773 376/782/774
f 376/782/774 487/781/773 486/783/775
f 376/782/774 486/783/775 377/784/776
f 377/784/776 486/783/775 485/785/777
f 377/786/776 485/787/777 378/788/778
f 378/788/778 485/787/777 508/789/779
f 378/788/778 508/789/779 379/790/780
f 379/790/780 508/789/779 507/791/781
f 379/790/780 507/791/781 380/792/782
f 380/792/782 507/791/781 506/793/783
f 380/792/782 506/793/783 381/794/784
f 381/794/784 506/793/783 505/795/785
f 381/794/784 505/795/785 382/796/786
f 382/796/786 505/795/785 504/797/787
f 382/796/786 504/797/787 383/798/788
f 383/798/788 504/797/787 503/799/789
f 383/798/788 503/799/789 384/800/790
f 384/800/790 503/799/789 502/801/791
f 384/800/790 502/801/791 385/802/792
f 385/802/792 502/801/791 501/803/793
f 385/802/792 501/803/793 386/804/794
f 386/804/794 501/803/793 500/805/795
f 386/804/794 500/805/795 387/806/796
f 387/806/796 500/805/795 499/807/797
f 387/806/796 499/807/797 388/758/750
f 388/758/750 499/807/797 498/759/751
f 412/808/798 474/809/799 389/810/800
f 389/810/800 474/809/799 473/811/801
f 389/810/800 473/811/801 390/812/802
f 390/812/802 473/811/801 472/813/803
f 390/812/802 472/813/803 391/814/804
f 391/814/804 472/813/803 471/815/805
f 391/814/804 471/815/805 392/816/806
f 392/816/806 471/815/805 470/817/807
f 392/816/806 470/817/807 393/818/808
f 393/818/808 470/817/807 469/819/809
f 393/818/808 469/819/809 394/820/810
f 394/820/810 469/819/809 468/821/811
f 394/820/810 468/821/811 395/822/812
f 395/822/812 468/821/811 467/823/813
f 395/822/812 467/823/813 396/824/814
f 396/824/814 467/823/813 466/825/815
f 396/824/814 466/825/815 397/826/816
f 397/826/816 466/825/815 465/827/817
f 397/826/816 465/827/817 398/828/818
f 398/828/818 465/827/817 464/829/819
f 398/828/818 464/829/819 399/830/820
f 399/830/820 464/829/819 463/831/821
f 399/830/820 463/831/821 400/832/822
f 400/832/822 463/831/821 462/833/823
f 400/832/822 462/833/823 401/834/824
f 401/834/824 462/833/823 461/835/825
f 401/836/824 461/837/825 402/838/826
f 402/838/826 461/837/825 484/839/827
f 402/838/826 484/839/827 403/840/828
f 403/840/828 484/839/827 483/841/829
f 403/840/828 483/841/829 404/842/830
f 404/842/830 483/841/829 482/843/831
f 404/842/830 482/843/831 405/844/832
f 405/844/832 482/843/831 481/845/833
f 405/844/832 481/845/833 406/846/834
f 406/846/834 481/845/833 480/847/835
f 406/846/834 480/847/835 407/848/836
f 407/848/836 480/847/835 479/849/837
f 407/848/836 479/849/837 408/850/838
f 408/850/838 479/849/837 478/851/839
f 408/850/838 478/851/839 409/852/840
f 409/852/840 478/851/839 477/853/841
f 409/852/840 477/853/841 410/854/842
f 410/854/842 477/853/841 476/855/843
f 410/854/842 476/855/843 411/856/844
f 411/856/844 476/855/843 475/857/845
f 411/856/844 475/857/845 412/808/798
f 412/808/798 475/857/845 474/809/799
f 340/858/846 450/859/847 317/860/848
f 317/860/848 450/859/847 449/861/849
f 317/860/848 449/861/849 318/862/850
f 318/862/850 449/861/849 448/863/851
f 318/862/850 448/863/851 319/864/852
f 319/864/852 448/863/851 447/865/853
f 319/864/852 447/865/853 320/866/854
f 320/866/854 447/865/853 446/867/855
f 320/866/854 446/867/855 321/868/856
f 321/868/856 446/867/855 445/869/857
f 321/868/856 445/869/857 322/870/858
f 322/870/858 445/869/857 444/871/859
f 322/870/858 444/871/859 323/872/860
f 323/872/860 444/871/859 443/873/861
f 323/872/860 443/873/861 324/874/862
f 324/874/862 443/873/861 442/875/863
f 324/874/862 442/875/863 325/876/864
f 325/876/864 442/875/863 441/877/865
f 325/876/864 441/877/865 326/878/866
f 326/878/866 441/877/865 440/879/867
f 326/878/866 440/879/867 327/880/868
f 327/880/868 440/879/867 439/881/869
f 327/880/868 439/881/869 328/882/870
f 328/882/870 439/881/869 438/883/871
f 328/882/870 438/883/871 329/884/872
f 329/884/872 438/883/871 437/885/873
f 329/886/872 437/887/873 330/888/874
f 330/888/874 437/887/873 460/889/875
f 330/888/874 460/889/875 331/890/876
f 331/890/876 460/889/875 459/891/877
f 331/890/876 459/891/877 332/892/878
f 332/892/878 459/891/877 458/893/879
f 332/892/878 458/893/879 333/894/880
f 333/894/880 458/893/879 457/895/881
f 333/894/880 457/895/881 334/896/882
f 334/896/882 457/895/881 456/897/883
f 334/896/882 456/897/883 335/898/884
f 335/898/884 456/897/883 455/899/885
f 335/898/884 455/899/885 336/900/886
f 336/900/886 455/899/885 454/901/887
f 336/900/886 454/901/887 337/902/888
f 337/902/888 454/901/887 453/903/889
f 337/902/888 453/903/889 338/904/890
f 338/904/890 453/903/889 452/905/891
f 338/904/890 452/905/891 339/906/892
f 339/906/892 452/905/891 451/907/893
f 339/906/892 451/907/893 340/858/846
f 340/858/846 451/907/893 450/859/847
f 364/908/894 426/909/895 341/910/896
f 341/910/896 426/909/895 425/911/897
f 341/910/896 425/911/897 342/912/898
f 342/912/898 425/911/897 424/913/899
f 342/912/898 424/913/899 343/914/900
f 343/914/900 424/913/899 423/915/901
f 343/914/900 423/915/901 344/916/902
f 344/916/902 423/915/901 422/917/903
f 344/916/902 422/917/903 345/918/904
f 345/918/904 422/917/903 421/919/905
f 345/918/904 421/919/905 346/920/906
f 346/920/906 421/919/905 420/921/907
f 346/920/906 420/921/907 347/922/908
f 347/922/908 420/921/907 419/923/909
f 347/922/908 419/923/909 348/924/910
f 348/924/910 419/923/909 418/925/911
f 348/924/910 418/925/911 349/926/912
f 349/926/912 418/925/911 417/927/913
f 349/926/912 417/927/913 350/928/914
f 350/928/914 417/927/913 416/929/915
f 350/928/914 416/929/915 351/930/916
f 351/930/916 416/929/915 415/931/917
f 351/930/916 415/931/917 352/932/918
f 352/932/918 415/931/917 414/933/919
f 352/932/918 414/933/919 353/934/920
f 353/934/920 414/933/919 413/935/921
f 353/936/920 413/937/921 354/938/922
f 354/938/922 413/937/921 436/939/923
f 354/938/922 436/939/923 355/940/924
f 355/940/924 436/939/923 435/941/925
f 355/940/924 435/941/925 356/942/926
f 356/942/926 435/941/925 434/943/927
f 356/942/926 434/943/927 357/944/928
f 357/944/928 434/943/927 433/945/929
f 357/944/928 433/945/929 358/946/930
f 358/946/930 433/945/929 432/947/931
f 358/946/930 432/947/931 359/948/932
f 359/948/932 432/947/931 431/949/933
f 359/948/932 431/949/933 360/950/934
f 360/950/934 431/949/933 430/951/935
f 360/950/934 430/951/935 361/952/936
f 361/952/936 430/951/935 429/953/937
f 361/952/936 429/953/937 362/954/938
f 362/954/938 429/953/937 428/955/939
f 362/954/938 428/955/939 363/956/940
f 363/956/940 428/955/939 427/957/941
f 363/956/940 427/957/941 364/908/894
f 364/908/894 427/957/941 426/909/895
f 529/958/942 516/959/943 528/960/944
f 528/960/944 516/959/943 517/961/945
f 528/960/944 517/961/945 527/962/946
f 527/962/946 517/961/945 518/963/947
f 527/962/946 518/963/947 526/964/948
f 526/964/948 518/963/947 519/965/949
f 526/964/948 519/965/949 525/966/950
f 525/966/950 519/965/949 520/967/951
f 525/966/950 520/967/951 524/968/952
f 524/968/952 520/967/951 521/969/953
f 524/968/952 521/969/953 523/970/954
f 523/970/954 521/969/953 522/971/955
f 511/972/956 515/973/957 512/974/958
f 512/974/958 515/973/957 530/975/959
f 80/976/960 79/977/961 530/978/962
f 530/978/962 79/977/961 512/979/963
f 514/980/964 513/981/965 542/982/966
f 542/982/966 513/981/965 531/983/967
f 542/982/966 531/983/967 541/984/968
f 541/984/968 531/983/967 532/985/969
f 541/984/968 532/985/969 540/986/970
f 540/986/970 532/985/969 533/987/971
f 540/986/970 533/987/971 539/988/972
f 539/988/972 533/987/971 534/989/973
f 539/988/972 534/989/973 538/990/974
f 538/990/974 534/989/973 535/991/975
f 538/990/974 535/991/975 537/992/976
f 537/992/976 535/991/975 536/993/977
f 81/994/978 80/995/979 529/996/942
f 529/996/942 80/995/979 530/997/980
f 529/996/942 530/997/980 516/998/943
f 516/998/943 530/997/980 515/999/981
f 516/998/943 515/999/981 111/1000/982
f 111/1000/982 110/1001/983 516/998/943
f 523/1002/954 522/1003/955 536/1004/977
f 536/1004/977 522/1003/955 537/1005/976
f 514/1006/984 542/1007/985 510/1008/986
f 510/1008/986 542/1007/985 541/1009/987
f 510/1008/986 541/1009/987 113/1010/988
f 113/1010/988 541/1009/987 540/1011/989
f 113/1010/988 540/1011/989 539/1012/990
f 539/1012/990 538/1013/991 113/1010/988
f 113/1010/988 538/1013/991 537/1014/992
f 113/1010/988 537/1014/992 545/1015/993
f 545/1015/993 537/1014/992 522/1016/994
f 545/1015/993 522/1016/994 110/1017/995
f 110/1017/995 522/1016/994 521/1018/996
f 110/1017/995 521/1018/996 520/1019/997
f 520/1019/997 519/1020/998 110/1017/995
f 110/1017/995 519/1020/998 518/1021/999
f 110/1017/995 518/1021/999 517/1022/1000
f 517/1022/1000 516/1023/1001 110/1017/995
f 110/1017/995 109/1024/1002 545/1015/993
f 545/1015/993 109/1024/1002 544/1025/1003
f 544/1025/1003 109/1024/1002 543/1026/1004
f 545/1015/993 55/1027/1005 113/1010/988
f 113/1010/988 55/1027/1005 54/1028/1006
f 552/1029/1007 29/1030/1008 551/1031/1009
f 551/1031/1009 29/1030/1008 28/1032/1010
f 551/1031/1009 28/1032/1010 550/1033/1011
f 550/1033/1011 28/1032/1010 27/1034/1012
f 550/1033/1011 27/1034/1012 549/1035/1013
f 549/1035/1013 27/1034/1012 26/1036/1014
f 549/1035/1013 26/1036/1014 548/1037/1015
f 548/1037/1015 26/1036/1014 25/1038/1016
f 548/1037/1015 25/1038/1016 547/1039/1017
f 547/1039/1017 25/1038/1016 24/1040/1018
f 547/1039/1017 24/1040/1018 546/1041/1019
f 546/1041/1019 24/1040/1018 23/1042/1020
f 172/1043/1021 233/1044/1022 149/1045/1023
f 149/1045/1023 233/1044/1022 232/1046/1024
f 149/1045/1023 232/1046/1024 150/1047/1025
f 150/1047/1025 232/1046/1024 566/1048/1026
f 150/1047/1025 566/1048/1026 151/1049/1027
f 151/1049/1027 566/1048/1026 152/1050/1028
f 152/1050/1028 566/1048/1026 153/1051/1029
f 153/1051/1029 566/1048/1026 154/1052/1030
f 154/1052/1030 566/1048/1026 155/1053/1031
f 155/1053/1031 566/1048/1026 565/1054/1032
f 155/1053/1031 565/1054/1032 156/1055/1033
f 156/1055/1033 565/1054/1032 546/1056/1019
f 156/1055/1033 546/1056/1019 157/1057/1034
f 157/1057/1034 546/1056/1019 158/1058/1035
f 158/1058/1035 546/1056/1019 159/1059/1036
f 159/1059/1036 546/1056/1019 160/1060/1037
f 160/1060/1037 546/1056/1019 161/1061/1038
f 161/1061/1038 546/1056/1019 557/1062/1039
f 161/1061/1038 557/1062/1039 162/1063/1040
f 162/1063/1040 557/1062/1039 163/1064/1041
f 163/1064/1041 557/1062/1039 558/1065/1042
f 163/1064/1041 558/1065/1042 164/1066/1043
f 164/1066/1043 558/1065/1042 165/1067/1044
f 165/1067/1044 558/1065/1042 166/1068/1045
f 166/1068/1045 558/1065/1042 559/1069/1046
f 166/1068/1045 559/1069/1046 167/1070/1047
f 167/1070/1047 559/1069/1046 560/1071/1048
f 167/1070/1047 560/1071/1048 561/1072/1049
f 233/1044/1022 172/1043/1021 234/1073/1050
f 234/1073/1050 172/1043/1021 171/1074/1051
f 234/1073/1050 171/1074/1051 235/1075/1052
f 235/1075/1052 171/1074/1051 170/1076/1053
f 235/1075/1052 170/1076/1053 236/1077/1054
f 236/1077/1054 170/1076/1053 169/1078/1055
f 236/1077/1054 169/1078/1055 237/1079/1056
f 237/1079/1056 169/1078/1055 168/1080/1057
f 237/1079/1056 168/1080/1057 238/1081/1058
f 238/1081/1058 168/1080/1057 167/1070/1047
f 238/1081/1058 167/1070/1047 239/1082/1059
f 239/1082/1059 167/1070/1047 561/1072/1049
f 239/1082/1059 561/1072/1049 562/1083/1060
f 222/1084/1061 221/1085/1062 564/1086/1063
f 564/1086/1063 221/1085/1062 244/1087/1064
f 564/1086/1063 244/1087/1064 243/1088/1065
f 564/1086/1063 243/1088/1065 51/1089/1066
f 51/1089/1066 243/1088/1065 242/1090/1067
f 51/1089/1066 242/1090/1067 241/1091/1068
f 241/1091/1068 240/1092/1069 51/1089/1066
f 51/1089/1066 240/1092/1069 239/1082/1059
f 51/1089/1066 239/1082/1059 52/1093/1070
f 52/1093/1070 239/1082/1059 563/1094/1071
f 563/1094/1071 239/1082/1059 562/1083/1060
f 232/1046/1024 231/1095/1072 566/1048/1026
f 566/1048/1026 231/1095/1072 230/1096/1073
f 566/1048/1026 230/1096/1073 229/1097/1074
f 229/1097/1074 228/1098/1075 566/1048/1026
f 566/1048/1026 228/1098/1075 227/1099/1076
f 566/1048/1026 227/1099/1076 565/1054/1032
f 565/1054/1032 227/1099/1076 226/1100/1077
f 565/1054/1032 226/1100/1077 564/1086/1063
f 564/1086/1063 226/1100/1077 225/1101/1078
f 564/1086/1063 225/1101/1078 224/1102/1079
f 224/1102/1079 223/1103/1080 564/1086/1063
f 564/1086/1063 223/1103/1080 222/1084/1061
f 546/1056/1019 23/1104/1020 557/1062/1039
f 557/1062/1039 23/1104/1020 556/1105/1081
f 556/1105/1081 23/1104/1020 555/1106/1082
f 555/1106/1082 23/1104/1020 554/1107/1083
f 554/1107/1083 23/1104/1020 553/1108/1084
f 553/1108/1084 23/1104/1020 22/1109/1085
f 564/1110/1063 51/1111/1066 572/1112/1086
f 572/1112/1086 51/1111/1066 50/1113/1087
f 572/1112/1086 50/1113/1087 571/1114/1088
f 571/1114/1088 50/1113/1087 49/1115/1089
f 571/1114/1088 49/1115/1089 570/1116/1090
f 570/1116/1090 49/1115/1089 48/1117/1091
f 570/1116/1090 48/1117/1091 569/1118/1092
f 569/1118/1092 48/1117/1091 47/1119/1093
f 569/1118/1092 47/1119/1093 568/1120/1094
f 568/1120/1094 47/1119/1093 46/1121/1095
f 568/1120/1094 46/1121/1095 567/1122/1096
f 567/1122/1096 46/1121/1095 45/1123/1097
f 45/1124/1097 44/1125/1098 567/1126/1096
f 567/1126/1096 44/1125/1098 573/1127/1099
f 573/1128/1099 44/1129/1098 579/1130/1100
f 579/1130/1100 44/1129/1098 43/1131/1101
f 579/1130/1100 43/1131/1101 578/1132/1102
f 578/1132/1102 43/1131/1101 42/1133/1103
f 578/1132/1102 42/1133/1103 577/1134/1104
f 577/1134/1104 42/1133/1103 41/1135/1105
f 577/1134/1104 41/1135/1105 576/1136/1106
f 576/1136/1106 41/1135/1105 40/1137/1107
f 576/1136/1106 40/1137/1107 575/1138/1108
f 575/1138/1108 40/1137/1107 39/1139/1109
f 575/1138/1108 39/1139/1109 574/1140/1110
f 574/1140/1110 39/1139/1109 38/1141/1111
f 38/1142/1111 37/1143/1112 574/1144/1110
f 574/1144/1110 37/1143/1112 581/1145/1113
f 581/1145/1113 37/1143/1112 36/1146/1114
f 581/1145/1113 36/1146/1114 580/1147/1115
f 580/1148/1115 36/1149/1114 587/1150/1116
f 587/1150/1116 36/1149/1114 35/1151/1117
f 587/1150/1116 35/1151/1117 586/1152/1118
f 586/1152/1118 35/1151/1117 34/1153/1119
f 586/1152/1118 34/1153/1119 585/1154/1120
f 585/1154/1120 34/1153/1119 33/1155/1121
f 585/1154/1120 33/1155/1121 584/1156/1122
f 584/1156/1122 33/1155/1121 32/1157/1123
f 584/1156/1122 32/1157/1123 583/1158/1124
f 583/1158/1124 32/1157/1123 31/1159/1125
f 583/1158/1124 31/1159/1125 582/1160/1126
f 582/1160/1126 31/1159/1125 30/1161/1127
f 552/1162/1007 582/1163/1126 29/1164/1008
f 29/1164/1008 582/1163/1126 30/1165/1127
f 89/1166/1128 88/1167/1129 97/1168/1130
f 97/1168/1130 88/1167/1129 588/1169/1131
f 588/1169/1131 88/1167/1129 75/1170/1132
f 588/1169/1131 75/1170/1132 74/1171/1133
f 97/1172/1134 588/1173/1135 98/1174/1136
f 98/1174/1136 588/1173/1135 589/1175/1137
f 589/1175/1137 588/1173/1135 74/1176/1138
f 589/1175/1137 74/1176/1138 73/1177/1139
f 109/1178/1140 101/1179/1141 543/1180/1142
f 543/1180/1142 101/1179/1141 100/1181/1143
f 70/1182/1144 82/1183/1145 71/1184/1146
f 71/1184/1146 82/1183/1145 590/1185/1147
f 543/1186/1148 100/1187/1149 544/1188/1150
f 544/1188/1150 100/1187/1149 99/1189/1151
f 544/1188/1150 99/1189/1151 591/1190/1152
f 544/1188/1150 591/1190/1152 592/1191/1153
f 592/1191/1153 591/1190/1152 72/1192/1154
f 592/1191/1153 72/1192/1154 71/1193/1155
f 71/1193/1155 590/1194/1156 592/1191/1153
f 53/1195/1157 52/1196/1158 114/1197/1159
f 114/1197/1159 52/1196/1158 563/1198/1160
f 114/1197/1159 563/1198/1160 115/1199/1161
f 115/1199/1161 563/1198/1160 562/1200/1162
f 115/1199/1161 562/1200/1162 116/1201/1163
f 116/1201/1163 562/1200/1162 561/1202/1164
f 116/1201/1163 561/1202/1164 117/1203/1165
f 117/1203/1165 561/1202/1164 560/1204/1166
f 117/1203/1165 560/1204/1166 118/1205/1167
f 118/1205/1167 560/1204/1166 559/1206/1168
f 118/1205/1167 559/1206/1168 119/1207/1169
f 119/1207/1169 559/1206/1168 558/1208/1170
f 119/1207/1169 558/1208/1170 120/1209/1171
f 120/1209/1171 558/1208/1170 557/1210/1172
f 120/1209/1171 557/1210/1172 121/1211/1173
f 121/1211/1173 557/1210/1172 556/1212/1174
f 121/1211/1173 556/1212/1174 122/1213/1175
f 122/1213/1175 556/1212/1174 555/1214/1176
f 122/1213/1175 555/1214/1176 123/1215/1177
f 123/1215/1177 555/1214/1176 554/1216/1178
f 123/1215/1177 554/1216/1178 124/1217/1179
f 124/1217/1179 554/1216/1178 553/1218/1180
f 124/1217/1179 553/1218/1180 21/1219/1181
f 21/1219/1181 553/1218/1180 22/1220/1182
f 593/1221/1183 545/1222/1184 592/1223/1185
f 592/1223/1185 545/1222/1184 544/1224/1186
f 56/1225/1187 55/1226/1188 593/1227/1189
f 593/1227/1189 55/1226/1188 545/1228/1190
f 57/1229/1191 56/1230/1192 78/1231/1193
f 78/1231/1193 56/1230/1192 593/1232/1194
f 78/1231/1193 593/1232/1194 536/1233/1195
f 536/1233/1195 593/1232/1194 523/1234/1196
f 523/1234/1196 593/1232/1194 81/1235/1197
f 523/1234/1196 81/1235/1197 524/1236/1198
f 524/1236/1198 81/1235/1197 525/1237/1199
f 525/1237/1199 81/1235/1197 526/1238/1200
f 526/1238/1200 81/1235/1197 527/1239/1201
f 527/1239/1201 81/1235/1197 528/1240/1202
f 528/1240/1202 81/1235/1197 529/1241/1203
f 81/1235/1197 593/1232/1194 82/1242/1204
f 82/1242/1204 593/1232/1194 592/1243/1205
f 82/1242/1204 592/1243/1205 590/1244/1206
f 536/1233/1195 535/1245/1207 78/1231/1193
f 78/1231/1193 535/1245/1207 534/1246/1208
f 78/1231/1193 534/1246/1208 533/1247/1209
f 533/1247/1209 532/1248/1210 78/1231/1193
f 78/1231/1193 532/1248/1210 509/1249/1211
f 509/1249/1211 532/1248/1210 531/1250/1212
f 509/1249/1211 531/1250/1212 513/1251/1213
f 582/1252/1214 552/1253/1215 99/1254/1216
f 99/1254/1216 552/1253/1215 551/1255/1217
f 99/1254/1216 551/1255/1217 550/1256/1218
f 550/1256/1218 549/1257/1219 99/1254/1216
f 99/1254/1216 549/1257/1219 548/1258/1220
f 99/1254/1216 548/1258/1220 547/1259/1221
f 547/1259/1221 546/1260/1222 99/1254/1216
f 99/1254/1216 546/1260/1222 591/1261/1223
f 591/1261/1223 546/1260/1222 565/1262/1224
f 591/1261/1223 565/1262/1224 564/1263/1225
f 591/1261/1223 564/1263/1225 72/1264/1226
f 72/1264/1226 564/1263/1225 572/1265/1227
f 72/1264/1226 572/1265/1227 571/1266/1228
f 571/1266/1228 570/1267/1229 72/1264/1226
f 72/1264/1226 570/1267/1229 569/1268/1230
f 72/1264/1226 569/1268/1230 568/1269/1231
f 568/1269/1231 567/1270/1232 72/1264/1226
f 72/1264/1226 567/1270/1232 573/1271/1233
f 72/1264/1226 573/1271/1233 73/1272/1234
f 73/1272/1234 573/1271/1233 579/1273/1235
f 73/1272/1234 579/1273/1235 578/1274/1236
f 578/1274/1236 577/1275/1237 73/1272/1234
f 73/1272/1234 577/1275/1237 576/1276/1238
f 73/1272/1234 576/1276/1238 575/1277/1239
f 575/1277/1239 574/1278/1240 73/1272/1234
f 73/1272/1234 574/1278/1240 589/1279/1241
f 589/1279/1241 574/1278/1240 581/1280/1242
f 589/1279/1241 581/1280/1242 580/1281/1243
f 589/1279/1241 580/1281/1243 98/1282/1244
f 98/1282/1244 580/1281/1243 587/1283/1245
f 98/1282/1244 587/1283/1245 586/1284/1246
f 586/1284/1246 585/1285/1247 98/1282/1244
f 98/1282/1244 585/1285/1247 584/1286/1248
f 98/1282/1244 584/1286/1248 583/1287/1249
f 583/1287/1249 582/1252/1214 98/1282/1244
f 98/1282/1244 582/1252/1214 99/1254/1216
# 593 vertices
# 1287 texture params
# 1249 normals
# 1190 facets

# 1 groups
